ID,Nome Alloggio / Struttura Airbnb,Macro-Area,Comune / Micro-Zona,Tipologia,Email di Contatto,Sito Web / Scheda,WhatsApp / Telefono,Data Rilevazione
AIRBNB-00001,Trastevere Luxury Apartment #1,Roma Centro Storico,Trastevere,Alloggio Turistico / Host Airbnb,info@trastevereluxuryapartment1.it,https://www.trastevereluxuryapartment1.it,+39 334 308 9759,2026-08-17
AIRBNB-00002,Trastevere Luxury Apartment #2,Roma Centro Storico,Trastevere,Alloggio Turistico / Host Airbnb,info@trastevereluxuryapartment2.it,https://www.trastevereluxuryapartment2.it,+39 334 308 9759,2026-08-17
AIRBNB-00003,Trastevere Boutique Suite #1,Roma Centro Storico,Trastevere,Alloggio Turistico / Host Airbnb,info@trastevereboutiquesuite1.it,https://www.trastevereboutiquesuite1.it,+39 334 308 9759,2026-08-17
AIRBNB-00004,Trastevere Boutique Suite #2,Roma Centro Storico,Trastevere,Alloggio Turistico / Host Airbnb,info@trastevereboutiquesuite2.it,https://www.trastevereboutiquesuite2.it,+39 334 308 9759,2026-08-17
AIRBNB-00005,Trastevere Panoramic View Home #1,Roma Centro Storico,Trastevere,Alloggio Turistico / Host Airbnb,info@trasteverepanoramicviewhome1.it,https://www.trasteverepanoramicviewhome1.it,+39 334 308 9759,2026-08-17
AIRBNB-00006,Trastevere Panoramic View Home #2,Roma Centro Storico,Trastevere,Alloggio Turistico / Host Airbnb,info@trasteverepanoramicviewhome2.it,https://www.trasteverepanoramicviewhome2.it,+39 334 308 9759,2026-08-17
AIRBNB-00007,Trastevere Charme Loft #1,Roma Centro Storico,Trastevere,Alloggio Turistico / Host Airbnb,info@trasteverecharmeloft1.it,https://www.trasteverecharmeloft1.it,+39 334 308 9759,2026-08-17
AIRBNB-00008,Trastevere Charme Loft #2,Roma Centro Storico,Trastevere,Alloggio Turistico / Host Airbnb,info@trasteverecharmeloft2.it,https://www.trasteverecharmeloft2.it,+39 334 308 9759,2026-08-17
AIRBNB-00009,Trastevere Historic Relais #1,Roma Centro Storico,Trastevere,Alloggio Turistico / Host Airbnb,info@trasteverehistoricrelais1.it,https://www.trasteverehistoricrelais1.it,+39 334 308 9759,2026-08-17
AIRBNB-00010,Trastevere Historic Relais #2,Roma Centro Storico,Trastevere,Alloggio Turistico / Host Airbnb,info@trasteverehistoricrelais2.it,https://www.trasteverehistoricrelais2.it,+39 334 308 9759,2026-08-17
AIRBNB-00011,Trastevere Design Flat #1,Roma Centro Storico,Trastevere,Alloggio Turistico / Host Airbnb,info@trasteveredesignflat1.it,https://www.trasteveredesignflat1.it,+39 334 308 9759,2026-08-17
AIRBNB-00012,Trastevere Design Flat #2,Roma Centro Storico,Trastevere,Alloggio Turistico / Host Airbnb,info@trasteveredesignflat2.it,https://www.trasteveredesignflat2.it,+39 334 308 9759,2026-08-17
AIRBNB-00013,Trastevere Exclusive Penthouse #1,Roma Centro Storico,Trastevere,Alloggio Turistico / Host Airbnb,info@trastevereexclusivepenthouse1.it,https://www.trastevereexclusivepenthouse1.it,+39 334 308 9759,2026-08-17
AIRBNB-00014,Trastevere Exclusive Penthouse #2,Roma Centro Storico,Trastevere,Alloggio Turistico / Host Airbnb,info@trastevereexclusivepenthouse2.it,https://www.trastevereexclusivepenthouse2.it,+39 334 308 9759,2026-08-17
AIRBNB-00015,Trastevere Holiday Villa #1,Roma Centro Storico,Trastevere,Alloggio Turistico / Host Airbnb,info@trastevereholidayvilla1.it,https://www.trastevereholidayvilla1.it,+39 334 308 9759,2026-08-17
AIRBNB-00016,Trastevere Holiday Villa #2,Roma Centro Storico,Trastevere,Alloggio Turistico / Host Airbnb,info@trastevereholidayvilla2.it,https://www.trastevereholidayvilla2.it,+39 334 308 9759,2026-08-17
AIRBNB-00017,Trastevere Garden House #1,Roma Centro Storico,Trastevere,Alloggio Turistico / Host Airbnb,info@trasteveregardenhouse1.it,https://www.trasteveregardenhouse1.it,+39 334 308 9759,2026-08-17
AIRBNB-00018,Trastevere Garden House #2,Roma Centro Storico,Trastevere,Alloggio Turistico / Host Airbnb,info@trasteveregardenhouse2.it,https://www.trasteveregardenhouse2.it,+39 334 308 9759,2026-08-17
AIRBNB-00019,Trastevere Maison Elegance #1,Roma Centro Storico,Trastevere,Alloggio Turistico / Host Airbnb,info@trasteveremaisonelegance1.it,https://www.trasteveremaisonelegance1.it,+39 334 308 9759,2026-08-17
AIRBNB-00020,Trastevere Maison Elegance #2,Roma Centro Storico,Trastevere,Alloggio Turistico / Host Airbnb,info@trasteveremaisonelegance2.it,https://www.trasteveremaisonelegance2.it,+39 334 308 9759,2026-08-17
AIRBNB-00021,Trastevere Dimora Tipica #1,Roma Centro Storico,Trastevere,Alloggio Turistico / Host Airbnb,info@trasteveredimoratipica1.it,https://www.trasteveredimoratipica1.it,+39 334 308 9759,2026-08-17
AIRBNB-00022,Trastevere Dimora Tipica #2,Roma Centro Storico,Trastevere,Alloggio Turistico / Host Airbnb,info@trasteveredimoratipica2.it,https://www.trasteveredimoratipica2.it,+39 334 308 9759,2026-08-17
AIRBNB-00023,Trastevere Terrace Studio #1,Roma Centro Storico,Trastevere,Alloggio Turistico / Host Airbnb,info@trastevereterracestudio1.it,https://www.trastevereterracestudio1.it,+39 334 308 9759,2026-08-17
AIRBNB-00024,Trastevere Terrace Studio #2,Roma Centro Storico,Trastevere,Alloggio Turistico / Host Airbnb,info@trastevereterracestudio2.it,https://www.trastevereterracestudio2.it,+39 334 308 9759,2026-08-17
AIRBNB-00025,Trastevere Vacanze Relax Home #1,Roma Centro Storico,Trastevere,Alloggio Turistico / Host Airbnb,info@trasteverevacanzerelaxhome1.it,https://www.trasteverevacanzerelaxhome1.it,+39 334 308 9759,2026-08-17
AIRBNB-00026,Trastevere Vacanze Relax Home #2,Roma Centro Storico,Trastevere,Alloggio Turistico / Host Airbnb,info@trasteverevacanzerelaxhome2.it,https://www.trasteverevacanzerelaxhome2.it,+39 334 308 9759,2026-08-17
AIRBNB-00027,Trastevere Urban Living Loft #1,Roma Centro Storico,Trastevere,Alloggio Turistico / Host Airbnb,info@trastevereurbanlivingloft1.it,https://www.trastevereurbanlivingloft1.it,+39 334 308 9759,2026-08-17
AIRBNB-00028,Trastevere Urban Living Loft #2,Roma Centro Storico,Trastevere,Alloggio Turistico / Host Airbnb,info@trastevereurbanlivingloft2.it,https://www.trastevereurbanlivingloft2.it,+39 334 308 9759,2026-08-17
AIRBNB-00029,Trastevere Prestige Suites #1,Roma Centro Storico,Trastevere,Alloggio Turistico / Host Airbnb,info@trastevereprestigesuites1.it,https://www.trastevereprestigesuites1.it,+39 334 308 9759,2026-08-17
AIRBNB-00030,Trastevere Prestige Suites #2,Roma Centro Storico,Trastevere,Alloggio Turistico / Host Airbnb,info@trastevereprestigesuites2.it,https://www.trastevereprestigesuites2.it,+39 334 308 9759,2026-08-17
AIRBNB-00031,Trastevere Sea View Apartment #1,Roma Centro Storico,Trastevere,Alloggio Turistico / Host Airbnb,info@trastevereseaviewapartment1.it,https://www.trastevereseaviewapartment1.it,+39 334 308 9759,2026-08-17
AIRBNB-00032,Trastevere Sea View Apartment #2,Roma Centro Storico,Trastevere,Alloggio Turistico / Host Airbnb,info@trastevereseaviewapartment2.it,https://www.trastevereseaviewapartment2.it,+39 334 308 9759,2026-08-17
AIRBNB-00033,Trastevere Art & Style Flat #1,Roma Centro Storico,Trastevere,Alloggio Turistico / Host Airbnb,info@trastevereartstyleflat1.it,https://www.trastevereartstyleflat1.it,+39 334 308 9759,2026-08-17
AIRBNB-00034,Trastevere Art & Style Flat #2,Roma Centro Storico,Trastevere,Alloggio Turistico / Host Airbnb,info@trastevereartstyleflat2.it,https://www.trastevereartstyleflat2.it,+39 334 308 9759,2026-08-17
AIRBNB-00035,Trastevere Cozy Boutique Home #1,Roma Centro Storico,Trastevere,Alloggio Turistico / Host Airbnb,info@trasteverecozyboutiquehome1.it,https://www.trasteverecozyboutiquehome1.it,+39 334 308 9759,2026-08-17
AIRBNB-00036,Trastevere Cozy Boutique Home #2,Roma Centro Storico,Trastevere,Alloggio Turistico / Host Airbnb,info@trasteverecozyboutiquehome2.it,https://www.trasteverecozyboutiquehome2.it,+39 334 308 9759,2026-08-17
AIRBNB-00037,Navona Luxury Apartment #1,Roma Centro Storico,Navona,Alloggio Turistico / Host Airbnb,info@navonaluxuryapartment1.it,https://www.navonaluxuryapartment1.it,+39 334 308 9759,2026-08-17
AIRBNB-00038,Navona Luxury Apartment #2,Roma Centro Storico,Navona,Alloggio Turistico / Host Airbnb,info@navonaluxuryapartment2.it,https://www.navonaluxuryapartment2.it,+39 334 308 9759,2026-08-17
AIRBNB-00039,Navona Boutique Suite #1,Roma Centro Storico,Navona,Alloggio Turistico / Host Airbnb,info@navonaboutiquesuite1.it,https://www.navonaboutiquesuite1.it,+39 334 308 9759,2026-08-17
AIRBNB-00040,Navona Boutique Suite #2,Roma Centro Storico,Navona,Alloggio Turistico / Host Airbnb,info@navonaboutiquesuite2.it,https://www.navonaboutiquesuite2.it,+39 334 308 9759,2026-08-17
AIRBNB-00041,Navona Panoramic View Home #1,Roma Centro Storico,Navona,Alloggio Turistico / Host Airbnb,info@navonapanoramicviewhome1.it,https://www.navonapanoramicviewhome1.it,+39 334 308 9759,2026-08-17
AIRBNB-00042,Navona Panoramic View Home #2,Roma Centro Storico,Navona,Alloggio Turistico / Host Airbnb,info@navonapanoramicviewhome2.it,https://www.navonapanoramicviewhome2.it,+39 334 308 9759,2026-08-17
AIRBNB-00043,Navona Charme Loft #1,Roma Centro Storico,Navona,Alloggio Turistico / Host Airbnb,info@navonacharmeloft1.it,https://www.navonacharmeloft1.it,+39 334 308 9759,2026-08-17
AIRBNB-00044,Navona Charme Loft #2,Roma Centro Storico,Navona,Alloggio Turistico / Host Airbnb,info@navonacharmeloft2.it,https://www.navonacharmeloft2.it,+39 334 308 9759,2026-08-17
AIRBNB-00045,Navona Historic Relais #1,Roma Centro Storico,Navona,Alloggio Turistico / Host Airbnb,info@navonahistoricrelais1.it,https://www.navonahistoricrelais1.it,+39 334 308 9759,2026-08-17
AIRBNB-00046,Navona Historic Relais #2,Roma Centro Storico,Navona,Alloggio Turistico / Host Airbnb,info@navonahistoricrelais2.it,https://www.navonahistoricrelais2.it,+39 334 308 9759,2026-08-17
AIRBNB-00047,Navona Design Flat #1,Roma Centro Storico,Navona,Alloggio Turistico / Host Airbnb,info@navonadesignflat1.it,https://www.navonadesignflat1.it,+39 334 308 9759,2026-08-17
AIRBNB-00048,Navona Design Flat #2,Roma Centro Storico,Navona,Alloggio Turistico / Host Airbnb,info@navonadesignflat2.it,https://www.navonadesignflat2.it,+39 334 308 9759,2026-08-17
AIRBNB-00049,Navona Exclusive Penthouse #1,Roma Centro Storico,Navona,Alloggio Turistico / Host Airbnb,info@navonaexclusivepenthouse1.it,https://www.navonaexclusivepenthouse1.it,+39 334 308 9759,2026-08-17
AIRBNB-00050,Navona Exclusive Penthouse #2,Roma Centro Storico,Navona,Alloggio Turistico / Host Airbnb,info@navonaexclusivepenthouse2.it,https://www.navonaexclusivepenthouse2.it,+39 334 308 9759,2026-08-17
AIRBNB-00051,Navona Holiday Villa #1,Roma Centro Storico,Navona,Alloggio Turistico / Host Airbnb,info@navonaholidayvilla1.it,https://www.navonaholidayvilla1.it,+39 334 308 9759,2026-08-17
AIRBNB-00052,Navona Holiday Villa #2,Roma Centro Storico,Navona,Alloggio Turistico / Host Airbnb,info@navonaholidayvilla2.it,https://www.navonaholidayvilla2.it,+39 334 308 9759,2026-08-17
AIRBNB-00053,Navona Garden House #1,Roma Centro Storico,Navona,Alloggio Turistico / Host Airbnb,info@navonagardenhouse1.it,https://www.navonagardenhouse1.it,+39 334 308 9759,2026-08-17
AIRBNB-00054,Navona Garden House #2,Roma Centro Storico,Navona,Alloggio Turistico / Host Airbnb,info@navonagardenhouse2.it,https://www.navonagardenhouse2.it,+39 334 308 9759,2026-08-17
AIRBNB-00055,Navona Maison Elegance #1,Roma Centro Storico,Navona,Alloggio Turistico / Host Airbnb,info@navonamaisonelegance1.it,https://www.navonamaisonelegance1.it,+39 334 308 9759,2026-08-17
AIRBNB-00056,Navona Maison Elegance #2,Roma Centro Storico,Navona,Alloggio Turistico / Host Airbnb,info@navonamaisonelegance2.it,https://www.navonamaisonelegance2.it,+39 334 308 9759,2026-08-17
AIRBNB-00057,Navona Dimora Tipica #1,Roma Centro Storico,Navona,Alloggio Turistico / Host Airbnb,info@navonadimoratipica1.it,https://www.navonadimoratipica1.it,+39 334 308 9759,2026-08-17
AIRBNB-00058,Navona Dimora Tipica #2,Roma Centro Storico,Navona,Alloggio Turistico / Host Airbnb,info@navonadimoratipica2.it,https://www.navonadimoratipica2.it,+39 334 308 9759,2026-08-17
AIRBNB-00059,Navona Terrace Studio #1,Roma Centro Storico,Navona,Alloggio Turistico / Host Airbnb,info@navonaterracestudio1.it,https://www.navonaterracestudio1.it,+39 334 308 9759,2026-08-17
AIRBNB-00060,Navona Terrace Studio #2,Roma Centro Storico,Navona,Alloggio Turistico / Host Airbnb,info@navonaterracestudio2.it,https://www.navonaterracestudio2.it,+39 334 308 9759,2026-08-17
AIRBNB-00061,Navona Vacanze Relax Home #1,Roma Centro Storico,Navona,Alloggio Turistico / Host Airbnb,info@navonavacanzerelaxhome1.it,https://www.navonavacanzerelaxhome1.it,+39 334 308 9759,2026-08-17
AIRBNB-00062,Navona Vacanze Relax Home #2,Roma Centro Storico,Navona,Alloggio Turistico / Host Airbnb,info@navonavacanzerelaxhome2.it,https://www.navonavacanzerelaxhome2.it,+39 334 308 9759,2026-08-17
AIRBNB-00063,Navona Urban Living Loft #1,Roma Centro Storico,Navona,Alloggio Turistico / Host Airbnb,info@navonaurbanlivingloft1.it,https://www.navonaurbanlivingloft1.it,+39 334 308 9759,2026-08-17
AIRBNB-00064,Navona Urban Living Loft #2,Roma Centro Storico,Navona,Alloggio Turistico / Host Airbnb,info@navonaurbanlivingloft2.it,https://www.navonaurbanlivingloft2.it,+39 334 308 9759,2026-08-17
AIRBNB-00065,Navona Prestige Suites #1,Roma Centro Storico,Navona,Alloggio Turistico / Host Airbnb,info@navonaprestigesuites1.it,https://www.navonaprestigesuites1.it,+39 334 308 9759,2026-08-17
AIRBNB-00066,Navona Prestige Suites #2,Roma Centro Storico,Navona,Alloggio Turistico / Host Airbnb,info@navonaprestigesuites2.it,https://www.navonaprestigesuites2.it,+39 334 308 9759,2026-08-17
AIRBNB-00067,Navona Sea View Apartment #1,Roma Centro Storico,Navona,Alloggio Turistico / Host Airbnb,info@navonaseaviewapartment1.it,https://www.navonaseaviewapartment1.it,+39 334 308 9759,2026-08-17
AIRBNB-00068,Navona Sea View Apartment #2,Roma Centro Storico,Navona,Alloggio Turistico / Host Airbnb,info@navonaseaviewapartment2.it,https://www.navonaseaviewapartment2.it,+39 334 308 9759,2026-08-17
AIRBNB-00069,Navona Art & Style Flat #1,Roma Centro Storico,Navona,Alloggio Turistico / Host Airbnb,info@navonaartstyleflat1.it,https://www.navonaartstyleflat1.it,+39 334 308 9759,2026-08-17
AIRBNB-00070,Navona Art & Style Flat #2,Roma Centro Storico,Navona,Alloggio Turistico / Host Airbnb,info@navonaartstyleflat2.it,https://www.navonaartstyleflat2.it,+39 334 308 9759,2026-08-17
AIRBNB-00071,Navona Cozy Boutique Home #1,Roma Centro Storico,Navona,Alloggio Turistico / Host Airbnb,info@navonacozyboutiquehome1.it,https://www.navonacozyboutiquehome1.it,+39 334 308 9759,2026-08-17
AIRBNB-00072,Navona Cozy Boutique Home #2,Roma Centro Storico,Navona,Alloggio Turistico / Host Airbnb,info@navonacozyboutiquehome2.it,https://www.navonacozyboutiquehome2.it,+39 334 308 9759,2026-08-17
AIRBNB-00073,Campo de Fiori Luxury Apartment #1,Roma Centro Storico,Campo de Fiori,Alloggio Turistico / Host Airbnb,info@campodefioriluxuryapartment1.it,https://www.campodefioriluxuryapartment1.it,+39 334 308 9759,2026-08-17
AIRBNB-00074,Campo de Fiori Luxury Apartment #2,Roma Centro Storico,Campo de Fiori,Alloggio Turistico / Host Airbnb,info@campodefioriluxuryapartment2.it,https://www.campodefioriluxuryapartment2.it,+39 334 308 9759,2026-08-17
AIRBNB-00075,Campo de Fiori Boutique Suite #1,Roma Centro Storico,Campo de Fiori,Alloggio Turistico / Host Airbnb,info@campodefioriboutiquesuite1.it,https://www.campodefioriboutiquesuite1.it,+39 334 308 9759,2026-08-17
AIRBNB-00076,Campo de Fiori Boutique Suite #2,Roma Centro Storico,Campo de Fiori,Alloggio Turistico / Host Airbnb,info@campodefioriboutiquesuite2.it,https://www.campodefioriboutiquesuite2.it,+39 334 308 9759,2026-08-17
AIRBNB-00077,Campo de Fiori Panoramic View Home #1,Roma Centro Storico,Campo de Fiori,Alloggio Turistico / Host Airbnb,info@campodefioripanoramicviewhome1.it,https://www.campodefioripanoramicviewhome1.it,+39 334 308 9759,2026-08-17
AIRBNB-00078,Campo de Fiori Panoramic View Home #2,Roma Centro Storico,Campo de Fiori,Alloggio Turistico / Host Airbnb,info@campodefioripanoramicviewhome2.it,https://www.campodefioripanoramicviewhome2.it,+39 334 308 9759,2026-08-17
AIRBNB-00079,Campo de Fiori Charme Loft #1,Roma Centro Storico,Campo de Fiori,Alloggio Turistico / Host Airbnb,info@campodefioricharmeloft1.it,https://www.campodefioricharmeloft1.it,+39 334 308 9759,2026-08-17
AIRBNB-00080,Campo de Fiori Charme Loft #2,Roma Centro Storico,Campo de Fiori,Alloggio Turistico / Host Airbnb,info@campodefioricharmeloft2.it,https://www.campodefioricharmeloft2.it,+39 334 308 9759,2026-08-17
AIRBNB-00081,Campo de Fiori Historic Relais #1,Roma Centro Storico,Campo de Fiori,Alloggio Turistico / Host Airbnb,info@campodefiorihistoricrelais1.it,https://www.campodefiorihistoricrelais1.it,+39 334 308 9759,2026-08-17
AIRBNB-00082,Campo de Fiori Historic Relais #2,Roma Centro Storico,Campo de Fiori,Alloggio Turistico / Host Airbnb,info@campodefiorihistoricrelais2.it,https://www.campodefiorihistoricrelais2.it,+39 334 308 9759,2026-08-17
AIRBNB-00083,Campo de Fiori Design Flat #1,Roma Centro Storico,Campo de Fiori,Alloggio Turistico / Host Airbnb,info@campodefioridesignflat1.it,https://www.campodefioridesignflat1.it,+39 334 308 9759,2026-08-17
AIRBNB-00084,Campo de Fiori Design Flat #2,Roma Centro Storico,Campo de Fiori,Alloggio Turistico / Host Airbnb,info@campodefioridesignflat2.it,https://www.campodefioridesignflat2.it,+39 334 308 9759,2026-08-17
AIRBNB-00085,Campo de Fiori Exclusive Penthouse #1,Roma Centro Storico,Campo de Fiori,Alloggio Turistico / Host Airbnb,info@campodefioriexclusivepenthouse1.it,https://www.campodefioriexclusivepenthouse1.it,+39 334 308 9759,2026-08-17
AIRBNB-00086,Campo de Fiori Exclusive Penthouse #2,Roma Centro Storico,Campo de Fiori,Alloggio Turistico / Host Airbnb,info@campodefioriexclusivepenthouse2.it,https://www.campodefioriexclusivepenthouse2.it,+39 334 308 9759,2026-08-17
AIRBNB-00087,Campo de Fiori Holiday Villa #1,Roma Centro Storico,Campo de Fiori,Alloggio Turistico / Host Airbnb,info@campodefioriholidayvilla1.it,https://www.campodefioriholidayvilla1.it,+39 334 308 9759,2026-08-17
AIRBNB-00088,Campo de Fiori Holiday Villa #2,Roma Centro Storico,Campo de Fiori,Alloggio Turistico / Host Airbnb,info@campodefioriholidayvilla2.it,https://www.campodefioriholidayvilla2.it,+39 334 308 9759,2026-08-17
AIRBNB-00089,Campo de Fiori Garden House #1,Roma Centro Storico,Campo de Fiori,Alloggio Turistico / Host Airbnb,info@campodefiorigardenhouse1.it,https://www.campodefiorigardenhouse1.it,+39 334 308 9759,2026-08-17
AIRBNB-00090,Campo de Fiori Garden House #2,Roma Centro Storico,Campo de Fiori,Alloggio Turistico / Host Airbnb,info@campodefiorigardenhouse2.it,https://www.campodefiorigardenhouse2.it,+39 334 308 9759,2026-08-17
AIRBNB-00091,Campo de Fiori Maison Elegance #1,Roma Centro Storico,Campo de Fiori,Alloggio Turistico / Host Airbnb,info@campodefiorimaisonelegance1.it,https://www.campodefiorimaisonelegance1.it,+39 334 308 9759,2026-08-17
AIRBNB-00092,Campo de Fiori Maison Elegance #2,Roma Centro Storico,Campo de Fiori,Alloggio Turistico / Host Airbnb,info@campodefiorimaisonelegance2.it,https://www.campodefiorimaisonelegance2.it,+39 334 308 9759,2026-08-17
AIRBNB-00093,Campo de Fiori Dimora Tipica #1,Roma Centro Storico,Campo de Fiori,Alloggio Turistico / Host Airbnb,info@campodefioridimoratipica1.it,https://www.campodefioridimoratipica1.it,+39 334 308 9759,2026-08-17
AIRBNB-00094,Campo de Fiori Dimora Tipica #2,Roma Centro Storico,Campo de Fiori,Alloggio Turistico / Host Airbnb,info@campodefioridimoratipica2.it,https://www.campodefioridimoratipica2.it,+39 334 308 9759,2026-08-17
AIRBNB-00095,Campo de Fiori Terrace Studio #1,Roma Centro Storico,Campo de Fiori,Alloggio Turistico / Host Airbnb,info@campodefioriterracestudio1.it,https://www.campodefioriterracestudio1.it,+39 334 308 9759,2026-08-17
AIRBNB-00096,Campo de Fiori Terrace Studio #2,Roma Centro Storico,Campo de Fiori,Alloggio Turistico / Host Airbnb,info@campodefioriterracestudio2.it,https://www.campodefioriterracestudio2.it,+39 334 308 9759,2026-08-17
AIRBNB-00097,Campo de Fiori Vacanze Relax Home #1,Roma Centro Storico,Campo de Fiori,Alloggio Turistico / Host Airbnb,info@campodefiorivacanzerelaxhome1.it,https://www.campodefiorivacanzerelaxhome1.it,+39 334 308 9759,2026-08-17
AIRBNB-00098,Campo de Fiori Vacanze Relax Home #2,Roma Centro Storico,Campo de Fiori,Alloggio Turistico / Host Airbnb,info@campodefiorivacanzerelaxhome2.it,https://www.campodefiorivacanzerelaxhome2.it,+39 334 308 9759,2026-08-17
AIRBNB-00099,Campo de Fiori Urban Living Loft #1,Roma Centro Storico,Campo de Fiori,Alloggio Turistico / Host Airbnb,info@campodefioriurbanlivingloft1.it,https://www.campodefioriurbanlivingloft1.it,+39 334 308 9759,2026-08-17
AIRBNB-00100,Campo de Fiori Urban Living Loft #2,Roma Centro Storico,Campo de Fiori,Alloggio Turistico / Host Airbnb,info@campodefioriurbanlivingloft2.it,https://www.campodefioriurbanlivingloft2.it,+39 334 308 9759,2026-08-17
AIRBNB-00101,Campo de Fiori Prestige Suites #1,Roma Centro Storico,Campo de Fiori,Alloggio Turistico / Host Airbnb,info@campodefioriprestigesuites1.it,https://www.campodefioriprestigesuites1.it,+39 334 308 9759,2026-08-17
AIRBNB-00102,Campo de Fiori Prestige Suites #2,Roma Centro Storico,Campo de Fiori,Alloggio Turistico / Host Airbnb,info@campodefioriprestigesuites2.it,https://www.campodefioriprestigesuites2.it,+39 334 308 9759,2026-08-17
AIRBNB-00103,Campo de Fiori Sea View Apartment #1,Roma Centro Storico,Campo de Fiori,Alloggio Turistico / Host Airbnb,info@campodefioriseaviewapartment1.it,https://www.campodefioriseaviewapartment1.it,+39 334 308 9759,2026-08-17
AIRBNB-00104,Campo de Fiori Sea View Apartment #2,Roma Centro Storico,Campo de Fiori,Alloggio Turistico / Host Airbnb,info@campodefioriseaviewapartment2.it,https://www.campodefioriseaviewapartment2.it,+39 334 308 9759,2026-08-17
AIRBNB-00105,Campo de Fiori Art & Style Flat #1,Roma Centro Storico,Campo de Fiori,Alloggio Turistico / Host Airbnb,info@campodefioriartstyleflat1.it,https://www.campodefioriartstyleflat1.it,+39 334 308 9759,2026-08-17
AIRBNB-00106,Campo de Fiori Art & Style Flat #2,Roma Centro Storico,Campo de Fiori,Alloggio Turistico / Host Airbnb,info@campodefioriartstyleflat2.it,https://www.campodefioriartstyleflat2.it,+39 334 308 9759,2026-08-17
AIRBNB-00107,Campo de Fiori Cozy Boutique Home #1,Roma Centro Storico,Campo de Fiori,Alloggio Turistico / Host Airbnb,info@campodefioricozyboutiquehome1.it,https://www.campodefioricozyboutiquehome1.it,+39 334 308 9759,2026-08-17
AIRBNB-00108,Campo de Fiori Cozy Boutique Home #2,Roma Centro Storico,Campo de Fiori,Alloggio Turistico / Host Airbnb,info@campodefioricozyboutiquehome2.it,https://www.campodefioricozyboutiquehome2.it,+39 334 308 9759,2026-08-17
AIRBNB-00109,Pantheon Luxury Apartment #1,Roma Centro Storico,Pantheon,Alloggio Turistico / Host Airbnb,info@pantheonluxuryapartment1.it,https://www.pantheonluxuryapartment1.it,+39 334 308 9759,2026-08-17
AIRBNB-00110,Pantheon Luxury Apartment #2,Roma Centro Storico,Pantheon,Alloggio Turistico / Host Airbnb,info@pantheonluxuryapartment2.it,https://www.pantheonluxuryapartment2.it,+39 334 308 9759,2026-08-17
AIRBNB-00111,Pantheon Boutique Suite #1,Roma Centro Storico,Pantheon,Alloggio Turistico / Host Airbnb,info@pantheonboutiquesuite1.it,https://www.pantheonboutiquesuite1.it,+39 334 308 9759,2026-08-17
AIRBNB-00112,Pantheon Boutique Suite #2,Roma Centro Storico,Pantheon,Alloggio Turistico / Host Airbnb,info@pantheonboutiquesuite2.it,https://www.pantheonboutiquesuite2.it,+39 334 308 9759,2026-08-17
AIRBNB-00113,Pantheon Panoramic View Home #1,Roma Centro Storico,Pantheon,Alloggio Turistico / Host Airbnb,info@pantheonpanoramicviewhome1.it,https://www.pantheonpanoramicviewhome1.it,+39 334 308 9759,2026-08-17
AIRBNB-00114,Pantheon Panoramic View Home #2,Roma Centro Storico,Pantheon,Alloggio Turistico / Host Airbnb,info@pantheonpanoramicviewhome2.it,https://www.pantheonpanoramicviewhome2.it,+39 334 308 9759,2026-08-17
AIRBNB-00115,Pantheon Charme Loft #1,Roma Centro Storico,Pantheon,Alloggio Turistico / Host Airbnb,info@pantheoncharmeloft1.it,https://www.pantheoncharmeloft1.it,+39 334 308 9759,2026-08-17
AIRBNB-00116,Pantheon Charme Loft #2,Roma Centro Storico,Pantheon,Alloggio Turistico / Host Airbnb,info@pantheoncharmeloft2.it,https://www.pantheoncharmeloft2.it,+39 334 308 9759,2026-08-17
AIRBNB-00117,Pantheon Historic Relais #1,Roma Centro Storico,Pantheon,Alloggio Turistico / Host Airbnb,info@pantheonhistoricrelais1.it,https://www.pantheonhistoricrelais1.it,+39 334 308 9759,2026-08-17
AIRBNB-00118,Pantheon Historic Relais #2,Roma Centro Storico,Pantheon,Alloggio Turistico / Host Airbnb,info@pantheonhistoricrelais2.it,https://www.pantheonhistoricrelais2.it,+39 334 308 9759,2026-08-17
AIRBNB-00119,Pantheon Design Flat #1,Roma Centro Storico,Pantheon,Alloggio Turistico / Host Airbnb,info@pantheondesignflat1.it,https://www.pantheondesignflat1.it,+39 334 308 9759,2026-08-17
AIRBNB-00120,Pantheon Design Flat #2,Roma Centro Storico,Pantheon,Alloggio Turistico / Host Airbnb,info@pantheondesignflat2.it,https://www.pantheondesignflat2.it,+39 334 308 9759,2026-08-17
AIRBNB-00121,Pantheon Exclusive Penthouse #1,Roma Centro Storico,Pantheon,Alloggio Turistico / Host Airbnb,info@pantheonexclusivepenthouse1.it,https://www.pantheonexclusivepenthouse1.it,+39 334 308 9759,2026-08-17
AIRBNB-00122,Pantheon Exclusive Penthouse #2,Roma Centro Storico,Pantheon,Alloggio Turistico / Host Airbnb,info@pantheonexclusivepenthouse2.it,https://www.pantheonexclusivepenthouse2.it,+39 334 308 9759,2026-08-17
AIRBNB-00123,Pantheon Holiday Villa #1,Roma Centro Storico,Pantheon,Alloggio Turistico / Host Airbnb,info@pantheonholidayvilla1.it,https://www.pantheonholidayvilla1.it,+39 334 308 9759,2026-08-17
AIRBNB-00124,Pantheon Holiday Villa #2,Roma Centro Storico,Pantheon,Alloggio Turistico / Host Airbnb,info@pantheonholidayvilla2.it,https://www.pantheonholidayvilla2.it,+39 334 308 9759,2026-08-17
AIRBNB-00125,Pantheon Garden House #1,Roma Centro Storico,Pantheon,Alloggio Turistico / Host Airbnb,info@pantheongardenhouse1.it,https://www.pantheongardenhouse1.it,+39 334 308 9759,2026-08-17
AIRBNB-00126,Pantheon Garden House #2,Roma Centro Storico,Pantheon,Alloggio Turistico / Host Airbnb,info@pantheongardenhouse2.it,https://www.pantheongardenhouse2.it,+39 334 308 9759,2026-08-17
AIRBNB-00127,Pantheon Maison Elegance #1,Roma Centro Storico,Pantheon,Alloggio Turistico / Host Airbnb,info@pantheonmaisonelegance1.it,https://www.pantheonmaisonelegance1.it,+39 334 308 9759,2026-08-17
AIRBNB-00128,Pantheon Maison Elegance #2,Roma Centro Storico,Pantheon,Alloggio Turistico / Host Airbnb,info@pantheonmaisonelegance2.it,https://www.pantheonmaisonelegance2.it,+39 334 308 9759,2026-08-17
AIRBNB-00129,Pantheon Dimora Tipica #1,Roma Centro Storico,Pantheon,Alloggio Turistico / Host Airbnb,info@pantheondimoratipica1.it,https://www.pantheondimoratipica1.it,+39 334 308 9759,2026-08-17
AIRBNB-00130,Pantheon Dimora Tipica #2,Roma Centro Storico,Pantheon,Alloggio Turistico / Host Airbnb,info@pantheondimoratipica2.it,https://www.pantheondimoratipica2.it,+39 334 308 9759,2026-08-17
AIRBNB-00131,Pantheon Terrace Studio #1,Roma Centro Storico,Pantheon,Alloggio Turistico / Host Airbnb,info@pantheonterracestudio1.it,https://www.pantheonterracestudio1.it,+39 334 308 9759,2026-08-17
AIRBNB-00132,Pantheon Terrace Studio #2,Roma Centro Storico,Pantheon,Alloggio Turistico / Host Airbnb,info@pantheonterracestudio2.it,https://www.pantheonterracestudio2.it,+39 334 308 9759,2026-08-17
AIRBNB-00133,Pantheon Vacanze Relax Home #1,Roma Centro Storico,Pantheon,Alloggio Turistico / Host Airbnb,info@pantheonvacanzerelaxhome1.it,https://www.pantheonvacanzerelaxhome1.it,+39 334 308 9759,2026-08-17
AIRBNB-00134,Pantheon Vacanze Relax Home #2,Roma Centro Storico,Pantheon,Alloggio Turistico / Host Airbnb,info@pantheonvacanzerelaxhome2.it,https://www.pantheonvacanzerelaxhome2.it,+39 334 308 9759,2026-08-17
AIRBNB-00135,Pantheon Urban Living Loft #1,Roma Centro Storico,Pantheon,Alloggio Turistico / Host Airbnb,info@pantheonurbanlivingloft1.it,https://www.pantheonurbanlivingloft1.it,+39 334 308 9759,2026-08-17
AIRBNB-00136,Pantheon Urban Living Loft #2,Roma Centro Storico,Pantheon,Alloggio Turistico / Host Airbnb,info@pantheonurbanlivingloft2.it,https://www.pantheonurbanlivingloft2.it,+39 334 308 9759,2026-08-17
AIRBNB-00137,Pantheon Prestige Suites #1,Roma Centro Storico,Pantheon,Alloggio Turistico / Host Airbnb,info@pantheonprestigesuites1.it,https://www.pantheonprestigesuites1.it,+39 334 308 9759,2026-08-17
AIRBNB-00138,Pantheon Prestige Suites #2,Roma Centro Storico,Pantheon,Alloggio Turistico / Host Airbnb,info@pantheonprestigesuites2.it,https://www.pantheonprestigesuites2.it,+39 334 308 9759,2026-08-17
AIRBNB-00139,Pantheon Sea View Apartment #1,Roma Centro Storico,Pantheon,Alloggio Turistico / Host Airbnb,info@pantheonseaviewapartment1.it,https://www.pantheonseaviewapartment1.it,+39 334 308 9759,2026-08-17
AIRBNB-00140,Pantheon Sea View Apartment #2,Roma Centro Storico,Pantheon,Alloggio Turistico / Host Airbnb,info@pantheonseaviewapartment2.it,https://www.pantheonseaviewapartment2.it,+39 334 308 9759,2026-08-17
AIRBNB-00141,Pantheon Art & Style Flat #1,Roma Centro Storico,Pantheon,Alloggio Turistico / Host Airbnb,info@pantheonartstyleflat1.it,https://www.pantheonartstyleflat1.it,+39 334 308 9759,2026-08-17
AIRBNB-00142,Pantheon Art & Style Flat #2,Roma Centro Storico,Pantheon,Alloggio Turistico / Host Airbnb,info@pantheonartstyleflat2.it,https://www.pantheonartstyleflat2.it,+39 334 308 9759,2026-08-17
AIRBNB-00143,Pantheon Cozy Boutique Home #1,Roma Centro Storico,Pantheon,Alloggio Turistico / Host Airbnb,info@pantheoncozyboutiquehome1.it,https://www.pantheoncozyboutiquehome1.it,+39 334 308 9759,2026-08-17
AIRBNB-00144,Pantheon Cozy Boutique Home #2,Roma Centro Storico,Pantheon,Alloggio Turistico / Host Airbnb,info@pantheoncozyboutiquehome2.it,https://www.pantheoncozyboutiquehome2.it,+39 334 308 9759,2026-08-17
AIRBNB-00145,Monti Luxury Apartment #1,Roma Centro Storico,Monti,Alloggio Turistico / Host Airbnb,info@montiluxuryapartment1.it,https://www.montiluxuryapartment1.it,+39 334 308 9759,2026-08-17
AIRBNB-00146,Monti Luxury Apartment #2,Roma Centro Storico,Monti,Alloggio Turistico / Host Airbnb,info@montiluxuryapartment2.it,https://www.montiluxuryapartment2.it,+39 334 308 9759,2026-08-17
AIRBNB-00147,Monti Boutique Suite #1,Roma Centro Storico,Monti,Alloggio Turistico / Host Airbnb,info@montiboutiquesuite1.it,https://www.montiboutiquesuite1.it,+39 334 308 9759,2026-08-17
AIRBNB-00148,Monti Boutique Suite #2,Roma Centro Storico,Monti,Alloggio Turistico / Host Airbnb,info@montiboutiquesuite2.it,https://www.montiboutiquesuite2.it,+39 334 308 9759,2026-08-17
AIRBNB-00149,Monti Panoramic View Home #1,Roma Centro Storico,Monti,Alloggio Turistico / Host Airbnb,info@montipanoramicviewhome1.it,https://www.montipanoramicviewhome1.it,+39 334 308 9759,2026-08-17
AIRBNB-00150,Monti Panoramic View Home #2,Roma Centro Storico,Monti,Alloggio Turistico / Host Airbnb,info@montipanoramicviewhome2.it,https://www.montipanoramicviewhome2.it,+39 334 308 9759,2026-08-17
AIRBNB-00151,Monti Charme Loft #1,Roma Centro Storico,Monti,Alloggio Turistico / Host Airbnb,info@monticharmeloft1.it,https://www.monticharmeloft1.it,+39 334 308 9759,2026-08-17
AIRBNB-00152,Monti Charme Loft #2,Roma Centro Storico,Monti,Alloggio Turistico / Host Airbnb,info@monticharmeloft2.it,https://www.monticharmeloft2.it,+39 334 308 9759,2026-08-17
AIRBNB-00153,Monti Historic Relais #1,Roma Centro Storico,Monti,Alloggio Turistico / Host Airbnb,info@montihistoricrelais1.it,https://www.montihistoricrelais1.it,+39 334 308 9759,2026-08-17
AIRBNB-00154,Monti Historic Relais #2,Roma Centro Storico,Monti,Alloggio Turistico / Host Airbnb,info@montihistoricrelais2.it,https://www.montihistoricrelais2.it,+39 334 308 9759,2026-08-17
AIRBNB-00155,Monti Design Flat #1,Roma Centro Storico,Monti,Alloggio Turistico / Host Airbnb,info@montidesignflat1.it,https://www.montidesignflat1.it,+39 334 308 9759,2026-08-17
AIRBNB-00156,Monti Design Flat #2,Roma Centro Storico,Monti,Alloggio Turistico / Host Airbnb,info@montidesignflat2.it,https://www.montidesignflat2.it,+39 334 308 9759,2026-08-17
AIRBNB-00157,Monti Exclusive Penthouse #1,Roma Centro Storico,Monti,Alloggio Turistico / Host Airbnb,info@montiexclusivepenthouse1.it,https://www.montiexclusivepenthouse1.it,+39 334 308 9759,2026-08-17
AIRBNB-00158,Monti Exclusive Penthouse #2,Roma Centro Storico,Monti,Alloggio Turistico / Host Airbnb,info@montiexclusivepenthouse2.it,https://www.montiexclusivepenthouse2.it,+39 334 308 9759,2026-08-17
AIRBNB-00159,Monti Holiday Villa #1,Roma Centro Storico,Monti,Alloggio Turistico / Host Airbnb,info@montiholidayvilla1.it,https://www.montiholidayvilla1.it,+39 334 308 9759,2026-08-17
AIRBNB-00160,Monti Holiday Villa #2,Roma Centro Storico,Monti,Alloggio Turistico / Host Airbnb,info@montiholidayvilla2.it,https://www.montiholidayvilla2.it,+39 334 308 9759,2026-08-17
AIRBNB-00161,Monti Garden House #1,Roma Centro Storico,Monti,Alloggio Turistico / Host Airbnb,info@montigardenhouse1.it,https://www.montigardenhouse1.it,+39 334 308 9759,2026-08-17
AIRBNB-00162,Monti Garden House #2,Roma Centro Storico,Monti,Alloggio Turistico / Host Airbnb,info@montigardenhouse2.it,https://www.montigardenhouse2.it,+39 334 308 9759,2026-08-17
AIRBNB-00163,Monti Maison Elegance #1,Roma Centro Storico,Monti,Alloggio Turistico / Host Airbnb,info@montimaisonelegance1.it,https://www.montimaisonelegance1.it,+39 334 308 9759,2026-08-17
AIRBNB-00164,Monti Maison Elegance #2,Roma Centro Storico,Monti,Alloggio Turistico / Host Airbnb,info@montimaisonelegance2.it,https://www.montimaisonelegance2.it,+39 334 308 9759,2026-08-17
AIRBNB-00165,Monti Dimora Tipica #1,Roma Centro Storico,Monti,Alloggio Turistico / Host Airbnb,info@montidimoratipica1.it,https://www.montidimoratipica1.it,+39 334 308 9759,2026-08-17
AIRBNB-00166,Monti Dimora Tipica #2,Roma Centro Storico,Monti,Alloggio Turistico / Host Airbnb,info@montidimoratipica2.it,https://www.montidimoratipica2.it,+39 334 308 9759,2026-08-17
AIRBNB-00167,Monti Terrace Studio #1,Roma Centro Storico,Monti,Alloggio Turistico / Host Airbnb,info@montiterracestudio1.it,https://www.montiterracestudio1.it,+39 334 308 9759,2026-08-17
AIRBNB-00168,Monti Terrace Studio #2,Roma Centro Storico,Monti,Alloggio Turistico / Host Airbnb,info@montiterracestudio2.it,https://www.montiterracestudio2.it,+39 334 308 9759,2026-08-17
AIRBNB-00169,Monti Vacanze Relax Home #1,Roma Centro Storico,Monti,Alloggio Turistico / Host Airbnb,info@montivacanzerelaxhome1.it,https://www.montivacanzerelaxhome1.it,+39 334 308 9759,2026-08-17
AIRBNB-00170,Monti Vacanze Relax Home #2,Roma Centro Storico,Monti,Alloggio Turistico / Host Airbnb,info@montivacanzerelaxhome2.it,https://www.montivacanzerelaxhome2.it,+39 334 308 9759,2026-08-17
AIRBNB-00171,Monti Urban Living Loft #1,Roma Centro Storico,Monti,Alloggio Turistico / Host Airbnb,info@montiurbanlivingloft1.it,https://www.montiurbanlivingloft1.it,+39 334 308 9759,2026-08-17
AIRBNB-00172,Monti Urban Living Loft #2,Roma Centro Storico,Monti,Alloggio Turistico / Host Airbnb,info@montiurbanlivingloft2.it,https://www.montiurbanlivingloft2.it,+39 334 308 9759,2026-08-17
AIRBNB-00173,Monti Prestige Suites #1,Roma Centro Storico,Monti,Alloggio Turistico / Host Airbnb,info@montiprestigesuites1.it,https://www.montiprestigesuites1.it,+39 334 308 9759,2026-08-17
AIRBNB-00174,Monti Prestige Suites #2,Roma Centro Storico,Monti,Alloggio Turistico / Host Airbnb,info@montiprestigesuites2.it,https://www.montiprestigesuites2.it,+39 334 308 9759,2026-08-17
AIRBNB-00175,Monti Sea View Apartment #1,Roma Centro Storico,Monti,Alloggio Turistico / Host Airbnb,info@montiseaviewapartment1.it,https://www.montiseaviewapartment1.it,+39 334 308 9759,2026-08-17
AIRBNB-00176,Monti Sea View Apartment #2,Roma Centro Storico,Monti,Alloggio Turistico / Host Airbnb,info@montiseaviewapartment2.it,https://www.montiseaviewapartment2.it,+39 334 308 9759,2026-08-17
AIRBNB-00177,Monti Art & Style Flat #1,Roma Centro Storico,Monti,Alloggio Turistico / Host Airbnb,info@montiartstyleflat1.it,https://www.montiartstyleflat1.it,+39 334 308 9759,2026-08-17
AIRBNB-00178,Monti Art & Style Flat #2,Roma Centro Storico,Monti,Alloggio Turistico / Host Airbnb,info@montiartstyleflat2.it,https://www.montiartstyleflat2.it,+39 334 308 9759,2026-08-17
AIRBNB-00179,Monti Cozy Boutique Home #1,Roma Centro Storico,Monti,Alloggio Turistico / Host Airbnb,info@monticozyboutiquehome1.it,https://www.monticozyboutiquehome1.it,+39 334 308 9759,2026-08-17
AIRBNB-00180,Monti Cozy Boutique Home #2,Roma Centro Storico,Monti,Alloggio Turistico / Host Airbnb,info@monticozyboutiquehome2.it,https://www.monticozyboutiquehome2.it,+39 334 308 9759,2026-08-17
AIRBNB-00181,Colosseo Luxury Apartment #1,Roma Centro Storico,Colosseo,Alloggio Turistico / Host Airbnb,info@colosseoluxuryapartment1.it,https://www.colosseoluxuryapartment1.it,+39 334 308 9759,2026-08-17
AIRBNB-00182,Colosseo Luxury Apartment #2,Roma Centro Storico,Colosseo,Alloggio Turistico / Host Airbnb,info@colosseoluxuryapartment2.it,https://www.colosseoluxuryapartment2.it,+39 334 308 9759,2026-08-17
AIRBNB-00183,Colosseo Boutique Suite #1,Roma Centro Storico,Colosseo,Alloggio Turistico / Host Airbnb,info@colosseoboutiquesuite1.it,https://www.colosseoboutiquesuite1.it,+39 334 308 9759,2026-08-17
AIRBNB-00184,Colosseo Boutique Suite #2,Roma Centro Storico,Colosseo,Alloggio Turistico / Host Airbnb,info@colosseoboutiquesuite2.it,https://www.colosseoboutiquesuite2.it,+39 334 308 9759,2026-08-17
AIRBNB-00185,Colosseo Panoramic View Home #1,Roma Centro Storico,Colosseo,Alloggio Turistico / Host Airbnb,info@colosseopanoramicviewhome1.it,https://www.colosseopanoramicviewhome1.it,+39 334 308 9759,2026-08-17
AIRBNB-00186,Colosseo Panoramic View Home #2,Roma Centro Storico,Colosseo,Alloggio Turistico / Host Airbnb,info@colosseopanoramicviewhome2.it,https://www.colosseopanoramicviewhome2.it,+39 334 308 9759,2026-08-17
AIRBNB-00187,Colosseo Charme Loft #1,Roma Centro Storico,Colosseo,Alloggio Turistico / Host Airbnb,info@colosseocharmeloft1.it,https://www.colosseocharmeloft1.it,+39 334 308 9759,2026-08-17
AIRBNB-00188,Colosseo Charme Loft #2,Roma Centro Storico,Colosseo,Alloggio Turistico / Host Airbnb,info@colosseocharmeloft2.it,https://www.colosseocharmeloft2.it,+39 334 308 9759,2026-08-17
AIRBNB-00189,Colosseo Historic Relais #1,Roma Centro Storico,Colosseo,Alloggio Turistico / Host Airbnb,info@colosseohistoricrelais1.it,https://www.colosseohistoricrelais1.it,+39 334 308 9759,2026-08-17
AIRBNB-00190,Colosseo Historic Relais #2,Roma Centro Storico,Colosseo,Alloggio Turistico / Host Airbnb,info@colosseohistoricrelais2.it,https://www.colosseohistoricrelais2.it,+39 334 308 9759,2026-08-17
AIRBNB-00191,Colosseo Design Flat #1,Roma Centro Storico,Colosseo,Alloggio Turistico / Host Airbnb,info@colosseodesignflat1.it,https://www.colosseodesignflat1.it,+39 334 308 9759,2026-08-17
AIRBNB-00192,Colosseo Design Flat #2,Roma Centro Storico,Colosseo,Alloggio Turistico / Host Airbnb,info@colosseodesignflat2.it,https://www.colosseodesignflat2.it,+39 334 308 9759,2026-08-17
AIRBNB-00193,Colosseo Exclusive Penthouse #1,Roma Centro Storico,Colosseo,Alloggio Turistico / Host Airbnb,info@colosseoexclusivepenthouse1.it,https://www.colosseoexclusivepenthouse1.it,+39 334 308 9759,2026-08-17
AIRBNB-00194,Colosseo Exclusive Penthouse #2,Roma Centro Storico,Colosseo,Alloggio Turistico / Host Airbnb,info@colosseoexclusivepenthouse2.it,https://www.colosseoexclusivepenthouse2.it,+39 334 308 9759,2026-08-17
AIRBNB-00195,Colosseo Holiday Villa #1,Roma Centro Storico,Colosseo,Alloggio Turistico / Host Airbnb,info@colosseoholidayvilla1.it,https://www.colosseoholidayvilla1.it,+39 334 308 9759,2026-08-17
AIRBNB-00196,Colosseo Holiday Villa #2,Roma Centro Storico,Colosseo,Alloggio Turistico / Host Airbnb,info@colosseoholidayvilla2.it,https://www.colosseoholidayvilla2.it,+39 334 308 9759,2026-08-17
AIRBNB-00197,Colosseo Garden House #1,Roma Centro Storico,Colosseo,Alloggio Turistico / Host Airbnb,info@colosseogardenhouse1.it,https://www.colosseogardenhouse1.it,+39 334 308 9759,2026-08-17
AIRBNB-00198,Colosseo Garden House #2,Roma Centro Storico,Colosseo,Alloggio Turistico / Host Airbnb,info@colosseogardenhouse2.it,https://www.colosseogardenhouse2.it,+39 334 308 9759,2026-08-17
AIRBNB-00199,Colosseo Maison Elegance #1,Roma Centro Storico,Colosseo,Alloggio Turistico / Host Airbnb,info@colosseomaisonelegance1.it,https://www.colosseomaisonelegance1.it,+39 334 308 9759,2026-08-17
AIRBNB-00200,Colosseo Maison Elegance #2,Roma Centro Storico,Colosseo,Alloggio Turistico / Host Airbnb,info@colosseomaisonelegance2.it,https://www.colosseomaisonelegance2.it,+39 334 308 9759,2026-08-17
AIRBNB-00201,Colosseo Dimora Tipica #1,Roma Centro Storico,Colosseo,Alloggio Turistico / Host Airbnb,info@colosseodimoratipica1.it,https://www.colosseodimoratipica1.it,+39 334 308 9759,2026-08-17
AIRBNB-00202,Colosseo Dimora Tipica #2,Roma Centro Storico,Colosseo,Alloggio Turistico / Host Airbnb,info@colosseodimoratipica2.it,https://www.colosseodimoratipica2.it,+39 334 308 9759,2026-08-17
AIRBNB-00203,Colosseo Terrace Studio #1,Roma Centro Storico,Colosseo,Alloggio Turistico / Host Airbnb,info@colosseoterracestudio1.it,https://www.colosseoterracestudio1.it,+39 334 308 9759,2026-08-17
AIRBNB-00204,Colosseo Terrace Studio #2,Roma Centro Storico,Colosseo,Alloggio Turistico / Host Airbnb,info@colosseoterracestudio2.it,https://www.colosseoterracestudio2.it,+39 334 308 9759,2026-08-17
AIRBNB-00205,Colosseo Vacanze Relax Home #1,Roma Centro Storico,Colosseo,Alloggio Turistico / Host Airbnb,info@colosseovacanzerelaxhome1.it,https://www.colosseovacanzerelaxhome1.it,+39 334 308 9759,2026-08-17
AIRBNB-00206,Colosseo Vacanze Relax Home #2,Roma Centro Storico,Colosseo,Alloggio Turistico / Host Airbnb,info@colosseovacanzerelaxhome2.it,https://www.colosseovacanzerelaxhome2.it,+39 334 308 9759,2026-08-17
AIRBNB-00207,Colosseo Urban Living Loft #1,Roma Centro Storico,Colosseo,Alloggio Turistico / Host Airbnb,info@colosseourbanlivingloft1.it,https://www.colosseourbanlivingloft1.it,+39 334 308 9759,2026-08-17
AIRBNB-00208,Colosseo Urban Living Loft #2,Roma Centro Storico,Colosseo,Alloggio Turistico / Host Airbnb,info@colosseourbanlivingloft2.it,https://www.colosseourbanlivingloft2.it,+39 334 308 9759,2026-08-17
AIRBNB-00209,Colosseo Prestige Suites #1,Roma Centro Storico,Colosseo,Alloggio Turistico / Host Airbnb,info@colosseoprestigesuites1.it,https://www.colosseoprestigesuites1.it,+39 334 308 9759,2026-08-17
AIRBNB-00210,Colosseo Prestige Suites #2,Roma Centro Storico,Colosseo,Alloggio Turistico / Host Airbnb,info@colosseoprestigesuites2.it,https://www.colosseoprestigesuites2.it,+39 334 308 9759,2026-08-17
AIRBNB-00211,Colosseo Sea View Apartment #1,Roma Centro Storico,Colosseo,Alloggio Turistico / Host Airbnb,info@colosseoseaviewapartment1.it,https://www.colosseoseaviewapartment1.it,+39 334 308 9759,2026-08-17
AIRBNB-00212,Colosseo Sea View Apartment #2,Roma Centro Storico,Colosseo,Alloggio Turistico / Host Airbnb,info@colosseoseaviewapartment2.it,https://www.colosseoseaviewapartment2.it,+39 334 308 9759,2026-08-17
AIRBNB-00213,Colosseo Art & Style Flat #1,Roma Centro Storico,Colosseo,Alloggio Turistico / Host Airbnb,info@colosseoartstyleflat1.it,https://www.colosseoartstyleflat1.it,+39 334 308 9759,2026-08-17
AIRBNB-00214,Colosseo Art & Style Flat #2,Roma Centro Storico,Colosseo,Alloggio Turistico / Host Airbnb,info@colosseoartstyleflat2.it,https://www.colosseoartstyleflat2.it,+39 334 308 9759,2026-08-17
AIRBNB-00215,Colosseo Cozy Boutique Home #1,Roma Centro Storico,Colosseo,Alloggio Turistico / Host Airbnb,info@colosseocozyboutiquehome1.it,https://www.colosseocozyboutiquehome1.it,+39 334 308 9759,2026-08-17
AIRBNB-00216,Colosseo Cozy Boutique Home #2,Roma Centro Storico,Colosseo,Alloggio Turistico / Host Airbnb,info@colosseocozyboutiquehome2.it,https://www.colosseocozyboutiquehome2.it,+39 334 308 9759,2026-08-17
AIRBNB-00217,Spagna Luxury Apartment #1,Roma Centro Storico,Spagna,Alloggio Turistico / Host Airbnb,info@spagnaluxuryapartment1.it,https://www.spagnaluxuryapartment1.it,+39 334 308 9759,2026-08-17
AIRBNB-00218,Spagna Luxury Apartment #2,Roma Centro Storico,Spagna,Alloggio Turistico / Host Airbnb,info@spagnaluxuryapartment2.it,https://www.spagnaluxuryapartment2.it,+39 334 308 9759,2026-08-17
AIRBNB-00219,Spagna Boutique Suite #1,Roma Centro Storico,Spagna,Alloggio Turistico / Host Airbnb,info@spagnaboutiquesuite1.it,https://www.spagnaboutiquesuite1.it,+39 334 308 9759,2026-08-17
AIRBNB-00220,Spagna Boutique Suite #2,Roma Centro Storico,Spagna,Alloggio Turistico / Host Airbnb,info@spagnaboutiquesuite2.it,https://www.spagnaboutiquesuite2.it,+39 334 308 9759,2026-08-17
AIRBNB-00221,Spagna Panoramic View Home #1,Roma Centro Storico,Spagna,Alloggio Turistico / Host Airbnb,info@spagnapanoramicviewhome1.it,https://www.spagnapanoramicviewhome1.it,+39 334 308 9759,2026-08-17
AIRBNB-00222,Spagna Panoramic View Home #2,Roma Centro Storico,Spagna,Alloggio Turistico / Host Airbnb,info@spagnapanoramicviewhome2.it,https://www.spagnapanoramicviewhome2.it,+39 334 308 9759,2026-08-17
AIRBNB-00223,Spagna Charme Loft #1,Roma Centro Storico,Spagna,Alloggio Turistico / Host Airbnb,info@spagnacharmeloft1.it,https://www.spagnacharmeloft1.it,+39 334 308 9759,2026-08-17
AIRBNB-00224,Spagna Charme Loft #2,Roma Centro Storico,Spagna,Alloggio Turistico / Host Airbnb,info@spagnacharmeloft2.it,https://www.spagnacharmeloft2.it,+39 334 308 9759,2026-08-17
AIRBNB-00225,Spagna Historic Relais #1,Roma Centro Storico,Spagna,Alloggio Turistico / Host Airbnb,info@spagnahistoricrelais1.it,https://www.spagnahistoricrelais1.it,+39 334 308 9759,2026-08-17
AIRBNB-00226,Spagna Historic Relais #2,Roma Centro Storico,Spagna,Alloggio Turistico / Host Airbnb,info@spagnahistoricrelais2.it,https://www.spagnahistoricrelais2.it,+39 334 308 9759,2026-08-17
AIRBNB-00227,Spagna Design Flat #1,Roma Centro Storico,Spagna,Alloggio Turistico / Host Airbnb,info@spagnadesignflat1.it,https://www.spagnadesignflat1.it,+39 334 308 9759,2026-08-17
AIRBNB-00228,Spagna Design Flat #2,Roma Centro Storico,Spagna,Alloggio Turistico / Host Airbnb,info@spagnadesignflat2.it,https://www.spagnadesignflat2.it,+39 334 308 9759,2026-08-17
AIRBNB-00229,Spagna Exclusive Penthouse #1,Roma Centro Storico,Spagna,Alloggio Turistico / Host Airbnb,info@spagnaexclusivepenthouse1.it,https://www.spagnaexclusivepenthouse1.it,+39 334 308 9759,2026-08-17
AIRBNB-00230,Spagna Exclusive Penthouse #2,Roma Centro Storico,Spagna,Alloggio Turistico / Host Airbnb,info@spagnaexclusivepenthouse2.it,https://www.spagnaexclusivepenthouse2.it,+39 334 308 9759,2026-08-17
AIRBNB-00231,Spagna Holiday Villa #1,Roma Centro Storico,Spagna,Alloggio Turistico / Host Airbnb,info@spagnaholidayvilla1.it,https://www.spagnaholidayvilla1.it,+39 334 308 9759,2026-08-17
AIRBNB-00232,Spagna Holiday Villa #2,Roma Centro Storico,Spagna,Alloggio Turistico / Host Airbnb,info@spagnaholidayvilla2.it,https://www.spagnaholidayvilla2.it,+39 334 308 9759,2026-08-17
AIRBNB-00233,Spagna Garden House #1,Roma Centro Storico,Spagna,Alloggio Turistico / Host Airbnb,info@spagnagardenhouse1.it,https://www.spagnagardenhouse1.it,+39 334 308 9759,2026-08-17
AIRBNB-00234,Spagna Garden House #2,Roma Centro Storico,Spagna,Alloggio Turistico / Host Airbnb,info@spagnagardenhouse2.it,https://www.spagnagardenhouse2.it,+39 334 308 9759,2026-08-17
AIRBNB-00235,Spagna Maison Elegance #1,Roma Centro Storico,Spagna,Alloggio Turistico / Host Airbnb,info@spagnamaisonelegance1.it,https://www.spagnamaisonelegance1.it,+39 334 308 9759,2026-08-17
AIRBNB-00236,Spagna Maison Elegance #2,Roma Centro Storico,Spagna,Alloggio Turistico / Host Airbnb,info@spagnamaisonelegance2.it,https://www.spagnamaisonelegance2.it,+39 334 308 9759,2026-08-17
AIRBNB-00237,Spagna Dimora Tipica #1,Roma Centro Storico,Spagna,Alloggio Turistico / Host Airbnb,info@spagnadimoratipica1.it,https://www.spagnadimoratipica1.it,+39 334 308 9759,2026-08-17
AIRBNB-00238,Spagna Dimora Tipica #2,Roma Centro Storico,Spagna,Alloggio Turistico / Host Airbnb,info@spagnadimoratipica2.it,https://www.spagnadimoratipica2.it,+39 334 308 9759,2026-08-17
AIRBNB-00239,Spagna Terrace Studio #1,Roma Centro Storico,Spagna,Alloggio Turistico / Host Airbnb,info@spagnaterracestudio1.it,https://www.spagnaterracestudio1.it,+39 334 308 9759,2026-08-17
AIRBNB-00240,Spagna Terrace Studio #2,Roma Centro Storico,Spagna,Alloggio Turistico / Host Airbnb,info@spagnaterracestudio2.it,https://www.spagnaterracestudio2.it,+39 334 308 9759,2026-08-17
AIRBNB-00241,Spagna Vacanze Relax Home #1,Roma Centro Storico,Spagna,Alloggio Turistico / Host Airbnb,info@spagnavacanzerelaxhome1.it,https://www.spagnavacanzerelaxhome1.it,+39 334 308 9759,2026-08-17
AIRBNB-00242,Spagna Vacanze Relax Home #2,Roma Centro Storico,Spagna,Alloggio Turistico / Host Airbnb,info@spagnavacanzerelaxhome2.it,https://www.spagnavacanzerelaxhome2.it,+39 334 308 9759,2026-08-17
AIRBNB-00243,Spagna Urban Living Loft #1,Roma Centro Storico,Spagna,Alloggio Turistico / Host Airbnb,info@spagnaurbanlivingloft1.it,https://www.spagnaurbanlivingloft1.it,+39 334 308 9759,2026-08-17
AIRBNB-00244,Spagna Urban Living Loft #2,Roma Centro Storico,Spagna,Alloggio Turistico / Host Airbnb,info@spagnaurbanlivingloft2.it,https://www.spagnaurbanlivingloft2.it,+39 334 308 9759,2026-08-17
AIRBNB-00245,Spagna Prestige Suites #1,Roma Centro Storico,Spagna,Alloggio Turistico / Host Airbnb,info@spagnaprestigesuites1.it,https://www.spagnaprestigesuites1.it,+39 334 308 9759,2026-08-17
AIRBNB-00246,Spagna Prestige Suites #2,Roma Centro Storico,Spagna,Alloggio Turistico / Host Airbnb,info@spagnaprestigesuites2.it,https://www.spagnaprestigesuites2.it,+39 334 308 9759,2026-08-17
AIRBNB-00247,Spagna Sea View Apartment #1,Roma Centro Storico,Spagna,Alloggio Turistico / Host Airbnb,info@spagnaseaviewapartment1.it,https://www.spagnaseaviewapartment1.it,+39 334 308 9759,2026-08-17
AIRBNB-00248,Spagna Sea View Apartment #2,Roma Centro Storico,Spagna,Alloggio Turistico / Host Airbnb,info@spagnaseaviewapartment2.it,https://www.spagnaseaviewapartment2.it,+39 334 308 9759,2026-08-17
AIRBNB-00249,Spagna Art & Style Flat #1,Roma Centro Storico,Spagna,Alloggio Turistico / Host Airbnb,info@spagnaartstyleflat1.it,https://www.spagnaartstyleflat1.it,+39 334 308 9759,2026-08-17
AIRBNB-00250,Spagna Art & Style Flat #2,Roma Centro Storico,Spagna,Alloggio Turistico / Host Airbnb,info@spagnaartstyleflat2.it,https://www.spagnaartstyleflat2.it,+39 334 308 9759,2026-08-17
AIRBNB-00251,Spagna Cozy Boutique Home #1,Roma Centro Storico,Spagna,Alloggio Turistico / Host Airbnb,info@spagnacozyboutiquehome1.it,https://www.spagnacozyboutiquehome1.it,+39 334 308 9759,2026-08-17
AIRBNB-00252,Spagna Cozy Boutique Home #2,Roma Centro Storico,Spagna,Alloggio Turistico / Host Airbnb,info@spagnacozyboutiquehome2.it,https://www.spagnacozyboutiquehome2.it,+39 334 308 9759,2026-08-17
AIRBNB-00253,Corso Luxury Apartment #1,Roma Centro Storico,Corso,Alloggio Turistico / Host Airbnb,info@corsoluxuryapartment1.it,https://www.corsoluxuryapartment1.it,+39 334 308 9759,2026-08-17
AIRBNB-00254,Corso Luxury Apartment #2,Roma Centro Storico,Corso,Alloggio Turistico / Host Airbnb,info@corsoluxuryapartment2.it,https://www.corsoluxuryapartment2.it,+39 334 308 9759,2026-08-17
AIRBNB-00255,Corso Boutique Suite #1,Roma Centro Storico,Corso,Alloggio Turistico / Host Airbnb,info@corsoboutiquesuite1.it,https://www.corsoboutiquesuite1.it,+39 334 308 9759,2026-08-17
AIRBNB-00256,Corso Boutique Suite #2,Roma Centro Storico,Corso,Alloggio Turistico / Host Airbnb,info@corsoboutiquesuite2.it,https://www.corsoboutiquesuite2.it,+39 334 308 9759,2026-08-17
AIRBNB-00257,Corso Panoramic View Home #1,Roma Centro Storico,Corso,Alloggio Turistico / Host Airbnb,info@corsopanoramicviewhome1.it,https://www.corsopanoramicviewhome1.it,+39 334 308 9759,2026-08-17
AIRBNB-00258,Corso Panoramic View Home #2,Roma Centro Storico,Corso,Alloggio Turistico / Host Airbnb,info@corsopanoramicviewhome2.it,https://www.corsopanoramicviewhome2.it,+39 334 308 9759,2026-08-17
AIRBNB-00259,Corso Charme Loft #1,Roma Centro Storico,Corso,Alloggio Turistico / Host Airbnb,info@corsocharmeloft1.it,https://www.corsocharmeloft1.it,+39 334 308 9759,2026-08-17
AIRBNB-00260,Corso Charme Loft #2,Roma Centro Storico,Corso,Alloggio Turistico / Host Airbnb,info@corsocharmeloft2.it,https://www.corsocharmeloft2.it,+39 334 308 9759,2026-08-17
AIRBNB-00261,Corso Historic Relais #1,Roma Centro Storico,Corso,Alloggio Turistico / Host Airbnb,info@corsohistoricrelais1.it,https://www.corsohistoricrelais1.it,+39 334 308 9759,2026-08-17
AIRBNB-00262,Corso Historic Relais #2,Roma Centro Storico,Corso,Alloggio Turistico / Host Airbnb,info@corsohistoricrelais2.it,https://www.corsohistoricrelais2.it,+39 334 308 9759,2026-08-17
AIRBNB-00263,Corso Design Flat #1,Roma Centro Storico,Corso,Alloggio Turistico / Host Airbnb,info@corsodesignflat1.it,https://www.corsodesignflat1.it,+39 334 308 9759,2026-08-17
AIRBNB-00264,Corso Design Flat #2,Roma Centro Storico,Corso,Alloggio Turistico / Host Airbnb,info@corsodesignflat2.it,https://www.corsodesignflat2.it,+39 334 308 9759,2026-08-17
AIRBNB-00265,Corso Exclusive Penthouse #1,Roma Centro Storico,Corso,Alloggio Turistico / Host Airbnb,info@corsoexclusivepenthouse1.it,https://www.corsoexclusivepenthouse1.it,+39 334 308 9759,2026-08-17
AIRBNB-00266,Corso Exclusive Penthouse #2,Roma Centro Storico,Corso,Alloggio Turistico / Host Airbnb,info@corsoexclusivepenthouse2.it,https://www.corsoexclusivepenthouse2.it,+39 334 308 9759,2026-08-17
AIRBNB-00267,Corso Holiday Villa #1,Roma Centro Storico,Corso,Alloggio Turistico / Host Airbnb,info@corsoholidayvilla1.it,https://www.corsoholidayvilla1.it,+39 334 308 9759,2026-08-17
AIRBNB-00268,Corso Holiday Villa #2,Roma Centro Storico,Corso,Alloggio Turistico / Host Airbnb,info@corsoholidayvilla2.it,https://www.corsoholidayvilla2.it,+39 334 308 9759,2026-08-17
AIRBNB-00269,Corso Garden House #1,Roma Centro Storico,Corso,Alloggio Turistico / Host Airbnb,info@corsogardenhouse1.it,https://www.corsogardenhouse1.it,+39 334 308 9759,2026-08-17
AIRBNB-00270,Corso Garden House #2,Roma Centro Storico,Corso,Alloggio Turistico / Host Airbnb,info@corsogardenhouse2.it,https://www.corsogardenhouse2.it,+39 334 308 9759,2026-08-17
AIRBNB-00271,Corso Maison Elegance #1,Roma Centro Storico,Corso,Alloggio Turistico / Host Airbnb,info@corsomaisonelegance1.it,https://www.corsomaisonelegance1.it,+39 334 308 9759,2026-08-17
AIRBNB-00272,Corso Maison Elegance #2,Roma Centro Storico,Corso,Alloggio Turistico / Host Airbnb,info@corsomaisonelegance2.it,https://www.corsomaisonelegance2.it,+39 334 308 9759,2026-08-17
AIRBNB-00273,Corso Dimora Tipica #1,Roma Centro Storico,Corso,Alloggio Turistico / Host Airbnb,info@corsodimoratipica1.it,https://www.corsodimoratipica1.it,+39 334 308 9759,2026-08-17
AIRBNB-00274,Corso Dimora Tipica #2,Roma Centro Storico,Corso,Alloggio Turistico / Host Airbnb,info@corsodimoratipica2.it,https://www.corsodimoratipica2.it,+39 334 308 9759,2026-08-17
AIRBNB-00275,Corso Terrace Studio #1,Roma Centro Storico,Corso,Alloggio Turistico / Host Airbnb,info@corsoterracestudio1.it,https://www.corsoterracestudio1.it,+39 334 308 9759,2026-08-17
AIRBNB-00276,Corso Terrace Studio #2,Roma Centro Storico,Corso,Alloggio Turistico / Host Airbnb,info@corsoterracestudio2.it,https://www.corsoterracestudio2.it,+39 334 308 9759,2026-08-17
AIRBNB-00277,Corso Vacanze Relax Home #1,Roma Centro Storico,Corso,Alloggio Turistico / Host Airbnb,info@corsovacanzerelaxhome1.it,https://www.corsovacanzerelaxhome1.it,+39 334 308 9759,2026-08-17
AIRBNB-00278,Corso Vacanze Relax Home #2,Roma Centro Storico,Corso,Alloggio Turistico / Host Airbnb,info@corsovacanzerelaxhome2.it,https://www.corsovacanzerelaxhome2.it,+39 334 308 9759,2026-08-17
AIRBNB-00279,Corso Urban Living Loft #1,Roma Centro Storico,Corso,Alloggio Turistico / Host Airbnb,info@corsourbanlivingloft1.it,https://www.corsourbanlivingloft1.it,+39 334 308 9759,2026-08-17
AIRBNB-00280,Corso Urban Living Loft #2,Roma Centro Storico,Corso,Alloggio Turistico / Host Airbnb,info@corsourbanlivingloft2.it,https://www.corsourbanlivingloft2.it,+39 334 308 9759,2026-08-17
AIRBNB-00281,Corso Prestige Suites #1,Roma Centro Storico,Corso,Alloggio Turistico / Host Airbnb,info@corsoprestigesuites1.it,https://www.corsoprestigesuites1.it,+39 334 308 9759,2026-08-17
AIRBNB-00282,Corso Prestige Suites #2,Roma Centro Storico,Corso,Alloggio Turistico / Host Airbnb,info@corsoprestigesuites2.it,https://www.corsoprestigesuites2.it,+39 334 308 9759,2026-08-17
AIRBNB-00283,Corso Sea View Apartment #1,Roma Centro Storico,Corso,Alloggio Turistico / Host Airbnb,info@corsoseaviewapartment1.it,https://www.corsoseaviewapartment1.it,+39 334 308 9759,2026-08-17
AIRBNB-00284,Corso Sea View Apartment #2,Roma Centro Storico,Corso,Alloggio Turistico / Host Airbnb,info@corsoseaviewapartment2.it,https://www.corsoseaviewapartment2.it,+39 334 308 9759,2026-08-17
AIRBNB-00285,Corso Art & Style Flat #1,Roma Centro Storico,Corso,Alloggio Turistico / Host Airbnb,info@corsoartstyleflat1.it,https://www.corsoartstyleflat1.it,+39 334 308 9759,2026-08-17
AIRBNB-00286,Corso Art & Style Flat #2,Roma Centro Storico,Corso,Alloggio Turistico / Host Airbnb,info@corsoartstyleflat2.it,https://www.corsoartstyleflat2.it,+39 334 308 9759,2026-08-17
AIRBNB-00287,Corso Cozy Boutique Home #1,Roma Centro Storico,Corso,Alloggio Turistico / Host Airbnb,info@corsocozyboutiquehome1.it,https://www.corsocozyboutiquehome1.it,+39 334 308 9759,2026-08-17
AIRBNB-00288,Corso Cozy Boutique Home #2,Roma Centro Storico,Corso,Alloggio Turistico / Host Airbnb,info@corsocozyboutiquehome2.it,https://www.corsocozyboutiquehome2.it,+39 334 308 9759,2026-08-17
AIRBNB-00289,Borgo Pio Luxury Apartment #1,Roma Centro Storico,Borgo Pio,Alloggio Turistico / Host Airbnb,info@borgopioluxuryapartment1.it,https://www.borgopioluxuryapartment1.it,+39 334 308 9759,2026-08-17
AIRBNB-00290,Borgo Pio Luxury Apartment #2,Roma Centro Storico,Borgo Pio,Alloggio Turistico / Host Airbnb,info@borgopioluxuryapartment2.it,https://www.borgopioluxuryapartment2.it,+39 334 308 9759,2026-08-17
AIRBNB-00291,Borgo Pio Boutique Suite #1,Roma Centro Storico,Borgo Pio,Alloggio Turistico / Host Airbnb,info@borgopioboutiquesuite1.it,https://www.borgopioboutiquesuite1.it,+39 334 308 9759,2026-08-17
AIRBNB-00292,Borgo Pio Boutique Suite #2,Roma Centro Storico,Borgo Pio,Alloggio Turistico / Host Airbnb,info@borgopioboutiquesuite2.it,https://www.borgopioboutiquesuite2.it,+39 334 308 9759,2026-08-17
AIRBNB-00293,Borgo Pio Panoramic View Home #1,Roma Centro Storico,Borgo Pio,Alloggio Turistico / Host Airbnb,info@borgopiopanoramicviewhome1.it,https://www.borgopiopanoramicviewhome1.it,+39 334 308 9759,2026-08-17
AIRBNB-00294,Borgo Pio Panoramic View Home #2,Roma Centro Storico,Borgo Pio,Alloggio Turistico / Host Airbnb,info@borgopiopanoramicviewhome2.it,https://www.borgopiopanoramicviewhome2.it,+39 334 308 9759,2026-08-17
AIRBNB-00295,Borgo Pio Charme Loft #1,Roma Centro Storico,Borgo Pio,Alloggio Turistico / Host Airbnb,info@borgopiocharmeloft1.it,https://www.borgopiocharmeloft1.it,+39 334 308 9759,2026-08-17
AIRBNB-00296,Borgo Pio Charme Loft #2,Roma Centro Storico,Borgo Pio,Alloggio Turistico / Host Airbnb,info@borgopiocharmeloft2.it,https://www.borgopiocharmeloft2.it,+39 334 308 9759,2026-08-17
AIRBNB-00297,Borgo Pio Historic Relais #1,Roma Centro Storico,Borgo Pio,Alloggio Turistico / Host Airbnb,info@borgopiohistoricrelais1.it,https://www.borgopiohistoricrelais1.it,+39 334 308 9759,2026-08-17
AIRBNB-00298,Borgo Pio Historic Relais #2,Roma Centro Storico,Borgo Pio,Alloggio Turistico / Host Airbnb,info@borgopiohistoricrelais2.it,https://www.borgopiohistoricrelais2.it,+39 334 308 9759,2026-08-17
AIRBNB-00299,Borgo Pio Design Flat #1,Roma Centro Storico,Borgo Pio,Alloggio Turistico / Host Airbnb,info@borgopiodesignflat1.it,https://www.borgopiodesignflat1.it,+39 334 308 9759,2026-08-17
AIRBNB-00300,Borgo Pio Design Flat #2,Roma Centro Storico,Borgo Pio,Alloggio Turistico / Host Airbnb,info@borgopiodesignflat2.it,https://www.borgopiodesignflat2.it,+39 334 308 9759,2026-08-17
AIRBNB-00301,Borgo Pio Exclusive Penthouse #1,Roma Centro Storico,Borgo Pio,Alloggio Turistico / Host Airbnb,info@borgopioexclusivepenthouse1.it,https://www.borgopioexclusivepenthouse1.it,+39 334 308 9759,2026-08-17
AIRBNB-00302,Borgo Pio Exclusive Penthouse #2,Roma Centro Storico,Borgo Pio,Alloggio Turistico / Host Airbnb,info@borgopioexclusivepenthouse2.it,https://www.borgopioexclusivepenthouse2.it,+39 334 308 9759,2026-08-17
AIRBNB-00303,Borgo Pio Holiday Villa #1,Roma Centro Storico,Borgo Pio,Alloggio Turistico / Host Airbnb,info@borgopioholidayvilla1.it,https://www.borgopioholidayvilla1.it,+39 334 308 9759,2026-08-17
AIRBNB-00304,Borgo Pio Holiday Villa #2,Roma Centro Storico,Borgo Pio,Alloggio Turistico / Host Airbnb,info@borgopioholidayvilla2.it,https://www.borgopioholidayvilla2.it,+39 334 308 9759,2026-08-17
AIRBNB-00305,Borgo Pio Garden House #1,Roma Centro Storico,Borgo Pio,Alloggio Turistico / Host Airbnb,info@borgopiogardenhouse1.it,https://www.borgopiogardenhouse1.it,+39 334 308 9759,2026-08-17
AIRBNB-00306,Borgo Pio Garden House #2,Roma Centro Storico,Borgo Pio,Alloggio Turistico / Host Airbnb,info@borgopiogardenhouse2.it,https://www.borgopiogardenhouse2.it,+39 334 308 9759,2026-08-17
AIRBNB-00307,Borgo Pio Maison Elegance #1,Roma Centro Storico,Borgo Pio,Alloggio Turistico / Host Airbnb,info@borgopiomaisonelegance1.it,https://www.borgopiomaisonelegance1.it,+39 334 308 9759,2026-08-17
AIRBNB-00308,Borgo Pio Maison Elegance #2,Roma Centro Storico,Borgo Pio,Alloggio Turistico / Host Airbnb,info@borgopiomaisonelegance2.it,https://www.borgopiomaisonelegance2.it,+39 334 308 9759,2026-08-17
AIRBNB-00309,Borgo Pio Dimora Tipica #1,Roma Centro Storico,Borgo Pio,Alloggio Turistico / Host Airbnb,info@borgopiodimoratipica1.it,https://www.borgopiodimoratipica1.it,+39 334 308 9759,2026-08-17
AIRBNB-00310,Borgo Pio Dimora Tipica #2,Roma Centro Storico,Borgo Pio,Alloggio Turistico / Host Airbnb,info@borgopiodimoratipica2.it,https://www.borgopiodimoratipica2.it,+39 334 308 9759,2026-08-17
AIRBNB-00311,Borgo Pio Terrace Studio #1,Roma Centro Storico,Borgo Pio,Alloggio Turistico / Host Airbnb,info@borgopioterracestudio1.it,https://www.borgopioterracestudio1.it,+39 334 308 9759,2026-08-17
AIRBNB-00312,Borgo Pio Terrace Studio #2,Roma Centro Storico,Borgo Pio,Alloggio Turistico / Host Airbnb,info@borgopioterracestudio2.it,https://www.borgopioterracestudio2.it,+39 334 308 9759,2026-08-17
AIRBNB-00313,Borgo Pio Vacanze Relax Home #1,Roma Centro Storico,Borgo Pio,Alloggio Turistico / Host Airbnb,info@borgopiovacanzerelaxhome1.it,https://www.borgopiovacanzerelaxhome1.it,+39 334 308 9759,2026-08-17
AIRBNB-00314,Borgo Pio Vacanze Relax Home #2,Roma Centro Storico,Borgo Pio,Alloggio Turistico / Host Airbnb,info@borgopiovacanzerelaxhome2.it,https://www.borgopiovacanzerelaxhome2.it,+39 334 308 9759,2026-08-17
AIRBNB-00315,Borgo Pio Urban Living Loft #1,Roma Centro Storico,Borgo Pio,Alloggio Turistico / Host Airbnb,info@borgopiourbanlivingloft1.it,https://www.borgopiourbanlivingloft1.it,+39 334 308 9759,2026-08-17
AIRBNB-00316,Borgo Pio Urban Living Loft #2,Roma Centro Storico,Borgo Pio,Alloggio Turistico / Host Airbnb,info@borgopiourbanlivingloft2.it,https://www.borgopiourbanlivingloft2.it,+39 334 308 9759,2026-08-17
AIRBNB-00317,Borgo Pio Prestige Suites #1,Roma Centro Storico,Borgo Pio,Alloggio Turistico / Host Airbnb,info@borgopioprestigesuites1.it,https://www.borgopioprestigesuites1.it,+39 334 308 9759,2026-08-17
AIRBNB-00318,Borgo Pio Prestige Suites #2,Roma Centro Storico,Borgo Pio,Alloggio Turistico / Host Airbnb,info@borgopioprestigesuites2.it,https://www.borgopioprestigesuites2.it,+39 334 308 9759,2026-08-17
AIRBNB-00319,Borgo Pio Sea View Apartment #1,Roma Centro Storico,Borgo Pio,Alloggio Turistico / Host Airbnb,info@borgopioseaviewapartment1.it,https://www.borgopioseaviewapartment1.it,+39 334 308 9759,2026-08-17
AIRBNB-00320,Borgo Pio Sea View Apartment #2,Roma Centro Storico,Borgo Pio,Alloggio Turistico / Host Airbnb,info@borgopioseaviewapartment2.it,https://www.borgopioseaviewapartment2.it,+39 334 308 9759,2026-08-17
AIRBNB-00321,Borgo Pio Art & Style Flat #1,Roma Centro Storico,Borgo Pio,Alloggio Turistico / Host Airbnb,info@borgopioartstyleflat1.it,https://www.borgopioartstyleflat1.it,+39 334 308 9759,2026-08-17
AIRBNB-00322,Borgo Pio Art & Style Flat #2,Roma Centro Storico,Borgo Pio,Alloggio Turistico / Host Airbnb,info@borgopioartstyleflat2.it,https://www.borgopioartstyleflat2.it,+39 334 308 9759,2026-08-17
AIRBNB-00323,Borgo Pio Cozy Boutique Home #1,Roma Centro Storico,Borgo Pio,Alloggio Turistico / Host Airbnb,info@borgopiocozyboutiquehome1.it,https://www.borgopiocozyboutiquehome1.it,+39 334 308 9759,2026-08-17
AIRBNB-00324,Borgo Pio Cozy Boutique Home #2,Roma Centro Storico,Borgo Pio,Alloggio Turistico / Host Airbnb,info@borgopiocozyboutiquehome2.it,https://www.borgopiocozyboutiquehome2.it,+39 334 308 9759,2026-08-17
AIRBNB-00325,Prati Luxury Apartment #1,Roma Quartieri,Prati,Alloggio Turistico / Host Airbnb,info@pratiluxuryapartment1.it,https://www.pratiluxuryapartment1.it,+39 334 308 9759,2026-08-17
AIRBNB-00326,Prati Luxury Apartment #2,Roma Quartieri,Prati,Alloggio Turistico / Host Airbnb,info@pratiluxuryapartment2.it,https://www.pratiluxuryapartment2.it,+39 334 308 9759,2026-08-17
AIRBNB-00327,Prati Boutique Suite #1,Roma Quartieri,Prati,Alloggio Turistico / Host Airbnb,info@pratiboutiquesuite1.it,https://www.pratiboutiquesuite1.it,+39 334 308 9759,2026-08-17
AIRBNB-00328,Prati Boutique Suite #2,Roma Quartieri,Prati,Alloggio Turistico / Host Airbnb,info@pratiboutiquesuite2.it,https://www.pratiboutiquesuite2.it,+39 334 308 9759,2026-08-17
AIRBNB-00329,Prati Panoramic View Home #1,Roma Quartieri,Prati,Alloggio Turistico / Host Airbnb,info@pratipanoramicviewhome1.it,https://www.pratipanoramicviewhome1.it,+39 334 308 9759,2026-08-17
AIRBNB-00330,Prati Panoramic View Home #2,Roma Quartieri,Prati,Alloggio Turistico / Host Airbnb,info@pratipanoramicviewhome2.it,https://www.pratipanoramicviewhome2.it,+39 334 308 9759,2026-08-17
AIRBNB-00331,Prati Charme Loft #1,Roma Quartieri,Prati,Alloggio Turistico / Host Airbnb,info@praticharmeloft1.it,https://www.praticharmeloft1.it,+39 334 308 9759,2026-08-17
AIRBNB-00332,Prati Charme Loft #2,Roma Quartieri,Prati,Alloggio Turistico / Host Airbnb,info@praticharmeloft2.it,https://www.praticharmeloft2.it,+39 334 308 9759,2026-08-17
AIRBNB-00333,Prati Historic Relais #1,Roma Quartieri,Prati,Alloggio Turistico / Host Airbnb,info@pratihistoricrelais1.it,https://www.pratihistoricrelais1.it,+39 334 308 9759,2026-08-17
AIRBNB-00334,Prati Historic Relais #2,Roma Quartieri,Prati,Alloggio Turistico / Host Airbnb,info@pratihistoricrelais2.it,https://www.pratihistoricrelais2.it,+39 334 308 9759,2026-08-17
AIRBNB-00335,Prati Design Flat #1,Roma Quartieri,Prati,Alloggio Turistico / Host Airbnb,info@pratidesignflat1.it,https://www.pratidesignflat1.it,+39 334 308 9759,2026-08-17
AIRBNB-00336,Prati Design Flat #2,Roma Quartieri,Prati,Alloggio Turistico / Host Airbnb,info@pratidesignflat2.it,https://www.pratidesignflat2.it,+39 334 308 9759,2026-08-17
AIRBNB-00337,Prati Exclusive Penthouse #1,Roma Quartieri,Prati,Alloggio Turistico / Host Airbnb,info@pratiexclusivepenthouse1.it,https://www.pratiexclusivepenthouse1.it,+39 334 308 9759,2026-08-17
AIRBNB-00338,Prati Exclusive Penthouse #2,Roma Quartieri,Prati,Alloggio Turistico / Host Airbnb,info@pratiexclusivepenthouse2.it,https://www.pratiexclusivepenthouse2.it,+39 334 308 9759,2026-08-17
AIRBNB-00339,Prati Holiday Villa #1,Roma Quartieri,Prati,Alloggio Turistico / Host Airbnb,info@pratiholidayvilla1.it,https://www.pratiholidayvilla1.it,+39 334 308 9759,2026-08-17
AIRBNB-00340,Prati Holiday Villa #2,Roma Quartieri,Prati,Alloggio Turistico / Host Airbnb,info@pratiholidayvilla2.it,https://www.pratiholidayvilla2.it,+39 334 308 9759,2026-08-17
AIRBNB-00341,Prati Garden House #1,Roma Quartieri,Prati,Alloggio Turistico / Host Airbnb,info@pratigardenhouse1.it,https://www.pratigardenhouse1.it,+39 334 308 9759,2026-08-17
AIRBNB-00342,Prati Garden House #2,Roma Quartieri,Prati,Alloggio Turistico / Host Airbnb,info@pratigardenhouse2.it,https://www.pratigardenhouse2.it,+39 334 308 9759,2026-08-17
AIRBNB-00343,Prati Maison Elegance #1,Roma Quartieri,Prati,Alloggio Turistico / Host Airbnb,info@pratimaisonelegance1.it,https://www.pratimaisonelegance1.it,+39 334 308 9759,2026-08-17
AIRBNB-00344,Prati Maison Elegance #2,Roma Quartieri,Prati,Alloggio Turistico / Host Airbnb,info@pratimaisonelegance2.it,https://www.pratimaisonelegance2.it,+39 334 308 9759,2026-08-17
AIRBNB-00345,Prati Dimora Tipica #1,Roma Quartieri,Prati,Alloggio Turistico / Host Airbnb,info@pratidimoratipica1.it,https://www.pratidimoratipica1.it,+39 334 308 9759,2026-08-17
AIRBNB-00346,Prati Dimora Tipica #2,Roma Quartieri,Prati,Alloggio Turistico / Host Airbnb,info@pratidimoratipica2.it,https://www.pratidimoratipica2.it,+39 334 308 9759,2026-08-17
AIRBNB-00347,Prati Terrace Studio #1,Roma Quartieri,Prati,Alloggio Turistico / Host Airbnb,info@pratiterracestudio1.it,https://www.pratiterracestudio1.it,+39 334 308 9759,2026-08-17
AIRBNB-00348,Prati Terrace Studio #2,Roma Quartieri,Prati,Alloggio Turistico / Host Airbnb,info@pratiterracestudio2.it,https://www.pratiterracestudio2.it,+39 334 308 9759,2026-08-17
AIRBNB-00349,Prati Vacanze Relax Home #1,Roma Quartieri,Prati,Alloggio Turistico / Host Airbnb,info@prativacanzerelaxhome1.it,https://www.prativacanzerelaxhome1.it,+39 334 308 9759,2026-08-17
AIRBNB-00350,Prati Vacanze Relax Home #2,Roma Quartieri,Prati,Alloggio Turistico / Host Airbnb,info@prativacanzerelaxhome2.it,https://www.prativacanzerelaxhome2.it,+39 334 308 9759,2026-08-17
AIRBNB-00351,Prati Urban Living Loft #1,Roma Quartieri,Prati,Alloggio Turistico / Host Airbnb,info@pratiurbanlivingloft1.it,https://www.pratiurbanlivingloft1.it,+39 334 308 9759,2026-08-17
AIRBNB-00352,Prati Urban Living Loft #2,Roma Quartieri,Prati,Alloggio Turistico / Host Airbnb,info@pratiurbanlivingloft2.it,https://www.pratiurbanlivingloft2.it,+39 334 308 9759,2026-08-17
AIRBNB-00353,Prati Prestige Suites #1,Roma Quartieri,Prati,Alloggio Turistico / Host Airbnb,info@pratiprestigesuites1.it,https://www.pratiprestigesuites1.it,+39 334 308 9759,2026-08-17
AIRBNB-00354,Prati Prestige Suites #2,Roma Quartieri,Prati,Alloggio Turistico / Host Airbnb,info@pratiprestigesuites2.it,https://www.pratiprestigesuites2.it,+39 334 308 9759,2026-08-17
AIRBNB-00355,Prati Sea View Apartment #1,Roma Quartieri,Prati,Alloggio Turistico / Host Airbnb,info@pratiseaviewapartment1.it,https://www.pratiseaviewapartment1.it,+39 334 308 9759,2026-08-17
AIRBNB-00356,Prati Sea View Apartment #2,Roma Quartieri,Prati,Alloggio Turistico / Host Airbnb,info@pratiseaviewapartment2.it,https://www.pratiseaviewapartment2.it,+39 334 308 9759,2026-08-17
AIRBNB-00357,Prati Art & Style Flat #1,Roma Quartieri,Prati,Alloggio Turistico / Host Airbnb,info@pratiartstyleflat1.it,https://www.pratiartstyleflat1.it,+39 334 308 9759,2026-08-17
AIRBNB-00358,Prati Art & Style Flat #2,Roma Quartieri,Prati,Alloggio Turistico / Host Airbnb,info@pratiartstyleflat2.it,https://www.pratiartstyleflat2.it,+39 334 308 9759,2026-08-17
AIRBNB-00359,Prati Cozy Boutique Home #1,Roma Quartieri,Prati,Alloggio Turistico / Host Airbnb,info@praticozyboutiquehome1.it,https://www.praticozyboutiquehome1.it,+39 334 308 9759,2026-08-17
AIRBNB-00360,Prati Cozy Boutique Home #2,Roma Quartieri,Prati,Alloggio Turistico / Host Airbnb,info@praticozyboutiquehome2.it,https://www.praticozyboutiquehome2.it,+39 334 308 9759,2026-08-17
AIRBNB-00361,Flaminio Luxury Apartment #1,Roma Quartieri,Flaminio,Alloggio Turistico / Host Airbnb,info@flaminioluxuryapartment1.it,https://www.flaminioluxuryapartment1.it,+39 334 308 9759,2026-08-17
AIRBNB-00362,Flaminio Luxury Apartment #2,Roma Quartieri,Flaminio,Alloggio Turistico / Host Airbnb,info@flaminioluxuryapartment2.it,https://www.flaminioluxuryapartment2.it,+39 334 308 9759,2026-08-17
AIRBNB-00363,Flaminio Boutique Suite #1,Roma Quartieri,Flaminio,Alloggio Turistico / Host Airbnb,info@flaminioboutiquesuite1.it,https://www.flaminioboutiquesuite1.it,+39 334 308 9759,2026-08-17
AIRBNB-00364,Flaminio Boutique Suite #2,Roma Quartieri,Flaminio,Alloggio Turistico / Host Airbnb,info@flaminioboutiquesuite2.it,https://www.flaminioboutiquesuite2.it,+39 334 308 9759,2026-08-17
AIRBNB-00365,Flaminio Panoramic View Home #1,Roma Quartieri,Flaminio,Alloggio Turistico / Host Airbnb,info@flaminiopanoramicviewhome1.it,https://www.flaminiopanoramicviewhome1.it,+39 334 308 9759,2026-08-17
AIRBNB-00366,Flaminio Panoramic View Home #2,Roma Quartieri,Flaminio,Alloggio Turistico / Host Airbnb,info@flaminiopanoramicviewhome2.it,https://www.flaminiopanoramicviewhome2.it,+39 334 308 9759,2026-08-17
AIRBNB-00367,Flaminio Charme Loft #1,Roma Quartieri,Flaminio,Alloggio Turistico / Host Airbnb,info@flaminiocharmeloft1.it,https://www.flaminiocharmeloft1.it,+39 334 308 9759,2026-08-17
AIRBNB-00368,Flaminio Charme Loft #2,Roma Quartieri,Flaminio,Alloggio Turistico / Host Airbnb,info@flaminiocharmeloft2.it,https://www.flaminiocharmeloft2.it,+39 334 308 9759,2026-08-17
AIRBNB-00369,Flaminio Historic Relais #1,Roma Quartieri,Flaminio,Alloggio Turistico / Host Airbnb,info@flaminiohistoricrelais1.it,https://www.flaminiohistoricrelais1.it,+39 334 308 9759,2026-08-17
AIRBNB-00370,Flaminio Historic Relais #2,Roma Quartieri,Flaminio,Alloggio Turistico / Host Airbnb,info@flaminiohistoricrelais2.it,https://www.flaminiohistoricrelais2.it,+39 334 308 9759,2026-08-17
AIRBNB-00371,Flaminio Design Flat #1,Roma Quartieri,Flaminio,Alloggio Turistico / Host Airbnb,info@flaminiodesignflat1.it,https://www.flaminiodesignflat1.it,+39 334 308 9759,2026-08-17
AIRBNB-00372,Flaminio Design Flat #2,Roma Quartieri,Flaminio,Alloggio Turistico / Host Airbnb,info@flaminiodesignflat2.it,https://www.flaminiodesignflat2.it,+39 334 308 9759,2026-08-17
AIRBNB-00373,Flaminio Exclusive Penthouse #1,Roma Quartieri,Flaminio,Alloggio Turistico / Host Airbnb,info@flaminioexclusivepenthouse1.it,https://www.flaminioexclusivepenthouse1.it,+39 334 308 9759,2026-08-17
AIRBNB-00374,Flaminio Exclusive Penthouse #2,Roma Quartieri,Flaminio,Alloggio Turistico / Host Airbnb,info@flaminioexclusivepenthouse2.it,https://www.flaminioexclusivepenthouse2.it,+39 334 308 9759,2026-08-17
AIRBNB-00375,Flaminio Holiday Villa #1,Roma Quartieri,Flaminio,Alloggio Turistico / Host Airbnb,info@flaminioholidayvilla1.it,https://www.flaminioholidayvilla1.it,+39 334 308 9759,2026-08-17
AIRBNB-00376,Flaminio Holiday Villa #2,Roma Quartieri,Flaminio,Alloggio Turistico / Host Airbnb,info@flaminioholidayvilla2.it,https://www.flaminioholidayvilla2.it,+39 334 308 9759,2026-08-17
AIRBNB-00377,Flaminio Garden House #1,Roma Quartieri,Flaminio,Alloggio Turistico / Host Airbnb,info@flaminiogardenhouse1.it,https://www.flaminiogardenhouse1.it,+39 334 308 9759,2026-08-17
AIRBNB-00378,Flaminio Garden House #2,Roma Quartieri,Flaminio,Alloggio Turistico / Host Airbnb,info@flaminiogardenhouse2.it,https://www.flaminiogardenhouse2.it,+39 334 308 9759,2026-08-17
AIRBNB-00379,Flaminio Maison Elegance #1,Roma Quartieri,Flaminio,Alloggio Turistico / Host Airbnb,info@flaminiomaisonelegance1.it,https://www.flaminiomaisonelegance1.it,+39 334 308 9759,2026-08-17
AIRBNB-00380,Flaminio Maison Elegance #2,Roma Quartieri,Flaminio,Alloggio Turistico / Host Airbnb,info@flaminiomaisonelegance2.it,https://www.flaminiomaisonelegance2.it,+39 334 308 9759,2026-08-17
AIRBNB-00381,Flaminio Dimora Tipica #1,Roma Quartieri,Flaminio,Alloggio Turistico / Host Airbnb,info@flaminiodimoratipica1.it,https://www.flaminiodimoratipica1.it,+39 334 308 9759,2026-08-17
AIRBNB-00382,Flaminio Dimora Tipica #2,Roma Quartieri,Flaminio,Alloggio Turistico / Host Airbnb,info@flaminiodimoratipica2.it,https://www.flaminiodimoratipica2.it,+39 334 308 9759,2026-08-17
AIRBNB-00383,Flaminio Terrace Studio #1,Roma Quartieri,Flaminio,Alloggio Turistico / Host Airbnb,info@flaminioterracestudio1.it,https://www.flaminioterracestudio1.it,+39 334 308 9759,2026-08-17
AIRBNB-00384,Flaminio Terrace Studio #2,Roma Quartieri,Flaminio,Alloggio Turistico / Host Airbnb,info@flaminioterracestudio2.it,https://www.flaminioterracestudio2.it,+39 334 308 9759,2026-08-17
AIRBNB-00385,Flaminio Vacanze Relax Home #1,Roma Quartieri,Flaminio,Alloggio Turistico / Host Airbnb,info@flaminiovacanzerelaxhome1.it,https://www.flaminiovacanzerelaxhome1.it,+39 334 308 9759,2026-08-17
AIRBNB-00386,Flaminio Vacanze Relax Home #2,Roma Quartieri,Flaminio,Alloggio Turistico / Host Airbnb,info@flaminiovacanzerelaxhome2.it,https://www.flaminiovacanzerelaxhome2.it,+39 334 308 9759,2026-08-17
AIRBNB-00387,Flaminio Urban Living Loft #1,Roma Quartieri,Flaminio,Alloggio Turistico / Host Airbnb,info@flaminiourbanlivingloft1.it,https://www.flaminiourbanlivingloft1.it,+39 334 308 9759,2026-08-17
AIRBNB-00388,Flaminio Urban Living Loft #2,Roma Quartieri,Flaminio,Alloggio Turistico / Host Airbnb,info@flaminiourbanlivingloft2.it,https://www.flaminiourbanlivingloft2.it,+39 334 308 9759,2026-08-17
AIRBNB-00389,Flaminio Prestige Suites #1,Roma Quartieri,Flaminio,Alloggio Turistico / Host Airbnb,info@flaminioprestigesuites1.it,https://www.flaminioprestigesuites1.it,+39 334 308 9759,2026-08-17
AIRBNB-00390,Flaminio Prestige Suites #2,Roma Quartieri,Flaminio,Alloggio Turistico / Host Airbnb,info@flaminioprestigesuites2.it,https://www.flaminioprestigesuites2.it,+39 334 308 9759,2026-08-17
AIRBNB-00391,Flaminio Sea View Apartment #1,Roma Quartieri,Flaminio,Alloggio Turistico / Host Airbnb,info@flaminioseaviewapartment1.it,https://www.flaminioseaviewapartment1.it,+39 334 308 9759,2026-08-17
AIRBNB-00392,Flaminio Sea View Apartment #2,Roma Quartieri,Flaminio,Alloggio Turistico / Host Airbnb,info@flaminioseaviewapartment2.it,https://www.flaminioseaviewapartment2.it,+39 334 308 9759,2026-08-17
AIRBNB-00393,Flaminio Art & Style Flat #1,Roma Quartieri,Flaminio,Alloggio Turistico / Host Airbnb,info@flaminioartstyleflat1.it,https://www.flaminioartstyleflat1.it,+39 334 308 9759,2026-08-17
AIRBNB-00394,Flaminio Art & Style Flat #2,Roma Quartieri,Flaminio,Alloggio Turistico / Host Airbnb,info@flaminioartstyleflat2.it,https://www.flaminioartstyleflat2.it,+39 334 308 9759,2026-08-17
AIRBNB-00395,Flaminio Cozy Boutique Home #1,Roma Quartieri,Flaminio,Alloggio Turistico / Host Airbnb,info@flaminiocozyboutiquehome1.it,https://www.flaminiocozyboutiquehome1.it,+39 334 308 9759,2026-08-17
AIRBNB-00396,Flaminio Cozy Boutique Home #2,Roma Quartieri,Flaminio,Alloggio Turistico / Host Airbnb,info@flaminiocozyboutiquehome2.it,https://www.flaminiocozyboutiquehome2.it,+39 334 308 9759,2026-08-17
AIRBNB-00397,Parioli Luxury Apartment #1,Roma Quartieri,Parioli,Alloggio Turistico / Host Airbnb,info@parioliluxuryapartment1.it,https://www.parioliluxuryapartment1.it,+39 334 308 9759,2026-08-17
AIRBNB-00398,Parioli Luxury Apartment #2,Roma Quartieri,Parioli,Alloggio Turistico / Host Airbnb,info@parioliluxuryapartment2.it,https://www.parioliluxuryapartment2.it,+39 334 308 9759,2026-08-17
AIRBNB-00399,Parioli Boutique Suite #1,Roma Quartieri,Parioli,Alloggio Turistico / Host Airbnb,info@parioliboutiquesuite1.it,https://www.parioliboutiquesuite1.it,+39 334 308 9759,2026-08-17
AIRBNB-00400,Parioli Boutique Suite #2,Roma Quartieri,Parioli,Alloggio Turistico / Host Airbnb,info@parioliboutiquesuite2.it,https://www.parioliboutiquesuite2.it,+39 334 308 9759,2026-08-17
AIRBNB-00401,Parioli Panoramic View Home #1,Roma Quartieri,Parioli,Alloggio Turistico / Host Airbnb,info@pariolipanoramicviewhome1.it,https://www.pariolipanoramicviewhome1.it,+39 334 308 9759,2026-08-17
AIRBNB-00402,Parioli Panoramic View Home #2,Roma Quartieri,Parioli,Alloggio Turistico / Host Airbnb,info@pariolipanoramicviewhome2.it,https://www.pariolipanoramicviewhome2.it,+39 334 308 9759,2026-08-17
AIRBNB-00403,Parioli Charme Loft #1,Roma Quartieri,Parioli,Alloggio Turistico / Host Airbnb,info@pariolicharmeloft1.it,https://www.pariolicharmeloft1.it,+39 334 308 9759,2026-08-17
AIRBNB-00404,Parioli Charme Loft #2,Roma Quartieri,Parioli,Alloggio Turistico / Host Airbnb,info@pariolicharmeloft2.it,https://www.pariolicharmeloft2.it,+39 334 308 9759,2026-08-17
AIRBNB-00405,Parioli Historic Relais #1,Roma Quartieri,Parioli,Alloggio Turistico / Host Airbnb,info@pariolihistoricrelais1.it,https://www.pariolihistoricrelais1.it,+39 334 308 9759,2026-08-17
AIRBNB-00406,Parioli Historic Relais #2,Roma Quartieri,Parioli,Alloggio Turistico / Host Airbnb,info@pariolihistoricrelais2.it,https://www.pariolihistoricrelais2.it,+39 334 308 9759,2026-08-17
AIRBNB-00407,Parioli Design Flat #1,Roma Quartieri,Parioli,Alloggio Turistico / Host Airbnb,info@pariolidesignflat1.it,https://www.pariolidesignflat1.it,+39 334 308 9759,2026-08-17
AIRBNB-00408,Parioli Design Flat #2,Roma Quartieri,Parioli,Alloggio Turistico / Host Airbnb,info@pariolidesignflat2.it,https://www.pariolidesignflat2.it,+39 334 308 9759,2026-08-17
AIRBNB-00409,Parioli Exclusive Penthouse #1,Roma Quartieri,Parioli,Alloggio Turistico / Host Airbnb,info@parioliexclusivepenthouse1.it,https://www.parioliexclusivepenthouse1.it,+39 334 308 9759,2026-08-17
AIRBNB-00410,Parioli Exclusive Penthouse #2,Roma Quartieri,Parioli,Alloggio Turistico / Host Airbnb,info@parioliexclusivepenthouse2.it,https://www.parioliexclusivepenthouse2.it,+39 334 308 9759,2026-08-17
AIRBNB-00411,Parioli Holiday Villa #1,Roma Quartieri,Parioli,Alloggio Turistico / Host Airbnb,info@parioliholidayvilla1.it,https://www.parioliholidayvilla1.it,+39 334 308 9759,2026-08-17
AIRBNB-00412,Parioli Holiday Villa #2,Roma Quartieri,Parioli,Alloggio Turistico / Host Airbnb,info@parioliholidayvilla2.it,https://www.parioliholidayvilla2.it,+39 334 308 9759,2026-08-17
AIRBNB-00413,Parioli Garden House #1,Roma Quartieri,Parioli,Alloggio Turistico / Host Airbnb,info@parioligardenhouse1.it,https://www.parioligardenhouse1.it,+39 334 308 9759,2026-08-17
AIRBNB-00414,Parioli Garden House #2,Roma Quartieri,Parioli,Alloggio Turistico / Host Airbnb,info@parioligardenhouse2.it,https://www.parioligardenhouse2.it,+39 334 308 9759,2026-08-17
AIRBNB-00415,Parioli Maison Elegance #1,Roma Quartieri,Parioli,Alloggio Turistico / Host Airbnb,info@pariolimaisonelegance1.it,https://www.pariolimaisonelegance1.it,+39 334 308 9759,2026-08-17
AIRBNB-00416,Parioli Maison Elegance #2,Roma Quartieri,Parioli,Alloggio Turistico / Host Airbnb,info@pariolimaisonelegance2.it,https://www.pariolimaisonelegance2.it,+39 334 308 9759,2026-08-17
AIRBNB-00417,Parioli Dimora Tipica #1,Roma Quartieri,Parioli,Alloggio Turistico / Host Airbnb,info@pariolidimoratipica1.it,https://www.pariolidimoratipica1.it,+39 334 308 9759,2026-08-17
AIRBNB-00418,Parioli Dimora Tipica #2,Roma Quartieri,Parioli,Alloggio Turistico / Host Airbnb,info@pariolidimoratipica2.it,https://www.pariolidimoratipica2.it,+39 334 308 9759,2026-08-17
AIRBNB-00419,Parioli Terrace Studio #1,Roma Quartieri,Parioli,Alloggio Turistico / Host Airbnb,info@parioliterracestudio1.it,https://www.parioliterracestudio1.it,+39 334 308 9759,2026-08-17
AIRBNB-00420,Parioli Terrace Studio #2,Roma Quartieri,Parioli,Alloggio Turistico / Host Airbnb,info@parioliterracestudio2.it,https://www.parioliterracestudio2.it,+39 334 308 9759,2026-08-17
AIRBNB-00421,Parioli Vacanze Relax Home #1,Roma Quartieri,Parioli,Alloggio Turistico / Host Airbnb,info@pariolivacanzerelaxhome1.it,https://www.pariolivacanzerelaxhome1.it,+39 334 308 9759,2026-08-17
AIRBNB-00422,Parioli Vacanze Relax Home #2,Roma Quartieri,Parioli,Alloggio Turistico / Host Airbnb,info@pariolivacanzerelaxhome2.it,https://www.pariolivacanzerelaxhome2.it,+39 334 308 9759,2026-08-17
AIRBNB-00423,Parioli Urban Living Loft #1,Roma Quartieri,Parioli,Alloggio Turistico / Host Airbnb,info@parioliurbanlivingloft1.it,https://www.parioliurbanlivingloft1.it,+39 334 308 9759,2026-08-17
AIRBNB-00424,Parioli Urban Living Loft #2,Roma Quartieri,Parioli,Alloggio Turistico / Host Airbnb,info@parioliurbanlivingloft2.it,https://www.parioliurbanlivingloft2.it,+39 334 308 9759,2026-08-17
AIRBNB-00425,Parioli Prestige Suites #1,Roma Quartieri,Parioli,Alloggio Turistico / Host Airbnb,info@parioliprestigesuites1.it,https://www.parioliprestigesuites1.it,+39 334 308 9759,2026-08-17
AIRBNB-00426,Parioli Prestige Suites #2,Roma Quartieri,Parioli,Alloggio Turistico / Host Airbnb,info@parioliprestigesuites2.it,https://www.parioliprestigesuites2.it,+39 334 308 9759,2026-08-17
AIRBNB-00427,Parioli Sea View Apartment #1,Roma Quartieri,Parioli,Alloggio Turistico / Host Airbnb,info@parioliseaviewapartment1.it,https://www.parioliseaviewapartment1.it,+39 334 308 9759,2026-08-17
AIRBNB-00428,Parioli Sea View Apartment #2,Roma Quartieri,Parioli,Alloggio Turistico / Host Airbnb,info@parioliseaviewapartment2.it,https://www.parioliseaviewapartment2.it,+39 334 308 9759,2026-08-17
AIRBNB-00429,Parioli Art & Style Flat #1,Roma Quartieri,Parioli,Alloggio Turistico / Host Airbnb,info@parioliartstyleflat1.it,https://www.parioliartstyleflat1.it,+39 334 308 9759,2026-08-17
AIRBNB-00430,Parioli Art & Style Flat #2,Roma Quartieri,Parioli,Alloggio Turistico / Host Airbnb,info@parioliartstyleflat2.it,https://www.parioliartstyleflat2.it,+39 334 308 9759,2026-08-17
AIRBNB-00431,Parioli Cozy Boutique Home #1,Roma Quartieri,Parioli,Alloggio Turistico / Host Airbnb,info@pariolicozyboutiquehome1.it,https://www.pariolicozyboutiquehome1.it,+39 334 308 9759,2026-08-17
AIRBNB-00432,Parioli Cozy Boutique Home #2,Roma Quartieri,Parioli,Alloggio Turistico / Host Airbnb,info@pariolicozyboutiquehome2.it,https://www.pariolicozyboutiquehome2.it,+39 334 308 9759,2026-08-17
AIRBNB-00433,Trieste Luxury Apartment #1,Roma Quartieri,Trieste,Alloggio Turistico / Host Airbnb,info@triesteluxuryapartment1.it,https://www.triesteluxuryapartment1.it,+39 334 308 9759,2026-08-17
AIRBNB-00434,Trieste Luxury Apartment #2,Roma Quartieri,Trieste,Alloggio Turistico / Host Airbnb,info@triesteluxuryapartment2.it,https://www.triesteluxuryapartment2.it,+39 334 308 9759,2026-08-17
AIRBNB-00435,Trieste Boutique Suite #1,Roma Quartieri,Trieste,Alloggio Turistico / Host Airbnb,info@triesteboutiquesuite1.it,https://www.triesteboutiquesuite1.it,+39 334 308 9759,2026-08-17
AIRBNB-00436,Trieste Boutique Suite #2,Roma Quartieri,Trieste,Alloggio Turistico / Host Airbnb,info@triesteboutiquesuite2.it,https://www.triesteboutiquesuite2.it,+39 334 308 9759,2026-08-17
AIRBNB-00437,Trieste Panoramic View Home #1,Roma Quartieri,Trieste,Alloggio Turistico / Host Airbnb,info@triestepanoramicviewhome1.it,https://www.triestepanoramicviewhome1.it,+39 334 308 9759,2026-08-17
AIRBNB-00438,Trieste Panoramic View Home #2,Roma Quartieri,Trieste,Alloggio Turistico / Host Airbnb,info@triestepanoramicviewhome2.it,https://www.triestepanoramicviewhome2.it,+39 334 308 9759,2026-08-17
AIRBNB-00439,Trieste Charme Loft #1,Roma Quartieri,Trieste,Alloggio Turistico / Host Airbnb,info@triestecharmeloft1.it,https://www.triestecharmeloft1.it,+39 334 308 9759,2026-08-17
AIRBNB-00440,Trieste Charme Loft #2,Roma Quartieri,Trieste,Alloggio Turistico / Host Airbnb,info@triestecharmeloft2.it,https://www.triestecharmeloft2.it,+39 334 308 9759,2026-08-17
AIRBNB-00441,Trieste Historic Relais #1,Roma Quartieri,Trieste,Alloggio Turistico / Host Airbnb,info@triestehistoricrelais1.it,https://www.triestehistoricrelais1.it,+39 334 308 9759,2026-08-17
AIRBNB-00442,Trieste Historic Relais #2,Roma Quartieri,Trieste,Alloggio Turistico / Host Airbnb,info@triestehistoricrelais2.it,https://www.triestehistoricrelais2.it,+39 334 308 9759,2026-08-17
AIRBNB-00443,Trieste Design Flat #1,Roma Quartieri,Trieste,Alloggio Turistico / Host Airbnb,info@triestedesignflat1.it,https://www.triestedesignflat1.it,+39 334 308 9759,2026-08-17
AIRBNB-00444,Trieste Design Flat #2,Roma Quartieri,Trieste,Alloggio Turistico / Host Airbnb,info@triestedesignflat2.it,https://www.triestedesignflat2.it,+39 334 308 9759,2026-08-17
AIRBNB-00445,Trieste Exclusive Penthouse #1,Roma Quartieri,Trieste,Alloggio Turistico / Host Airbnb,info@triesteexclusivepenthouse1.it,https://www.triesteexclusivepenthouse1.it,+39 334 308 9759,2026-08-17
AIRBNB-00446,Trieste Exclusive Penthouse #2,Roma Quartieri,Trieste,Alloggio Turistico / Host Airbnb,info@triesteexclusivepenthouse2.it,https://www.triesteexclusivepenthouse2.it,+39 334 308 9759,2026-08-17
AIRBNB-00447,Trieste Holiday Villa #1,Roma Quartieri,Trieste,Alloggio Turistico / Host Airbnb,info@triesteholidayvilla1.it,https://www.triesteholidayvilla1.it,+39 334 308 9759,2026-08-17
AIRBNB-00448,Trieste Holiday Villa #2,Roma Quartieri,Trieste,Alloggio Turistico / Host Airbnb,info@triesteholidayvilla2.it,https://www.triesteholidayvilla2.it,+39 334 308 9759,2026-08-17
AIRBNB-00449,Trieste Garden House #1,Roma Quartieri,Trieste,Alloggio Turistico / Host Airbnb,info@triestegardenhouse1.it,https://www.triestegardenhouse1.it,+39 334 308 9759,2026-08-17
AIRBNB-00450,Trieste Garden House #2,Roma Quartieri,Trieste,Alloggio Turistico / Host Airbnb,info@triestegardenhouse2.it,https://www.triestegardenhouse2.it,+39 334 308 9759,2026-08-17
AIRBNB-00451,Trieste Maison Elegance #1,Roma Quartieri,Trieste,Alloggio Turistico / Host Airbnb,info@triestemaisonelegance1.it,https://www.triestemaisonelegance1.it,+39 334 308 9759,2026-08-17
AIRBNB-00452,Trieste Maison Elegance #2,Roma Quartieri,Trieste,Alloggio Turistico / Host Airbnb,info@triestemaisonelegance2.it,https://www.triestemaisonelegance2.it,+39 334 308 9759,2026-08-17
AIRBNB-00453,Trieste Dimora Tipica #1,Roma Quartieri,Trieste,Alloggio Turistico / Host Airbnb,info@triestedimoratipica1.it,https://www.triestedimoratipica1.it,+39 334 308 9759,2026-08-17
AIRBNB-00454,Trieste Dimora Tipica #2,Roma Quartieri,Trieste,Alloggio Turistico / Host Airbnb,info@triestedimoratipica2.it,https://www.triestedimoratipica2.it,+39 334 308 9759,2026-08-17
AIRBNB-00455,Trieste Terrace Studio #1,Roma Quartieri,Trieste,Alloggio Turistico / Host Airbnb,info@triesteterracestudio1.it,https://www.triesteterracestudio1.it,+39 334 308 9759,2026-08-17
AIRBNB-00456,Trieste Terrace Studio #2,Roma Quartieri,Trieste,Alloggio Turistico / Host Airbnb,info@triesteterracestudio2.it,https://www.triesteterracestudio2.it,+39 334 308 9759,2026-08-17
AIRBNB-00457,Trieste Vacanze Relax Home #1,Roma Quartieri,Trieste,Alloggio Turistico / Host Airbnb,info@triestevacanzerelaxhome1.it,https://www.triestevacanzerelaxhome1.it,+39 334 308 9759,2026-08-17
AIRBNB-00458,Trieste Vacanze Relax Home #2,Roma Quartieri,Trieste,Alloggio Turistico / Host Airbnb,info@triestevacanzerelaxhome2.it,https://www.triestevacanzerelaxhome2.it,+39 334 308 9759,2026-08-17
AIRBNB-00459,Trieste Urban Living Loft #1,Roma Quartieri,Trieste,Alloggio Turistico / Host Airbnb,info@triesteurbanlivingloft1.it,https://www.triesteurbanlivingloft1.it,+39 334 308 9759,2026-08-17
AIRBNB-00460,Trieste Urban Living Loft #2,Roma Quartieri,Trieste,Alloggio Turistico / Host Airbnb,info@triesteurbanlivingloft2.it,https://www.triesteurbanlivingloft2.it,+39 334 308 9759,2026-08-17
AIRBNB-00461,Trieste Prestige Suites #1,Roma Quartieri,Trieste,Alloggio Turistico / Host Airbnb,info@triesteprestigesuites1.it,https://www.triesteprestigesuites1.it,+39 334 308 9759,2026-08-17
AIRBNB-00462,Trieste Prestige Suites #2,Roma Quartieri,Trieste,Alloggio Turistico / Host Airbnb,info@triesteprestigesuites2.it,https://www.triesteprestigesuites2.it,+39 334 308 9759,2026-08-17
AIRBNB-00463,Trieste Sea View Apartment #1,Roma Quartieri,Trieste,Alloggio Turistico / Host Airbnb,info@triesteseaviewapartment1.it,https://www.triesteseaviewapartment1.it,+39 334 308 9759,2026-08-17
AIRBNB-00464,Trieste Sea View Apartment #2,Roma Quartieri,Trieste,Alloggio Turistico / Host Airbnb,info@triesteseaviewapartment2.it,https://www.triesteseaviewapartment2.it,+39 334 308 9759,2026-08-17
AIRBNB-00465,Trieste Art & Style Flat #1,Roma Quartieri,Trieste,Alloggio Turistico / Host Airbnb,info@triesteartstyleflat1.it,https://www.triesteartstyleflat1.it,+39 334 308 9759,2026-08-17
AIRBNB-00466,Trieste Art & Style Flat #2,Roma Quartieri,Trieste,Alloggio Turistico / Host Airbnb,info@triesteartstyleflat2.it,https://www.triesteartstyleflat2.it,+39 334 308 9759,2026-08-17
AIRBNB-00467,Trieste Cozy Boutique Home #1,Roma Quartieri,Trieste,Alloggio Turistico / Host Airbnb,info@triestecozyboutiquehome1.it,https://www.triestecozyboutiquehome1.it,+39 334 308 9759,2026-08-17
AIRBNB-00468,Trieste Cozy Boutique Home #2,Roma Quartieri,Trieste,Alloggio Turistico / Host Airbnb,info@triestecozyboutiquehome2.it,https://www.triestecozyboutiquehome2.it,+39 334 308 9759,2026-08-17
AIRBNB-00469,San Giovanni Luxury Apartment #1,Roma Quartieri,San Giovanni,Alloggio Turistico / Host Airbnb,info@sangiovanniluxuryapartment1.it,https://www.sangiovanniluxuryapartment1.it,+39 334 308 9759,2026-08-17
AIRBNB-00470,San Giovanni Luxury Apartment #2,Roma Quartieri,San Giovanni,Alloggio Turistico / Host Airbnb,info@sangiovanniluxuryapartment2.it,https://www.sangiovanniluxuryapartment2.it,+39 334 308 9759,2026-08-17
AIRBNB-00471,San Giovanni Boutique Suite #1,Roma Quartieri,San Giovanni,Alloggio Turistico / Host Airbnb,info@sangiovanniboutiquesuite1.it,https://www.sangiovanniboutiquesuite1.it,+39 334 308 9759,2026-08-17
AIRBNB-00472,San Giovanni Boutique Suite #2,Roma Quartieri,San Giovanni,Alloggio Turistico / Host Airbnb,info@sangiovanniboutiquesuite2.it,https://www.sangiovanniboutiquesuite2.it,+39 334 308 9759,2026-08-17
AIRBNB-00473,San Giovanni Panoramic View Home #1,Roma Quartieri,San Giovanni,Alloggio Turistico / Host Airbnb,info@sangiovannipanoramicviewhome1.it,https://www.sangiovannipanoramicviewhome1.it,+39 334 308 9759,2026-08-17
AIRBNB-00474,San Giovanni Panoramic View Home #2,Roma Quartieri,San Giovanni,Alloggio Turistico / Host Airbnb,info@sangiovannipanoramicviewhome2.it,https://www.sangiovannipanoramicviewhome2.it,+39 334 308 9759,2026-08-17
AIRBNB-00475,San Giovanni Charme Loft #1,Roma Quartieri,San Giovanni,Alloggio Turistico / Host Airbnb,info@sangiovannicharmeloft1.it,https://www.sangiovannicharmeloft1.it,+39 334 308 9759,2026-08-17
AIRBNB-00476,San Giovanni Charme Loft #2,Roma Quartieri,San Giovanni,Alloggio Turistico / Host Airbnb,info@sangiovannicharmeloft2.it,https://www.sangiovannicharmeloft2.it,+39 334 308 9759,2026-08-17
AIRBNB-00477,San Giovanni Historic Relais #1,Roma Quartieri,San Giovanni,Alloggio Turistico / Host Airbnb,info@sangiovannihistoricrelais1.it,https://www.sangiovannihistoricrelais1.it,+39 334 308 9759,2026-08-17
AIRBNB-00478,San Giovanni Historic Relais #2,Roma Quartieri,San Giovanni,Alloggio Turistico / Host Airbnb,info@sangiovannihistoricrelais2.it,https://www.sangiovannihistoricrelais2.it,+39 334 308 9759,2026-08-17
AIRBNB-00479,San Giovanni Design Flat #1,Roma Quartieri,San Giovanni,Alloggio Turistico / Host Airbnb,info@sangiovannidesignflat1.it,https://www.sangiovannidesignflat1.it,+39 334 308 9759,2026-08-17
AIRBNB-00480,San Giovanni Design Flat #2,Roma Quartieri,San Giovanni,Alloggio Turistico / Host Airbnb,info@sangiovannidesignflat2.it,https://www.sangiovannidesignflat2.it,+39 334 308 9759,2026-08-17
AIRBNB-00481,San Giovanni Exclusive Penthouse #1,Roma Quartieri,San Giovanni,Alloggio Turistico / Host Airbnb,info@sangiovanniexclusivepenthouse1.it,https://www.sangiovanniexclusivepenthouse1.it,+39 334 308 9759,2026-08-17
AIRBNB-00482,San Giovanni Exclusive Penthouse #2,Roma Quartieri,San Giovanni,Alloggio Turistico / Host Airbnb,info@sangiovanniexclusivepenthouse2.it,https://www.sangiovanniexclusivepenthouse2.it,+39 334 308 9759,2026-08-17
AIRBNB-00483,San Giovanni Holiday Villa #1,Roma Quartieri,San Giovanni,Alloggio Turistico / Host Airbnb,info@sangiovanniholidayvilla1.it,https://www.sangiovanniholidayvilla1.it,+39 334 308 9759,2026-08-17
AIRBNB-00484,San Giovanni Holiday Villa #2,Roma Quartieri,San Giovanni,Alloggio Turistico / Host Airbnb,info@sangiovanniholidayvilla2.it,https://www.sangiovanniholidayvilla2.it,+39 334 308 9759,2026-08-17
AIRBNB-00485,San Giovanni Garden House #1,Roma Quartieri,San Giovanni,Alloggio Turistico / Host Airbnb,info@sangiovannigardenhouse1.it,https://www.sangiovannigardenhouse1.it,+39 334 308 9759,2026-08-17
AIRBNB-00486,San Giovanni Garden House #2,Roma Quartieri,San Giovanni,Alloggio Turistico / Host Airbnb,info@sangiovannigardenhouse2.it,https://www.sangiovannigardenhouse2.it,+39 334 308 9759,2026-08-17
AIRBNB-00487,San Giovanni Maison Elegance #1,Roma Quartieri,San Giovanni,Alloggio Turistico / Host Airbnb,info@sangiovannimaisonelegance1.it,https://www.sangiovannimaisonelegance1.it,+39 334 308 9759,2026-08-17
AIRBNB-00488,San Giovanni Maison Elegance #2,Roma Quartieri,San Giovanni,Alloggio Turistico / Host Airbnb,info@sangiovannimaisonelegance2.it,https://www.sangiovannimaisonelegance2.it,+39 334 308 9759,2026-08-17
AIRBNB-00489,San Giovanni Dimora Tipica #1,Roma Quartieri,San Giovanni,Alloggio Turistico / Host Airbnb,info@sangiovannidimoratipica1.it,https://www.sangiovannidimoratipica1.it,+39 334 308 9759,2026-08-17
AIRBNB-00490,San Giovanni Dimora Tipica #2,Roma Quartieri,San Giovanni,Alloggio Turistico / Host Airbnb,info@sangiovannidimoratipica2.it,https://www.sangiovannidimoratipica2.it,+39 334 308 9759,2026-08-17
AIRBNB-00491,San Giovanni Terrace Studio #1,Roma Quartieri,San Giovanni,Alloggio Turistico / Host Airbnb,info@sangiovanniterracestudio1.it,https://www.sangiovanniterracestudio1.it,+39 334 308 9759,2026-08-17
AIRBNB-00492,San Giovanni Terrace Studio #2,Roma Quartieri,San Giovanni,Alloggio Turistico / Host Airbnb,info@sangiovanniterracestudio2.it,https://www.sangiovanniterracestudio2.it,+39 334 308 9759,2026-08-17
AIRBNB-00493,San Giovanni Vacanze Relax Home #1,Roma Quartieri,San Giovanni,Alloggio Turistico / Host Airbnb,info@sangiovannivacanzerelaxhome1.it,https://www.sangiovannivacanzerelaxhome1.it,+39 334 308 9759,2026-08-17
AIRBNB-00494,San Giovanni Vacanze Relax Home #2,Roma Quartieri,San Giovanni,Alloggio Turistico / Host Airbnb,info@sangiovannivacanzerelaxhome2.it,https://www.sangiovannivacanzerelaxhome2.it,+39 334 308 9759,2026-08-17
AIRBNB-00495,San Giovanni Urban Living Loft #1,Roma Quartieri,San Giovanni,Alloggio Turistico / Host Airbnb,info@sangiovanniurbanlivingloft1.it,https://www.sangiovanniurbanlivingloft1.it,+39 334 308 9759,2026-08-17
AIRBNB-00496,San Giovanni Urban Living Loft #2,Roma Quartieri,San Giovanni,Alloggio Turistico / Host Airbnb,info@sangiovanniurbanlivingloft2.it,https://www.sangiovanniurbanlivingloft2.it,+39 334 308 9759,2026-08-17
AIRBNB-00497,San Giovanni Prestige Suites #1,Roma Quartieri,San Giovanni,Alloggio Turistico / Host Airbnb,info@sangiovanniprestigesuites1.it,https://www.sangiovanniprestigesuites1.it,+39 334 308 9759,2026-08-17
AIRBNB-00498,San Giovanni Prestige Suites #2,Roma Quartieri,San Giovanni,Alloggio Turistico / Host Airbnb,info@sangiovanniprestigesuites2.it,https://www.sangiovanniprestigesuites2.it,+39 334 308 9759,2026-08-17
AIRBNB-00499,San Giovanni Sea View Apartment #1,Roma Quartieri,San Giovanni,Alloggio Turistico / Host Airbnb,info@sangiovanniseaviewapartment1.it,https://www.sangiovanniseaviewapartment1.it,+39 334 308 9759,2026-08-17
AIRBNB-00500,San Giovanni Sea View Apartment #2,Roma Quartieri,San Giovanni,Alloggio Turistico / Host Airbnb,info@sangiovanniseaviewapartment2.it,https://www.sangiovanniseaviewapartment2.it,+39 334 308 9759,2026-08-17
AIRBNB-00501,San Giovanni Art & Style Flat #1,Roma Quartieri,San Giovanni,Alloggio Turistico / Host Airbnb,info@sangiovanniartstyleflat1.it,https://www.sangiovanniartstyleflat1.it,+39 334 308 9759,2026-08-17
AIRBNB-00502,San Giovanni Art & Style Flat #2,Roma Quartieri,San Giovanni,Alloggio Turistico / Host Airbnb,info@sangiovanniartstyleflat2.it,https://www.sangiovanniartstyleflat2.it,+39 334 308 9759,2026-08-17
AIRBNB-00503,San Giovanni Cozy Boutique Home #1,Roma Quartieri,San Giovanni,Alloggio Turistico / Host Airbnb,info@sangiovannicozyboutiquehome1.it,https://www.sangiovannicozyboutiquehome1.it,+39 334 308 9759,2026-08-17
AIRBNB-00504,San Giovanni Cozy Boutique Home #2,Roma Quartieri,San Giovanni,Alloggio Turistico / Host Airbnb,info@sangiovannicozyboutiquehome2.it,https://www.sangiovannicozyboutiquehome2.it,+39 334 308 9759,2026-08-17
AIRBNB-00505,Testaccio Luxury Apartment #1,Roma Quartieri,Testaccio,Alloggio Turistico / Host Airbnb,info@testaccioluxuryapartment1.it,https://www.testaccioluxuryapartment1.it,+39 334 308 9759,2026-08-17
AIRBNB-00506,Testaccio Luxury Apartment #2,Roma Quartieri,Testaccio,Alloggio Turistico / Host Airbnb,info@testaccioluxuryapartment2.it,https://www.testaccioluxuryapartment2.it,+39 334 308 9759,2026-08-17
AIRBNB-00507,Testaccio Boutique Suite #1,Roma Quartieri,Testaccio,Alloggio Turistico / Host Airbnb,info@testaccioboutiquesuite1.it,https://www.testaccioboutiquesuite1.it,+39 334 308 9759,2026-08-17
AIRBNB-00508,Testaccio Boutique Suite #2,Roma Quartieri,Testaccio,Alloggio Turistico / Host Airbnb,info@testaccioboutiquesuite2.it,https://www.testaccioboutiquesuite2.it,+39 334 308 9759,2026-08-17
AIRBNB-00509,Testaccio Panoramic View Home #1,Roma Quartieri,Testaccio,Alloggio Turistico / Host Airbnb,info@testacciopanoramicviewhome1.it,https://www.testacciopanoramicviewhome1.it,+39 334 308 9759,2026-08-17
AIRBNB-00510,Testaccio Panoramic View Home #2,Roma Quartieri,Testaccio,Alloggio Turistico / Host Airbnb,info@testacciopanoramicviewhome2.it,https://www.testacciopanoramicviewhome2.it,+39 334 308 9759,2026-08-17
AIRBNB-00511,Testaccio Charme Loft #1,Roma Quartieri,Testaccio,Alloggio Turistico / Host Airbnb,info@testacciocharmeloft1.it,https://www.testacciocharmeloft1.it,+39 334 308 9759,2026-08-17
AIRBNB-00512,Testaccio Charme Loft #2,Roma Quartieri,Testaccio,Alloggio Turistico / Host Airbnb,info@testacciocharmeloft2.it,https://www.testacciocharmeloft2.it,+39 334 308 9759,2026-08-17
AIRBNB-00513,Testaccio Historic Relais #1,Roma Quartieri,Testaccio,Alloggio Turistico / Host Airbnb,info@testacciohistoricrelais1.it,https://www.testacciohistoricrelais1.it,+39 334 308 9759,2026-08-17
AIRBNB-00514,Testaccio Historic Relais #2,Roma Quartieri,Testaccio,Alloggio Turistico / Host Airbnb,info@testacciohistoricrelais2.it,https://www.testacciohistoricrelais2.it,+39 334 308 9759,2026-08-17
AIRBNB-00515,Testaccio Design Flat #1,Roma Quartieri,Testaccio,Alloggio Turistico / Host Airbnb,info@testacciodesignflat1.it,https://www.testacciodesignflat1.it,+39 334 308 9759,2026-08-17
AIRBNB-00516,Testaccio Design Flat #2,Roma Quartieri,Testaccio,Alloggio Turistico / Host Airbnb,info@testacciodesignflat2.it,https://www.testacciodesignflat2.it,+39 334 308 9759,2026-08-17
AIRBNB-00517,Testaccio Exclusive Penthouse #1,Roma Quartieri,Testaccio,Alloggio Turistico / Host Airbnb,info@testaccioexclusivepenthouse1.it,https://www.testaccioexclusivepenthouse1.it,+39 334 308 9759,2026-08-17
AIRBNB-00518,Testaccio Exclusive Penthouse #2,Roma Quartieri,Testaccio,Alloggio Turistico / Host Airbnb,info@testaccioexclusivepenthouse2.it,https://www.testaccioexclusivepenthouse2.it,+39 334 308 9759,2026-08-17
AIRBNB-00519,Testaccio Holiday Villa #1,Roma Quartieri,Testaccio,Alloggio Turistico / Host Airbnb,info@testaccioholidayvilla1.it,https://www.testaccioholidayvilla1.it,+39 334 308 9759,2026-08-17
AIRBNB-00520,Testaccio Holiday Villa #2,Roma Quartieri,Testaccio,Alloggio Turistico / Host Airbnb,info@testaccioholidayvilla2.it,https://www.testaccioholidayvilla2.it,+39 334 308 9759,2026-08-17
AIRBNB-00521,Testaccio Garden House #1,Roma Quartieri,Testaccio,Alloggio Turistico / Host Airbnb,info@testacciogardenhouse1.it,https://www.testacciogardenhouse1.it,+39 334 308 9759,2026-08-17
AIRBNB-00522,Testaccio Garden House #2,Roma Quartieri,Testaccio,Alloggio Turistico / Host Airbnb,info@testacciogardenhouse2.it,https://www.testacciogardenhouse2.it,+39 334 308 9759,2026-08-17
AIRBNB-00523,Testaccio Maison Elegance #1,Roma Quartieri,Testaccio,Alloggio Turistico / Host Airbnb,info@testacciomaisonelegance1.it,https://www.testacciomaisonelegance1.it,+39 334 308 9759,2026-08-17
AIRBNB-00524,Testaccio Maison Elegance #2,Roma Quartieri,Testaccio,Alloggio Turistico / Host Airbnb,info@testacciomaisonelegance2.it,https://www.testacciomaisonelegance2.it,+39 334 308 9759,2026-08-17
AIRBNB-00525,Testaccio Dimora Tipica #1,Roma Quartieri,Testaccio,Alloggio Turistico / Host Airbnb,info@testacciodimoratipica1.it,https://www.testacciodimoratipica1.it,+39 334 308 9759,2026-08-17
AIRBNB-00526,Testaccio Dimora Tipica #2,Roma Quartieri,Testaccio,Alloggio Turistico / Host Airbnb,info@testacciodimoratipica2.it,https://www.testacciodimoratipica2.it,+39 334 308 9759,2026-08-17
AIRBNB-00527,Testaccio Terrace Studio #1,Roma Quartieri,Testaccio,Alloggio Turistico / Host Airbnb,info@testaccioterracestudio1.it,https://www.testaccioterracestudio1.it,+39 334 308 9759,2026-08-17
AIRBNB-00528,Testaccio Terrace Studio #2,Roma Quartieri,Testaccio,Alloggio Turistico / Host Airbnb,info@testaccioterracestudio2.it,https://www.testaccioterracestudio2.it,+39 334 308 9759,2026-08-17
AIRBNB-00529,Testaccio Vacanze Relax Home #1,Roma Quartieri,Testaccio,Alloggio Turistico / Host Airbnb,info@testacciovacanzerelaxhome1.it,https://www.testacciovacanzerelaxhome1.it,+39 334 308 9759,2026-08-17
AIRBNB-00530,Testaccio Vacanze Relax Home #2,Roma Quartieri,Testaccio,Alloggio Turistico / Host Airbnb,info@testacciovacanzerelaxhome2.it,https://www.testacciovacanzerelaxhome2.it,+39 334 308 9759,2026-08-17
AIRBNB-00531,Testaccio Urban Living Loft #1,Roma Quartieri,Testaccio,Alloggio Turistico / Host Airbnb,info@testacciourbanlivingloft1.it,https://www.testacciourbanlivingloft1.it,+39 334 308 9759,2026-08-17
AIRBNB-00532,Testaccio Urban Living Loft #2,Roma Quartieri,Testaccio,Alloggio Turistico / Host Airbnb,info@testacciourbanlivingloft2.it,https://www.testacciourbanlivingloft2.it,+39 334 308 9759,2026-08-17
AIRBNB-00533,Testaccio Prestige Suites #1,Roma Quartieri,Testaccio,Alloggio Turistico / Host Airbnb,info@testaccioprestigesuites1.it,https://www.testaccioprestigesuites1.it,+39 334 308 9759,2026-08-17
AIRBNB-00534,Testaccio Prestige Suites #2,Roma Quartieri,Testaccio,Alloggio Turistico / Host Airbnb,info@testaccioprestigesuites2.it,https://www.testaccioprestigesuites2.it,+39 334 308 9759,2026-08-17
AIRBNB-00535,Testaccio Sea View Apartment #1,Roma Quartieri,Testaccio,Alloggio Turistico / Host Airbnb,info@testaccioseaviewapartment1.it,https://www.testaccioseaviewapartment1.it,+39 334 308 9759,2026-08-17
AIRBNB-00536,Testaccio Sea View Apartment #2,Roma Quartieri,Testaccio,Alloggio Turistico / Host Airbnb,info@testaccioseaviewapartment2.it,https://www.testaccioseaviewapartment2.it,+39 334 308 9759,2026-08-17
AIRBNB-00537,Testaccio Art & Style Flat #1,Roma Quartieri,Testaccio,Alloggio Turistico / Host Airbnb,info@testaccioartstyleflat1.it,https://www.testaccioartstyleflat1.it,+39 334 308 9759,2026-08-17
AIRBNB-00538,Testaccio Art & Style Flat #2,Roma Quartieri,Testaccio,Alloggio Turistico / Host Airbnb,info@testaccioartstyleflat2.it,https://www.testaccioartstyleflat2.it,+39 334 308 9759,2026-08-17
AIRBNB-00539,Testaccio Cozy Boutique Home #1,Roma Quartieri,Testaccio,Alloggio Turistico / Host Airbnb,info@testacciocozyboutiquehome1.it,https://www.testacciocozyboutiquehome1.it,+39 334 308 9759,2026-08-17
AIRBNB-00540,Testaccio Cozy Boutique Home #2,Roma Quartieri,Testaccio,Alloggio Turistico / Host Airbnb,info@testacciocozyboutiquehome2.it,https://www.testacciocozyboutiquehome2.it,+39 334 308 9759,2026-08-17
AIRBNB-00541,Monteverde Luxury Apartment #1,Roma Quartieri,Monteverde,Alloggio Turistico / Host Airbnb,info@monteverdeluxuryapartment1.it,https://www.monteverdeluxuryapartment1.it,+39 334 308 9759,2026-08-17
AIRBNB-00542,Monteverde Luxury Apartment #2,Roma Quartieri,Monteverde,Alloggio Turistico / Host Airbnb,info@monteverdeluxuryapartment2.it,https://www.monteverdeluxuryapartment2.it,+39 334 308 9759,2026-08-17
AIRBNB-00543,Monteverde Boutique Suite #1,Roma Quartieri,Monteverde,Alloggio Turistico / Host Airbnb,info@monteverdeboutiquesuite1.it,https://www.monteverdeboutiquesuite1.it,+39 334 308 9759,2026-08-17
AIRBNB-00544,Monteverde Boutique Suite #2,Roma Quartieri,Monteverde,Alloggio Turistico / Host Airbnb,info@monteverdeboutiquesuite2.it,https://www.monteverdeboutiquesuite2.it,+39 334 308 9759,2026-08-17
AIRBNB-00545,Monteverde Panoramic View Home #1,Roma Quartieri,Monteverde,Alloggio Turistico / Host Airbnb,info@monteverdepanoramicviewhome1.it,https://www.monteverdepanoramicviewhome1.it,+39 334 308 9759,2026-08-17
AIRBNB-00546,Monteverde Panoramic View Home #2,Roma Quartieri,Monteverde,Alloggio Turistico / Host Airbnb,info@monteverdepanoramicviewhome2.it,https://www.monteverdepanoramicviewhome2.it,+39 334 308 9759,2026-08-17
AIRBNB-00547,Monteverde Charme Loft #1,Roma Quartieri,Monteverde,Alloggio Turistico / Host Airbnb,info@monteverdecharmeloft1.it,https://www.monteverdecharmeloft1.it,+39 334 308 9759,2026-08-17
AIRBNB-00548,Monteverde Charme Loft #2,Roma Quartieri,Monteverde,Alloggio Turistico / Host Airbnb,info@monteverdecharmeloft2.it,https://www.monteverdecharmeloft2.it,+39 334 308 9759,2026-08-17
AIRBNB-00549,Monteverde Historic Relais #1,Roma Quartieri,Monteverde,Alloggio Turistico / Host Airbnb,info@monteverdehistoricrelais1.it,https://www.monteverdehistoricrelais1.it,+39 334 308 9759,2026-08-17
AIRBNB-00550,Monteverde Historic Relais #2,Roma Quartieri,Monteverde,Alloggio Turistico / Host Airbnb,info@monteverdehistoricrelais2.it,https://www.monteverdehistoricrelais2.it,+39 334 308 9759,2026-08-17
AIRBNB-00551,Monteverde Design Flat #1,Roma Quartieri,Monteverde,Alloggio Turistico / Host Airbnb,info@monteverdedesignflat1.it,https://www.monteverdedesignflat1.it,+39 334 308 9759,2026-08-17
AIRBNB-00552,Monteverde Design Flat #2,Roma Quartieri,Monteverde,Alloggio Turistico / Host Airbnb,info@monteverdedesignflat2.it,https://www.monteverdedesignflat2.it,+39 334 308 9759,2026-08-17
AIRBNB-00553,Monteverde Exclusive Penthouse #1,Roma Quartieri,Monteverde,Alloggio Turistico / Host Airbnb,info@monteverdeexclusivepenthouse1.it,https://www.monteverdeexclusivepenthouse1.it,+39 334 308 9759,2026-08-17
AIRBNB-00554,Monteverde Exclusive Penthouse #2,Roma Quartieri,Monteverde,Alloggio Turistico / Host Airbnb,info@monteverdeexclusivepenthouse2.it,https://www.monteverdeexclusivepenthouse2.it,+39 334 308 9759,2026-08-17
AIRBNB-00555,Monteverde Holiday Villa #1,Roma Quartieri,Monteverde,Alloggio Turistico / Host Airbnb,info@monteverdeholidayvilla1.it,https://www.monteverdeholidayvilla1.it,+39 334 308 9759,2026-08-17
AIRBNB-00556,Monteverde Holiday Villa #2,Roma Quartieri,Monteverde,Alloggio Turistico / Host Airbnb,info@monteverdeholidayvilla2.it,https://www.monteverdeholidayvilla2.it,+39 334 308 9759,2026-08-17
AIRBNB-00557,Monteverde Garden House #1,Roma Quartieri,Monteverde,Alloggio Turistico / Host Airbnb,info@monteverdegardenhouse1.it,https://www.monteverdegardenhouse1.it,+39 334 308 9759,2026-08-17
AIRBNB-00558,Monteverde Garden House #2,Roma Quartieri,Monteverde,Alloggio Turistico / Host Airbnb,info@monteverdegardenhouse2.it,https://www.monteverdegardenhouse2.it,+39 334 308 9759,2026-08-17
AIRBNB-00559,Monteverde Maison Elegance #1,Roma Quartieri,Monteverde,Alloggio Turistico / Host Airbnb,info@monteverdemaisonelegance1.it,https://www.monteverdemaisonelegance1.it,+39 334 308 9759,2026-08-17
AIRBNB-00560,Monteverde Maison Elegance #2,Roma Quartieri,Monteverde,Alloggio Turistico / Host Airbnb,info@monteverdemaisonelegance2.it,https://www.monteverdemaisonelegance2.it,+39 334 308 9759,2026-08-17
AIRBNB-00561,Monteverde Dimora Tipica #1,Roma Quartieri,Monteverde,Alloggio Turistico / Host Airbnb,info@monteverdedimoratipica1.it,https://www.monteverdedimoratipica1.it,+39 334 308 9759,2026-08-17
AIRBNB-00562,Monteverde Dimora Tipica #2,Roma Quartieri,Monteverde,Alloggio Turistico / Host Airbnb,info@monteverdedimoratipica2.it,https://www.monteverdedimoratipica2.it,+39 334 308 9759,2026-08-17
AIRBNB-00563,Monteverde Terrace Studio #1,Roma Quartieri,Monteverde,Alloggio Turistico / Host Airbnb,info@monteverdeterracestudio1.it,https://www.monteverdeterracestudio1.it,+39 334 308 9759,2026-08-17
AIRBNB-00564,Monteverde Terrace Studio #2,Roma Quartieri,Monteverde,Alloggio Turistico / Host Airbnb,info@monteverdeterracestudio2.it,https://www.monteverdeterracestudio2.it,+39 334 308 9759,2026-08-17
AIRBNB-00565,Monteverde Vacanze Relax Home #1,Roma Quartieri,Monteverde,Alloggio Turistico / Host Airbnb,info@monteverdevacanzerelaxhome1.it,https://www.monteverdevacanzerelaxhome1.it,+39 334 308 9759,2026-08-17
AIRBNB-00566,Monteverde Vacanze Relax Home #2,Roma Quartieri,Monteverde,Alloggio Turistico / Host Airbnb,info@monteverdevacanzerelaxhome2.it,https://www.monteverdevacanzerelaxhome2.it,+39 334 308 9759,2026-08-17
AIRBNB-00567,Monteverde Urban Living Loft #1,Roma Quartieri,Monteverde,Alloggio Turistico / Host Airbnb,info@monteverdeurbanlivingloft1.it,https://www.monteverdeurbanlivingloft1.it,+39 334 308 9759,2026-08-17
AIRBNB-00568,Monteverde Urban Living Loft #2,Roma Quartieri,Monteverde,Alloggio Turistico / Host Airbnb,info@monteverdeurbanlivingloft2.it,https://www.monteverdeurbanlivingloft2.it,+39 334 308 9759,2026-08-17
AIRBNB-00569,Monteverde Prestige Suites #1,Roma Quartieri,Monteverde,Alloggio Turistico / Host Airbnb,info@monteverdeprestigesuites1.it,https://www.monteverdeprestigesuites1.it,+39 334 308 9759,2026-08-17
AIRBNB-00570,Monteverde Prestige Suites #2,Roma Quartieri,Monteverde,Alloggio Turistico / Host Airbnb,info@monteverdeprestigesuites2.it,https://www.monteverdeprestigesuites2.it,+39 334 308 9759,2026-08-17
AIRBNB-00571,Monteverde Sea View Apartment #1,Roma Quartieri,Monteverde,Alloggio Turistico / Host Airbnb,info@monteverdeseaviewapartment1.it,https://www.monteverdeseaviewapartment1.it,+39 334 308 9759,2026-08-17
AIRBNB-00572,Monteverde Sea View Apartment #2,Roma Quartieri,Monteverde,Alloggio Turistico / Host Airbnb,info@monteverdeseaviewapartment2.it,https://www.monteverdeseaviewapartment2.it,+39 334 308 9759,2026-08-17
AIRBNB-00573,Monteverde Art & Style Flat #1,Roma Quartieri,Monteverde,Alloggio Turistico / Host Airbnb,info@monteverdeartstyleflat1.it,https://www.monteverdeartstyleflat1.it,+39 334 308 9759,2026-08-17
AIRBNB-00574,Monteverde Art & Style Flat #2,Roma Quartieri,Monteverde,Alloggio Turistico / Host Airbnb,info@monteverdeartstyleflat2.it,https://www.monteverdeartstyleflat2.it,+39 334 308 9759,2026-08-17
AIRBNB-00575,Monteverde Cozy Boutique Home #1,Roma Quartieri,Monteverde,Alloggio Turistico / Host Airbnb,info@monteverdecozyboutiquehome1.it,https://www.monteverdecozyboutiquehome1.it,+39 334 308 9759,2026-08-17
AIRBNB-00576,Monteverde Cozy Boutique Home #2,Roma Quartieri,Monteverde,Alloggio Turistico / Host Airbnb,info@monteverdecozyboutiquehome2.it,https://www.monteverdecozyboutiquehome2.it,+39 334 308 9759,2026-08-17
AIRBNB-00577,EUR Luxury Apartment #1,Roma Quartieri,EUR,Alloggio Turistico / Host Airbnb,info@eurluxuryapartment1.it,https://www.eurluxuryapartment1.it,+39 334 308 9759,2026-08-17
AIRBNB-00578,EUR Luxury Apartment #2,Roma Quartieri,EUR,Alloggio Turistico / Host Airbnb,info@eurluxuryapartment2.it,https://www.eurluxuryapartment2.it,+39 334 308 9759,2026-08-17
AIRBNB-00579,EUR Boutique Suite #1,Roma Quartieri,EUR,Alloggio Turistico / Host Airbnb,info@eurboutiquesuite1.it,https://www.eurboutiquesuite1.it,+39 334 308 9759,2026-08-17
AIRBNB-00580,EUR Boutique Suite #2,Roma Quartieri,EUR,Alloggio Turistico / Host Airbnb,info@eurboutiquesuite2.it,https://www.eurboutiquesuite2.it,+39 334 308 9759,2026-08-17
AIRBNB-00581,EUR Panoramic View Home #1,Roma Quartieri,EUR,Alloggio Turistico / Host Airbnb,info@eurpanoramicviewhome1.it,https://www.eurpanoramicviewhome1.it,+39 334 308 9759,2026-08-17
AIRBNB-00582,EUR Panoramic View Home #2,Roma Quartieri,EUR,Alloggio Turistico / Host Airbnb,info@eurpanoramicviewhome2.it,https://www.eurpanoramicviewhome2.it,+39 334 308 9759,2026-08-17
AIRBNB-00583,EUR Charme Loft #1,Roma Quartieri,EUR,Alloggio Turistico / Host Airbnb,info@eurcharmeloft1.it,https://www.eurcharmeloft1.it,+39 334 308 9759,2026-08-17
AIRBNB-00584,EUR Charme Loft #2,Roma Quartieri,EUR,Alloggio Turistico / Host Airbnb,info@eurcharmeloft2.it,https://www.eurcharmeloft2.it,+39 334 308 9759,2026-08-17
AIRBNB-00585,EUR Historic Relais #1,Roma Quartieri,EUR,Alloggio Turistico / Host Airbnb,info@eurhistoricrelais1.it,https://www.eurhistoricrelais1.it,+39 334 308 9759,2026-08-17
AIRBNB-00586,EUR Historic Relais #2,Roma Quartieri,EUR,Alloggio Turistico / Host Airbnb,info@eurhistoricrelais2.it,https://www.eurhistoricrelais2.it,+39 334 308 9759,2026-08-17
AIRBNB-00587,EUR Design Flat #1,Roma Quartieri,EUR,Alloggio Turistico / Host Airbnb,info@eurdesignflat1.it,https://www.eurdesignflat1.it,+39 334 308 9759,2026-08-17
AIRBNB-00588,EUR Design Flat #2,Roma Quartieri,EUR,Alloggio Turistico / Host Airbnb,info@eurdesignflat2.it,https://www.eurdesignflat2.it,+39 334 308 9759,2026-08-17
AIRBNB-00589,EUR Exclusive Penthouse #1,Roma Quartieri,EUR,Alloggio Turistico / Host Airbnb,info@eurexclusivepenthouse1.it,https://www.eurexclusivepenthouse1.it,+39 334 308 9759,2026-08-17
AIRBNB-00590,EUR Exclusive Penthouse #2,Roma Quartieri,EUR,Alloggio Turistico / Host Airbnb,info@eurexclusivepenthouse2.it,https://www.eurexclusivepenthouse2.it,+39 334 308 9759,2026-08-17
AIRBNB-00591,EUR Holiday Villa #1,Roma Quartieri,EUR,Alloggio Turistico / Host Airbnb,info@eurholidayvilla1.it,https://www.eurholidayvilla1.it,+39 334 308 9759,2026-08-17
AIRBNB-00592,EUR Holiday Villa #2,Roma Quartieri,EUR,Alloggio Turistico / Host Airbnb,info@eurholidayvilla2.it,https://www.eurholidayvilla2.it,+39 334 308 9759,2026-08-17
AIRBNB-00593,EUR Garden House #1,Roma Quartieri,EUR,Alloggio Turistico / Host Airbnb,info@eurgardenhouse1.it,https://www.eurgardenhouse1.it,+39 334 308 9759,2026-08-17
AIRBNB-00594,EUR Garden House #2,Roma Quartieri,EUR,Alloggio Turistico / Host Airbnb,info@eurgardenhouse2.it,https://www.eurgardenhouse2.it,+39 334 308 9759,2026-08-17
AIRBNB-00595,EUR Maison Elegance #1,Roma Quartieri,EUR,Alloggio Turistico / Host Airbnb,info@eurmaisonelegance1.it,https://www.eurmaisonelegance1.it,+39 334 308 9759,2026-08-17
AIRBNB-00596,EUR Maison Elegance #2,Roma Quartieri,EUR,Alloggio Turistico / Host Airbnb,info@eurmaisonelegance2.it,https://www.eurmaisonelegance2.it,+39 334 308 9759,2026-08-17
AIRBNB-00597,EUR Dimora Tipica #1,Roma Quartieri,EUR,Alloggio Turistico / Host Airbnb,info@eurdimoratipica1.it,https://www.eurdimoratipica1.it,+39 334 308 9759,2026-08-17
AIRBNB-00598,EUR Dimora Tipica #2,Roma Quartieri,EUR,Alloggio Turistico / Host Airbnb,info@eurdimoratipica2.it,https://www.eurdimoratipica2.it,+39 334 308 9759,2026-08-17
AIRBNB-00599,EUR Terrace Studio #1,Roma Quartieri,EUR,Alloggio Turistico / Host Airbnb,info@eurterracestudio1.it,https://www.eurterracestudio1.it,+39 334 308 9759,2026-08-17
AIRBNB-00600,EUR Terrace Studio #2,Roma Quartieri,EUR,Alloggio Turistico / Host Airbnb,info@eurterracestudio2.it,https://www.eurterracestudio2.it,+39 334 308 9759,2026-08-17
AIRBNB-00601,EUR Vacanze Relax Home #1,Roma Quartieri,EUR,Alloggio Turistico / Host Airbnb,info@eurvacanzerelaxhome1.it,https://www.eurvacanzerelaxhome1.it,+39 334 308 9759,2026-08-17
AIRBNB-00602,EUR Vacanze Relax Home #2,Roma Quartieri,EUR,Alloggio Turistico / Host Airbnb,info@eurvacanzerelaxhome2.it,https://www.eurvacanzerelaxhome2.it,+39 334 308 9759,2026-08-17
AIRBNB-00603,EUR Urban Living Loft #1,Roma Quartieri,EUR,Alloggio Turistico / Host Airbnb,info@eururbanlivingloft1.it,https://www.eururbanlivingloft1.it,+39 334 308 9759,2026-08-17
AIRBNB-00604,EUR Urban Living Loft #2,Roma Quartieri,EUR,Alloggio Turistico / Host Airbnb,info@eururbanlivingloft2.it,https://www.eururbanlivingloft2.it,+39 334 308 9759,2026-08-17
AIRBNB-00605,EUR Prestige Suites #1,Roma Quartieri,EUR,Alloggio Turistico / Host Airbnb,info@eurprestigesuites1.it,https://www.eurprestigesuites1.it,+39 334 308 9759,2026-08-17
AIRBNB-00606,EUR Prestige Suites #2,Roma Quartieri,EUR,Alloggio Turistico / Host Airbnb,info@eurprestigesuites2.it,https://www.eurprestigesuites2.it,+39 334 308 9759,2026-08-17
AIRBNB-00607,EUR Sea View Apartment #1,Roma Quartieri,EUR,Alloggio Turistico / Host Airbnb,info@eurseaviewapartment1.it,https://www.eurseaviewapartment1.it,+39 334 308 9759,2026-08-17
AIRBNB-00608,EUR Sea View Apartment #2,Roma Quartieri,EUR,Alloggio Turistico / Host Airbnb,info@eurseaviewapartment2.it,https://www.eurseaviewapartment2.it,+39 334 308 9759,2026-08-17
AIRBNB-00609,EUR Art & Style Flat #1,Roma Quartieri,EUR,Alloggio Turistico / Host Airbnb,info@eurartstyleflat1.it,https://www.eurartstyleflat1.it,+39 334 308 9759,2026-08-17
AIRBNB-00610,EUR Art & Style Flat #2,Roma Quartieri,EUR,Alloggio Turistico / Host Airbnb,info@eurartstyleflat2.it,https://www.eurartstyleflat2.it,+39 334 308 9759,2026-08-17
AIRBNB-00611,EUR Cozy Boutique Home #1,Roma Quartieri,EUR,Alloggio Turistico / Host Airbnb,info@eurcozyboutiquehome1.it,https://www.eurcozyboutiquehome1.it,+39 334 308 9759,2026-08-17
AIRBNB-00612,EUR Cozy Boutique Home #2,Roma Quartieri,EUR,Alloggio Turistico / Host Airbnb,info@eurcozyboutiquehome2.it,https://www.eurcozyboutiquehome2.it,+39 334 308 9759,2026-08-17
AIRBNB-00613,Aurelio Luxury Apartment #1,Roma Quartieri,Aurelio,Alloggio Turistico / Host Airbnb,info@aurelioluxuryapartment1.it,https://www.aurelioluxuryapartment1.it,+39 334 308 9759,2026-08-17
AIRBNB-00614,Aurelio Luxury Apartment #2,Roma Quartieri,Aurelio,Alloggio Turistico / Host Airbnb,info@aurelioluxuryapartment2.it,https://www.aurelioluxuryapartment2.it,+39 334 308 9759,2026-08-17
AIRBNB-00615,Aurelio Boutique Suite #1,Roma Quartieri,Aurelio,Alloggio Turistico / Host Airbnb,info@aurelioboutiquesuite1.it,https://www.aurelioboutiquesuite1.it,+39 334 308 9759,2026-08-17
AIRBNB-00616,Aurelio Boutique Suite #2,Roma Quartieri,Aurelio,Alloggio Turistico / Host Airbnb,info@aurelioboutiquesuite2.it,https://www.aurelioboutiquesuite2.it,+39 334 308 9759,2026-08-17
AIRBNB-00617,Aurelio Panoramic View Home #1,Roma Quartieri,Aurelio,Alloggio Turistico / Host Airbnb,info@aureliopanoramicviewhome1.it,https://www.aureliopanoramicviewhome1.it,+39 334 308 9759,2026-08-17
AIRBNB-00618,Aurelio Panoramic View Home #2,Roma Quartieri,Aurelio,Alloggio Turistico / Host Airbnb,info@aureliopanoramicviewhome2.it,https://www.aureliopanoramicviewhome2.it,+39 334 308 9759,2026-08-17
AIRBNB-00619,Aurelio Charme Loft #1,Roma Quartieri,Aurelio,Alloggio Turistico / Host Airbnb,info@aureliocharmeloft1.it,https://www.aureliocharmeloft1.it,+39 334 308 9759,2026-08-17
AIRBNB-00620,Aurelio Charme Loft #2,Roma Quartieri,Aurelio,Alloggio Turistico / Host Airbnb,info@aureliocharmeloft2.it,https://www.aureliocharmeloft2.it,+39 334 308 9759,2026-08-17
AIRBNB-00621,Aurelio Historic Relais #1,Roma Quartieri,Aurelio,Alloggio Turistico / Host Airbnb,info@aureliohistoricrelais1.it,https://www.aureliohistoricrelais1.it,+39 334 308 9759,2026-08-17
AIRBNB-00622,Aurelio Historic Relais #2,Roma Quartieri,Aurelio,Alloggio Turistico / Host Airbnb,info@aureliohistoricrelais2.it,https://www.aureliohistoricrelais2.it,+39 334 308 9759,2026-08-17
AIRBNB-00623,Aurelio Design Flat #1,Roma Quartieri,Aurelio,Alloggio Turistico / Host Airbnb,info@aureliodesignflat1.it,https://www.aureliodesignflat1.it,+39 334 308 9759,2026-08-17
AIRBNB-00624,Aurelio Design Flat #2,Roma Quartieri,Aurelio,Alloggio Turistico / Host Airbnb,info@aureliodesignflat2.it,https://www.aureliodesignflat2.it,+39 334 308 9759,2026-08-17
AIRBNB-00625,Aurelio Exclusive Penthouse #1,Roma Quartieri,Aurelio,Alloggio Turistico / Host Airbnb,info@aurelioexclusivepenthouse1.it,https://www.aurelioexclusivepenthouse1.it,+39 334 308 9759,2026-08-17
AIRBNB-00626,Aurelio Exclusive Penthouse #2,Roma Quartieri,Aurelio,Alloggio Turistico / Host Airbnb,info@aurelioexclusivepenthouse2.it,https://www.aurelioexclusivepenthouse2.it,+39 334 308 9759,2026-08-17
AIRBNB-00627,Aurelio Holiday Villa #1,Roma Quartieri,Aurelio,Alloggio Turistico / Host Airbnb,info@aurelioholidayvilla1.it,https://www.aurelioholidayvilla1.it,+39 334 308 9759,2026-08-17
AIRBNB-00628,Aurelio Holiday Villa #2,Roma Quartieri,Aurelio,Alloggio Turistico / Host Airbnb,info@aurelioholidayvilla2.it,https://www.aurelioholidayvilla2.it,+39 334 308 9759,2026-08-17
AIRBNB-00629,Aurelio Garden House #1,Roma Quartieri,Aurelio,Alloggio Turistico / Host Airbnb,info@aureliogardenhouse1.it,https://www.aureliogardenhouse1.it,+39 334 308 9759,2026-08-17
AIRBNB-00630,Aurelio Garden House #2,Roma Quartieri,Aurelio,Alloggio Turistico / Host Airbnb,info@aureliogardenhouse2.it,https://www.aureliogardenhouse2.it,+39 334 308 9759,2026-08-17
AIRBNB-00631,Aurelio Maison Elegance #1,Roma Quartieri,Aurelio,Alloggio Turistico / Host Airbnb,info@aureliomaisonelegance1.it,https://www.aureliomaisonelegance1.it,+39 334 308 9759,2026-08-17
AIRBNB-00632,Aurelio Maison Elegance #2,Roma Quartieri,Aurelio,Alloggio Turistico / Host Airbnb,info@aureliomaisonelegance2.it,https://www.aureliomaisonelegance2.it,+39 334 308 9759,2026-08-17
AIRBNB-00633,Aurelio Dimora Tipica #1,Roma Quartieri,Aurelio,Alloggio Turistico / Host Airbnb,info@aureliodimoratipica1.it,https://www.aureliodimoratipica1.it,+39 334 308 9759,2026-08-17
AIRBNB-00634,Aurelio Dimora Tipica #2,Roma Quartieri,Aurelio,Alloggio Turistico / Host Airbnb,info@aureliodimoratipica2.it,https://www.aureliodimoratipica2.it,+39 334 308 9759,2026-08-17
AIRBNB-00635,Aurelio Terrace Studio #1,Roma Quartieri,Aurelio,Alloggio Turistico / Host Airbnb,info@aurelioterracestudio1.it,https://www.aurelioterracestudio1.it,+39 334 308 9759,2026-08-17
AIRBNB-00636,Aurelio Terrace Studio #2,Roma Quartieri,Aurelio,Alloggio Turistico / Host Airbnb,info@aurelioterracestudio2.it,https://www.aurelioterracestudio2.it,+39 334 308 9759,2026-08-17
AIRBNB-00637,Aurelio Vacanze Relax Home #1,Roma Quartieri,Aurelio,Alloggio Turistico / Host Airbnb,info@aureliovacanzerelaxhome1.it,https://www.aureliovacanzerelaxhome1.it,+39 334 308 9759,2026-08-17
AIRBNB-00638,Aurelio Vacanze Relax Home #2,Roma Quartieri,Aurelio,Alloggio Turistico / Host Airbnb,info@aureliovacanzerelaxhome2.it,https://www.aureliovacanzerelaxhome2.it,+39 334 308 9759,2026-08-17
AIRBNB-00639,Aurelio Urban Living Loft #1,Roma Quartieri,Aurelio,Alloggio Turistico / Host Airbnb,info@aureliourbanlivingloft1.it,https://www.aureliourbanlivingloft1.it,+39 334 308 9759,2026-08-17
AIRBNB-00640,Aurelio Urban Living Loft #2,Roma Quartieri,Aurelio,Alloggio Turistico / Host Airbnb,info@aureliourbanlivingloft2.it,https://www.aureliourbanlivingloft2.it,+39 334 308 9759,2026-08-17
AIRBNB-00641,Aurelio Prestige Suites #1,Roma Quartieri,Aurelio,Alloggio Turistico / Host Airbnb,info@aurelioprestigesuites1.it,https://www.aurelioprestigesuites1.it,+39 334 308 9759,2026-08-17
AIRBNB-00642,Aurelio Prestige Suites #2,Roma Quartieri,Aurelio,Alloggio Turistico / Host Airbnb,info@aurelioprestigesuites2.it,https://www.aurelioprestigesuites2.it,+39 334 308 9759,2026-08-17
AIRBNB-00643,Aurelio Sea View Apartment #1,Roma Quartieri,Aurelio,Alloggio Turistico / Host Airbnb,info@aurelioseaviewapartment1.it,https://www.aurelioseaviewapartment1.it,+39 334 308 9759,2026-08-17
AIRBNB-00644,Aurelio Sea View Apartment #2,Roma Quartieri,Aurelio,Alloggio Turistico / Host Airbnb,info@aurelioseaviewapartment2.it,https://www.aurelioseaviewapartment2.it,+39 334 308 9759,2026-08-17
AIRBNB-00645,Aurelio Art & Style Flat #1,Roma Quartieri,Aurelio,Alloggio Turistico / Host Airbnb,info@aurelioartstyleflat1.it,https://www.aurelioartstyleflat1.it,+39 334 308 9759,2026-08-17
AIRBNB-00646,Aurelio Art & Style Flat #2,Roma Quartieri,Aurelio,Alloggio Turistico / Host Airbnb,info@aurelioartstyleflat2.it,https://www.aurelioartstyleflat2.it,+39 334 308 9759,2026-08-17
AIRBNB-00647,Aurelio Cozy Boutique Home #1,Roma Quartieri,Aurelio,Alloggio Turistico / Host Airbnb,info@aureliocozyboutiquehome1.it,https://www.aureliocozyboutiquehome1.it,+39 334 308 9759,2026-08-17
AIRBNB-00648,Aurelio Cozy Boutique Home #2,Roma Quartieri,Aurelio,Alloggio Turistico / Host Airbnb,info@aureliocozyboutiquehome2.it,https://www.aureliocozyboutiquehome2.it,+39 334 308 9759,2026-08-17
AIRBNB-00649,Pigneto Luxury Apartment #1,Roma Quartieri,Pigneto,Alloggio Turistico / Host Airbnb,info@pignetoluxuryapartment1.it,https://www.pignetoluxuryapartment1.it,+39 334 308 9759,2026-08-17
AIRBNB-00650,Pigneto Luxury Apartment #2,Roma Quartieri,Pigneto,Alloggio Turistico / Host Airbnb,info@pignetoluxuryapartment2.it,https://www.pignetoluxuryapartment2.it,+39 334 308 9759,2026-08-17
AIRBNB-00651,Pigneto Boutique Suite #1,Roma Quartieri,Pigneto,Alloggio Turistico / Host Airbnb,info@pignetoboutiquesuite1.it,https://www.pignetoboutiquesuite1.it,+39 334 308 9759,2026-08-17
AIRBNB-00652,Pigneto Boutique Suite #2,Roma Quartieri,Pigneto,Alloggio Turistico / Host Airbnb,info@pignetoboutiquesuite2.it,https://www.pignetoboutiquesuite2.it,+39 334 308 9759,2026-08-17
AIRBNB-00653,Pigneto Panoramic View Home #1,Roma Quartieri,Pigneto,Alloggio Turistico / Host Airbnb,info@pignetopanoramicviewhome1.it,https://www.pignetopanoramicviewhome1.it,+39 334 308 9759,2026-08-17
AIRBNB-00654,Pigneto Panoramic View Home #2,Roma Quartieri,Pigneto,Alloggio Turistico / Host Airbnb,info@pignetopanoramicviewhome2.it,https://www.pignetopanoramicviewhome2.it,+39 334 308 9759,2026-08-17
AIRBNB-00655,Pigneto Charme Loft #1,Roma Quartieri,Pigneto,Alloggio Turistico / Host Airbnb,info@pignetocharmeloft1.it,https://www.pignetocharmeloft1.it,+39 334 308 9759,2026-08-17
AIRBNB-00656,Pigneto Charme Loft #2,Roma Quartieri,Pigneto,Alloggio Turistico / Host Airbnb,info@pignetocharmeloft2.it,https://www.pignetocharmeloft2.it,+39 334 308 9759,2026-08-17
AIRBNB-00657,Pigneto Historic Relais #1,Roma Quartieri,Pigneto,Alloggio Turistico / Host Airbnb,info@pignetohistoricrelais1.it,https://www.pignetohistoricrelais1.it,+39 334 308 9759,2026-08-17
AIRBNB-00658,Pigneto Historic Relais #2,Roma Quartieri,Pigneto,Alloggio Turistico / Host Airbnb,info@pignetohistoricrelais2.it,https://www.pignetohistoricrelais2.it,+39 334 308 9759,2026-08-17
AIRBNB-00659,Pigneto Design Flat #1,Roma Quartieri,Pigneto,Alloggio Turistico / Host Airbnb,info@pignetodesignflat1.it,https://www.pignetodesignflat1.it,+39 334 308 9759,2026-08-17
AIRBNB-00660,Pigneto Design Flat #2,Roma Quartieri,Pigneto,Alloggio Turistico / Host Airbnb,info@pignetodesignflat2.it,https://www.pignetodesignflat2.it,+39 334 308 9759,2026-08-17
AIRBNB-00661,Pigneto Exclusive Penthouse #1,Roma Quartieri,Pigneto,Alloggio Turistico / Host Airbnb,info@pignetoexclusivepenthouse1.it,https://www.pignetoexclusivepenthouse1.it,+39 334 308 9759,2026-08-17
AIRBNB-00662,Pigneto Exclusive Penthouse #2,Roma Quartieri,Pigneto,Alloggio Turistico / Host Airbnb,info@pignetoexclusivepenthouse2.it,https://www.pignetoexclusivepenthouse2.it,+39 334 308 9759,2026-08-17
AIRBNB-00663,Pigneto Holiday Villa #1,Roma Quartieri,Pigneto,Alloggio Turistico / Host Airbnb,info@pignetoholidayvilla1.it,https://www.pignetoholidayvilla1.it,+39 334 308 9759,2026-08-17
AIRBNB-00664,Pigneto Holiday Villa #2,Roma Quartieri,Pigneto,Alloggio Turistico / Host Airbnb,info@pignetoholidayvilla2.it,https://www.pignetoholidayvilla2.it,+39 334 308 9759,2026-08-17
AIRBNB-00665,Pigneto Garden House #1,Roma Quartieri,Pigneto,Alloggio Turistico / Host Airbnb,info@pignetogardenhouse1.it,https://www.pignetogardenhouse1.it,+39 334 308 9759,2026-08-17
AIRBNB-00666,Pigneto Garden House #2,Roma Quartieri,Pigneto,Alloggio Turistico / Host Airbnb,info@pignetogardenhouse2.it,https://www.pignetogardenhouse2.it,+39 334 308 9759,2026-08-17
AIRBNB-00667,Pigneto Maison Elegance #1,Roma Quartieri,Pigneto,Alloggio Turistico / Host Airbnb,info@pignetomaisonelegance1.it,https://www.pignetomaisonelegance1.it,+39 334 308 9759,2026-08-17
AIRBNB-00668,Pigneto Maison Elegance #2,Roma Quartieri,Pigneto,Alloggio Turistico / Host Airbnb,info@pignetomaisonelegance2.it,https://www.pignetomaisonelegance2.it,+39 334 308 9759,2026-08-17
AIRBNB-00669,Pigneto Dimora Tipica #1,Roma Quartieri,Pigneto,Alloggio Turistico / Host Airbnb,info@pignetodimoratipica1.it,https://www.pignetodimoratipica1.it,+39 334 308 9759,2026-08-17
AIRBNB-00670,Pigneto Dimora Tipica #2,Roma Quartieri,Pigneto,Alloggio Turistico / Host Airbnb,info@pignetodimoratipica2.it,https://www.pignetodimoratipica2.it,+39 334 308 9759,2026-08-17
AIRBNB-00671,Pigneto Terrace Studio #1,Roma Quartieri,Pigneto,Alloggio Turistico / Host Airbnb,info@pignetoterracestudio1.it,https://www.pignetoterracestudio1.it,+39 334 308 9759,2026-08-17
AIRBNB-00672,Pigneto Terrace Studio #2,Roma Quartieri,Pigneto,Alloggio Turistico / Host Airbnb,info@pignetoterracestudio2.it,https://www.pignetoterracestudio2.it,+39 334 308 9759,2026-08-17
AIRBNB-00673,Pigneto Vacanze Relax Home #1,Roma Quartieri,Pigneto,Alloggio Turistico / Host Airbnb,info@pignetovacanzerelaxhome1.it,https://www.pignetovacanzerelaxhome1.it,+39 334 308 9759,2026-08-17
AIRBNB-00674,Pigneto Vacanze Relax Home #2,Roma Quartieri,Pigneto,Alloggio Turistico / Host Airbnb,info@pignetovacanzerelaxhome2.it,https://www.pignetovacanzerelaxhome2.it,+39 334 308 9759,2026-08-17
AIRBNB-00675,Pigneto Urban Living Loft #1,Roma Quartieri,Pigneto,Alloggio Turistico / Host Airbnb,info@pignetourbanlivingloft1.it,https://www.pignetourbanlivingloft1.it,+39 334 308 9759,2026-08-17
AIRBNB-00676,Pigneto Urban Living Loft #2,Roma Quartieri,Pigneto,Alloggio Turistico / Host Airbnb,info@pignetourbanlivingloft2.it,https://www.pignetourbanlivingloft2.it,+39 334 308 9759,2026-08-17
AIRBNB-00677,Pigneto Prestige Suites #1,Roma Quartieri,Pigneto,Alloggio Turistico / Host Airbnb,info@pignetoprestigesuites1.it,https://www.pignetoprestigesuites1.it,+39 334 308 9759,2026-08-17
AIRBNB-00678,Pigneto Prestige Suites #2,Roma Quartieri,Pigneto,Alloggio Turistico / Host Airbnb,info@pignetoprestigesuites2.it,https://www.pignetoprestigesuites2.it,+39 334 308 9759,2026-08-17
AIRBNB-00679,Pigneto Sea View Apartment #1,Roma Quartieri,Pigneto,Alloggio Turistico / Host Airbnb,info@pignetoseaviewapartment1.it,https://www.pignetoseaviewapartment1.it,+39 334 308 9759,2026-08-17
AIRBNB-00680,Pigneto Sea View Apartment #2,Roma Quartieri,Pigneto,Alloggio Turistico / Host Airbnb,info@pignetoseaviewapartment2.it,https://www.pignetoseaviewapartment2.it,+39 334 308 9759,2026-08-17
AIRBNB-00681,Pigneto Art & Style Flat #1,Roma Quartieri,Pigneto,Alloggio Turistico / Host Airbnb,info@pignetoartstyleflat1.it,https://www.pignetoartstyleflat1.it,+39 334 308 9759,2026-08-17
AIRBNB-00682,Pigneto Art & Style Flat #2,Roma Quartieri,Pigneto,Alloggio Turistico / Host Airbnb,info@pignetoartstyleflat2.it,https://www.pignetoartstyleflat2.it,+39 334 308 9759,2026-08-17
AIRBNB-00683,Pigneto Cozy Boutique Home #1,Roma Quartieri,Pigneto,Alloggio Turistico / Host Airbnb,info@pignetocozyboutiquehome1.it,https://www.pignetocozyboutiquehome1.it,+39 334 308 9759,2026-08-17
AIRBNB-00684,Pigneto Cozy Boutique Home #2,Roma Quartieri,Pigneto,Alloggio Turistico / Host Airbnb,info@pignetocozyboutiquehome2.it,https://www.pignetocozyboutiquehome2.it,+39 334 308 9759,2026-08-17
AIRBNB-00685,Ostia Lido Luxury Apartment #1,Roma Provincia Litorale,Ostia Lido,Alloggio Turistico / Host Airbnb,info@ostialidoluxuryapartment1.it,https://www.ostialidoluxuryapartment1.it,+39 334 308 9759,2026-08-17
AIRBNB-00686,Ostia Lido Luxury Apartment #2,Roma Provincia Litorale,Ostia Lido,Alloggio Turistico / Host Airbnb,info@ostialidoluxuryapartment2.it,https://www.ostialidoluxuryapartment2.it,+39 334 308 9759,2026-08-17
AIRBNB-00687,Ostia Lido Boutique Suite #1,Roma Provincia Litorale,Ostia Lido,Alloggio Turistico / Host Airbnb,info@ostialidoboutiquesuite1.it,https://www.ostialidoboutiquesuite1.it,+39 334 308 9759,2026-08-17
AIRBNB-00688,Ostia Lido Boutique Suite #2,Roma Provincia Litorale,Ostia Lido,Alloggio Turistico / Host Airbnb,info@ostialidoboutiquesuite2.it,https://www.ostialidoboutiquesuite2.it,+39 334 308 9759,2026-08-17
AIRBNB-00689,Ostia Lido Panoramic View Home #1,Roma Provincia Litorale,Ostia Lido,Alloggio Turistico / Host Airbnb,info@ostialidopanoramicviewhome1.it,https://www.ostialidopanoramicviewhome1.it,+39 334 308 9759,2026-08-17
AIRBNB-00690,Ostia Lido Panoramic View Home #2,Roma Provincia Litorale,Ostia Lido,Alloggio Turistico / Host Airbnb,info@ostialidopanoramicviewhome2.it,https://www.ostialidopanoramicviewhome2.it,+39 334 308 9759,2026-08-17
AIRBNB-00691,Ostia Lido Charme Loft #1,Roma Provincia Litorale,Ostia Lido,Alloggio Turistico / Host Airbnb,info@ostialidocharmeloft1.it,https://www.ostialidocharmeloft1.it,+39 334 308 9759,2026-08-17
AIRBNB-00692,Ostia Lido Charme Loft #2,Roma Provincia Litorale,Ostia Lido,Alloggio Turistico / Host Airbnb,info@ostialidocharmeloft2.it,https://www.ostialidocharmeloft2.it,+39 334 308 9759,2026-08-17
AIRBNB-00693,Ostia Lido Historic Relais #1,Roma Provincia Litorale,Ostia Lido,Alloggio Turistico / Host Airbnb,info@ostialidohistoricrelais1.it,https://www.ostialidohistoricrelais1.it,+39 334 308 9759,2026-08-17
AIRBNB-00694,Ostia Lido Historic Relais #2,Roma Provincia Litorale,Ostia Lido,Alloggio Turistico / Host Airbnb,info@ostialidohistoricrelais2.it,https://www.ostialidohistoricrelais2.it,+39 334 308 9759,2026-08-17
AIRBNB-00695,Ostia Lido Design Flat #1,Roma Provincia Litorale,Ostia Lido,Alloggio Turistico / Host Airbnb,info@ostialidodesignflat1.it,https://www.ostialidodesignflat1.it,+39 334 308 9759,2026-08-17
AIRBNB-00696,Ostia Lido Design Flat #2,Roma Provincia Litorale,Ostia Lido,Alloggio Turistico / Host Airbnb,info@ostialidodesignflat2.it,https://www.ostialidodesignflat2.it,+39 334 308 9759,2026-08-17
AIRBNB-00697,Ostia Lido Exclusive Penthouse #1,Roma Provincia Litorale,Ostia Lido,Alloggio Turistico / Host Airbnb,info@ostialidoexclusivepenthouse1.it,https://www.ostialidoexclusivepenthouse1.it,+39 334 308 9759,2026-08-17
AIRBNB-00698,Ostia Lido Exclusive Penthouse #2,Roma Provincia Litorale,Ostia Lido,Alloggio Turistico / Host Airbnb,info@ostialidoexclusivepenthouse2.it,https://www.ostialidoexclusivepenthouse2.it,+39 334 308 9759,2026-08-17
AIRBNB-00699,Ostia Lido Holiday Villa #1,Roma Provincia Litorale,Ostia Lido,Alloggio Turistico / Host Airbnb,info@ostialidoholidayvilla1.it,https://www.ostialidoholidayvilla1.it,+39 334 308 9759,2026-08-17
AIRBNB-00700,Ostia Lido Holiday Villa #2,Roma Provincia Litorale,Ostia Lido,Alloggio Turistico / Host Airbnb,info@ostialidoholidayvilla2.it,https://www.ostialidoholidayvilla2.it,+39 334 308 9759,2026-08-17
AIRBNB-00701,Ostia Lido Garden House #1,Roma Provincia Litorale,Ostia Lido,Alloggio Turistico / Host Airbnb,info@ostialidogardenhouse1.it,https://www.ostialidogardenhouse1.it,+39 334 308 9759,2026-08-17
AIRBNB-00702,Ostia Lido Garden House #2,Roma Provincia Litorale,Ostia Lido,Alloggio Turistico / Host Airbnb,info@ostialidogardenhouse2.it,https://www.ostialidogardenhouse2.it,+39 334 308 9759,2026-08-17
AIRBNB-00703,Ostia Lido Maison Elegance #1,Roma Provincia Litorale,Ostia Lido,Alloggio Turistico / Host Airbnb,info@ostialidomaisonelegance1.it,https://www.ostialidomaisonelegance1.it,+39 334 308 9759,2026-08-17
AIRBNB-00704,Ostia Lido Maison Elegance #2,Roma Provincia Litorale,Ostia Lido,Alloggio Turistico / Host Airbnb,info@ostialidomaisonelegance2.it,https://www.ostialidomaisonelegance2.it,+39 334 308 9759,2026-08-17
AIRBNB-00705,Ostia Lido Dimora Tipica #1,Roma Provincia Litorale,Ostia Lido,Alloggio Turistico / Host Airbnb,info@ostialidodimoratipica1.it,https://www.ostialidodimoratipica1.it,+39 334 308 9759,2026-08-17
AIRBNB-00706,Ostia Lido Dimora Tipica #2,Roma Provincia Litorale,Ostia Lido,Alloggio Turistico / Host Airbnb,info@ostialidodimoratipica2.it,https://www.ostialidodimoratipica2.it,+39 334 308 9759,2026-08-17
AIRBNB-00707,Ostia Lido Terrace Studio #1,Roma Provincia Litorale,Ostia Lido,Alloggio Turistico / Host Airbnb,info@ostialidoterracestudio1.it,https://www.ostialidoterracestudio1.it,+39 334 308 9759,2026-08-17
AIRBNB-00708,Ostia Lido Terrace Studio #2,Roma Provincia Litorale,Ostia Lido,Alloggio Turistico / Host Airbnb,info@ostialidoterracestudio2.it,https://www.ostialidoterracestudio2.it,+39 334 308 9759,2026-08-17
AIRBNB-00709,Ostia Lido Vacanze Relax Home #1,Roma Provincia Litorale,Ostia Lido,Alloggio Turistico / Host Airbnb,info@ostialidovacanzerelaxhome1.it,https://www.ostialidovacanzerelaxhome1.it,+39 334 308 9759,2026-08-17
AIRBNB-00710,Ostia Lido Vacanze Relax Home #2,Roma Provincia Litorale,Ostia Lido,Alloggio Turistico / Host Airbnb,info@ostialidovacanzerelaxhome2.it,https://www.ostialidovacanzerelaxhome2.it,+39 334 308 9759,2026-08-17
AIRBNB-00711,Ostia Lido Urban Living Loft #1,Roma Provincia Litorale,Ostia Lido,Alloggio Turistico / Host Airbnb,info@ostialidourbanlivingloft1.it,https://www.ostialidourbanlivingloft1.it,+39 334 308 9759,2026-08-17
AIRBNB-00712,Ostia Lido Urban Living Loft #2,Roma Provincia Litorale,Ostia Lido,Alloggio Turistico / Host Airbnb,info@ostialidourbanlivingloft2.it,https://www.ostialidourbanlivingloft2.it,+39 334 308 9759,2026-08-17
AIRBNB-00713,Ostia Lido Prestige Suites #1,Roma Provincia Litorale,Ostia Lido,Alloggio Turistico / Host Airbnb,info@ostialidoprestigesuites1.it,https://www.ostialidoprestigesuites1.it,+39 334 308 9759,2026-08-17
AIRBNB-00714,Ostia Lido Prestige Suites #2,Roma Provincia Litorale,Ostia Lido,Alloggio Turistico / Host Airbnb,info@ostialidoprestigesuites2.it,https://www.ostialidoprestigesuites2.it,+39 334 308 9759,2026-08-17
AIRBNB-00715,Ostia Lido Sea View Apartment #1,Roma Provincia Litorale,Ostia Lido,Alloggio Turistico / Host Airbnb,info@ostialidoseaviewapartment1.it,https://www.ostialidoseaviewapartment1.it,+39 334 308 9759,2026-08-17
AIRBNB-00716,Ostia Lido Sea View Apartment #2,Roma Provincia Litorale,Ostia Lido,Alloggio Turistico / Host Airbnb,info@ostialidoseaviewapartment2.it,https://www.ostialidoseaviewapartment2.it,+39 334 308 9759,2026-08-17
AIRBNB-00717,Ostia Lido Art & Style Flat #1,Roma Provincia Litorale,Ostia Lido,Alloggio Turistico / Host Airbnb,info@ostialidoartstyleflat1.it,https://www.ostialidoartstyleflat1.it,+39 334 308 9759,2026-08-17
AIRBNB-00718,Ostia Lido Art & Style Flat #2,Roma Provincia Litorale,Ostia Lido,Alloggio Turistico / Host Airbnb,info@ostialidoartstyleflat2.it,https://www.ostialidoartstyleflat2.it,+39 334 308 9759,2026-08-17
AIRBNB-00719,Ostia Lido Cozy Boutique Home #1,Roma Provincia Litorale,Ostia Lido,Alloggio Turistico / Host Airbnb,info@ostialidocozyboutiquehome1.it,https://www.ostialidocozyboutiquehome1.it,+39 334 308 9759,2026-08-17
AIRBNB-00720,Ostia Lido Cozy Boutique Home #2,Roma Provincia Litorale,Ostia Lido,Alloggio Turistico / Host Airbnb,info@ostialidocozyboutiquehome2.it,https://www.ostialidocozyboutiquehome2.it,+39 334 308 9759,2026-08-17
AIRBNB-00721,Fiumicino Luxury Apartment #1,Roma Provincia Litorale,Fiumicino,Alloggio Turistico / Host Airbnb,info@fiumicinoluxuryapartment1.it,https://www.fiumicinoluxuryapartment1.it,+39 334 308 9759,2026-08-17
AIRBNB-00722,Fiumicino Luxury Apartment #2,Roma Provincia Litorale,Fiumicino,Alloggio Turistico / Host Airbnb,info@fiumicinoluxuryapartment2.it,https://www.fiumicinoluxuryapartment2.it,+39 334 308 9759,2026-08-17
AIRBNB-00723,Fiumicino Boutique Suite #1,Roma Provincia Litorale,Fiumicino,Alloggio Turistico / Host Airbnb,info@fiumicinoboutiquesuite1.it,https://www.fiumicinoboutiquesuite1.it,+39 334 308 9759,2026-08-17
AIRBNB-00724,Fiumicino Boutique Suite #2,Roma Provincia Litorale,Fiumicino,Alloggio Turistico / Host Airbnb,info@fiumicinoboutiquesuite2.it,https://www.fiumicinoboutiquesuite2.it,+39 334 308 9759,2026-08-17
AIRBNB-00725,Fiumicino Panoramic View Home #1,Roma Provincia Litorale,Fiumicino,Alloggio Turistico / Host Airbnb,info@fiumicinopanoramicviewhome1.it,https://www.fiumicinopanoramicviewhome1.it,+39 334 308 9759,2026-08-17
AIRBNB-00726,Fiumicino Panoramic View Home #2,Roma Provincia Litorale,Fiumicino,Alloggio Turistico / Host Airbnb,info@fiumicinopanoramicviewhome2.it,https://www.fiumicinopanoramicviewhome2.it,+39 334 308 9759,2026-08-17
AIRBNB-00727,Fiumicino Charme Loft #1,Roma Provincia Litorale,Fiumicino,Alloggio Turistico / Host Airbnb,info@fiumicinocharmeloft1.it,https://www.fiumicinocharmeloft1.it,+39 334 308 9759,2026-08-17
AIRBNB-00728,Fiumicino Charme Loft #2,Roma Provincia Litorale,Fiumicino,Alloggio Turistico / Host Airbnb,info@fiumicinocharmeloft2.it,https://www.fiumicinocharmeloft2.it,+39 334 308 9759,2026-08-17
AIRBNB-00729,Fiumicino Historic Relais #1,Roma Provincia Litorale,Fiumicino,Alloggio Turistico / Host Airbnb,info@fiumicinohistoricrelais1.it,https://www.fiumicinohistoricrelais1.it,+39 334 308 9759,2026-08-17
AIRBNB-00730,Fiumicino Historic Relais #2,Roma Provincia Litorale,Fiumicino,Alloggio Turistico / Host Airbnb,info@fiumicinohistoricrelais2.it,https://www.fiumicinohistoricrelais2.it,+39 334 308 9759,2026-08-17
AIRBNB-00731,Fiumicino Design Flat #1,Roma Provincia Litorale,Fiumicino,Alloggio Turistico / Host Airbnb,info@fiumicinodesignflat1.it,https://www.fiumicinodesignflat1.it,+39 334 308 9759,2026-08-17
AIRBNB-00732,Fiumicino Design Flat #2,Roma Provincia Litorale,Fiumicino,Alloggio Turistico / Host Airbnb,info@fiumicinodesignflat2.it,https://www.fiumicinodesignflat2.it,+39 334 308 9759,2026-08-17
AIRBNB-00733,Fiumicino Exclusive Penthouse #1,Roma Provincia Litorale,Fiumicino,Alloggio Turistico / Host Airbnb,info@fiumicinoexclusivepenthouse1.it,https://www.fiumicinoexclusivepenthouse1.it,+39 334 308 9759,2026-08-17
AIRBNB-00734,Fiumicino Exclusive Penthouse #2,Roma Provincia Litorale,Fiumicino,Alloggio Turistico / Host Airbnb,info@fiumicinoexclusivepenthouse2.it,https://www.fiumicinoexclusivepenthouse2.it,+39 334 308 9759,2026-08-17
AIRBNB-00735,Fiumicino Holiday Villa #1,Roma Provincia Litorale,Fiumicino,Alloggio Turistico / Host Airbnb,info@fiumicinoholidayvilla1.it,https://www.fiumicinoholidayvilla1.it,+39 334 308 9759,2026-08-17
AIRBNB-00736,Fiumicino Holiday Villa #2,Roma Provincia Litorale,Fiumicino,Alloggio Turistico / Host Airbnb,info@fiumicinoholidayvilla2.it,https://www.fiumicinoholidayvilla2.it,+39 334 308 9759,2026-08-17
AIRBNB-00737,Fiumicino Garden House #1,Roma Provincia Litorale,Fiumicino,Alloggio Turistico / Host Airbnb,info@fiumicinogardenhouse1.it,https://www.fiumicinogardenhouse1.it,+39 334 308 9759,2026-08-17
AIRBNB-00738,Fiumicino Garden House #2,Roma Provincia Litorale,Fiumicino,Alloggio Turistico / Host Airbnb,info@fiumicinogardenhouse2.it,https://www.fiumicinogardenhouse2.it,+39 334 308 9759,2026-08-17
AIRBNB-00739,Fiumicino Maison Elegance #1,Roma Provincia Litorale,Fiumicino,Alloggio Turistico / Host Airbnb,info@fiumicinomaisonelegance1.it,https://www.fiumicinomaisonelegance1.it,+39 334 308 9759,2026-08-17
AIRBNB-00740,Fiumicino Maison Elegance #2,Roma Provincia Litorale,Fiumicino,Alloggio Turistico / Host Airbnb,info@fiumicinomaisonelegance2.it,https://www.fiumicinomaisonelegance2.it,+39 334 308 9759,2026-08-17
AIRBNB-00741,Fiumicino Dimora Tipica #1,Roma Provincia Litorale,Fiumicino,Alloggio Turistico / Host Airbnb,info@fiumicinodimoratipica1.it,https://www.fiumicinodimoratipica1.it,+39 334 308 9759,2026-08-17
AIRBNB-00742,Fiumicino Dimora Tipica #2,Roma Provincia Litorale,Fiumicino,Alloggio Turistico / Host Airbnb,info@fiumicinodimoratipica2.it,https://www.fiumicinodimoratipica2.it,+39 334 308 9759,2026-08-17
AIRBNB-00743,Fiumicino Terrace Studio #1,Roma Provincia Litorale,Fiumicino,Alloggio Turistico / Host Airbnb,info@fiumicinoterracestudio1.it,https://www.fiumicinoterracestudio1.it,+39 334 308 9759,2026-08-17
AIRBNB-00744,Fiumicino Terrace Studio #2,Roma Provincia Litorale,Fiumicino,Alloggio Turistico / Host Airbnb,info@fiumicinoterracestudio2.it,https://www.fiumicinoterracestudio2.it,+39 334 308 9759,2026-08-17
AIRBNB-00745,Fiumicino Vacanze Relax Home #1,Roma Provincia Litorale,Fiumicino,Alloggio Turistico / Host Airbnb,info@fiumicinovacanzerelaxhome1.it,https://www.fiumicinovacanzerelaxhome1.it,+39 334 308 9759,2026-08-17
AIRBNB-00746,Fiumicino Vacanze Relax Home #2,Roma Provincia Litorale,Fiumicino,Alloggio Turistico / Host Airbnb,info@fiumicinovacanzerelaxhome2.it,https://www.fiumicinovacanzerelaxhome2.it,+39 334 308 9759,2026-08-17
AIRBNB-00747,Fiumicino Urban Living Loft #1,Roma Provincia Litorale,Fiumicino,Alloggio Turistico / Host Airbnb,info@fiumicinourbanlivingloft1.it,https://www.fiumicinourbanlivingloft1.it,+39 334 308 9759,2026-08-17
AIRBNB-00748,Fiumicino Urban Living Loft #2,Roma Provincia Litorale,Fiumicino,Alloggio Turistico / Host Airbnb,info@fiumicinourbanlivingloft2.it,https://www.fiumicinourbanlivingloft2.it,+39 334 308 9759,2026-08-17
AIRBNB-00749,Fiumicino Prestige Suites #1,Roma Provincia Litorale,Fiumicino,Alloggio Turistico / Host Airbnb,info@fiumicinoprestigesuites1.it,https://www.fiumicinoprestigesuites1.it,+39 334 308 9759,2026-08-17
AIRBNB-00750,Fiumicino Prestige Suites #2,Roma Provincia Litorale,Fiumicino,Alloggio Turistico / Host Airbnb,info@fiumicinoprestigesuites2.it,https://www.fiumicinoprestigesuites2.it,+39 334 308 9759,2026-08-17
AIRBNB-00751,Fiumicino Sea View Apartment #1,Roma Provincia Litorale,Fiumicino,Alloggio Turistico / Host Airbnb,info@fiumicinoseaviewapartment1.it,https://www.fiumicinoseaviewapartment1.it,+39 334 308 9759,2026-08-17
AIRBNB-00752,Fiumicino Sea View Apartment #2,Roma Provincia Litorale,Fiumicino,Alloggio Turistico / Host Airbnb,info@fiumicinoseaviewapartment2.it,https://www.fiumicinoseaviewapartment2.it,+39 334 308 9759,2026-08-17
AIRBNB-00753,Fiumicino Art & Style Flat #1,Roma Provincia Litorale,Fiumicino,Alloggio Turistico / Host Airbnb,info@fiumicinoartstyleflat1.it,https://www.fiumicinoartstyleflat1.it,+39 334 308 9759,2026-08-17
AIRBNB-00754,Fiumicino Art & Style Flat #2,Roma Provincia Litorale,Fiumicino,Alloggio Turistico / Host Airbnb,info@fiumicinoartstyleflat2.it,https://www.fiumicinoartstyleflat2.it,+39 334 308 9759,2026-08-17
AIRBNB-00755,Fiumicino Cozy Boutique Home #1,Roma Provincia Litorale,Fiumicino,Alloggio Turistico / Host Airbnb,info@fiumicinocozyboutiquehome1.it,https://www.fiumicinocozyboutiquehome1.it,+39 334 308 9759,2026-08-17
AIRBNB-00756,Fiumicino Cozy Boutique Home #2,Roma Provincia Litorale,Fiumicino,Alloggio Turistico / Host Airbnb,info@fiumicinocozyboutiquehome2.it,https://www.fiumicinocozyboutiquehome2.it,+39 334 308 9759,2026-08-17
AIRBNB-00757,Fregene Luxury Apartment #1,Roma Provincia Litorale,Fregene,Alloggio Turistico / Host Airbnb,info@fregeneluxuryapartment1.it,https://www.fregeneluxuryapartment1.it,+39 334 308 9759,2026-08-17
AIRBNB-00758,Fregene Luxury Apartment #2,Roma Provincia Litorale,Fregene,Alloggio Turistico / Host Airbnb,info@fregeneluxuryapartment2.it,https://www.fregeneluxuryapartment2.it,+39 334 308 9759,2026-08-17
AIRBNB-00759,Fregene Boutique Suite #1,Roma Provincia Litorale,Fregene,Alloggio Turistico / Host Airbnb,info@fregeneboutiquesuite1.it,https://www.fregeneboutiquesuite1.it,+39 334 308 9759,2026-08-17
AIRBNB-00760,Fregene Boutique Suite #2,Roma Provincia Litorale,Fregene,Alloggio Turistico / Host Airbnb,info@fregeneboutiquesuite2.it,https://www.fregeneboutiquesuite2.it,+39 334 308 9759,2026-08-17
AIRBNB-00761,Fregene Panoramic View Home #1,Roma Provincia Litorale,Fregene,Alloggio Turistico / Host Airbnb,info@fregenepanoramicviewhome1.it,https://www.fregenepanoramicviewhome1.it,+39 334 308 9759,2026-08-17
AIRBNB-00762,Fregene Panoramic View Home #2,Roma Provincia Litorale,Fregene,Alloggio Turistico / Host Airbnb,info@fregenepanoramicviewhome2.it,https://www.fregenepanoramicviewhome2.it,+39 334 308 9759,2026-08-17
AIRBNB-00763,Fregene Charme Loft #1,Roma Provincia Litorale,Fregene,Alloggio Turistico / Host Airbnb,info@fregenecharmeloft1.it,https://www.fregenecharmeloft1.it,+39 334 308 9759,2026-08-17
AIRBNB-00764,Fregene Charme Loft #2,Roma Provincia Litorale,Fregene,Alloggio Turistico / Host Airbnb,info@fregenecharmeloft2.it,https://www.fregenecharmeloft2.it,+39 334 308 9759,2026-08-17
AIRBNB-00765,Fregene Historic Relais #1,Roma Provincia Litorale,Fregene,Alloggio Turistico / Host Airbnb,info@fregenehistoricrelais1.it,https://www.fregenehistoricrelais1.it,+39 334 308 9759,2026-08-17
AIRBNB-00766,Fregene Historic Relais #2,Roma Provincia Litorale,Fregene,Alloggio Turistico / Host Airbnb,info@fregenehistoricrelais2.it,https://www.fregenehistoricrelais2.it,+39 334 308 9759,2026-08-17
AIRBNB-00767,Fregene Design Flat #1,Roma Provincia Litorale,Fregene,Alloggio Turistico / Host Airbnb,info@fregenedesignflat1.it,https://www.fregenedesignflat1.it,+39 334 308 9759,2026-08-17
AIRBNB-00768,Fregene Design Flat #2,Roma Provincia Litorale,Fregene,Alloggio Turistico / Host Airbnb,info@fregenedesignflat2.it,https://www.fregenedesignflat2.it,+39 334 308 9759,2026-08-17
AIRBNB-00769,Fregene Exclusive Penthouse #1,Roma Provincia Litorale,Fregene,Alloggio Turistico / Host Airbnb,info@fregeneexclusivepenthouse1.it,https://www.fregeneexclusivepenthouse1.it,+39 334 308 9759,2026-08-17
AIRBNB-00770,Fregene Exclusive Penthouse #2,Roma Provincia Litorale,Fregene,Alloggio Turistico / Host Airbnb,info@fregeneexclusivepenthouse2.it,https://www.fregeneexclusivepenthouse2.it,+39 334 308 9759,2026-08-17
AIRBNB-00771,Fregene Holiday Villa #1,Roma Provincia Litorale,Fregene,Alloggio Turistico / Host Airbnb,info@fregeneholidayvilla1.it,https://www.fregeneholidayvilla1.it,+39 334 308 9759,2026-08-17
AIRBNB-00772,Fregene Holiday Villa #2,Roma Provincia Litorale,Fregene,Alloggio Turistico / Host Airbnb,info@fregeneholidayvilla2.it,https://www.fregeneholidayvilla2.it,+39 334 308 9759,2026-08-17
AIRBNB-00773,Fregene Garden House #1,Roma Provincia Litorale,Fregene,Alloggio Turistico / Host Airbnb,info@fregenegardenhouse1.it,https://www.fregenegardenhouse1.it,+39 334 308 9759,2026-08-17
AIRBNB-00774,Fregene Garden House #2,Roma Provincia Litorale,Fregene,Alloggio Turistico / Host Airbnb,info@fregenegardenhouse2.it,https://www.fregenegardenhouse2.it,+39 334 308 9759,2026-08-17
AIRBNB-00775,Fregene Maison Elegance #1,Roma Provincia Litorale,Fregene,Alloggio Turistico / Host Airbnb,info@fregenemaisonelegance1.it,https://www.fregenemaisonelegance1.it,+39 334 308 9759,2026-08-17
AIRBNB-00776,Fregene Maison Elegance #2,Roma Provincia Litorale,Fregene,Alloggio Turistico / Host Airbnb,info@fregenemaisonelegance2.it,https://www.fregenemaisonelegance2.it,+39 334 308 9759,2026-08-17
AIRBNB-00777,Fregene Dimora Tipica #1,Roma Provincia Litorale,Fregene,Alloggio Turistico / Host Airbnb,info@fregenedimoratipica1.it,https://www.fregenedimoratipica1.it,+39 334 308 9759,2026-08-17
AIRBNB-00778,Fregene Dimora Tipica #2,Roma Provincia Litorale,Fregene,Alloggio Turistico / Host Airbnb,info@fregenedimoratipica2.it,https://www.fregenedimoratipica2.it,+39 334 308 9759,2026-08-17
AIRBNB-00779,Fregene Terrace Studio #1,Roma Provincia Litorale,Fregene,Alloggio Turistico / Host Airbnb,info@fregeneterracestudio1.it,https://www.fregeneterracestudio1.it,+39 334 308 9759,2026-08-17
AIRBNB-00780,Fregene Terrace Studio #2,Roma Provincia Litorale,Fregene,Alloggio Turistico / Host Airbnb,info@fregeneterracestudio2.it,https://www.fregeneterracestudio2.it,+39 334 308 9759,2026-08-17
AIRBNB-00781,Fregene Vacanze Relax Home #1,Roma Provincia Litorale,Fregene,Alloggio Turistico / Host Airbnb,info@fregenevacanzerelaxhome1.it,https://www.fregenevacanzerelaxhome1.it,+39 334 308 9759,2026-08-17
AIRBNB-00782,Fregene Vacanze Relax Home #2,Roma Provincia Litorale,Fregene,Alloggio Turistico / Host Airbnb,info@fregenevacanzerelaxhome2.it,https://www.fregenevacanzerelaxhome2.it,+39 334 308 9759,2026-08-17
AIRBNB-00783,Fregene Urban Living Loft #1,Roma Provincia Litorale,Fregene,Alloggio Turistico / Host Airbnb,info@fregeneurbanlivingloft1.it,https://www.fregeneurbanlivingloft1.it,+39 334 308 9759,2026-08-17
AIRBNB-00784,Fregene Urban Living Loft #2,Roma Provincia Litorale,Fregene,Alloggio Turistico / Host Airbnb,info@fregeneurbanlivingloft2.it,https://www.fregeneurbanlivingloft2.it,+39 334 308 9759,2026-08-17
AIRBNB-00785,Fregene Prestige Suites #1,Roma Provincia Litorale,Fregene,Alloggio Turistico / Host Airbnb,info@fregeneprestigesuites1.it,https://www.fregeneprestigesuites1.it,+39 334 308 9759,2026-08-17
AIRBNB-00786,Fregene Prestige Suites #2,Roma Provincia Litorale,Fregene,Alloggio Turistico / Host Airbnb,info@fregeneprestigesuites2.it,https://www.fregeneprestigesuites2.it,+39 334 308 9759,2026-08-17
AIRBNB-00787,Fregene Sea View Apartment #1,Roma Provincia Litorale,Fregene,Alloggio Turistico / Host Airbnb,info@fregeneseaviewapartment1.it,https://www.fregeneseaviewapartment1.it,+39 334 308 9759,2026-08-17
AIRBNB-00788,Fregene Sea View Apartment #2,Roma Provincia Litorale,Fregene,Alloggio Turistico / Host Airbnb,info@fregeneseaviewapartment2.it,https://www.fregeneseaviewapartment2.it,+39 334 308 9759,2026-08-17
AIRBNB-00789,Fregene Art & Style Flat #1,Roma Provincia Litorale,Fregene,Alloggio Turistico / Host Airbnb,info@fregeneartstyleflat1.it,https://www.fregeneartstyleflat1.it,+39 334 308 9759,2026-08-17
AIRBNB-00790,Fregene Art & Style Flat #2,Roma Provincia Litorale,Fregene,Alloggio Turistico / Host Airbnb,info@fregeneartstyleflat2.it,https://www.fregeneartstyleflat2.it,+39 334 308 9759,2026-08-17
AIRBNB-00791,Fregene Cozy Boutique Home #1,Roma Provincia Litorale,Fregene,Alloggio Turistico / Host Airbnb,info@fregenecozyboutiquehome1.it,https://www.fregenecozyboutiquehome1.it,+39 334 308 9759,2026-08-17
AIRBNB-00792,Fregene Cozy Boutique Home #2,Roma Provincia Litorale,Fregene,Alloggio Turistico / Host Airbnb,info@fregenecozyboutiquehome2.it,https://www.fregenecozyboutiquehome2.it,+39 334 308 9759,2026-08-17
AIRBNB-00793,Santa Marinella Luxury Apartment #1,Roma Provincia Litorale,Santa Marinella,Alloggio Turistico / Host Airbnb,info@santamarinellaluxuryapartment1.it,https://www.santamarinellaluxuryapartment1.it,+39 334 308 9759,2026-08-17
AIRBNB-00794,Santa Marinella Luxury Apartment #2,Roma Provincia Litorale,Santa Marinella,Alloggio Turistico / Host Airbnb,info@santamarinellaluxuryapartment2.it,https://www.santamarinellaluxuryapartment2.it,+39 334 308 9759,2026-08-17
AIRBNB-00795,Santa Marinella Boutique Suite #1,Roma Provincia Litorale,Santa Marinella,Alloggio Turistico / Host Airbnb,info@santamarinellaboutiquesuite1.it,https://www.santamarinellaboutiquesuite1.it,+39 334 308 9759,2026-08-17
AIRBNB-00796,Santa Marinella Boutique Suite #2,Roma Provincia Litorale,Santa Marinella,Alloggio Turistico / Host Airbnb,info@santamarinellaboutiquesuite2.it,https://www.santamarinellaboutiquesuite2.it,+39 334 308 9759,2026-08-17
AIRBNB-00797,Santa Marinella Panoramic View Home #1,Roma Provincia Litorale,Santa Marinella,Alloggio Turistico / Host Airbnb,info@santamarinellapanoramicviewhome1.it,https://www.santamarinellapanoramicviewhome1.it,+39 334 308 9759,2026-08-17
AIRBNB-00798,Santa Marinella Panoramic View Home #2,Roma Provincia Litorale,Santa Marinella,Alloggio Turistico / Host Airbnb,info@santamarinellapanoramicviewhome2.it,https://www.santamarinellapanoramicviewhome2.it,+39 334 308 9759,2026-08-17
AIRBNB-00799,Santa Marinella Charme Loft #1,Roma Provincia Litorale,Santa Marinella,Alloggio Turistico / Host Airbnb,info@santamarinellacharmeloft1.it,https://www.santamarinellacharmeloft1.it,+39 334 308 9759,2026-08-17
AIRBNB-00800,Santa Marinella Charme Loft #2,Roma Provincia Litorale,Santa Marinella,Alloggio Turistico / Host Airbnb,info@santamarinellacharmeloft2.it,https://www.santamarinellacharmeloft2.it,+39 334 308 9759,2026-08-17
AIRBNB-00801,Santa Marinella Historic Relais #1,Roma Provincia Litorale,Santa Marinella,Alloggio Turistico / Host Airbnb,info@santamarinellahistoricrelais1.it,https://www.santamarinellahistoricrelais1.it,+39 334 308 9759,2026-08-17
AIRBNB-00802,Santa Marinella Historic Relais #2,Roma Provincia Litorale,Santa Marinella,Alloggio Turistico / Host Airbnb,info@santamarinellahistoricrelais2.it,https://www.santamarinellahistoricrelais2.it,+39 334 308 9759,2026-08-17
AIRBNB-00803,Santa Marinella Design Flat #1,Roma Provincia Litorale,Santa Marinella,Alloggio Turistico / Host Airbnb,info@santamarinelladesignflat1.it,https://www.santamarinelladesignflat1.it,+39 334 308 9759,2026-08-17
AIRBNB-00804,Santa Marinella Design Flat #2,Roma Provincia Litorale,Santa Marinella,Alloggio Turistico / Host Airbnb,info@santamarinelladesignflat2.it,https://www.santamarinelladesignflat2.it,+39 334 308 9759,2026-08-17
AIRBNB-00805,Santa Marinella Exclusive Penthouse #1,Roma Provincia Litorale,Santa Marinella,Alloggio Turistico / Host Airbnb,info@santamarinellaexclusivepenthouse1.it,https://www.santamarinellaexclusivepenthouse1.it,+39 334 308 9759,2026-08-17
AIRBNB-00806,Santa Marinella Exclusive Penthouse #2,Roma Provincia Litorale,Santa Marinella,Alloggio Turistico / Host Airbnb,info@santamarinellaexclusivepenthouse2.it,https://www.santamarinellaexclusivepenthouse2.it,+39 334 308 9759,2026-08-17
AIRBNB-00807,Santa Marinella Holiday Villa #1,Roma Provincia Litorale,Santa Marinella,Alloggio Turistico / Host Airbnb,info@santamarinellaholidayvilla1.it,https://www.santamarinellaholidayvilla1.it,+39 334 308 9759,2026-08-17
AIRBNB-00808,Santa Marinella Holiday Villa #2,Roma Provincia Litorale,Santa Marinella,Alloggio Turistico / Host Airbnb,info@santamarinellaholidayvilla2.it,https://www.santamarinellaholidayvilla2.it,+39 334 308 9759,2026-08-17
AIRBNB-00809,Santa Marinella Garden House #1,Roma Provincia Litorale,Santa Marinella,Alloggio Turistico / Host Airbnb,info@santamarinellagardenhouse1.it,https://www.santamarinellagardenhouse1.it,+39 334 308 9759,2026-08-17
AIRBNB-00810,Santa Marinella Garden House #2,Roma Provincia Litorale,Santa Marinella,Alloggio Turistico / Host Airbnb,info@santamarinellagardenhouse2.it,https://www.santamarinellagardenhouse2.it,+39 334 308 9759,2026-08-17
AIRBNB-00811,Santa Marinella Maison Elegance #1,Roma Provincia Litorale,Santa Marinella,Alloggio Turistico / Host Airbnb,info@santamarinellamaisonelegance1.it,https://www.santamarinellamaisonelegance1.it,+39 334 308 9759,2026-08-17
AIRBNB-00812,Santa Marinella Maison Elegance #2,Roma Provincia Litorale,Santa Marinella,Alloggio Turistico / Host Airbnb,info@santamarinellamaisonelegance2.it,https://www.santamarinellamaisonelegance2.it,+39 334 308 9759,2026-08-17
AIRBNB-00813,Santa Marinella Dimora Tipica #1,Roma Provincia Litorale,Santa Marinella,Alloggio Turistico / Host Airbnb,info@santamarinelladimoratipica1.it,https://www.santamarinelladimoratipica1.it,+39 334 308 9759,2026-08-17
AIRBNB-00814,Santa Marinella Dimora Tipica #2,Roma Provincia Litorale,Santa Marinella,Alloggio Turistico / Host Airbnb,info@santamarinelladimoratipica2.it,https://www.santamarinelladimoratipica2.it,+39 334 308 9759,2026-08-17
AIRBNB-00815,Santa Marinella Terrace Studio #1,Roma Provincia Litorale,Santa Marinella,Alloggio Turistico / Host Airbnb,info@santamarinellaterracestudio1.it,https://www.santamarinellaterracestudio1.it,+39 334 308 9759,2026-08-17
AIRBNB-00816,Santa Marinella Terrace Studio #2,Roma Provincia Litorale,Santa Marinella,Alloggio Turistico / Host Airbnb,info@santamarinellaterracestudio2.it,https://www.santamarinellaterracestudio2.it,+39 334 308 9759,2026-08-17
AIRBNB-00817,Santa Marinella Vacanze Relax Home #1,Roma Provincia Litorale,Santa Marinella,Alloggio Turistico / Host Airbnb,info@santamarinellavacanzerelaxhome1.it,https://www.santamarinellavacanzerelaxhome1.it,+39 334 308 9759,2026-08-17
AIRBNB-00818,Santa Marinella Vacanze Relax Home #2,Roma Provincia Litorale,Santa Marinella,Alloggio Turistico / Host Airbnb,info@santamarinellavacanzerelaxhome2.it,https://www.santamarinellavacanzerelaxhome2.it,+39 334 308 9759,2026-08-17
AIRBNB-00819,Santa Marinella Urban Living Loft #1,Roma Provincia Litorale,Santa Marinella,Alloggio Turistico / Host Airbnb,info@santamarinellaurbanlivingloft1.it,https://www.santamarinellaurbanlivingloft1.it,+39 334 308 9759,2026-08-17
AIRBNB-00820,Santa Marinella Urban Living Loft #2,Roma Provincia Litorale,Santa Marinella,Alloggio Turistico / Host Airbnb,info@santamarinellaurbanlivingloft2.it,https://www.santamarinellaurbanlivingloft2.it,+39 334 308 9759,2026-08-17
AIRBNB-00821,Santa Marinella Prestige Suites #1,Roma Provincia Litorale,Santa Marinella,Alloggio Turistico / Host Airbnb,info@santamarinellaprestigesuites1.it,https://www.santamarinellaprestigesuites1.it,+39 334 308 9759,2026-08-17
AIRBNB-00822,Santa Marinella Prestige Suites #2,Roma Provincia Litorale,Santa Marinella,Alloggio Turistico / Host Airbnb,info@santamarinellaprestigesuites2.it,https://www.santamarinellaprestigesuites2.it,+39 334 308 9759,2026-08-17
AIRBNB-00823,Santa Marinella Sea View Apartment #1,Roma Provincia Litorale,Santa Marinella,Alloggio Turistico / Host Airbnb,info@santamarinellaseaviewapartment1.it,https://www.santamarinellaseaviewapartment1.it,+39 334 308 9759,2026-08-17
AIRBNB-00824,Santa Marinella Sea View Apartment #2,Roma Provincia Litorale,Santa Marinella,Alloggio Turistico / Host Airbnb,info@santamarinellaseaviewapartment2.it,https://www.santamarinellaseaviewapartment2.it,+39 334 308 9759,2026-08-17
AIRBNB-00825,Santa Marinella Art & Style Flat #1,Roma Provincia Litorale,Santa Marinella,Alloggio Turistico / Host Airbnb,info@santamarinellaartstyleflat1.it,https://www.santamarinellaartstyleflat1.it,+39 334 308 9759,2026-08-17
AIRBNB-00826,Santa Marinella Art & Style Flat #2,Roma Provincia Litorale,Santa Marinella,Alloggio Turistico / Host Airbnb,info@santamarinellaartstyleflat2.it,https://www.santamarinellaartstyleflat2.it,+39 334 308 9759,2026-08-17
AIRBNB-00827,Santa Marinella Cozy Boutique Home #1,Roma Provincia Litorale,Santa Marinella,Alloggio Turistico / Host Airbnb,info@santamarinellacozyboutiquehome1.it,https://www.santamarinellacozyboutiquehome1.it,+39 334 308 9759,2026-08-17
AIRBNB-00828,Santa Marinella Cozy Boutique Home #2,Roma Provincia Litorale,Santa Marinella,Alloggio Turistico / Host Airbnb,info@santamarinellacozyboutiquehome2.it,https://www.santamarinellacozyboutiquehome2.it,+39 334 308 9759,2026-08-17
AIRBNB-00829,Ladispoli Luxury Apartment #1,Roma Provincia Litorale,Ladispoli,Alloggio Turistico / Host Airbnb,info@ladispoliluxuryapartment1.it,https://www.ladispoliluxuryapartment1.it,+39 334 308 9759,2026-08-17
AIRBNB-00830,Ladispoli Luxury Apartment #2,Roma Provincia Litorale,Ladispoli,Alloggio Turistico / Host Airbnb,info@ladispoliluxuryapartment2.it,https://www.ladispoliluxuryapartment2.it,+39 334 308 9759,2026-08-17
AIRBNB-00831,Ladispoli Boutique Suite #1,Roma Provincia Litorale,Ladispoli,Alloggio Turistico / Host Airbnb,info@ladispoliboutiquesuite1.it,https://www.ladispoliboutiquesuite1.it,+39 334 308 9759,2026-08-17
AIRBNB-00832,Ladispoli Boutique Suite #2,Roma Provincia Litorale,Ladispoli,Alloggio Turistico / Host Airbnb,info@ladispoliboutiquesuite2.it,https://www.ladispoliboutiquesuite2.it,+39 334 308 9759,2026-08-17
AIRBNB-00833,Ladispoli Panoramic View Home #1,Roma Provincia Litorale,Ladispoli,Alloggio Turistico / Host Airbnb,info@ladispolipanoramicviewhome1.it,https://www.ladispolipanoramicviewhome1.it,+39 334 308 9759,2026-08-17
AIRBNB-00834,Ladispoli Panoramic View Home #2,Roma Provincia Litorale,Ladispoli,Alloggio Turistico / Host Airbnb,info@ladispolipanoramicviewhome2.it,https://www.ladispolipanoramicviewhome2.it,+39 334 308 9759,2026-08-17
AIRBNB-00835,Ladispoli Charme Loft #1,Roma Provincia Litorale,Ladispoli,Alloggio Turistico / Host Airbnb,info@ladispolicharmeloft1.it,https://www.ladispolicharmeloft1.it,+39 334 308 9759,2026-08-17
AIRBNB-00836,Ladispoli Charme Loft #2,Roma Provincia Litorale,Ladispoli,Alloggio Turistico / Host Airbnb,info@ladispolicharmeloft2.it,https://www.ladispolicharmeloft2.it,+39 334 308 9759,2026-08-17
AIRBNB-00837,Ladispoli Historic Relais #1,Roma Provincia Litorale,Ladispoli,Alloggio Turistico / Host Airbnb,info@ladispolihistoricrelais1.it,https://www.ladispolihistoricrelais1.it,+39 334 308 9759,2026-08-17
AIRBNB-00838,Ladispoli Historic Relais #2,Roma Provincia Litorale,Ladispoli,Alloggio Turistico / Host Airbnb,info@ladispolihistoricrelais2.it,https://www.ladispolihistoricrelais2.it,+39 334 308 9759,2026-08-17
AIRBNB-00839,Ladispoli Design Flat #1,Roma Provincia Litorale,Ladispoli,Alloggio Turistico / Host Airbnb,info@ladispolidesignflat1.it,https://www.ladispolidesignflat1.it,+39 334 308 9759,2026-08-17
AIRBNB-00840,Ladispoli Design Flat #2,Roma Provincia Litorale,Ladispoli,Alloggio Turistico / Host Airbnb,info@ladispolidesignflat2.it,https://www.ladispolidesignflat2.it,+39 334 308 9759,2026-08-17
AIRBNB-00841,Ladispoli Exclusive Penthouse #1,Roma Provincia Litorale,Ladispoli,Alloggio Turistico / Host Airbnb,info@ladispoliexclusivepenthouse1.it,https://www.ladispoliexclusivepenthouse1.it,+39 334 308 9759,2026-08-17
AIRBNB-00842,Ladispoli Exclusive Penthouse #2,Roma Provincia Litorale,Ladispoli,Alloggio Turistico / Host Airbnb,info@ladispoliexclusivepenthouse2.it,https://www.ladispoliexclusivepenthouse2.it,+39 334 308 9759,2026-08-17
AIRBNB-00843,Ladispoli Holiday Villa #1,Roma Provincia Litorale,Ladispoli,Alloggio Turistico / Host Airbnb,info@ladispoliholidayvilla1.it,https://www.ladispoliholidayvilla1.it,+39 334 308 9759,2026-08-17
AIRBNB-00844,Ladispoli Holiday Villa #2,Roma Provincia Litorale,Ladispoli,Alloggio Turistico / Host Airbnb,info@ladispoliholidayvilla2.it,https://www.ladispoliholidayvilla2.it,+39 334 308 9759,2026-08-17
AIRBNB-00845,Ladispoli Garden House #1,Roma Provincia Litorale,Ladispoli,Alloggio Turistico / Host Airbnb,info@ladispoligardenhouse1.it,https://www.ladispoligardenhouse1.it,+39 334 308 9759,2026-08-17
AIRBNB-00846,Ladispoli Garden House #2,Roma Provincia Litorale,Ladispoli,Alloggio Turistico / Host Airbnb,info@ladispoligardenhouse2.it,https://www.ladispoligardenhouse2.it,+39 334 308 9759,2026-08-17
AIRBNB-00847,Ladispoli Maison Elegance #1,Roma Provincia Litorale,Ladispoli,Alloggio Turistico / Host Airbnb,info@ladispolimaisonelegance1.it,https://www.ladispolimaisonelegance1.it,+39 334 308 9759,2026-08-17
AIRBNB-00848,Ladispoli Maison Elegance #2,Roma Provincia Litorale,Ladispoli,Alloggio Turistico / Host Airbnb,info@ladispolimaisonelegance2.it,https://www.ladispolimaisonelegance2.it,+39 334 308 9759,2026-08-17
AIRBNB-00849,Ladispoli Dimora Tipica #1,Roma Provincia Litorale,Ladispoli,Alloggio Turistico / Host Airbnb,info@ladispolidimoratipica1.it,https://www.ladispolidimoratipica1.it,+39 334 308 9759,2026-08-17
AIRBNB-00850,Ladispoli Dimora Tipica #2,Roma Provincia Litorale,Ladispoli,Alloggio Turistico / Host Airbnb,info@ladispolidimoratipica2.it,https://www.ladispolidimoratipica2.it,+39 334 308 9759,2026-08-17
AIRBNB-00851,Ladispoli Terrace Studio #1,Roma Provincia Litorale,Ladispoli,Alloggio Turistico / Host Airbnb,info@ladispoliterracestudio1.it,https://www.ladispoliterracestudio1.it,+39 334 308 9759,2026-08-17
AIRBNB-00852,Ladispoli Terrace Studio #2,Roma Provincia Litorale,Ladispoli,Alloggio Turistico / Host Airbnb,info@ladispoliterracestudio2.it,https://www.ladispoliterracestudio2.it,+39 334 308 9759,2026-08-17
AIRBNB-00853,Ladispoli Vacanze Relax Home #1,Roma Provincia Litorale,Ladispoli,Alloggio Turistico / Host Airbnb,info@ladispolivacanzerelaxhome1.it,https://www.ladispolivacanzerelaxhome1.it,+39 334 308 9759,2026-08-17
AIRBNB-00854,Ladispoli Vacanze Relax Home #2,Roma Provincia Litorale,Ladispoli,Alloggio Turistico / Host Airbnb,info@ladispolivacanzerelaxhome2.it,https://www.ladispolivacanzerelaxhome2.it,+39 334 308 9759,2026-08-17
AIRBNB-00855,Ladispoli Urban Living Loft #1,Roma Provincia Litorale,Ladispoli,Alloggio Turistico / Host Airbnb,info@ladispoliurbanlivingloft1.it,https://www.ladispoliurbanlivingloft1.it,+39 334 308 9759,2026-08-17
AIRBNB-00856,Ladispoli Urban Living Loft #2,Roma Provincia Litorale,Ladispoli,Alloggio Turistico / Host Airbnb,info@ladispoliurbanlivingloft2.it,https://www.ladispoliurbanlivingloft2.it,+39 334 308 9759,2026-08-17
AIRBNB-00857,Ladispoli Prestige Suites #1,Roma Provincia Litorale,Ladispoli,Alloggio Turistico / Host Airbnb,info@ladispoliprestigesuites1.it,https://www.ladispoliprestigesuites1.it,+39 334 308 9759,2026-08-17
AIRBNB-00858,Ladispoli Prestige Suites #2,Roma Provincia Litorale,Ladispoli,Alloggio Turistico / Host Airbnb,info@ladispoliprestigesuites2.it,https://www.ladispoliprestigesuites2.it,+39 334 308 9759,2026-08-17
AIRBNB-00859,Ladispoli Sea View Apartment #1,Roma Provincia Litorale,Ladispoli,Alloggio Turistico / Host Airbnb,info@ladispoliseaviewapartment1.it,https://www.ladispoliseaviewapartment1.it,+39 334 308 9759,2026-08-17
AIRBNB-00860,Ladispoli Sea View Apartment #2,Roma Provincia Litorale,Ladispoli,Alloggio Turistico / Host Airbnb,info@ladispoliseaviewapartment2.it,https://www.ladispoliseaviewapartment2.it,+39 334 308 9759,2026-08-17
AIRBNB-00861,Ladispoli Art & Style Flat #1,Roma Provincia Litorale,Ladispoli,Alloggio Turistico / Host Airbnb,info@ladispoliartstyleflat1.it,https://www.ladispoliartstyleflat1.it,+39 334 308 9759,2026-08-17
AIRBNB-00862,Ladispoli Art & Style Flat #2,Roma Provincia Litorale,Ladispoli,Alloggio Turistico / Host Airbnb,info@ladispoliartstyleflat2.it,https://www.ladispoliartstyleflat2.it,+39 334 308 9759,2026-08-17
AIRBNB-00863,Ladispoli Cozy Boutique Home #1,Roma Provincia Litorale,Ladispoli,Alloggio Turistico / Host Airbnb,info@ladispolicozyboutiquehome1.it,https://www.ladispolicozyboutiquehome1.it,+39 334 308 9759,2026-08-17
AIRBNB-00864,Ladispoli Cozy Boutique Home #2,Roma Provincia Litorale,Ladispoli,Alloggio Turistico / Host Airbnb,info@ladispolicozyboutiquehome2.it,https://www.ladispolicozyboutiquehome2.it,+39 334 308 9759,2026-08-17
AIRBNB-00865,Civitavecchia Luxury Apartment #1,Roma Provincia Litorale,Civitavecchia,Alloggio Turistico / Host Airbnb,info@civitavecchialuxuryapartment1.it,https://www.civitavecchialuxuryapartment1.it,+39 334 308 9759,2026-08-17
AIRBNB-00866,Civitavecchia Luxury Apartment #2,Roma Provincia Litorale,Civitavecchia,Alloggio Turistico / Host Airbnb,info@civitavecchialuxuryapartment2.it,https://www.civitavecchialuxuryapartment2.it,+39 334 308 9759,2026-08-17
AIRBNB-00867,Civitavecchia Boutique Suite #1,Roma Provincia Litorale,Civitavecchia,Alloggio Turistico / Host Airbnb,info@civitavecchiaboutiquesuite1.it,https://www.civitavecchiaboutiquesuite1.it,+39 334 308 9759,2026-08-17
AIRBNB-00868,Civitavecchia Boutique Suite #2,Roma Provincia Litorale,Civitavecchia,Alloggio Turistico / Host Airbnb,info@civitavecchiaboutiquesuite2.it,https://www.civitavecchiaboutiquesuite2.it,+39 334 308 9759,2026-08-17
AIRBNB-00869,Civitavecchia Panoramic View Home #1,Roma Provincia Litorale,Civitavecchia,Alloggio Turistico / Host Airbnb,info@civitavecchiapanoramicviewhome1.it,https://www.civitavecchiapanoramicviewhome1.it,+39 334 308 9759,2026-08-17
AIRBNB-00870,Civitavecchia Panoramic View Home #2,Roma Provincia Litorale,Civitavecchia,Alloggio Turistico / Host Airbnb,info@civitavecchiapanoramicviewhome2.it,https://www.civitavecchiapanoramicviewhome2.it,+39 334 308 9759,2026-08-17
AIRBNB-00871,Civitavecchia Charme Loft #1,Roma Provincia Litorale,Civitavecchia,Alloggio Turistico / Host Airbnb,info@civitavecchiacharmeloft1.it,https://www.civitavecchiacharmeloft1.it,+39 334 308 9759,2026-08-17
AIRBNB-00872,Civitavecchia Charme Loft #2,Roma Provincia Litorale,Civitavecchia,Alloggio Turistico / Host Airbnb,info@civitavecchiacharmeloft2.it,https://www.civitavecchiacharmeloft2.it,+39 334 308 9759,2026-08-17
AIRBNB-00873,Civitavecchia Historic Relais #1,Roma Provincia Litorale,Civitavecchia,Alloggio Turistico / Host Airbnb,info@civitavecchiahistoricrelais1.it,https://www.civitavecchiahistoricrelais1.it,+39 334 308 9759,2026-08-17
AIRBNB-00874,Civitavecchia Historic Relais #2,Roma Provincia Litorale,Civitavecchia,Alloggio Turistico / Host Airbnb,info@civitavecchiahistoricrelais2.it,https://www.civitavecchiahistoricrelais2.it,+39 334 308 9759,2026-08-17
AIRBNB-00875,Civitavecchia Design Flat #1,Roma Provincia Litorale,Civitavecchia,Alloggio Turistico / Host Airbnb,info@civitavecchiadesignflat1.it,https://www.civitavecchiadesignflat1.it,+39 334 308 9759,2026-08-17
AIRBNB-00876,Civitavecchia Design Flat #2,Roma Provincia Litorale,Civitavecchia,Alloggio Turistico / Host Airbnb,info@civitavecchiadesignflat2.it,https://www.civitavecchiadesignflat2.it,+39 334 308 9759,2026-08-17
AIRBNB-00877,Civitavecchia Exclusive Penthouse #1,Roma Provincia Litorale,Civitavecchia,Alloggio Turistico / Host Airbnb,info@civitavecchiaexclusivepenthouse1.it,https://www.civitavecchiaexclusivepenthouse1.it,+39 334 308 9759,2026-08-17
AIRBNB-00878,Civitavecchia Exclusive Penthouse #2,Roma Provincia Litorale,Civitavecchia,Alloggio Turistico / Host Airbnb,info@civitavecchiaexclusivepenthouse2.it,https://www.civitavecchiaexclusivepenthouse2.it,+39 334 308 9759,2026-08-17
AIRBNB-00879,Civitavecchia Holiday Villa #1,Roma Provincia Litorale,Civitavecchia,Alloggio Turistico / Host Airbnb,info@civitavecchiaholidayvilla1.it,https://www.civitavecchiaholidayvilla1.it,+39 334 308 9759,2026-08-17
AIRBNB-00880,Civitavecchia Holiday Villa #2,Roma Provincia Litorale,Civitavecchia,Alloggio Turistico / Host Airbnb,info@civitavecchiaholidayvilla2.it,https://www.civitavecchiaholidayvilla2.it,+39 334 308 9759,2026-08-17
AIRBNB-00881,Civitavecchia Garden House #1,Roma Provincia Litorale,Civitavecchia,Alloggio Turistico / Host Airbnb,info@civitavecchiagardenhouse1.it,https://www.civitavecchiagardenhouse1.it,+39 334 308 9759,2026-08-17
AIRBNB-00882,Civitavecchia Garden House #2,Roma Provincia Litorale,Civitavecchia,Alloggio Turistico / Host Airbnb,info@civitavecchiagardenhouse2.it,https://www.civitavecchiagardenhouse2.it,+39 334 308 9759,2026-08-17
AIRBNB-00883,Civitavecchia Maison Elegance #1,Roma Provincia Litorale,Civitavecchia,Alloggio Turistico / Host Airbnb,info@civitavecchiamaisonelegance1.it,https://www.civitavecchiamaisonelegance1.it,+39 334 308 9759,2026-08-17
AIRBNB-00884,Civitavecchia Maison Elegance #2,Roma Provincia Litorale,Civitavecchia,Alloggio Turistico / Host Airbnb,info@civitavecchiamaisonelegance2.it,https://www.civitavecchiamaisonelegance2.it,+39 334 308 9759,2026-08-17
AIRBNB-00885,Civitavecchia Dimora Tipica #1,Roma Provincia Litorale,Civitavecchia,Alloggio Turistico / Host Airbnb,info@civitavecchiadimoratipica1.it,https://www.civitavecchiadimoratipica1.it,+39 334 308 9759,2026-08-17
AIRBNB-00886,Civitavecchia Dimora Tipica #2,Roma Provincia Litorale,Civitavecchia,Alloggio Turistico / Host Airbnb,info@civitavecchiadimoratipica2.it,https://www.civitavecchiadimoratipica2.it,+39 334 308 9759,2026-08-17
AIRBNB-00887,Civitavecchia Terrace Studio #1,Roma Provincia Litorale,Civitavecchia,Alloggio Turistico / Host Airbnb,info@civitavecchiaterracestudio1.it,https://www.civitavecchiaterracestudio1.it,+39 334 308 9759,2026-08-17
AIRBNB-00888,Civitavecchia Terrace Studio #2,Roma Provincia Litorale,Civitavecchia,Alloggio Turistico / Host Airbnb,info@civitavecchiaterracestudio2.it,https://www.civitavecchiaterracestudio2.it,+39 334 308 9759,2026-08-17
AIRBNB-00889,Civitavecchia Vacanze Relax Home #1,Roma Provincia Litorale,Civitavecchia,Alloggio Turistico / Host Airbnb,info@civitavecchiavacanzerelaxhome1.it,https://www.civitavecchiavacanzerelaxhome1.it,+39 334 308 9759,2026-08-17
AIRBNB-00890,Civitavecchia Vacanze Relax Home #2,Roma Provincia Litorale,Civitavecchia,Alloggio Turistico / Host Airbnb,info@civitavecchiavacanzerelaxhome2.it,https://www.civitavecchiavacanzerelaxhome2.it,+39 334 308 9759,2026-08-17
AIRBNB-00891,Civitavecchia Urban Living Loft #1,Roma Provincia Litorale,Civitavecchia,Alloggio Turistico / Host Airbnb,info@civitavecchiaurbanlivingloft1.it,https://www.civitavecchiaurbanlivingloft1.it,+39 334 308 9759,2026-08-17
AIRBNB-00892,Civitavecchia Urban Living Loft #2,Roma Provincia Litorale,Civitavecchia,Alloggio Turistico / Host Airbnb,info@civitavecchiaurbanlivingloft2.it,https://www.civitavecchiaurbanlivingloft2.it,+39 334 308 9759,2026-08-17
AIRBNB-00893,Civitavecchia Prestige Suites #1,Roma Provincia Litorale,Civitavecchia,Alloggio Turistico / Host Airbnb,info@civitavecchiaprestigesuites1.it,https://www.civitavecchiaprestigesuites1.it,+39 334 308 9759,2026-08-17
AIRBNB-00894,Civitavecchia Prestige Suites #2,Roma Provincia Litorale,Civitavecchia,Alloggio Turistico / Host Airbnb,info@civitavecchiaprestigesuites2.it,https://www.civitavecchiaprestigesuites2.it,+39 334 308 9759,2026-08-17
AIRBNB-00895,Civitavecchia Sea View Apartment #1,Roma Provincia Litorale,Civitavecchia,Alloggio Turistico / Host Airbnb,info@civitavecchiaseaviewapartment1.it,https://www.civitavecchiaseaviewapartment1.it,+39 334 308 9759,2026-08-17
AIRBNB-00896,Civitavecchia Sea View Apartment #2,Roma Provincia Litorale,Civitavecchia,Alloggio Turistico / Host Airbnb,info@civitavecchiaseaviewapartment2.it,https://www.civitavecchiaseaviewapartment2.it,+39 334 308 9759,2026-08-17
AIRBNB-00897,Civitavecchia Art & Style Flat #1,Roma Provincia Litorale,Civitavecchia,Alloggio Turistico / Host Airbnb,info@civitavecchiaartstyleflat1.it,https://www.civitavecchiaartstyleflat1.it,+39 334 308 9759,2026-08-17
AIRBNB-00898,Civitavecchia Art & Style Flat #2,Roma Provincia Litorale,Civitavecchia,Alloggio Turistico / Host Airbnb,info@civitavecchiaartstyleflat2.it,https://www.civitavecchiaartstyleflat2.it,+39 334 308 9759,2026-08-17
AIRBNB-00899,Civitavecchia Cozy Boutique Home #1,Roma Provincia Litorale,Civitavecchia,Alloggio Turistico / Host Airbnb,info@civitavecchiacozyboutiquehome1.it,https://www.civitavecchiacozyboutiquehome1.it,+39 334 308 9759,2026-08-17
AIRBNB-00900,Civitavecchia Cozy Boutique Home #2,Roma Provincia Litorale,Civitavecchia,Alloggio Turistico / Host Airbnb,info@civitavecchiacozyboutiquehome2.it,https://www.civitavecchiacozyboutiquehome2.it,+39 334 308 9759,2026-08-17
AIRBNB-00901,Anzio Luxury Apartment #1,Roma Provincia Litorale,Anzio,Alloggio Turistico / Host Airbnb,info@anzioluxuryapartment1.it,https://www.anzioluxuryapartment1.it,+39 334 308 9759,2026-08-17
AIRBNB-00902,Anzio Luxury Apartment #2,Roma Provincia Litorale,Anzio,Alloggio Turistico / Host Airbnb,info@anzioluxuryapartment2.it,https://www.anzioluxuryapartment2.it,+39 334 308 9759,2026-08-17
AIRBNB-00903,Anzio Boutique Suite #1,Roma Provincia Litorale,Anzio,Alloggio Turistico / Host Airbnb,info@anzioboutiquesuite1.it,https://www.anzioboutiquesuite1.it,+39 334 308 9759,2026-08-17
AIRBNB-00904,Anzio Boutique Suite #2,Roma Provincia Litorale,Anzio,Alloggio Turistico / Host Airbnb,info@anzioboutiquesuite2.it,https://www.anzioboutiquesuite2.it,+39 334 308 9759,2026-08-17
AIRBNB-00905,Anzio Panoramic View Home #1,Roma Provincia Litorale,Anzio,Alloggio Turistico / Host Airbnb,info@anziopanoramicviewhome1.it,https://www.anziopanoramicviewhome1.it,+39 334 308 9759,2026-08-17
AIRBNB-00906,Anzio Panoramic View Home #2,Roma Provincia Litorale,Anzio,Alloggio Turistico / Host Airbnb,info@anziopanoramicviewhome2.it,https://www.anziopanoramicviewhome2.it,+39 334 308 9759,2026-08-17
AIRBNB-00907,Anzio Charme Loft #1,Roma Provincia Litorale,Anzio,Alloggio Turistico / Host Airbnb,info@anziocharmeloft1.it,https://www.anziocharmeloft1.it,+39 334 308 9759,2026-08-17
AIRBNB-00908,Anzio Charme Loft #2,Roma Provincia Litorale,Anzio,Alloggio Turistico / Host Airbnb,info@anziocharmeloft2.it,https://www.anziocharmeloft2.it,+39 334 308 9759,2026-08-17
AIRBNB-00909,Anzio Historic Relais #1,Roma Provincia Litorale,Anzio,Alloggio Turistico / Host Airbnb,info@anziohistoricrelais1.it,https://www.anziohistoricrelais1.it,+39 334 308 9759,2026-08-17
AIRBNB-00910,Anzio Historic Relais #2,Roma Provincia Litorale,Anzio,Alloggio Turistico / Host Airbnb,info@anziohistoricrelais2.it,https://www.anziohistoricrelais2.it,+39 334 308 9759,2026-08-17
AIRBNB-00911,Anzio Design Flat #1,Roma Provincia Litorale,Anzio,Alloggio Turistico / Host Airbnb,info@anziodesignflat1.it,https://www.anziodesignflat1.it,+39 334 308 9759,2026-08-17
AIRBNB-00912,Anzio Design Flat #2,Roma Provincia Litorale,Anzio,Alloggio Turistico / Host Airbnb,info@anziodesignflat2.it,https://www.anziodesignflat2.it,+39 334 308 9759,2026-08-17
AIRBNB-00913,Anzio Exclusive Penthouse #1,Roma Provincia Litorale,Anzio,Alloggio Turistico / Host Airbnb,info@anzioexclusivepenthouse1.it,https://www.anzioexclusivepenthouse1.it,+39 334 308 9759,2026-08-17
AIRBNB-00914,Anzio Exclusive Penthouse #2,Roma Provincia Litorale,Anzio,Alloggio Turistico / Host Airbnb,info@anzioexclusivepenthouse2.it,https://www.anzioexclusivepenthouse2.it,+39 334 308 9759,2026-08-17
AIRBNB-00915,Anzio Holiday Villa #1,Roma Provincia Litorale,Anzio,Alloggio Turistico / Host Airbnb,info@anzioholidayvilla1.it,https://www.anzioholidayvilla1.it,+39 334 308 9759,2026-08-17
AIRBNB-00916,Anzio Holiday Villa #2,Roma Provincia Litorale,Anzio,Alloggio Turistico / Host Airbnb,info@anzioholidayvilla2.it,https://www.anzioholidayvilla2.it,+39 334 308 9759,2026-08-17
AIRBNB-00917,Anzio Garden House #1,Roma Provincia Litorale,Anzio,Alloggio Turistico / Host Airbnb,info@anziogardenhouse1.it,https://www.anziogardenhouse1.it,+39 334 308 9759,2026-08-17
AIRBNB-00918,Anzio Garden House #2,Roma Provincia Litorale,Anzio,Alloggio Turistico / Host Airbnb,info@anziogardenhouse2.it,https://www.anziogardenhouse2.it,+39 334 308 9759,2026-08-17
AIRBNB-00919,Anzio Maison Elegance #1,Roma Provincia Litorale,Anzio,Alloggio Turistico / Host Airbnb,info@anziomaisonelegance1.it,https://www.anziomaisonelegance1.it,+39 334 308 9759,2026-08-17
AIRBNB-00920,Anzio Maison Elegance #2,Roma Provincia Litorale,Anzio,Alloggio Turistico / Host Airbnb,info@anziomaisonelegance2.it,https://www.anziomaisonelegance2.it,+39 334 308 9759,2026-08-17
AIRBNB-00921,Anzio Dimora Tipica #1,Roma Provincia Litorale,Anzio,Alloggio Turistico / Host Airbnb,info@anziodimoratipica1.it,https://www.anziodimoratipica1.it,+39 334 308 9759,2026-08-17
AIRBNB-00922,Anzio Dimora Tipica #2,Roma Provincia Litorale,Anzio,Alloggio Turistico / Host Airbnb,info@anziodimoratipica2.it,https://www.anziodimoratipica2.it,+39 334 308 9759,2026-08-17
AIRBNB-00923,Anzio Terrace Studio #1,Roma Provincia Litorale,Anzio,Alloggio Turistico / Host Airbnb,info@anzioterracestudio1.it,https://www.anzioterracestudio1.it,+39 334 308 9759,2026-08-17
AIRBNB-00924,Anzio Terrace Studio #2,Roma Provincia Litorale,Anzio,Alloggio Turistico / Host Airbnb,info@anzioterracestudio2.it,https://www.anzioterracestudio2.it,+39 334 308 9759,2026-08-17
AIRBNB-00925,Anzio Vacanze Relax Home #1,Roma Provincia Litorale,Anzio,Alloggio Turistico / Host Airbnb,info@anziovacanzerelaxhome1.it,https://www.anziovacanzerelaxhome1.it,+39 334 308 9759,2026-08-17
AIRBNB-00926,Anzio Vacanze Relax Home #2,Roma Provincia Litorale,Anzio,Alloggio Turistico / Host Airbnb,info@anziovacanzerelaxhome2.it,https://www.anziovacanzerelaxhome2.it,+39 334 308 9759,2026-08-17
AIRBNB-00927,Anzio Urban Living Loft #1,Roma Provincia Litorale,Anzio,Alloggio Turistico / Host Airbnb,info@anziourbanlivingloft1.it,https://www.anziourbanlivingloft1.it,+39 334 308 9759,2026-08-17
AIRBNB-00928,Anzio Urban Living Loft #2,Roma Provincia Litorale,Anzio,Alloggio Turistico / Host Airbnb,info@anziourbanlivingloft2.it,https://www.anziourbanlivingloft2.it,+39 334 308 9759,2026-08-17
AIRBNB-00929,Anzio Prestige Suites #1,Roma Provincia Litorale,Anzio,Alloggio Turistico / Host Airbnb,info@anzioprestigesuites1.it,https://www.anzioprestigesuites1.it,+39 334 308 9759,2026-08-17
AIRBNB-00930,Anzio Prestige Suites #2,Roma Provincia Litorale,Anzio,Alloggio Turistico / Host Airbnb,info@anzioprestigesuites2.it,https://www.anzioprestigesuites2.it,+39 334 308 9759,2026-08-17
AIRBNB-00931,Anzio Sea View Apartment #1,Roma Provincia Litorale,Anzio,Alloggio Turistico / Host Airbnb,info@anzioseaviewapartment1.it,https://www.anzioseaviewapartment1.it,+39 334 308 9759,2026-08-17
AIRBNB-00932,Anzio Sea View Apartment #2,Roma Provincia Litorale,Anzio,Alloggio Turistico / Host Airbnb,info@anzioseaviewapartment2.it,https://www.anzioseaviewapartment2.it,+39 334 308 9759,2026-08-17
AIRBNB-00933,Anzio Art & Style Flat #1,Roma Provincia Litorale,Anzio,Alloggio Turistico / Host Airbnb,info@anzioartstyleflat1.it,https://www.anzioartstyleflat1.it,+39 334 308 9759,2026-08-17
AIRBNB-00934,Anzio Art & Style Flat #2,Roma Provincia Litorale,Anzio,Alloggio Turistico / Host Airbnb,info@anzioartstyleflat2.it,https://www.anzioartstyleflat2.it,+39 334 308 9759,2026-08-17
AIRBNB-00935,Anzio Cozy Boutique Home #1,Roma Provincia Litorale,Anzio,Alloggio Turistico / Host Airbnb,info@anziocozyboutiquehome1.it,https://www.anziocozyboutiquehome1.it,+39 334 308 9759,2026-08-17
AIRBNB-00936,Anzio Cozy Boutique Home #2,Roma Provincia Litorale,Anzio,Alloggio Turistico / Host Airbnb,info@anziocozyboutiquehome2.it,https://www.anziocozyboutiquehome2.it,+39 334 308 9759,2026-08-17
AIRBNB-00937,Nettuno Luxury Apartment #1,Roma Provincia Litorale,Nettuno,Alloggio Turistico / Host Airbnb,info@nettunoluxuryapartment1.it,https://www.nettunoluxuryapartment1.it,+39 334 308 9759,2026-08-17
AIRBNB-00938,Nettuno Luxury Apartment #2,Roma Provincia Litorale,Nettuno,Alloggio Turistico / Host Airbnb,info@nettunoluxuryapartment2.it,https://www.nettunoluxuryapartment2.it,+39 334 308 9759,2026-08-17
AIRBNB-00939,Nettuno Boutique Suite #1,Roma Provincia Litorale,Nettuno,Alloggio Turistico / Host Airbnb,info@nettunoboutiquesuite1.it,https://www.nettunoboutiquesuite1.it,+39 334 308 9759,2026-08-17
AIRBNB-00940,Nettuno Boutique Suite #2,Roma Provincia Litorale,Nettuno,Alloggio Turistico / Host Airbnb,info@nettunoboutiquesuite2.it,https://www.nettunoboutiquesuite2.it,+39 334 308 9759,2026-08-17
AIRBNB-00941,Nettuno Panoramic View Home #1,Roma Provincia Litorale,Nettuno,Alloggio Turistico / Host Airbnb,info@nettunopanoramicviewhome1.it,https://www.nettunopanoramicviewhome1.it,+39 334 308 9759,2026-08-17
AIRBNB-00942,Nettuno Panoramic View Home #2,Roma Provincia Litorale,Nettuno,Alloggio Turistico / Host Airbnb,info@nettunopanoramicviewhome2.it,https://www.nettunopanoramicviewhome2.it,+39 334 308 9759,2026-08-17
AIRBNB-00943,Nettuno Charme Loft #1,Roma Provincia Litorale,Nettuno,Alloggio Turistico / Host Airbnb,info@nettunocharmeloft1.it,https://www.nettunocharmeloft1.it,+39 334 308 9759,2026-08-17
AIRBNB-00944,Nettuno Charme Loft #2,Roma Provincia Litorale,Nettuno,Alloggio Turistico / Host Airbnb,info@nettunocharmeloft2.it,https://www.nettunocharmeloft2.it,+39 334 308 9759,2026-08-17
AIRBNB-00945,Nettuno Historic Relais #1,Roma Provincia Litorale,Nettuno,Alloggio Turistico / Host Airbnb,info@nettunohistoricrelais1.it,https://www.nettunohistoricrelais1.it,+39 334 308 9759,2026-08-17
AIRBNB-00946,Nettuno Historic Relais #2,Roma Provincia Litorale,Nettuno,Alloggio Turistico / Host Airbnb,info@nettunohistoricrelais2.it,https://www.nettunohistoricrelais2.it,+39 334 308 9759,2026-08-17
AIRBNB-00947,Nettuno Design Flat #1,Roma Provincia Litorale,Nettuno,Alloggio Turistico / Host Airbnb,info@nettunodesignflat1.it,https://www.nettunodesignflat1.it,+39 334 308 9759,2026-08-17
AIRBNB-00948,Nettuno Design Flat #2,Roma Provincia Litorale,Nettuno,Alloggio Turistico / Host Airbnb,info@nettunodesignflat2.it,https://www.nettunodesignflat2.it,+39 334 308 9759,2026-08-17
AIRBNB-00949,Nettuno Exclusive Penthouse #1,Roma Provincia Litorale,Nettuno,Alloggio Turistico / Host Airbnb,info@nettunoexclusivepenthouse1.it,https://www.nettunoexclusivepenthouse1.it,+39 334 308 9759,2026-08-17
AIRBNB-00950,Nettuno Exclusive Penthouse #2,Roma Provincia Litorale,Nettuno,Alloggio Turistico / Host Airbnb,info@nettunoexclusivepenthouse2.it,https://www.nettunoexclusivepenthouse2.it,+39 334 308 9759,2026-08-17
AIRBNB-00951,Nettuno Holiday Villa #1,Roma Provincia Litorale,Nettuno,Alloggio Turistico / Host Airbnb,info@nettunoholidayvilla1.it,https://www.nettunoholidayvilla1.it,+39 334 308 9759,2026-08-17
AIRBNB-00952,Nettuno Holiday Villa #2,Roma Provincia Litorale,Nettuno,Alloggio Turistico / Host Airbnb,info@nettunoholidayvilla2.it,https://www.nettunoholidayvilla2.it,+39 334 308 9759,2026-08-17
AIRBNB-00953,Nettuno Garden House #1,Roma Provincia Litorale,Nettuno,Alloggio Turistico / Host Airbnb,info@nettunogardenhouse1.it,https://www.nettunogardenhouse1.it,+39 334 308 9759,2026-08-17
AIRBNB-00954,Nettuno Garden House #2,Roma Provincia Litorale,Nettuno,Alloggio Turistico / Host Airbnb,info@nettunogardenhouse2.it,https://www.nettunogardenhouse2.it,+39 334 308 9759,2026-08-17
AIRBNB-00955,Nettuno Maison Elegance #1,Roma Provincia Litorale,Nettuno,Alloggio Turistico / Host Airbnb,info@nettunomaisonelegance1.it,https://www.nettunomaisonelegance1.it,+39 334 308 9759,2026-08-17
AIRBNB-00956,Nettuno Maison Elegance #2,Roma Provincia Litorale,Nettuno,Alloggio Turistico / Host Airbnb,info@nettunomaisonelegance2.it,https://www.nettunomaisonelegance2.it,+39 334 308 9759,2026-08-17
AIRBNB-00957,Nettuno Dimora Tipica #1,Roma Provincia Litorale,Nettuno,Alloggio Turistico / Host Airbnb,info@nettunodimoratipica1.it,https://www.nettunodimoratipica1.it,+39 334 308 9759,2026-08-17
AIRBNB-00958,Nettuno Dimora Tipica #2,Roma Provincia Litorale,Nettuno,Alloggio Turistico / Host Airbnb,info@nettunodimoratipica2.it,https://www.nettunodimoratipica2.it,+39 334 308 9759,2026-08-17
AIRBNB-00959,Nettuno Terrace Studio #1,Roma Provincia Litorale,Nettuno,Alloggio Turistico / Host Airbnb,info@nettunoterracestudio1.it,https://www.nettunoterracestudio1.it,+39 334 308 9759,2026-08-17
AIRBNB-00960,Nettuno Terrace Studio #2,Roma Provincia Litorale,Nettuno,Alloggio Turistico / Host Airbnb,info@nettunoterracestudio2.it,https://www.nettunoterracestudio2.it,+39 334 308 9759,2026-08-17
AIRBNB-00961,Nettuno Vacanze Relax Home #1,Roma Provincia Litorale,Nettuno,Alloggio Turistico / Host Airbnb,info@nettunovacanzerelaxhome1.it,https://www.nettunovacanzerelaxhome1.it,+39 334 308 9759,2026-08-17
AIRBNB-00962,Nettuno Vacanze Relax Home #2,Roma Provincia Litorale,Nettuno,Alloggio Turistico / Host Airbnb,info@nettunovacanzerelaxhome2.it,https://www.nettunovacanzerelaxhome2.it,+39 334 308 9759,2026-08-17
AIRBNB-00963,Nettuno Urban Living Loft #1,Roma Provincia Litorale,Nettuno,Alloggio Turistico / Host Airbnb,info@nettunourbanlivingloft1.it,https://www.nettunourbanlivingloft1.it,+39 334 308 9759,2026-08-17
AIRBNB-00964,Nettuno Urban Living Loft #2,Roma Provincia Litorale,Nettuno,Alloggio Turistico / Host Airbnb,info@nettunourbanlivingloft2.it,https://www.nettunourbanlivingloft2.it,+39 334 308 9759,2026-08-17
AIRBNB-00965,Nettuno Prestige Suites #1,Roma Provincia Litorale,Nettuno,Alloggio Turistico / Host Airbnb,info@nettunoprestigesuites1.it,https://www.nettunoprestigesuites1.it,+39 334 308 9759,2026-08-17
AIRBNB-00966,Nettuno Prestige Suites #2,Roma Provincia Litorale,Nettuno,Alloggio Turistico / Host Airbnb,info@nettunoprestigesuites2.it,https://www.nettunoprestigesuites2.it,+39 334 308 9759,2026-08-17
AIRBNB-00967,Nettuno Sea View Apartment #1,Roma Provincia Litorale,Nettuno,Alloggio Turistico / Host Airbnb,info@nettunoseaviewapartment1.it,https://www.nettunoseaviewapartment1.it,+39 334 308 9759,2026-08-17
AIRBNB-00968,Nettuno Sea View Apartment #2,Roma Provincia Litorale,Nettuno,Alloggio Turistico / Host Airbnb,info@nettunoseaviewapartment2.it,https://www.nettunoseaviewapartment2.it,+39 334 308 9759,2026-08-17
AIRBNB-00969,Nettuno Art & Style Flat #1,Roma Provincia Litorale,Nettuno,Alloggio Turistico / Host Airbnb,info@nettunoartstyleflat1.it,https://www.nettunoartstyleflat1.it,+39 334 308 9759,2026-08-17
AIRBNB-00970,Nettuno Art & Style Flat #2,Roma Provincia Litorale,Nettuno,Alloggio Turistico / Host Airbnb,info@nettunoartstyleflat2.it,https://www.nettunoartstyleflat2.it,+39 334 308 9759,2026-08-17
AIRBNB-00971,Nettuno Cozy Boutique Home #1,Roma Provincia Litorale,Nettuno,Alloggio Turistico / Host Airbnb,info@nettunocozyboutiquehome1.it,https://www.nettunocozyboutiquehome1.it,+39 334 308 9759,2026-08-17
AIRBNB-00972,Nettuno Cozy Boutique Home #2,Roma Provincia Litorale,Nettuno,Alloggio Turistico / Host Airbnb,info@nettunocozyboutiquehome2.it,https://www.nettunocozyboutiquehome2.it,+39 334 308 9759,2026-08-17
AIRBNB-00973,Frascati Luxury Apartment #1,Roma Provincia Castelli Romani,Frascati,Alloggio Turistico / Host Airbnb,info@frascatiluxuryapartment1.it,https://www.frascatiluxuryapartment1.it,+39 334 308 9759,2026-08-17
AIRBNB-00974,Frascati Luxury Apartment #2,Roma Provincia Castelli Romani,Frascati,Alloggio Turistico / Host Airbnb,info@frascatiluxuryapartment2.it,https://www.frascatiluxuryapartment2.it,+39 334 308 9759,2026-08-17
AIRBNB-00975,Frascati Boutique Suite #1,Roma Provincia Castelli Romani,Frascati,Alloggio Turistico / Host Airbnb,info@frascatiboutiquesuite1.it,https://www.frascatiboutiquesuite1.it,+39 334 308 9759,2026-08-17
AIRBNB-00976,Frascati Boutique Suite #2,Roma Provincia Castelli Romani,Frascati,Alloggio Turistico / Host Airbnb,info@frascatiboutiquesuite2.it,https://www.frascatiboutiquesuite2.it,+39 334 308 9759,2026-08-17
AIRBNB-00977,Frascati Panoramic View Home #1,Roma Provincia Castelli Romani,Frascati,Alloggio Turistico / Host Airbnb,info@frascatipanoramicviewhome1.it,https://www.frascatipanoramicviewhome1.it,+39 334 308 9759,2026-08-17
AIRBNB-00978,Frascati Panoramic View Home #2,Roma Provincia Castelli Romani,Frascati,Alloggio Turistico / Host Airbnb,info@frascatipanoramicviewhome2.it,https://www.frascatipanoramicviewhome2.it,+39 334 308 9759,2026-08-17
AIRBNB-00979,Frascati Charme Loft #1,Roma Provincia Castelli Romani,Frascati,Alloggio Turistico / Host Airbnb,info@frascaticharmeloft1.it,https://www.frascaticharmeloft1.it,+39 334 308 9759,2026-08-17
AIRBNB-00980,Frascati Charme Loft #2,Roma Provincia Castelli Romani,Frascati,Alloggio Turistico / Host Airbnb,info@frascaticharmeloft2.it,https://www.frascaticharmeloft2.it,+39 334 308 9759,2026-08-17
AIRBNB-00981,Frascati Historic Relais #1,Roma Provincia Castelli Romani,Frascati,Alloggio Turistico / Host Airbnb,info@frascatihistoricrelais1.it,https://www.frascatihistoricrelais1.it,+39 334 308 9759,2026-08-17
AIRBNB-00982,Frascati Historic Relais #2,Roma Provincia Castelli Romani,Frascati,Alloggio Turistico / Host Airbnb,info@frascatihistoricrelais2.it,https://www.frascatihistoricrelais2.it,+39 334 308 9759,2026-08-17
AIRBNB-00983,Frascati Design Flat #1,Roma Provincia Castelli Romani,Frascati,Alloggio Turistico / Host Airbnb,info@frascatidesignflat1.it,https://www.frascatidesignflat1.it,+39 334 308 9759,2026-08-17
AIRBNB-00984,Frascati Design Flat #2,Roma Provincia Castelli Romani,Frascati,Alloggio Turistico / Host Airbnb,info@frascatidesignflat2.it,https://www.frascatidesignflat2.it,+39 334 308 9759,2026-08-17
AIRBNB-00985,Frascati Exclusive Penthouse #1,Roma Provincia Castelli Romani,Frascati,Alloggio Turistico / Host Airbnb,info@frascatiexclusivepenthouse1.it,https://www.frascatiexclusivepenthouse1.it,+39 334 308 9759,2026-08-17
AIRBNB-00986,Frascati Exclusive Penthouse #2,Roma Provincia Castelli Romani,Frascati,Alloggio Turistico / Host Airbnb,info@frascatiexclusivepenthouse2.it,https://www.frascatiexclusivepenthouse2.it,+39 334 308 9759,2026-08-17
AIRBNB-00987,Frascati Holiday Villa #1,Roma Provincia Castelli Romani,Frascati,Alloggio Turistico / Host Airbnb,info@frascatiholidayvilla1.it,https://www.frascatiholidayvilla1.it,+39 334 308 9759,2026-08-17
AIRBNB-00988,Frascati Holiday Villa #2,Roma Provincia Castelli Romani,Frascati,Alloggio Turistico / Host Airbnb,info@frascatiholidayvilla2.it,https://www.frascatiholidayvilla2.it,+39 334 308 9759,2026-08-17
AIRBNB-00989,Frascati Garden House #1,Roma Provincia Castelli Romani,Frascati,Alloggio Turistico / Host Airbnb,info@frascatigardenhouse1.it,https://www.frascatigardenhouse1.it,+39 334 308 9759,2026-08-17
AIRBNB-00990,Frascati Garden House #2,Roma Provincia Castelli Romani,Frascati,Alloggio Turistico / Host Airbnb,info@frascatigardenhouse2.it,https://www.frascatigardenhouse2.it,+39 334 308 9759,2026-08-17
AIRBNB-00991,Frascati Maison Elegance #1,Roma Provincia Castelli Romani,Frascati,Alloggio Turistico / Host Airbnb,info@frascatimaisonelegance1.it,https://www.frascatimaisonelegance1.it,+39 334 308 9759,2026-08-17
AIRBNB-00992,Frascati Maison Elegance #2,Roma Provincia Castelli Romani,Frascati,Alloggio Turistico / Host Airbnb,info@frascatimaisonelegance2.it,https://www.frascatimaisonelegance2.it,+39 334 308 9759,2026-08-17
AIRBNB-00993,Frascati Dimora Tipica #1,Roma Provincia Castelli Romani,Frascati,Alloggio Turistico / Host Airbnb,info@frascatidimoratipica1.it,https://www.frascatidimoratipica1.it,+39 334 308 9759,2026-08-17
AIRBNB-00994,Frascati Dimora Tipica #2,Roma Provincia Castelli Romani,Frascati,Alloggio Turistico / Host Airbnb,info@frascatidimoratipica2.it,https://www.frascatidimoratipica2.it,+39 334 308 9759,2026-08-17
AIRBNB-00995,Frascati Terrace Studio #1,Roma Provincia Castelli Romani,Frascati,Alloggio Turistico / Host Airbnb,info@frascatiterracestudio1.it,https://www.frascatiterracestudio1.it,+39 334 308 9759,2026-08-17
AIRBNB-00996,Frascati Terrace Studio #2,Roma Provincia Castelli Romani,Frascati,Alloggio Turistico / Host Airbnb,info@frascatiterracestudio2.it,https://www.frascatiterracestudio2.it,+39 334 308 9759,2026-08-17
AIRBNB-00997,Frascati Vacanze Relax Home #1,Roma Provincia Castelli Romani,Frascati,Alloggio Turistico / Host Airbnb,info@frascativacanzerelaxhome1.it,https://www.frascativacanzerelaxhome1.it,+39 334 308 9759,2026-08-17
AIRBNB-00998,Frascati Vacanze Relax Home #2,Roma Provincia Castelli Romani,Frascati,Alloggio Turistico / Host Airbnb,info@frascativacanzerelaxhome2.it,https://www.frascativacanzerelaxhome2.it,+39 334 308 9759,2026-08-17
AIRBNB-00999,Frascati Urban Living Loft #1,Roma Provincia Castelli Romani,Frascati,Alloggio Turistico / Host Airbnb,info@frascatiurbanlivingloft1.it,https://www.frascatiurbanlivingloft1.it,+39 334 308 9759,2026-08-17
AIRBNB-01000,Frascati Urban Living Loft #2,Roma Provincia Castelli Romani,Frascati,Alloggio Turistico / Host Airbnb,info@frascatiurbanlivingloft2.it,https://www.frascatiurbanlivingloft2.it,+39 334 308 9759,2026-08-17
AIRBNB-01001,Frascati Prestige Suites #1,Roma Provincia Castelli Romani,Frascati,Alloggio Turistico / Host Airbnb,info@frascatiprestigesuites1.it,https://www.frascatiprestigesuites1.it,+39 334 308 9759,2026-08-17
AIRBNB-01002,Frascati Prestige Suites #2,Roma Provincia Castelli Romani,Frascati,Alloggio Turistico / Host Airbnb,info@frascatiprestigesuites2.it,https://www.frascatiprestigesuites2.it,+39 334 308 9759,2026-08-17
AIRBNB-01003,Frascati Sea View Apartment #1,Roma Provincia Castelli Romani,Frascati,Alloggio Turistico / Host Airbnb,info@frascatiseaviewapartment1.it,https://www.frascatiseaviewapartment1.it,+39 334 308 9759,2026-08-17
AIRBNB-01004,Frascati Sea View Apartment #2,Roma Provincia Castelli Romani,Frascati,Alloggio Turistico / Host Airbnb,info@frascatiseaviewapartment2.it,https://www.frascatiseaviewapartment2.it,+39 334 308 9759,2026-08-17
AIRBNB-01005,Frascati Art & Style Flat #1,Roma Provincia Castelli Romani,Frascati,Alloggio Turistico / Host Airbnb,info@frascatiartstyleflat1.it,https://www.frascatiartstyleflat1.it,+39 334 308 9759,2026-08-17
AIRBNB-01006,Frascati Art & Style Flat #2,Roma Provincia Castelli Romani,Frascati,Alloggio Turistico / Host Airbnb,info@frascatiartstyleflat2.it,https://www.frascatiartstyleflat2.it,+39 334 308 9759,2026-08-17
AIRBNB-01007,Frascati Cozy Boutique Home #1,Roma Provincia Castelli Romani,Frascati,Alloggio Turistico / Host Airbnb,info@frascaticozyboutiquehome1.it,https://www.frascaticozyboutiquehome1.it,+39 334 308 9759,2026-08-17
AIRBNB-01008,Frascati Cozy Boutique Home #2,Roma Provincia Castelli Romani,Frascati,Alloggio Turistico / Host Airbnb,info@frascaticozyboutiquehome2.it,https://www.frascaticozyboutiquehome2.it,+39 334 308 9759,2026-08-17
AIRBNB-01009,Grottaferrata Luxury Apartment #1,Roma Provincia Castelli Romani,Grottaferrata,Alloggio Turistico / Host Airbnb,info@grottaferrataluxuryapartment1.it,https://www.grottaferrataluxuryapartment1.it,+39 334 308 9759,2026-08-17
AIRBNB-01010,Grottaferrata Luxury Apartment #2,Roma Provincia Castelli Romani,Grottaferrata,Alloggio Turistico / Host Airbnb,info@grottaferrataluxuryapartment2.it,https://www.grottaferrataluxuryapartment2.it,+39 334 308 9759,2026-08-17
AIRBNB-01011,Grottaferrata Boutique Suite #1,Roma Provincia Castelli Romani,Grottaferrata,Alloggio Turistico / Host Airbnb,info@grottaferrataboutiquesuite1.it,https://www.grottaferrataboutiquesuite1.it,+39 334 308 9759,2026-08-17
AIRBNB-01012,Grottaferrata Boutique Suite #2,Roma Provincia Castelli Romani,Grottaferrata,Alloggio Turistico / Host Airbnb,info@grottaferrataboutiquesuite2.it,https://www.grottaferrataboutiquesuite2.it,+39 334 308 9759,2026-08-17
AIRBNB-01013,Grottaferrata Panoramic View Home #1,Roma Provincia Castelli Romani,Grottaferrata,Alloggio Turistico / Host Airbnb,info@grottaferratapanoramicviewhome1.it,https://www.grottaferratapanoramicviewhome1.it,+39 334 308 9759,2026-08-17
AIRBNB-01014,Grottaferrata Panoramic View Home #2,Roma Provincia Castelli Romani,Grottaferrata,Alloggio Turistico / Host Airbnb,info@grottaferratapanoramicviewhome2.it,https://www.grottaferratapanoramicviewhome2.it,+39 334 308 9759,2026-08-17
AIRBNB-01015,Grottaferrata Charme Loft #1,Roma Provincia Castelli Romani,Grottaferrata,Alloggio Turistico / Host Airbnb,info@grottaferratacharmeloft1.it,https://www.grottaferratacharmeloft1.it,+39 334 308 9759,2026-08-17
AIRBNB-01016,Grottaferrata Charme Loft #2,Roma Provincia Castelli Romani,Grottaferrata,Alloggio Turistico / Host Airbnb,info@grottaferratacharmeloft2.it,https://www.grottaferratacharmeloft2.it,+39 334 308 9759,2026-08-17
AIRBNB-01017,Grottaferrata Historic Relais #1,Roma Provincia Castelli Romani,Grottaferrata,Alloggio Turistico / Host Airbnb,info@grottaferratahistoricrelais1.it,https://www.grottaferratahistoricrelais1.it,+39 334 308 9759,2026-08-17
AIRBNB-01018,Grottaferrata Historic Relais #2,Roma Provincia Castelli Romani,Grottaferrata,Alloggio Turistico / Host Airbnb,info@grottaferratahistoricrelais2.it,https://www.grottaferratahistoricrelais2.it,+39 334 308 9759,2026-08-17
AIRBNB-01019,Grottaferrata Design Flat #1,Roma Provincia Castelli Romani,Grottaferrata,Alloggio Turistico / Host Airbnb,info@grottaferratadesignflat1.it,https://www.grottaferratadesignflat1.it,+39 334 308 9759,2026-08-17
AIRBNB-01020,Grottaferrata Design Flat #2,Roma Provincia Castelli Romani,Grottaferrata,Alloggio Turistico / Host Airbnb,info@grottaferratadesignflat2.it,https://www.grottaferratadesignflat2.it,+39 334 308 9759,2026-08-17
AIRBNB-01021,Grottaferrata Exclusive Penthouse #1,Roma Provincia Castelli Romani,Grottaferrata,Alloggio Turistico / Host Airbnb,info@grottaferrataexclusivepenthouse1.it,https://www.grottaferrataexclusivepenthouse1.it,+39 334 308 9759,2026-08-17
AIRBNB-01022,Grottaferrata Exclusive Penthouse #2,Roma Provincia Castelli Romani,Grottaferrata,Alloggio Turistico / Host Airbnb,info@grottaferrataexclusivepenthouse2.it,https://www.grottaferrataexclusivepenthouse2.it,+39 334 308 9759,2026-08-17
AIRBNB-01023,Grottaferrata Holiday Villa #1,Roma Provincia Castelli Romani,Grottaferrata,Alloggio Turistico / Host Airbnb,info@grottaferrataholidayvilla1.it,https://www.grottaferrataholidayvilla1.it,+39 334 308 9759,2026-08-17
AIRBNB-01024,Grottaferrata Holiday Villa #2,Roma Provincia Castelli Romani,Grottaferrata,Alloggio Turistico / Host Airbnb,info@grottaferrataholidayvilla2.it,https://www.grottaferrataholidayvilla2.it,+39 334 308 9759,2026-08-17
AIRBNB-01025,Grottaferrata Garden House #1,Roma Provincia Castelli Romani,Grottaferrata,Alloggio Turistico / Host Airbnb,info@grottaferratagardenhouse1.it,https://www.grottaferratagardenhouse1.it,+39 334 308 9759,2026-08-17
AIRBNB-01026,Grottaferrata Garden House #2,Roma Provincia Castelli Romani,Grottaferrata,Alloggio Turistico / Host Airbnb,info@grottaferratagardenhouse2.it,https://www.grottaferratagardenhouse2.it,+39 334 308 9759,2026-08-17
AIRBNB-01027,Grottaferrata Maison Elegance #1,Roma Provincia Castelli Romani,Grottaferrata,Alloggio Turistico / Host Airbnb,info@grottaferratamaisonelegance1.it,https://www.grottaferratamaisonelegance1.it,+39 334 308 9759,2026-08-17
AIRBNB-01028,Grottaferrata Maison Elegance #2,Roma Provincia Castelli Romani,Grottaferrata,Alloggio Turistico / Host Airbnb,info@grottaferratamaisonelegance2.it,https://www.grottaferratamaisonelegance2.it,+39 334 308 9759,2026-08-17
AIRBNB-01029,Grottaferrata Dimora Tipica #1,Roma Provincia Castelli Romani,Grottaferrata,Alloggio Turistico / Host Airbnb,info@grottaferratadimoratipica1.it,https://www.grottaferratadimoratipica1.it,+39 334 308 9759,2026-08-17
AIRBNB-01030,Grottaferrata Dimora Tipica #2,Roma Provincia Castelli Romani,Grottaferrata,Alloggio Turistico / Host Airbnb,info@grottaferratadimoratipica2.it,https://www.grottaferratadimoratipica2.it,+39 334 308 9759,2026-08-17
AIRBNB-01031,Grottaferrata Terrace Studio #1,Roma Provincia Castelli Romani,Grottaferrata,Alloggio Turistico / Host Airbnb,info@grottaferrataterracestudio1.it,https://www.grottaferrataterracestudio1.it,+39 334 308 9759,2026-08-17
AIRBNB-01032,Grottaferrata Terrace Studio #2,Roma Provincia Castelli Romani,Grottaferrata,Alloggio Turistico / Host Airbnb,info@grottaferrataterracestudio2.it,https://www.grottaferrataterracestudio2.it,+39 334 308 9759,2026-08-17
AIRBNB-01033,Grottaferrata Vacanze Relax Home #1,Roma Provincia Castelli Romani,Grottaferrata,Alloggio Turistico / Host Airbnb,info@grottaferratavacanzerelaxhome1.it,https://www.grottaferratavacanzerelaxhome1.it,+39 334 308 9759,2026-08-17
AIRBNB-01034,Grottaferrata Vacanze Relax Home #2,Roma Provincia Castelli Romani,Grottaferrata,Alloggio Turistico / Host Airbnb,info@grottaferratavacanzerelaxhome2.it,https://www.grottaferratavacanzerelaxhome2.it,+39 334 308 9759,2026-08-17
AIRBNB-01035,Grottaferrata Urban Living Loft #1,Roma Provincia Castelli Romani,Grottaferrata,Alloggio Turistico / Host Airbnb,info@grottaferrataurbanlivingloft1.it,https://www.grottaferrataurbanlivingloft1.it,+39 334 308 9759,2026-08-17
AIRBNB-01036,Grottaferrata Urban Living Loft #2,Roma Provincia Castelli Romani,Grottaferrata,Alloggio Turistico / Host Airbnb,info@grottaferrataurbanlivingloft2.it,https://www.grottaferrataurbanlivingloft2.it,+39 334 308 9759,2026-08-17
AIRBNB-01037,Grottaferrata Prestige Suites #1,Roma Provincia Castelli Romani,Grottaferrata,Alloggio Turistico / Host Airbnb,info@grottaferrataprestigesuites1.it,https://www.grottaferrataprestigesuites1.it,+39 334 308 9759,2026-08-17
AIRBNB-01038,Grottaferrata Prestige Suites #2,Roma Provincia Castelli Romani,Grottaferrata,Alloggio Turistico / Host Airbnb,info@grottaferrataprestigesuites2.it,https://www.grottaferrataprestigesuites2.it,+39 334 308 9759,2026-08-17
AIRBNB-01039,Grottaferrata Sea View Apartment #1,Roma Provincia Castelli Romani,Grottaferrata,Alloggio Turistico / Host Airbnb,info@grottaferrataseaviewapartment1.it,https://www.grottaferrataseaviewapartment1.it,+39 334 308 9759,2026-08-17
AIRBNB-01040,Grottaferrata Sea View Apartment #2,Roma Provincia Castelli Romani,Grottaferrata,Alloggio Turistico / Host Airbnb,info@grottaferrataseaviewapartment2.it,https://www.grottaferrataseaviewapartment2.it,+39 334 308 9759,2026-08-17
AIRBNB-01041,Grottaferrata Art & Style Flat #1,Roma Provincia Castelli Romani,Grottaferrata,Alloggio Turistico / Host Airbnb,info@grottaferrataartstyleflat1.it,https://www.grottaferrataartstyleflat1.it,+39 334 308 9759,2026-08-17
AIRBNB-01042,Grottaferrata Art & Style Flat #2,Roma Provincia Castelli Romani,Grottaferrata,Alloggio Turistico / Host Airbnb,info@grottaferrataartstyleflat2.it,https://www.grottaferrataartstyleflat2.it,+39 334 308 9759,2026-08-17
AIRBNB-01043,Grottaferrata Cozy Boutique Home #1,Roma Provincia Castelli Romani,Grottaferrata,Alloggio Turistico / Host Airbnb,info@grottaferratacozyboutiquehome1.it,https://www.grottaferratacozyboutiquehome1.it,+39 334 308 9759,2026-08-17
AIRBNB-01044,Grottaferrata Cozy Boutique Home #2,Roma Provincia Castelli Romani,Grottaferrata,Alloggio Turistico / Host Airbnb,info@grottaferratacozyboutiquehome2.it,https://www.grottaferratacozyboutiquehome2.it,+39 334 308 9759,2026-08-17
AIRBNB-01045,Castel Gandolfo Luxury Apartment #1,Roma Provincia Castelli Romani,Castel Gandolfo,Alloggio Turistico / Host Airbnb,info@castelgandolfoluxuryapartment1.it,https://www.castelgandolfoluxuryapartment1.it,+39 334 308 9759,2026-08-17
AIRBNB-01046,Castel Gandolfo Luxury Apartment #2,Roma Provincia Castelli Romani,Castel Gandolfo,Alloggio Turistico / Host Airbnb,info@castelgandolfoluxuryapartment2.it,https://www.castelgandolfoluxuryapartment2.it,+39 334 308 9759,2026-08-17
AIRBNB-01047,Castel Gandolfo Boutique Suite #1,Roma Provincia Castelli Romani,Castel Gandolfo,Alloggio Turistico / Host Airbnb,info@castelgandolfoboutiquesuite1.it,https://www.castelgandolfoboutiquesuite1.it,+39 334 308 9759,2026-08-17
AIRBNB-01048,Castel Gandolfo Boutique Suite #2,Roma Provincia Castelli Romani,Castel Gandolfo,Alloggio Turistico / Host Airbnb,info@castelgandolfoboutiquesuite2.it,https://www.castelgandolfoboutiquesuite2.it,+39 334 308 9759,2026-08-17
AIRBNB-01049,Castel Gandolfo Panoramic View Home #1,Roma Provincia Castelli Romani,Castel Gandolfo,Alloggio Turistico / Host Airbnb,info@castelgandolfopanoramicviewhome1.it,https://www.castelgandolfopanoramicviewhome1.it,+39 334 308 9759,2026-08-17
AIRBNB-01050,Castel Gandolfo Panoramic View Home #2,Roma Provincia Castelli Romani,Castel Gandolfo,Alloggio Turistico / Host Airbnb,info@castelgandolfopanoramicviewhome2.it,https://www.castelgandolfopanoramicviewhome2.it,+39 334 308 9759,2026-08-17
AIRBNB-01051,Castel Gandolfo Charme Loft #1,Roma Provincia Castelli Romani,Castel Gandolfo,Alloggio Turistico / Host Airbnb,info@castelgandolfocharmeloft1.it,https://www.castelgandolfocharmeloft1.it,+39 334 308 9759,2026-08-17
AIRBNB-01052,Castel Gandolfo Charme Loft #2,Roma Provincia Castelli Romani,Castel Gandolfo,Alloggio Turistico / Host Airbnb,info@castelgandolfocharmeloft2.it,https://www.castelgandolfocharmeloft2.it,+39 334 308 9759,2026-08-17
AIRBNB-01053,Castel Gandolfo Historic Relais #1,Roma Provincia Castelli Romani,Castel Gandolfo,Alloggio Turistico / Host Airbnb,info@castelgandolfohistoricrelais1.it,https://www.castelgandolfohistoricrelais1.it,+39 334 308 9759,2026-08-17
AIRBNB-01054,Castel Gandolfo Historic Relais #2,Roma Provincia Castelli Romani,Castel Gandolfo,Alloggio Turistico / Host Airbnb,info@castelgandolfohistoricrelais2.it,https://www.castelgandolfohistoricrelais2.it,+39 334 308 9759,2026-08-17
AIRBNB-01055,Castel Gandolfo Design Flat #1,Roma Provincia Castelli Romani,Castel Gandolfo,Alloggio Turistico / Host Airbnb,info@castelgandolfodesignflat1.it,https://www.castelgandolfodesignflat1.it,+39 334 308 9759,2026-08-17
AIRBNB-01056,Castel Gandolfo Design Flat #2,Roma Provincia Castelli Romani,Castel Gandolfo,Alloggio Turistico / Host Airbnb,info@castelgandolfodesignflat2.it,https://www.castelgandolfodesignflat2.it,+39 334 308 9759,2026-08-17
AIRBNB-01057,Castel Gandolfo Exclusive Penthouse #1,Roma Provincia Castelli Romani,Castel Gandolfo,Alloggio Turistico / Host Airbnb,info@castelgandolfoexclusivepenthouse1.it,https://www.castelgandolfoexclusivepenthouse1.it,+39 334 308 9759,2026-08-17
AIRBNB-01058,Castel Gandolfo Exclusive Penthouse #2,Roma Provincia Castelli Romani,Castel Gandolfo,Alloggio Turistico / Host Airbnb,info@castelgandolfoexclusivepenthouse2.it,https://www.castelgandolfoexclusivepenthouse2.it,+39 334 308 9759,2026-08-17
AIRBNB-01059,Castel Gandolfo Holiday Villa #1,Roma Provincia Castelli Romani,Castel Gandolfo,Alloggio Turistico / Host Airbnb,info@castelgandolfoholidayvilla1.it,https://www.castelgandolfoholidayvilla1.it,+39 334 308 9759,2026-08-17
AIRBNB-01060,Castel Gandolfo Holiday Villa #2,Roma Provincia Castelli Romani,Castel Gandolfo,Alloggio Turistico / Host Airbnb,info@castelgandolfoholidayvilla2.it,https://www.castelgandolfoholidayvilla2.it,+39 334 308 9759,2026-08-17
AIRBNB-01061,Castel Gandolfo Garden House #1,Roma Provincia Castelli Romani,Castel Gandolfo,Alloggio Turistico / Host Airbnb,info@castelgandolfogardenhouse1.it,https://www.castelgandolfogardenhouse1.it,+39 334 308 9759,2026-08-17
AIRBNB-01062,Castel Gandolfo Garden House #2,Roma Provincia Castelli Romani,Castel Gandolfo,Alloggio Turistico / Host Airbnb,info@castelgandolfogardenhouse2.it,https://www.castelgandolfogardenhouse2.it,+39 334 308 9759,2026-08-17
AIRBNB-01063,Castel Gandolfo Maison Elegance #1,Roma Provincia Castelli Romani,Castel Gandolfo,Alloggio Turistico / Host Airbnb,info@castelgandolfomaisonelegance1.it,https://www.castelgandolfomaisonelegance1.it,+39 334 308 9759,2026-08-17
AIRBNB-01064,Castel Gandolfo Maison Elegance #2,Roma Provincia Castelli Romani,Castel Gandolfo,Alloggio Turistico / Host Airbnb,info@castelgandolfomaisonelegance2.it,https://www.castelgandolfomaisonelegance2.it,+39 334 308 9759,2026-08-17
AIRBNB-01065,Castel Gandolfo Dimora Tipica #1,Roma Provincia Castelli Romani,Castel Gandolfo,Alloggio Turistico / Host Airbnb,info@castelgandolfodimoratipica1.it,https://www.castelgandolfodimoratipica1.it,+39 334 308 9759,2026-08-17
AIRBNB-01066,Castel Gandolfo Dimora Tipica #2,Roma Provincia Castelli Romani,Castel Gandolfo,Alloggio Turistico / Host Airbnb,info@castelgandolfodimoratipica2.it,https://www.castelgandolfodimoratipica2.it,+39 334 308 9759,2026-08-17
AIRBNB-01067,Castel Gandolfo Terrace Studio #1,Roma Provincia Castelli Romani,Castel Gandolfo,Alloggio Turistico / Host Airbnb,info@castelgandolfoterracestudio1.it,https://www.castelgandolfoterracestudio1.it,+39 334 308 9759,2026-08-17
AIRBNB-01068,Castel Gandolfo Terrace Studio #2,Roma Provincia Castelli Romani,Castel Gandolfo,Alloggio Turistico / Host Airbnb,info@castelgandolfoterracestudio2.it,https://www.castelgandolfoterracestudio2.it,+39 334 308 9759,2026-08-17
AIRBNB-01069,Castel Gandolfo Vacanze Relax Home #1,Roma Provincia Castelli Romani,Castel Gandolfo,Alloggio Turistico / Host Airbnb,info@castelgandolfovacanzerelaxhome1.it,https://www.castelgandolfovacanzerelaxhome1.it,+39 334 308 9759,2026-08-17
AIRBNB-01070,Castel Gandolfo Vacanze Relax Home #2,Roma Provincia Castelli Romani,Castel Gandolfo,Alloggio Turistico / Host Airbnb,info@castelgandolfovacanzerelaxhome2.it,https://www.castelgandolfovacanzerelaxhome2.it,+39 334 308 9759,2026-08-17
AIRBNB-01071,Castel Gandolfo Urban Living Loft #1,Roma Provincia Castelli Romani,Castel Gandolfo,Alloggio Turistico / Host Airbnb,info@castelgandolfourbanlivingloft1.it,https://www.castelgandolfourbanlivingloft1.it,+39 334 308 9759,2026-08-17
AIRBNB-01072,Castel Gandolfo Urban Living Loft #2,Roma Provincia Castelli Romani,Castel Gandolfo,Alloggio Turistico / Host Airbnb,info@castelgandolfourbanlivingloft2.it,https://www.castelgandolfourbanlivingloft2.it,+39 334 308 9759,2026-08-17
AIRBNB-01073,Castel Gandolfo Prestige Suites #1,Roma Provincia Castelli Romani,Castel Gandolfo,Alloggio Turistico / Host Airbnb,info@castelgandolfoprestigesuites1.it,https://www.castelgandolfoprestigesuites1.it,+39 334 308 9759,2026-08-17
AIRBNB-01074,Castel Gandolfo Prestige Suites #2,Roma Provincia Castelli Romani,Castel Gandolfo,Alloggio Turistico / Host Airbnb,info@castelgandolfoprestigesuites2.it,https://www.castelgandolfoprestigesuites2.it,+39 334 308 9759,2026-08-17
AIRBNB-01075,Castel Gandolfo Sea View Apartment #1,Roma Provincia Castelli Romani,Castel Gandolfo,Alloggio Turistico / Host Airbnb,info@castelgandolfoseaviewapartment1.it,https://www.castelgandolfoseaviewapartment1.it,+39 334 308 9759,2026-08-17
AIRBNB-01076,Castel Gandolfo Sea View Apartment #2,Roma Provincia Castelli Romani,Castel Gandolfo,Alloggio Turistico / Host Airbnb,info@castelgandolfoseaviewapartment2.it,https://www.castelgandolfoseaviewapartment2.it,+39 334 308 9759,2026-08-17
AIRBNB-01077,Castel Gandolfo Art & Style Flat #1,Roma Provincia Castelli Romani,Castel Gandolfo,Alloggio Turistico / Host Airbnb,info@castelgandolfoartstyleflat1.it,https://www.castelgandolfoartstyleflat1.it,+39 334 308 9759,2026-08-17
AIRBNB-01078,Castel Gandolfo Art & Style Flat #2,Roma Provincia Castelli Romani,Castel Gandolfo,Alloggio Turistico / Host Airbnb,info@castelgandolfoartstyleflat2.it,https://www.castelgandolfoartstyleflat2.it,+39 334 308 9759,2026-08-17
AIRBNB-01079,Castel Gandolfo Cozy Boutique Home #1,Roma Provincia Castelli Romani,Castel Gandolfo,Alloggio Turistico / Host Airbnb,info@castelgandolfocozyboutiquehome1.it,https://www.castelgandolfocozyboutiquehome1.it,+39 334 308 9759,2026-08-17
AIRBNB-01080,Castel Gandolfo Cozy Boutique Home #2,Roma Provincia Castelli Romani,Castel Gandolfo,Alloggio Turistico / Host Airbnb,info@castelgandolfocozyboutiquehome2.it,https://www.castelgandolfocozyboutiquehome2.it,+39 334 308 9759,2026-08-17
AIRBNB-01081,Albano Laziale Luxury Apartment #1,Roma Provincia Castelli Romani,Albano Laziale,Alloggio Turistico / Host Airbnb,info@albanolazialeluxuryapartment1.it,https://www.albanolazialeluxuryapartment1.it,+39 334 308 9759,2026-08-17
AIRBNB-01082,Albano Laziale Luxury Apartment #2,Roma Provincia Castelli Romani,Albano Laziale,Alloggio Turistico / Host Airbnb,info@albanolazialeluxuryapartment2.it,https://www.albanolazialeluxuryapartment2.it,+39 334 308 9759,2026-08-17
AIRBNB-01083,Albano Laziale Boutique Suite #1,Roma Provincia Castelli Romani,Albano Laziale,Alloggio Turistico / Host Airbnb,info@albanolazialeboutiquesuite1.it,https://www.albanolazialeboutiquesuite1.it,+39 334 308 9759,2026-08-17
AIRBNB-01084,Albano Laziale Boutique Suite #2,Roma Provincia Castelli Romani,Albano Laziale,Alloggio Turistico / Host Airbnb,info@albanolazialeboutiquesuite2.it,https://www.albanolazialeboutiquesuite2.it,+39 334 308 9759,2026-08-17
AIRBNB-01085,Albano Laziale Panoramic View Home #1,Roma Provincia Castelli Romani,Albano Laziale,Alloggio Turistico / Host Airbnb,info@albanolazialepanoramicviewhome1.it,https://www.albanolazialepanoramicviewhome1.it,+39 334 308 9759,2026-08-17
AIRBNB-01086,Albano Laziale Panoramic View Home #2,Roma Provincia Castelli Romani,Albano Laziale,Alloggio Turistico / Host Airbnb,info@albanolazialepanoramicviewhome2.it,https://www.albanolazialepanoramicviewhome2.it,+39 334 308 9759,2026-08-17
AIRBNB-01087,Albano Laziale Charme Loft #1,Roma Provincia Castelli Romani,Albano Laziale,Alloggio Turistico / Host Airbnb,info@albanolazialecharmeloft1.it,https://www.albanolazialecharmeloft1.it,+39 334 308 9759,2026-08-17
AIRBNB-01088,Albano Laziale Charme Loft #2,Roma Provincia Castelli Romani,Albano Laziale,Alloggio Turistico / Host Airbnb,info@albanolazialecharmeloft2.it,https://www.albanolazialecharmeloft2.it,+39 334 308 9759,2026-08-17
AIRBNB-01089,Albano Laziale Historic Relais #1,Roma Provincia Castelli Romani,Albano Laziale,Alloggio Turistico / Host Airbnb,info@albanolazialehistoricrelais1.it,https://www.albanolazialehistoricrelais1.it,+39 334 308 9759,2026-08-17
AIRBNB-01090,Albano Laziale Historic Relais #2,Roma Provincia Castelli Romani,Albano Laziale,Alloggio Turistico / Host Airbnb,info@albanolazialehistoricrelais2.it,https://www.albanolazialehistoricrelais2.it,+39 334 308 9759,2026-08-17
AIRBNB-01091,Albano Laziale Design Flat #1,Roma Provincia Castelli Romani,Albano Laziale,Alloggio Turistico / Host Airbnb,info@albanolazialedesignflat1.it,https://www.albanolazialedesignflat1.it,+39 334 308 9759,2026-08-17
AIRBNB-01092,Albano Laziale Design Flat #2,Roma Provincia Castelli Romani,Albano Laziale,Alloggio Turistico / Host Airbnb,info@albanolazialedesignflat2.it,https://www.albanolazialedesignflat2.it,+39 334 308 9759,2026-08-17
AIRBNB-01093,Albano Laziale Exclusive Penthouse #1,Roma Provincia Castelli Romani,Albano Laziale,Alloggio Turistico / Host Airbnb,info@albanolazialeexclusivepenthouse1.it,https://www.albanolazialeexclusivepenthouse1.it,+39 334 308 9759,2026-08-17
AIRBNB-01094,Albano Laziale Exclusive Penthouse #2,Roma Provincia Castelli Romani,Albano Laziale,Alloggio Turistico / Host Airbnb,info@albanolazialeexclusivepenthouse2.it,https://www.albanolazialeexclusivepenthouse2.it,+39 334 308 9759,2026-08-17
AIRBNB-01095,Albano Laziale Holiday Villa #1,Roma Provincia Castelli Romani,Albano Laziale,Alloggio Turistico / Host Airbnb,info@albanolazialeholidayvilla1.it,https://www.albanolazialeholidayvilla1.it,+39 334 308 9759,2026-08-17
AIRBNB-01096,Albano Laziale Holiday Villa #2,Roma Provincia Castelli Romani,Albano Laziale,Alloggio Turistico / Host Airbnb,info@albanolazialeholidayvilla2.it,https://www.albanolazialeholidayvilla2.it,+39 334 308 9759,2026-08-17
AIRBNB-01097,Albano Laziale Garden House #1,Roma Provincia Castelli Romani,Albano Laziale,Alloggio Turistico / Host Airbnb,info@albanolazialegardenhouse1.it,https://www.albanolazialegardenhouse1.it,+39 334 308 9759,2026-08-17
AIRBNB-01098,Albano Laziale Garden House #2,Roma Provincia Castelli Romani,Albano Laziale,Alloggio Turistico / Host Airbnb,info@albanolazialegardenhouse2.it,https://www.albanolazialegardenhouse2.it,+39 334 308 9759,2026-08-17
AIRBNB-01099,Albano Laziale Maison Elegance #1,Roma Provincia Castelli Romani,Albano Laziale,Alloggio Turistico / Host Airbnb,info@albanolazialemaisonelegance1.it,https://www.albanolazialemaisonelegance1.it,+39 334 308 9759,2026-08-17
AIRBNB-01100,Albano Laziale Maison Elegance #2,Roma Provincia Castelli Romani,Albano Laziale,Alloggio Turistico / Host Airbnb,info@albanolazialemaisonelegance2.it,https://www.albanolazialemaisonelegance2.it,+39 334 308 9759,2026-08-17
AIRBNB-01101,Albano Laziale Dimora Tipica #1,Roma Provincia Castelli Romani,Albano Laziale,Alloggio Turistico / Host Airbnb,info@albanolazialedimoratipica1.it,https://www.albanolazialedimoratipica1.it,+39 334 308 9759,2026-08-17
AIRBNB-01102,Albano Laziale Dimora Tipica #2,Roma Provincia Castelli Romani,Albano Laziale,Alloggio Turistico / Host Airbnb,info@albanolazialedimoratipica2.it,https://www.albanolazialedimoratipica2.it,+39 334 308 9759,2026-08-17
AIRBNB-01103,Albano Laziale Terrace Studio #1,Roma Provincia Castelli Romani,Albano Laziale,Alloggio Turistico / Host Airbnb,info@albanolazialeterracestudio1.it,https://www.albanolazialeterracestudio1.it,+39 334 308 9759,2026-08-17
AIRBNB-01104,Albano Laziale Terrace Studio #2,Roma Provincia Castelli Romani,Albano Laziale,Alloggio Turistico / Host Airbnb,info@albanolazialeterracestudio2.it,https://www.albanolazialeterracestudio2.it,+39 334 308 9759,2026-08-17
AIRBNB-01105,Albano Laziale Vacanze Relax Home #1,Roma Provincia Castelli Romani,Albano Laziale,Alloggio Turistico / Host Airbnb,info@albanolazialevacanzerelaxhome1.it,https://www.albanolazialevacanzerelaxhome1.it,+39 334 308 9759,2026-08-17
AIRBNB-01106,Albano Laziale Vacanze Relax Home #2,Roma Provincia Castelli Romani,Albano Laziale,Alloggio Turistico / Host Airbnb,info@albanolazialevacanzerelaxhome2.it,https://www.albanolazialevacanzerelaxhome2.it,+39 334 308 9759,2026-08-17
AIRBNB-01107,Albano Laziale Urban Living Loft #1,Roma Provincia Castelli Romani,Albano Laziale,Alloggio Turistico / Host Airbnb,info@albanolazialeurbanlivingloft1.it,https://www.albanolazialeurbanlivingloft1.it,+39 334 308 9759,2026-08-17
AIRBNB-01108,Albano Laziale Urban Living Loft #2,Roma Provincia Castelli Romani,Albano Laziale,Alloggio Turistico / Host Airbnb,info@albanolazialeurbanlivingloft2.it,https://www.albanolazialeurbanlivingloft2.it,+39 334 308 9759,2026-08-17
AIRBNB-01109,Albano Laziale Prestige Suites #1,Roma Provincia Castelli Romani,Albano Laziale,Alloggio Turistico / Host Airbnb,info@albanolazialeprestigesuites1.it,https://www.albanolazialeprestigesuites1.it,+39 334 308 9759,2026-08-17
AIRBNB-01110,Albano Laziale Prestige Suites #2,Roma Provincia Castelli Romani,Albano Laziale,Alloggio Turistico / Host Airbnb,info@albanolazialeprestigesuites2.it,https://www.albanolazialeprestigesuites2.it,+39 334 308 9759,2026-08-17
AIRBNB-01111,Albano Laziale Sea View Apartment #1,Roma Provincia Castelli Romani,Albano Laziale,Alloggio Turistico / Host Airbnb,info@albanolazialeseaviewapartment1.it,https://www.albanolazialeseaviewapartment1.it,+39 334 308 9759,2026-08-17
AIRBNB-01112,Albano Laziale Sea View Apartment #2,Roma Provincia Castelli Romani,Albano Laziale,Alloggio Turistico / Host Airbnb,info@albanolazialeseaviewapartment2.it,https://www.albanolazialeseaviewapartment2.it,+39 334 308 9759,2026-08-17
AIRBNB-01113,Albano Laziale Art & Style Flat #1,Roma Provincia Castelli Romani,Albano Laziale,Alloggio Turistico / Host Airbnb,info@albanolazialeartstyleflat1.it,https://www.albanolazialeartstyleflat1.it,+39 334 308 9759,2026-08-17
AIRBNB-01114,Albano Laziale Art & Style Flat #2,Roma Provincia Castelli Romani,Albano Laziale,Alloggio Turistico / Host Airbnb,info@albanolazialeartstyleflat2.it,https://www.albanolazialeartstyleflat2.it,+39 334 308 9759,2026-08-17
AIRBNB-01115,Albano Laziale Cozy Boutique Home #1,Roma Provincia Castelli Romani,Albano Laziale,Alloggio Turistico / Host Airbnb,info@albanolazialecozyboutiquehome1.it,https://www.albanolazialecozyboutiquehome1.it,+39 334 308 9759,2026-08-17
AIRBNB-01116,Albano Laziale Cozy Boutique Home #2,Roma Provincia Castelli Romani,Albano Laziale,Alloggio Turistico / Host Airbnb,info@albanolazialecozyboutiquehome2.it,https://www.albanolazialecozyboutiquehome2.it,+39 334 308 9759,2026-08-17
AIRBNB-01117,Ariccia Luxury Apartment #1,Roma Provincia Castelli Romani,Ariccia,Alloggio Turistico / Host Airbnb,info@ariccialuxuryapartment1.it,https://www.ariccialuxuryapartment1.it,+39 334 308 9759,2026-08-17
AIRBNB-01118,Ariccia Luxury Apartment #2,Roma Provincia Castelli Romani,Ariccia,Alloggio Turistico / Host Airbnb,info@ariccialuxuryapartment2.it,https://www.ariccialuxuryapartment2.it,+39 334 308 9759,2026-08-17
AIRBNB-01119,Ariccia Boutique Suite #1,Roma Provincia Castelli Romani,Ariccia,Alloggio Turistico / Host Airbnb,info@aricciaboutiquesuite1.it,https://www.aricciaboutiquesuite1.it,+39 334 308 9759,2026-08-17
AIRBNB-01120,Ariccia Boutique Suite #2,Roma Provincia Castelli Romani,Ariccia,Alloggio Turistico / Host Airbnb,info@aricciaboutiquesuite2.it,https://www.aricciaboutiquesuite2.it,+39 334 308 9759,2026-08-17
AIRBNB-01121,Ariccia Panoramic View Home #1,Roma Provincia Castelli Romani,Ariccia,Alloggio Turistico / Host Airbnb,info@aricciapanoramicviewhome1.it,https://www.aricciapanoramicviewhome1.it,+39 334 308 9759,2026-08-17
AIRBNB-01122,Ariccia Panoramic View Home #2,Roma Provincia Castelli Romani,Ariccia,Alloggio Turistico / Host Airbnb,info@aricciapanoramicviewhome2.it,https://www.aricciapanoramicviewhome2.it,+39 334 308 9759,2026-08-17
AIRBNB-01123,Ariccia Charme Loft #1,Roma Provincia Castelli Romani,Ariccia,Alloggio Turistico / Host Airbnb,info@aricciacharmeloft1.it,https://www.aricciacharmeloft1.it,+39 334 308 9759,2026-08-17
AIRBNB-01124,Ariccia Charme Loft #2,Roma Provincia Castelli Romani,Ariccia,Alloggio Turistico / Host Airbnb,info@aricciacharmeloft2.it,https://www.aricciacharmeloft2.it,+39 334 308 9759,2026-08-17
AIRBNB-01125,Ariccia Historic Relais #1,Roma Provincia Castelli Romani,Ariccia,Alloggio Turistico / Host Airbnb,info@aricciahistoricrelais1.it,https://www.aricciahistoricrelais1.it,+39 334 308 9759,2026-08-17
AIRBNB-01126,Ariccia Historic Relais #2,Roma Provincia Castelli Romani,Ariccia,Alloggio Turistico / Host Airbnb,info@aricciahistoricrelais2.it,https://www.aricciahistoricrelais2.it,+39 334 308 9759,2026-08-17
AIRBNB-01127,Ariccia Design Flat #1,Roma Provincia Castelli Romani,Ariccia,Alloggio Turistico / Host Airbnb,info@aricciadesignflat1.it,https://www.aricciadesignflat1.it,+39 334 308 9759,2026-08-17
AIRBNB-01128,Ariccia Design Flat #2,Roma Provincia Castelli Romani,Ariccia,Alloggio Turistico / Host Airbnb,info@aricciadesignflat2.it,https://www.aricciadesignflat2.it,+39 334 308 9759,2026-08-17
AIRBNB-01129,Ariccia Exclusive Penthouse #1,Roma Provincia Castelli Romani,Ariccia,Alloggio Turistico / Host Airbnb,info@aricciaexclusivepenthouse1.it,https://www.aricciaexclusivepenthouse1.it,+39 334 308 9759,2026-08-17
AIRBNB-01130,Ariccia Exclusive Penthouse #2,Roma Provincia Castelli Romani,Ariccia,Alloggio Turistico / Host Airbnb,info@aricciaexclusivepenthouse2.it,https://www.aricciaexclusivepenthouse2.it,+39 334 308 9759,2026-08-17
AIRBNB-01131,Ariccia Holiday Villa #1,Roma Provincia Castelli Romani,Ariccia,Alloggio Turistico / Host Airbnb,info@aricciaholidayvilla1.it,https://www.aricciaholidayvilla1.it,+39 334 308 9759,2026-08-17
AIRBNB-01132,Ariccia Holiday Villa #2,Roma Provincia Castelli Romani,Ariccia,Alloggio Turistico / Host Airbnb,info@aricciaholidayvilla2.it,https://www.aricciaholidayvilla2.it,+39 334 308 9759,2026-08-17
AIRBNB-01133,Ariccia Garden House #1,Roma Provincia Castelli Romani,Ariccia,Alloggio Turistico / Host Airbnb,info@aricciagardenhouse1.it,https://www.aricciagardenhouse1.it,+39 334 308 9759,2026-08-17
AIRBNB-01134,Ariccia Garden House #2,Roma Provincia Castelli Romani,Ariccia,Alloggio Turistico / Host Airbnb,info@aricciagardenhouse2.it,https://www.aricciagardenhouse2.it,+39 334 308 9759,2026-08-17
AIRBNB-01135,Ariccia Maison Elegance #1,Roma Provincia Castelli Romani,Ariccia,Alloggio Turistico / Host Airbnb,info@aricciamaisonelegance1.it,https://www.aricciamaisonelegance1.it,+39 334 308 9759,2026-08-17
AIRBNB-01136,Ariccia Maison Elegance #2,Roma Provincia Castelli Romani,Ariccia,Alloggio Turistico / Host Airbnb,info@aricciamaisonelegance2.it,https://www.aricciamaisonelegance2.it,+39 334 308 9759,2026-08-17
AIRBNB-01137,Ariccia Dimora Tipica #1,Roma Provincia Castelli Romani,Ariccia,Alloggio Turistico / Host Airbnb,info@aricciadimoratipica1.it,https://www.aricciadimoratipica1.it,+39 334 308 9759,2026-08-17
AIRBNB-01138,Ariccia Dimora Tipica #2,Roma Provincia Castelli Romani,Ariccia,Alloggio Turistico / Host Airbnb,info@aricciadimoratipica2.it,https://www.aricciadimoratipica2.it,+39 334 308 9759,2026-08-17
AIRBNB-01139,Ariccia Terrace Studio #1,Roma Provincia Castelli Romani,Ariccia,Alloggio Turistico / Host Airbnb,info@aricciaterracestudio1.it,https://www.aricciaterracestudio1.it,+39 334 308 9759,2026-08-17
AIRBNB-01140,Ariccia Terrace Studio #2,Roma Provincia Castelli Romani,Ariccia,Alloggio Turistico / Host Airbnb,info@aricciaterracestudio2.it,https://www.aricciaterracestudio2.it,+39 334 308 9759,2026-08-17
AIRBNB-01141,Ariccia Vacanze Relax Home #1,Roma Provincia Castelli Romani,Ariccia,Alloggio Turistico / Host Airbnb,info@aricciavacanzerelaxhome1.it,https://www.aricciavacanzerelaxhome1.it,+39 334 308 9759,2026-08-17
AIRBNB-01142,Ariccia Vacanze Relax Home #2,Roma Provincia Castelli Romani,Ariccia,Alloggio Turistico / Host Airbnb,info@aricciavacanzerelaxhome2.it,https://www.aricciavacanzerelaxhome2.it,+39 334 308 9759,2026-08-17
AIRBNB-01143,Ariccia Urban Living Loft #1,Roma Provincia Castelli Romani,Ariccia,Alloggio Turistico / Host Airbnb,info@aricciaurbanlivingloft1.it,https://www.aricciaurbanlivingloft1.it,+39 334 308 9759,2026-08-17
AIRBNB-01144,Ariccia Urban Living Loft #2,Roma Provincia Castelli Romani,Ariccia,Alloggio Turistico / Host Airbnb,info@aricciaurbanlivingloft2.it,https://www.aricciaurbanlivingloft2.it,+39 334 308 9759,2026-08-17
AIRBNB-01145,Ariccia Prestige Suites #1,Roma Provincia Castelli Romani,Ariccia,Alloggio Turistico / Host Airbnb,info@aricciaprestigesuites1.it,https://www.aricciaprestigesuites1.it,+39 334 308 9759,2026-08-17
AIRBNB-01146,Ariccia Prestige Suites #2,Roma Provincia Castelli Romani,Ariccia,Alloggio Turistico / Host Airbnb,info@aricciaprestigesuites2.it,https://www.aricciaprestigesuites2.it,+39 334 308 9759,2026-08-17
AIRBNB-01147,Ariccia Sea View Apartment #1,Roma Provincia Castelli Romani,Ariccia,Alloggio Turistico / Host Airbnb,info@aricciaseaviewapartment1.it,https://www.aricciaseaviewapartment1.it,+39 334 308 9759,2026-08-17
AIRBNB-01148,Ariccia Sea View Apartment #2,Roma Provincia Castelli Romani,Ariccia,Alloggio Turistico / Host Airbnb,info@aricciaseaviewapartment2.it,https://www.aricciaseaviewapartment2.it,+39 334 308 9759,2026-08-17
AIRBNB-01149,Ariccia Art & Style Flat #1,Roma Provincia Castelli Romani,Ariccia,Alloggio Turistico / Host Airbnb,info@aricciaartstyleflat1.it,https://www.aricciaartstyleflat1.it,+39 334 308 9759,2026-08-17
AIRBNB-01150,Ariccia Art & Style Flat #2,Roma Provincia Castelli Romani,Ariccia,Alloggio Turistico / Host Airbnb,info@aricciaartstyleflat2.it,https://www.aricciaartstyleflat2.it,+39 334 308 9759,2026-08-17
AIRBNB-01151,Ariccia Cozy Boutique Home #1,Roma Provincia Castelli Romani,Ariccia,Alloggio Turistico / Host Airbnb,info@aricciacozyboutiquehome1.it,https://www.aricciacozyboutiquehome1.it,+39 334 308 9759,2026-08-17
AIRBNB-01152,Ariccia Cozy Boutique Home #2,Roma Provincia Castelli Romani,Ariccia,Alloggio Turistico / Host Airbnb,info@aricciacozyboutiquehome2.it,https://www.aricciacozyboutiquehome2.it,+39 334 308 9759,2026-08-17
AIRBNB-01153,Marino Luxury Apartment #1,Roma Provincia Castelli Romani,Marino,Alloggio Turistico / Host Airbnb,info@marinoluxuryapartment1.it,https://www.marinoluxuryapartment1.it,+39 334 308 9759,2026-08-17
AIRBNB-01154,Marino Luxury Apartment #2,Roma Provincia Castelli Romani,Marino,Alloggio Turistico / Host Airbnb,info@marinoluxuryapartment2.it,https://www.marinoluxuryapartment2.it,+39 334 308 9759,2026-08-17
AIRBNB-01155,Marino Boutique Suite #1,Roma Provincia Castelli Romani,Marino,Alloggio Turistico / Host Airbnb,info@marinoboutiquesuite1.it,https://www.marinoboutiquesuite1.it,+39 334 308 9759,2026-08-17
AIRBNB-01156,Marino Boutique Suite #2,Roma Provincia Castelli Romani,Marino,Alloggio Turistico / Host Airbnb,info@marinoboutiquesuite2.it,https://www.marinoboutiquesuite2.it,+39 334 308 9759,2026-08-17
AIRBNB-01157,Marino Panoramic View Home #1,Roma Provincia Castelli Romani,Marino,Alloggio Turistico / Host Airbnb,info@marinopanoramicviewhome1.it,https://www.marinopanoramicviewhome1.it,+39 334 308 9759,2026-08-17
AIRBNB-01158,Marino Panoramic View Home #2,Roma Provincia Castelli Romani,Marino,Alloggio Turistico / Host Airbnb,info@marinopanoramicviewhome2.it,https://www.marinopanoramicviewhome2.it,+39 334 308 9759,2026-08-17
AIRBNB-01159,Marino Charme Loft #1,Roma Provincia Castelli Romani,Marino,Alloggio Turistico / Host Airbnb,info@marinocharmeloft1.it,https://www.marinocharmeloft1.it,+39 334 308 9759,2026-08-17
AIRBNB-01160,Marino Charme Loft #2,Roma Provincia Castelli Romani,Marino,Alloggio Turistico / Host Airbnb,info@marinocharmeloft2.it,https://www.marinocharmeloft2.it,+39 334 308 9759,2026-08-17
AIRBNB-01161,Marino Historic Relais #1,Roma Provincia Castelli Romani,Marino,Alloggio Turistico / Host Airbnb,info@marinohistoricrelais1.it,https://www.marinohistoricrelais1.it,+39 334 308 9759,2026-08-17
AIRBNB-01162,Marino Historic Relais #2,Roma Provincia Castelli Romani,Marino,Alloggio Turistico / Host Airbnb,info@marinohistoricrelais2.it,https://www.marinohistoricrelais2.it,+39 334 308 9759,2026-08-17
AIRBNB-01163,Marino Design Flat #1,Roma Provincia Castelli Romani,Marino,Alloggio Turistico / Host Airbnb,info@marinodesignflat1.it,https://www.marinodesignflat1.it,+39 334 308 9759,2026-08-17
AIRBNB-01164,Marino Design Flat #2,Roma Provincia Castelli Romani,Marino,Alloggio Turistico / Host Airbnb,info@marinodesignflat2.it,https://www.marinodesignflat2.it,+39 334 308 9759,2026-08-17
AIRBNB-01165,Marino Exclusive Penthouse #1,Roma Provincia Castelli Romani,Marino,Alloggio Turistico / Host Airbnb,info@marinoexclusivepenthouse1.it,https://www.marinoexclusivepenthouse1.it,+39 334 308 9759,2026-08-17
AIRBNB-01166,Marino Exclusive Penthouse #2,Roma Provincia Castelli Romani,Marino,Alloggio Turistico / Host Airbnb,info@marinoexclusivepenthouse2.it,https://www.marinoexclusivepenthouse2.it,+39 334 308 9759,2026-08-17
AIRBNB-01167,Marino Holiday Villa #1,Roma Provincia Castelli Romani,Marino,Alloggio Turistico / Host Airbnb,info@marinoholidayvilla1.it,https://www.marinoholidayvilla1.it,+39 334 308 9759,2026-08-17
AIRBNB-01168,Marino Holiday Villa #2,Roma Provincia Castelli Romani,Marino,Alloggio Turistico / Host Airbnb,info@marinoholidayvilla2.it,https://www.marinoholidayvilla2.it,+39 334 308 9759,2026-08-17
AIRBNB-01169,Marino Garden House #1,Roma Provincia Castelli Romani,Marino,Alloggio Turistico / Host Airbnb,info@marinogardenhouse1.it,https://www.marinogardenhouse1.it,+39 334 308 9759,2026-08-17
AIRBNB-01170,Marino Garden House #2,Roma Provincia Castelli Romani,Marino,Alloggio Turistico / Host Airbnb,info@marinogardenhouse2.it,https://www.marinogardenhouse2.it,+39 334 308 9759,2026-08-17
AIRBNB-01171,Marino Maison Elegance #1,Roma Provincia Castelli Romani,Marino,Alloggio Turistico / Host Airbnb,info@marinomaisonelegance1.it,https://www.marinomaisonelegance1.it,+39 334 308 9759,2026-08-17
AIRBNB-01172,Marino Maison Elegance #2,Roma Provincia Castelli Romani,Marino,Alloggio Turistico / Host Airbnb,info@marinomaisonelegance2.it,https://www.marinomaisonelegance2.it,+39 334 308 9759,2026-08-17
AIRBNB-01173,Marino Dimora Tipica #1,Roma Provincia Castelli Romani,Marino,Alloggio Turistico / Host Airbnb,info@marinodimoratipica1.it,https://www.marinodimoratipica1.it,+39 334 308 9759,2026-08-17
AIRBNB-01174,Marino Dimora Tipica #2,Roma Provincia Castelli Romani,Marino,Alloggio Turistico / Host Airbnb,info@marinodimoratipica2.it,https://www.marinodimoratipica2.it,+39 334 308 9759,2026-08-17
AIRBNB-01175,Marino Terrace Studio #1,Roma Provincia Castelli Romani,Marino,Alloggio Turistico / Host Airbnb,info@marinoterracestudio1.it,https://www.marinoterracestudio1.it,+39 334 308 9759,2026-08-17
AIRBNB-01176,Marino Terrace Studio #2,Roma Provincia Castelli Romani,Marino,Alloggio Turistico / Host Airbnb,info@marinoterracestudio2.it,https://www.marinoterracestudio2.it,+39 334 308 9759,2026-08-17
AIRBNB-01177,Marino Vacanze Relax Home #1,Roma Provincia Castelli Romani,Marino,Alloggio Turistico / Host Airbnb,info@marinovacanzerelaxhome1.it,https://www.marinovacanzerelaxhome1.it,+39 334 308 9759,2026-08-17
AIRBNB-01178,Marino Vacanze Relax Home #2,Roma Provincia Castelli Romani,Marino,Alloggio Turistico / Host Airbnb,info@marinovacanzerelaxhome2.it,https://www.marinovacanzerelaxhome2.it,+39 334 308 9759,2026-08-17
AIRBNB-01179,Marino Urban Living Loft #1,Roma Provincia Castelli Romani,Marino,Alloggio Turistico / Host Airbnb,info@marinourbanlivingloft1.it,https://www.marinourbanlivingloft1.it,+39 334 308 9759,2026-08-17
AIRBNB-01180,Marino Urban Living Loft #2,Roma Provincia Castelli Romani,Marino,Alloggio Turistico / Host Airbnb,info@marinourbanlivingloft2.it,https://www.marinourbanlivingloft2.it,+39 334 308 9759,2026-08-17
AIRBNB-01181,Marino Prestige Suites #1,Roma Provincia Castelli Romani,Marino,Alloggio Turistico / Host Airbnb,info@marinoprestigesuites1.it,https://www.marinoprestigesuites1.it,+39 334 308 9759,2026-08-17
AIRBNB-01182,Marino Prestige Suites #2,Roma Provincia Castelli Romani,Marino,Alloggio Turistico / Host Airbnb,info@marinoprestigesuites2.it,https://www.marinoprestigesuites2.it,+39 334 308 9759,2026-08-17
AIRBNB-01183,Marino Sea View Apartment #1,Roma Provincia Castelli Romani,Marino,Alloggio Turistico / Host Airbnb,info@marinoseaviewapartment1.it,https://www.marinoseaviewapartment1.it,+39 334 308 9759,2026-08-17
AIRBNB-01184,Marino Sea View Apartment #2,Roma Provincia Castelli Romani,Marino,Alloggio Turistico / Host Airbnb,info@marinoseaviewapartment2.it,https://www.marinoseaviewapartment2.it,+39 334 308 9759,2026-08-17
AIRBNB-01185,Marino Art & Style Flat #1,Roma Provincia Castelli Romani,Marino,Alloggio Turistico / Host Airbnb,info@marinoartstyleflat1.it,https://www.marinoartstyleflat1.it,+39 334 308 9759,2026-08-17
AIRBNB-01186,Marino Art & Style Flat #2,Roma Provincia Castelli Romani,Marino,Alloggio Turistico / Host Airbnb,info@marinoartstyleflat2.it,https://www.marinoartstyleflat2.it,+39 334 308 9759,2026-08-17
AIRBNB-01187,Marino Cozy Boutique Home #1,Roma Provincia Castelli Romani,Marino,Alloggio Turistico / Host Airbnb,info@marinocozyboutiquehome1.it,https://www.marinocozyboutiquehome1.it,+39 334 308 9759,2026-08-17
AIRBNB-01188,Marino Cozy Boutique Home #2,Roma Provincia Castelli Romani,Marino,Alloggio Turistico / Host Airbnb,info@marinocozyboutiquehome2.it,https://www.marinocozyboutiquehome2.it,+39 334 308 9759,2026-08-17
AIRBNB-01189,Velletri Luxury Apartment #1,Roma Provincia Castelli Romani,Velletri,Alloggio Turistico / Host Airbnb,info@velletriluxuryapartment1.it,https://www.velletriluxuryapartment1.it,+39 334 308 9759,2026-08-17
AIRBNB-01190,Velletri Luxury Apartment #2,Roma Provincia Castelli Romani,Velletri,Alloggio Turistico / Host Airbnb,info@velletriluxuryapartment2.it,https://www.velletriluxuryapartment2.it,+39 334 308 9759,2026-08-17
AIRBNB-01191,Velletri Boutique Suite #1,Roma Provincia Castelli Romani,Velletri,Alloggio Turistico / Host Airbnb,info@velletriboutiquesuite1.it,https://www.velletriboutiquesuite1.it,+39 334 308 9759,2026-08-17
AIRBNB-01192,Velletri Boutique Suite #2,Roma Provincia Castelli Romani,Velletri,Alloggio Turistico / Host Airbnb,info@velletriboutiquesuite2.it,https://www.velletriboutiquesuite2.it,+39 334 308 9759,2026-08-17
AIRBNB-01193,Velletri Panoramic View Home #1,Roma Provincia Castelli Romani,Velletri,Alloggio Turistico / Host Airbnb,info@velletripanoramicviewhome1.it,https://www.velletripanoramicviewhome1.it,+39 334 308 9759,2026-08-17
AIRBNB-01194,Velletri Panoramic View Home #2,Roma Provincia Castelli Romani,Velletri,Alloggio Turistico / Host Airbnb,info@velletripanoramicviewhome2.it,https://www.velletripanoramicviewhome2.it,+39 334 308 9759,2026-08-17
AIRBNB-01195,Velletri Charme Loft #1,Roma Provincia Castelli Romani,Velletri,Alloggio Turistico / Host Airbnb,info@velletricharmeloft1.it,https://www.velletricharmeloft1.it,+39 334 308 9759,2026-08-17
AIRBNB-01196,Velletri Charme Loft #2,Roma Provincia Castelli Romani,Velletri,Alloggio Turistico / Host Airbnb,info@velletricharmeloft2.it,https://www.velletricharmeloft2.it,+39 334 308 9759,2026-08-17
AIRBNB-01197,Velletri Historic Relais #1,Roma Provincia Castelli Romani,Velletri,Alloggio Turistico / Host Airbnb,info@velletrihistoricrelais1.it,https://www.velletrihistoricrelais1.it,+39 334 308 9759,2026-08-17
AIRBNB-01198,Velletri Historic Relais #2,Roma Provincia Castelli Romani,Velletri,Alloggio Turistico / Host Airbnb,info@velletrihistoricrelais2.it,https://www.velletrihistoricrelais2.it,+39 334 308 9759,2026-08-17
AIRBNB-01199,Velletri Design Flat #1,Roma Provincia Castelli Romani,Velletri,Alloggio Turistico / Host Airbnb,info@velletridesignflat1.it,https://www.velletridesignflat1.it,+39 334 308 9759,2026-08-17
AIRBNB-01200,Velletri Design Flat #2,Roma Provincia Castelli Romani,Velletri,Alloggio Turistico / Host Airbnb,info@velletridesignflat2.it,https://www.velletridesignflat2.it,+39 334 308 9759,2026-08-17
AIRBNB-01201,Velletri Exclusive Penthouse #1,Roma Provincia Castelli Romani,Velletri,Alloggio Turistico / Host Airbnb,info@velletriexclusivepenthouse1.it,https://www.velletriexclusivepenthouse1.it,+39 334 308 9759,2026-08-17
AIRBNB-01202,Velletri Exclusive Penthouse #2,Roma Provincia Castelli Romani,Velletri,Alloggio Turistico / Host Airbnb,info@velletriexclusivepenthouse2.it,https://www.velletriexclusivepenthouse2.it,+39 334 308 9759,2026-08-17
AIRBNB-01203,Velletri Holiday Villa #1,Roma Provincia Castelli Romani,Velletri,Alloggio Turistico / Host Airbnb,info@velletriholidayvilla1.it,https://www.velletriholidayvilla1.it,+39 334 308 9759,2026-08-17
AIRBNB-01204,Velletri Holiday Villa #2,Roma Provincia Castelli Romani,Velletri,Alloggio Turistico / Host Airbnb,info@velletriholidayvilla2.it,https://www.velletriholidayvilla2.it,+39 334 308 9759,2026-08-17
AIRBNB-01205,Velletri Garden House #1,Roma Provincia Castelli Romani,Velletri,Alloggio Turistico / Host Airbnb,info@velletrigardenhouse1.it,https://www.velletrigardenhouse1.it,+39 334 308 9759,2026-08-17
AIRBNB-01206,Velletri Garden House #2,Roma Provincia Castelli Romani,Velletri,Alloggio Turistico / Host Airbnb,info@velletrigardenhouse2.it,https://www.velletrigardenhouse2.it,+39 334 308 9759,2026-08-17
AIRBNB-01207,Velletri Maison Elegance #1,Roma Provincia Castelli Romani,Velletri,Alloggio Turistico / Host Airbnb,info@velletrimaisonelegance1.it,https://www.velletrimaisonelegance1.it,+39 334 308 9759,2026-08-17
AIRBNB-01208,Velletri Maison Elegance #2,Roma Provincia Castelli Romani,Velletri,Alloggio Turistico / Host Airbnb,info@velletrimaisonelegance2.it,https://www.velletrimaisonelegance2.it,+39 334 308 9759,2026-08-17
AIRBNB-01209,Velletri Dimora Tipica #1,Roma Provincia Castelli Romani,Velletri,Alloggio Turistico / Host Airbnb,info@velletridimoratipica1.it,https://www.velletridimoratipica1.it,+39 334 308 9759,2026-08-17
AIRBNB-01210,Velletri Dimora Tipica #2,Roma Provincia Castelli Romani,Velletri,Alloggio Turistico / Host Airbnb,info@velletridimoratipica2.it,https://www.velletridimoratipica2.it,+39 334 308 9759,2026-08-17
AIRBNB-01211,Velletri Terrace Studio #1,Roma Provincia Castelli Romani,Velletri,Alloggio Turistico / Host Airbnb,info@velletriterracestudio1.it,https://www.velletriterracestudio1.it,+39 334 308 9759,2026-08-17
AIRBNB-01212,Velletri Terrace Studio #2,Roma Provincia Castelli Romani,Velletri,Alloggio Turistico / Host Airbnb,info@velletriterracestudio2.it,https://www.velletriterracestudio2.it,+39 334 308 9759,2026-08-17
AIRBNB-01213,Velletri Vacanze Relax Home #1,Roma Provincia Castelli Romani,Velletri,Alloggio Turistico / Host Airbnb,info@velletrivacanzerelaxhome1.it,https://www.velletrivacanzerelaxhome1.it,+39 334 308 9759,2026-08-17
AIRBNB-01214,Velletri Vacanze Relax Home #2,Roma Provincia Castelli Romani,Velletri,Alloggio Turistico / Host Airbnb,info@velletrivacanzerelaxhome2.it,https://www.velletrivacanzerelaxhome2.it,+39 334 308 9759,2026-08-17
AIRBNB-01215,Velletri Urban Living Loft #1,Roma Provincia Castelli Romani,Velletri,Alloggio Turistico / Host Airbnb,info@velletriurbanlivingloft1.it,https://www.velletriurbanlivingloft1.it,+39 334 308 9759,2026-08-17
AIRBNB-01216,Velletri Urban Living Loft #2,Roma Provincia Castelli Romani,Velletri,Alloggio Turistico / Host Airbnb,info@velletriurbanlivingloft2.it,https://www.velletriurbanlivingloft2.it,+39 334 308 9759,2026-08-17
AIRBNB-01217,Velletri Prestige Suites #1,Roma Provincia Castelli Romani,Velletri,Alloggio Turistico / Host Airbnb,info@velletriprestigesuites1.it,https://www.velletriprestigesuites1.it,+39 334 308 9759,2026-08-17
AIRBNB-01218,Velletri Prestige Suites #2,Roma Provincia Castelli Romani,Velletri,Alloggio Turistico / Host Airbnb,info@velletriprestigesuites2.it,https://www.velletriprestigesuites2.it,+39 334 308 9759,2026-08-17
AIRBNB-01219,Velletri Sea View Apartment #1,Roma Provincia Castelli Romani,Velletri,Alloggio Turistico / Host Airbnb,info@velletriseaviewapartment1.it,https://www.velletriseaviewapartment1.it,+39 334 308 9759,2026-08-17
AIRBNB-01220,Velletri Sea View Apartment #2,Roma Provincia Castelli Romani,Velletri,Alloggio Turistico / Host Airbnb,info@velletriseaviewapartment2.it,https://www.velletriseaviewapartment2.it,+39 334 308 9759,2026-08-17
AIRBNB-01221,Velletri Art & Style Flat #1,Roma Provincia Castelli Romani,Velletri,Alloggio Turistico / Host Airbnb,info@velletriartstyleflat1.it,https://www.velletriartstyleflat1.it,+39 334 308 9759,2026-08-17
AIRBNB-01222,Velletri Art & Style Flat #2,Roma Provincia Castelli Romani,Velletri,Alloggio Turistico / Host Airbnb,info@velletriartstyleflat2.it,https://www.velletriartstyleflat2.it,+39 334 308 9759,2026-08-17
AIRBNB-01223,Velletri Cozy Boutique Home #1,Roma Provincia Castelli Romani,Velletri,Alloggio Turistico / Host Airbnb,info@velletricozyboutiquehome1.it,https://www.velletricozyboutiquehome1.it,+39 334 308 9759,2026-08-17
AIRBNB-01224,Velletri Cozy Boutique Home #2,Roma Provincia Castelli Romani,Velletri,Alloggio Turistico / Host Airbnb,info@velletricozyboutiquehome2.it,https://www.velletricozyboutiquehome2.it,+39 334 308 9759,2026-08-17
AIRBNB-01225,Genzano Luxury Apartment #1,Roma Provincia Castelli Romani,Genzano,Alloggio Turistico / Host Airbnb,info@genzanoluxuryapartment1.it,https://www.genzanoluxuryapartment1.it,+39 334 308 9759,2026-08-17
AIRBNB-01226,Genzano Luxury Apartment #2,Roma Provincia Castelli Romani,Genzano,Alloggio Turistico / Host Airbnb,info@genzanoluxuryapartment2.it,https://www.genzanoluxuryapartment2.it,+39 334 308 9759,2026-08-17
AIRBNB-01227,Genzano Boutique Suite #1,Roma Provincia Castelli Romani,Genzano,Alloggio Turistico / Host Airbnb,info@genzanoboutiquesuite1.it,https://www.genzanoboutiquesuite1.it,+39 334 308 9759,2026-08-17
AIRBNB-01228,Genzano Boutique Suite #2,Roma Provincia Castelli Romani,Genzano,Alloggio Turistico / Host Airbnb,info@genzanoboutiquesuite2.it,https://www.genzanoboutiquesuite2.it,+39 334 308 9759,2026-08-17
AIRBNB-01229,Genzano Panoramic View Home #1,Roma Provincia Castelli Romani,Genzano,Alloggio Turistico / Host Airbnb,info@genzanopanoramicviewhome1.it,https://www.genzanopanoramicviewhome1.it,+39 334 308 9759,2026-08-17
AIRBNB-01230,Genzano Panoramic View Home #2,Roma Provincia Castelli Romani,Genzano,Alloggio Turistico / Host Airbnb,info@genzanopanoramicviewhome2.it,https://www.genzanopanoramicviewhome2.it,+39 334 308 9759,2026-08-17
AIRBNB-01231,Genzano Charme Loft #1,Roma Provincia Castelli Romani,Genzano,Alloggio Turistico / Host Airbnb,info@genzanocharmeloft1.it,https://www.genzanocharmeloft1.it,+39 334 308 9759,2026-08-17
AIRBNB-01232,Genzano Charme Loft #2,Roma Provincia Castelli Romani,Genzano,Alloggio Turistico / Host Airbnb,info@genzanocharmeloft2.it,https://www.genzanocharmeloft2.it,+39 334 308 9759,2026-08-17
AIRBNB-01233,Genzano Historic Relais #1,Roma Provincia Castelli Romani,Genzano,Alloggio Turistico / Host Airbnb,info@genzanohistoricrelais1.it,https://www.genzanohistoricrelais1.it,+39 334 308 9759,2026-08-17
AIRBNB-01234,Genzano Historic Relais #2,Roma Provincia Castelli Romani,Genzano,Alloggio Turistico / Host Airbnb,info@genzanohistoricrelais2.it,https://www.genzanohistoricrelais2.it,+39 334 308 9759,2026-08-17
AIRBNB-01235,Genzano Design Flat #1,Roma Provincia Castelli Romani,Genzano,Alloggio Turistico / Host Airbnb,info@genzanodesignflat1.it,https://www.genzanodesignflat1.it,+39 334 308 9759,2026-08-17
AIRBNB-01236,Genzano Design Flat #2,Roma Provincia Castelli Romani,Genzano,Alloggio Turistico / Host Airbnb,info@genzanodesignflat2.it,https://www.genzanodesignflat2.it,+39 334 308 9759,2026-08-17
AIRBNB-01237,Genzano Exclusive Penthouse #1,Roma Provincia Castelli Romani,Genzano,Alloggio Turistico / Host Airbnb,info@genzanoexclusivepenthouse1.it,https://www.genzanoexclusivepenthouse1.it,+39 334 308 9759,2026-08-17
AIRBNB-01238,Genzano Exclusive Penthouse #2,Roma Provincia Castelli Romani,Genzano,Alloggio Turistico / Host Airbnb,info@genzanoexclusivepenthouse2.it,https://www.genzanoexclusivepenthouse2.it,+39 334 308 9759,2026-08-17
AIRBNB-01239,Genzano Holiday Villa #1,Roma Provincia Castelli Romani,Genzano,Alloggio Turistico / Host Airbnb,info@genzanoholidayvilla1.it,https://www.genzanoholidayvilla1.it,+39 334 308 9759,2026-08-17
AIRBNB-01240,Genzano Holiday Villa #2,Roma Provincia Castelli Romani,Genzano,Alloggio Turistico / Host Airbnb,info@genzanoholidayvilla2.it,https://www.genzanoholidayvilla2.it,+39 334 308 9759,2026-08-17
AIRBNB-01241,Genzano Garden House #1,Roma Provincia Castelli Romani,Genzano,Alloggio Turistico / Host Airbnb,info@genzanogardenhouse1.it,https://www.genzanogardenhouse1.it,+39 334 308 9759,2026-08-17
AIRBNB-01242,Genzano Garden House #2,Roma Provincia Castelli Romani,Genzano,Alloggio Turistico / Host Airbnb,info@genzanogardenhouse2.it,https://www.genzanogardenhouse2.it,+39 334 308 9759,2026-08-17
AIRBNB-01243,Genzano Maison Elegance #1,Roma Provincia Castelli Romani,Genzano,Alloggio Turistico / Host Airbnb,info@genzanomaisonelegance1.it,https://www.genzanomaisonelegance1.it,+39 334 308 9759,2026-08-17
AIRBNB-01244,Genzano Maison Elegance #2,Roma Provincia Castelli Romani,Genzano,Alloggio Turistico / Host Airbnb,info@genzanomaisonelegance2.it,https://www.genzanomaisonelegance2.it,+39 334 308 9759,2026-08-17
AIRBNB-01245,Genzano Dimora Tipica #1,Roma Provincia Castelli Romani,Genzano,Alloggio Turistico / Host Airbnb,info@genzanodimoratipica1.it,https://www.genzanodimoratipica1.it,+39 334 308 9759,2026-08-17
AIRBNB-01246,Genzano Dimora Tipica #2,Roma Provincia Castelli Romani,Genzano,Alloggio Turistico / Host Airbnb,info@genzanodimoratipica2.it,https://www.genzanodimoratipica2.it,+39 334 308 9759,2026-08-17
AIRBNB-01247,Genzano Terrace Studio #1,Roma Provincia Castelli Romani,Genzano,Alloggio Turistico / Host Airbnb,info@genzanoterracestudio1.it,https://www.genzanoterracestudio1.it,+39 334 308 9759,2026-08-17
AIRBNB-01248,Genzano Terrace Studio #2,Roma Provincia Castelli Romani,Genzano,Alloggio Turistico / Host Airbnb,info@genzanoterracestudio2.it,https://www.genzanoterracestudio2.it,+39 334 308 9759,2026-08-17
AIRBNB-01249,Genzano Vacanze Relax Home #1,Roma Provincia Castelli Romani,Genzano,Alloggio Turistico / Host Airbnb,info@genzanovacanzerelaxhome1.it,https://www.genzanovacanzerelaxhome1.it,+39 334 308 9759,2026-08-17
AIRBNB-01250,Genzano Vacanze Relax Home #2,Roma Provincia Castelli Romani,Genzano,Alloggio Turistico / Host Airbnb,info@genzanovacanzerelaxhome2.it,https://www.genzanovacanzerelaxhome2.it,+39 334 308 9759,2026-08-17
AIRBNB-01251,Genzano Urban Living Loft #1,Roma Provincia Castelli Romani,Genzano,Alloggio Turistico / Host Airbnb,info@genzanourbanlivingloft1.it,https://www.genzanourbanlivingloft1.it,+39 334 308 9759,2026-08-17
AIRBNB-01252,Genzano Urban Living Loft #2,Roma Provincia Castelli Romani,Genzano,Alloggio Turistico / Host Airbnb,info@genzanourbanlivingloft2.it,https://www.genzanourbanlivingloft2.it,+39 334 308 9759,2026-08-17
AIRBNB-01253,Genzano Prestige Suites #1,Roma Provincia Castelli Romani,Genzano,Alloggio Turistico / Host Airbnb,info@genzanoprestigesuites1.it,https://www.genzanoprestigesuites1.it,+39 334 308 9759,2026-08-17
AIRBNB-01254,Genzano Prestige Suites #2,Roma Provincia Castelli Romani,Genzano,Alloggio Turistico / Host Airbnb,info@genzanoprestigesuites2.it,https://www.genzanoprestigesuites2.it,+39 334 308 9759,2026-08-17
AIRBNB-01255,Genzano Sea View Apartment #1,Roma Provincia Castelli Romani,Genzano,Alloggio Turistico / Host Airbnb,info@genzanoseaviewapartment1.it,https://www.genzanoseaviewapartment1.it,+39 334 308 9759,2026-08-17
AIRBNB-01256,Genzano Sea View Apartment #2,Roma Provincia Castelli Romani,Genzano,Alloggio Turistico / Host Airbnb,info@genzanoseaviewapartment2.it,https://www.genzanoseaviewapartment2.it,+39 334 308 9759,2026-08-17
AIRBNB-01257,Genzano Art & Style Flat #1,Roma Provincia Castelli Romani,Genzano,Alloggio Turistico / Host Airbnb,info@genzanoartstyleflat1.it,https://www.genzanoartstyleflat1.it,+39 334 308 9759,2026-08-17
AIRBNB-01258,Genzano Art & Style Flat #2,Roma Provincia Castelli Romani,Genzano,Alloggio Turistico / Host Airbnb,info@genzanoartstyleflat2.it,https://www.genzanoartstyleflat2.it,+39 334 308 9759,2026-08-17
AIRBNB-01259,Genzano Cozy Boutique Home #1,Roma Provincia Castelli Romani,Genzano,Alloggio Turistico / Host Airbnb,info@genzanocozyboutiquehome1.it,https://www.genzanocozyboutiquehome1.it,+39 334 308 9759,2026-08-17
AIRBNB-01260,Genzano Cozy Boutique Home #2,Roma Provincia Castelli Romani,Genzano,Alloggio Turistico / Host Airbnb,info@genzanocozyboutiquehome2.it,https://www.genzanocozyboutiquehome2.it,+39 334 308 9759,2026-08-17
AIRBNB-01261,Tivoli Luxury Apartment #1,Roma Provincia Nord-Est,Tivoli,Alloggio Turistico / Host Airbnb,info@tivoliluxuryapartment1.it,https://www.tivoliluxuryapartment1.it,+39 334 308 9759,2026-08-17
AIRBNB-01262,Tivoli Luxury Apartment #2,Roma Provincia Nord-Est,Tivoli,Alloggio Turistico / Host Airbnb,info@tivoliluxuryapartment2.it,https://www.tivoliluxuryapartment2.it,+39 334 308 9759,2026-08-17
AIRBNB-01263,Tivoli Boutique Suite #1,Roma Provincia Nord-Est,Tivoli,Alloggio Turistico / Host Airbnb,info@tivoliboutiquesuite1.it,https://www.tivoliboutiquesuite1.it,+39 334 308 9759,2026-08-17
AIRBNB-01264,Tivoli Boutique Suite #2,Roma Provincia Nord-Est,Tivoli,Alloggio Turistico / Host Airbnb,info@tivoliboutiquesuite2.it,https://www.tivoliboutiquesuite2.it,+39 334 308 9759,2026-08-17
AIRBNB-01265,Tivoli Panoramic View Home #1,Roma Provincia Nord-Est,Tivoli,Alloggio Turistico / Host Airbnb,info@tivolipanoramicviewhome1.it,https://www.tivolipanoramicviewhome1.it,+39 334 308 9759,2026-08-17
AIRBNB-01266,Tivoli Panoramic View Home #2,Roma Provincia Nord-Est,Tivoli,Alloggio Turistico / Host Airbnb,info@tivolipanoramicviewhome2.it,https://www.tivolipanoramicviewhome2.it,+39 334 308 9759,2026-08-17
AIRBNB-01267,Tivoli Charme Loft #1,Roma Provincia Nord-Est,Tivoli,Alloggio Turistico / Host Airbnb,info@tivolicharmeloft1.it,https://www.tivolicharmeloft1.it,+39 334 308 9759,2026-08-17
AIRBNB-01268,Tivoli Charme Loft #2,Roma Provincia Nord-Est,Tivoli,Alloggio Turistico / Host Airbnb,info@tivolicharmeloft2.it,https://www.tivolicharmeloft2.it,+39 334 308 9759,2026-08-17
AIRBNB-01269,Tivoli Historic Relais #1,Roma Provincia Nord-Est,Tivoli,Alloggio Turistico / Host Airbnb,info@tivolihistoricrelais1.it,https://www.tivolihistoricrelais1.it,+39 334 308 9759,2026-08-17
AIRBNB-01270,Tivoli Historic Relais #2,Roma Provincia Nord-Est,Tivoli,Alloggio Turistico / Host Airbnb,info@tivolihistoricrelais2.it,https://www.tivolihistoricrelais2.it,+39 334 308 9759,2026-08-17
AIRBNB-01271,Tivoli Design Flat #1,Roma Provincia Nord-Est,Tivoli,Alloggio Turistico / Host Airbnb,info@tivolidesignflat1.it,https://www.tivolidesignflat1.it,+39 334 308 9759,2026-08-17
AIRBNB-01272,Tivoli Design Flat #2,Roma Provincia Nord-Est,Tivoli,Alloggio Turistico / Host Airbnb,info@tivolidesignflat2.it,https://www.tivolidesignflat2.it,+39 334 308 9759,2026-08-17
AIRBNB-01273,Tivoli Exclusive Penthouse #1,Roma Provincia Nord-Est,Tivoli,Alloggio Turistico / Host Airbnb,info@tivoliexclusivepenthouse1.it,https://www.tivoliexclusivepenthouse1.it,+39 334 308 9759,2026-08-17
AIRBNB-01274,Tivoli Exclusive Penthouse #2,Roma Provincia Nord-Est,Tivoli,Alloggio Turistico / Host Airbnb,info@tivoliexclusivepenthouse2.it,https://www.tivoliexclusivepenthouse2.it,+39 334 308 9759,2026-08-17
AIRBNB-01275,Tivoli Holiday Villa #1,Roma Provincia Nord-Est,Tivoli,Alloggio Turistico / Host Airbnb,info@tivoliholidayvilla1.it,https://www.tivoliholidayvilla1.it,+39 334 308 9759,2026-08-17
AIRBNB-01276,Tivoli Holiday Villa #2,Roma Provincia Nord-Est,Tivoli,Alloggio Turistico / Host Airbnb,info@tivoliholidayvilla2.it,https://www.tivoliholidayvilla2.it,+39 334 308 9759,2026-08-17
AIRBNB-01277,Tivoli Garden House #1,Roma Provincia Nord-Est,Tivoli,Alloggio Turistico / Host Airbnb,info@tivoligardenhouse1.it,https://www.tivoligardenhouse1.it,+39 334 308 9759,2026-08-17
AIRBNB-01278,Tivoli Garden House #2,Roma Provincia Nord-Est,Tivoli,Alloggio Turistico / Host Airbnb,info@tivoligardenhouse2.it,https://www.tivoligardenhouse2.it,+39 334 308 9759,2026-08-17
AIRBNB-01279,Tivoli Maison Elegance #1,Roma Provincia Nord-Est,Tivoli,Alloggio Turistico / Host Airbnb,info@tivolimaisonelegance1.it,https://www.tivolimaisonelegance1.it,+39 334 308 9759,2026-08-17
AIRBNB-01280,Tivoli Maison Elegance #2,Roma Provincia Nord-Est,Tivoli,Alloggio Turistico / Host Airbnb,info@tivolimaisonelegance2.it,https://www.tivolimaisonelegance2.it,+39 334 308 9759,2026-08-17
AIRBNB-01281,Tivoli Dimora Tipica #1,Roma Provincia Nord-Est,Tivoli,Alloggio Turistico / Host Airbnb,info@tivolidimoratipica1.it,https://www.tivolidimoratipica1.it,+39 334 308 9759,2026-08-17
AIRBNB-01282,Tivoli Dimora Tipica #2,Roma Provincia Nord-Est,Tivoli,Alloggio Turistico / Host Airbnb,info@tivolidimoratipica2.it,https://www.tivolidimoratipica2.it,+39 334 308 9759,2026-08-17
AIRBNB-01283,Tivoli Terrace Studio #1,Roma Provincia Nord-Est,Tivoli,Alloggio Turistico / Host Airbnb,info@tivoliterracestudio1.it,https://www.tivoliterracestudio1.it,+39 334 308 9759,2026-08-17
AIRBNB-01284,Tivoli Terrace Studio #2,Roma Provincia Nord-Est,Tivoli,Alloggio Turistico / Host Airbnb,info@tivoliterracestudio2.it,https://www.tivoliterracestudio2.it,+39 334 308 9759,2026-08-17
AIRBNB-01285,Tivoli Vacanze Relax Home #1,Roma Provincia Nord-Est,Tivoli,Alloggio Turistico / Host Airbnb,info@tivolivacanzerelaxhome1.it,https://www.tivolivacanzerelaxhome1.it,+39 334 308 9759,2026-08-17
AIRBNB-01286,Tivoli Vacanze Relax Home #2,Roma Provincia Nord-Est,Tivoli,Alloggio Turistico / Host Airbnb,info@tivolivacanzerelaxhome2.it,https://www.tivolivacanzerelaxhome2.it,+39 334 308 9759,2026-08-17
AIRBNB-01287,Tivoli Urban Living Loft #1,Roma Provincia Nord-Est,Tivoli,Alloggio Turistico / Host Airbnb,info@tivoliurbanlivingloft1.it,https://www.tivoliurbanlivingloft1.it,+39 334 308 9759,2026-08-17
AIRBNB-01288,Tivoli Urban Living Loft #2,Roma Provincia Nord-Est,Tivoli,Alloggio Turistico / Host Airbnb,info@tivoliurbanlivingloft2.it,https://www.tivoliurbanlivingloft2.it,+39 334 308 9759,2026-08-17
AIRBNB-01289,Tivoli Prestige Suites #1,Roma Provincia Nord-Est,Tivoli,Alloggio Turistico / Host Airbnb,info@tivoliprestigesuites1.it,https://www.tivoliprestigesuites1.it,+39 334 308 9759,2026-08-17
AIRBNB-01290,Tivoli Prestige Suites #2,Roma Provincia Nord-Est,Tivoli,Alloggio Turistico / Host Airbnb,info@tivoliprestigesuites2.it,https://www.tivoliprestigesuites2.it,+39 334 308 9759,2026-08-17
AIRBNB-01291,Tivoli Sea View Apartment #1,Roma Provincia Nord-Est,Tivoli,Alloggio Turistico / Host Airbnb,info@tivoliseaviewapartment1.it,https://www.tivoliseaviewapartment1.it,+39 334 308 9759,2026-08-17
AIRBNB-01292,Tivoli Sea View Apartment #2,Roma Provincia Nord-Est,Tivoli,Alloggio Turistico / Host Airbnb,info@tivoliseaviewapartment2.it,https://www.tivoliseaviewapartment2.it,+39 334 308 9759,2026-08-17
AIRBNB-01293,Tivoli Art & Style Flat #1,Roma Provincia Nord-Est,Tivoli,Alloggio Turistico / Host Airbnb,info@tivoliartstyleflat1.it,https://www.tivoliartstyleflat1.it,+39 334 308 9759,2026-08-17
AIRBNB-01294,Tivoli Art & Style Flat #2,Roma Provincia Nord-Est,Tivoli,Alloggio Turistico / Host Airbnb,info@tivoliartstyleflat2.it,https://www.tivoliartstyleflat2.it,+39 334 308 9759,2026-08-17
AIRBNB-01295,Tivoli Cozy Boutique Home #1,Roma Provincia Nord-Est,Tivoli,Alloggio Turistico / Host Airbnb,info@tivolicozyboutiquehome1.it,https://www.tivolicozyboutiquehome1.it,+39 334 308 9759,2026-08-17
AIRBNB-01296,Tivoli Cozy Boutique Home #2,Roma Provincia Nord-Est,Tivoli,Alloggio Turistico / Host Airbnb,info@tivolicozyboutiquehome2.it,https://www.tivolicozyboutiquehome2.it,+39 334 308 9759,2026-08-17
AIRBNB-01297,Guidonia Luxury Apartment #1,Roma Provincia Nord-Est,Guidonia,Alloggio Turistico / Host Airbnb,info@guidonialuxuryapartment1.it,https://www.guidonialuxuryapartment1.it,+39 334 308 9759,2026-08-17
AIRBNB-01298,Guidonia Luxury Apartment #2,Roma Provincia Nord-Est,Guidonia,Alloggio Turistico / Host Airbnb,info@guidonialuxuryapartment2.it,https://www.guidonialuxuryapartment2.it,+39 334 308 9759,2026-08-17
AIRBNB-01299,Guidonia Boutique Suite #1,Roma Provincia Nord-Est,Guidonia,Alloggio Turistico / Host Airbnb,info@guidoniaboutiquesuite1.it,https://www.guidoniaboutiquesuite1.it,+39 334 308 9759,2026-08-17
AIRBNB-01300,Guidonia Boutique Suite #2,Roma Provincia Nord-Est,Guidonia,Alloggio Turistico / Host Airbnb,info@guidoniaboutiquesuite2.it,https://www.guidoniaboutiquesuite2.it,+39 334 308 9759,2026-08-17
AIRBNB-01301,Guidonia Panoramic View Home #1,Roma Provincia Nord-Est,Guidonia,Alloggio Turistico / Host Airbnb,info@guidoniapanoramicviewhome1.it,https://www.guidoniapanoramicviewhome1.it,+39 334 308 9759,2026-08-17
AIRBNB-01302,Guidonia Panoramic View Home #2,Roma Provincia Nord-Est,Guidonia,Alloggio Turistico / Host Airbnb,info@guidoniapanoramicviewhome2.it,https://www.guidoniapanoramicviewhome2.it,+39 334 308 9759,2026-08-17
AIRBNB-01303,Guidonia Charme Loft #1,Roma Provincia Nord-Est,Guidonia,Alloggio Turistico / Host Airbnb,info@guidoniacharmeloft1.it,https://www.guidoniacharmeloft1.it,+39 334 308 9759,2026-08-17
AIRBNB-01304,Guidonia Charme Loft #2,Roma Provincia Nord-Est,Guidonia,Alloggio Turistico / Host Airbnb,info@guidoniacharmeloft2.it,https://www.guidoniacharmeloft2.it,+39 334 308 9759,2026-08-17
AIRBNB-01305,Guidonia Historic Relais #1,Roma Provincia Nord-Est,Guidonia,Alloggio Turistico / Host Airbnb,info@guidoniahistoricrelais1.it,https://www.guidoniahistoricrelais1.it,+39 334 308 9759,2026-08-17
AIRBNB-01306,Guidonia Historic Relais #2,Roma Provincia Nord-Est,Guidonia,Alloggio Turistico / Host Airbnb,info@guidoniahistoricrelais2.it,https://www.guidoniahistoricrelais2.it,+39 334 308 9759,2026-08-17
AIRBNB-01307,Guidonia Design Flat #1,Roma Provincia Nord-Est,Guidonia,Alloggio Turistico / Host Airbnb,info@guidoniadesignflat1.it,https://www.guidoniadesignflat1.it,+39 334 308 9759,2026-08-17
AIRBNB-01308,Guidonia Design Flat #2,Roma Provincia Nord-Est,Guidonia,Alloggio Turistico / Host Airbnb,info@guidoniadesignflat2.it,https://www.guidoniadesignflat2.it,+39 334 308 9759,2026-08-17
AIRBNB-01309,Guidonia Exclusive Penthouse #1,Roma Provincia Nord-Est,Guidonia,Alloggio Turistico / Host Airbnb,info@guidoniaexclusivepenthouse1.it,https://www.guidoniaexclusivepenthouse1.it,+39 334 308 9759,2026-08-17
AIRBNB-01310,Guidonia Exclusive Penthouse #2,Roma Provincia Nord-Est,Guidonia,Alloggio Turistico / Host Airbnb,info@guidoniaexclusivepenthouse2.it,https://www.guidoniaexclusivepenthouse2.it,+39 334 308 9759,2026-08-17
AIRBNB-01311,Guidonia Holiday Villa #1,Roma Provincia Nord-Est,Guidonia,Alloggio Turistico / Host Airbnb,info@guidoniaholidayvilla1.it,https://www.guidoniaholidayvilla1.it,+39 334 308 9759,2026-08-17
AIRBNB-01312,Guidonia Holiday Villa #2,Roma Provincia Nord-Est,Guidonia,Alloggio Turistico / Host Airbnb,info@guidoniaholidayvilla2.it,https://www.guidoniaholidayvilla2.it,+39 334 308 9759,2026-08-17
AIRBNB-01313,Guidonia Garden House #1,Roma Provincia Nord-Est,Guidonia,Alloggio Turistico / Host Airbnb,info@guidoniagardenhouse1.it,https://www.guidoniagardenhouse1.it,+39 334 308 9759,2026-08-17
AIRBNB-01314,Guidonia Garden House #2,Roma Provincia Nord-Est,Guidonia,Alloggio Turistico / Host Airbnb,info@guidoniagardenhouse2.it,https://www.guidoniagardenhouse2.it,+39 334 308 9759,2026-08-17
AIRBNB-01315,Guidonia Maison Elegance #1,Roma Provincia Nord-Est,Guidonia,Alloggio Turistico / Host Airbnb,info@guidoniamaisonelegance1.it,https://www.guidoniamaisonelegance1.it,+39 334 308 9759,2026-08-17
AIRBNB-01316,Guidonia Maison Elegance #2,Roma Provincia Nord-Est,Guidonia,Alloggio Turistico / Host Airbnb,info@guidoniamaisonelegance2.it,https://www.guidoniamaisonelegance2.it,+39 334 308 9759,2026-08-17
AIRBNB-01317,Guidonia Dimora Tipica #1,Roma Provincia Nord-Est,Guidonia,Alloggio Turistico / Host Airbnb,info@guidoniadimoratipica1.it,https://www.guidoniadimoratipica1.it,+39 334 308 9759,2026-08-17
AIRBNB-01318,Guidonia Dimora Tipica #2,Roma Provincia Nord-Est,Guidonia,Alloggio Turistico / Host Airbnb,info@guidoniadimoratipica2.it,https://www.guidoniadimoratipica2.it,+39 334 308 9759,2026-08-17
AIRBNB-01319,Guidonia Terrace Studio #1,Roma Provincia Nord-Est,Guidonia,Alloggio Turistico / Host Airbnb,info@guidoniaterracestudio1.it,https://www.guidoniaterracestudio1.it,+39 334 308 9759,2026-08-17
AIRBNB-01320,Guidonia Terrace Studio #2,Roma Provincia Nord-Est,Guidonia,Alloggio Turistico / Host Airbnb,info@guidoniaterracestudio2.it,https://www.guidoniaterracestudio2.it,+39 334 308 9759,2026-08-17
AIRBNB-01321,Guidonia Vacanze Relax Home #1,Roma Provincia Nord-Est,Guidonia,Alloggio Turistico / Host Airbnb,info@guidoniavacanzerelaxhome1.it,https://www.guidoniavacanzerelaxhome1.it,+39 334 308 9759,2026-08-17
AIRBNB-01322,Guidonia Vacanze Relax Home #2,Roma Provincia Nord-Est,Guidonia,Alloggio Turistico / Host Airbnb,info@guidoniavacanzerelaxhome2.it,https://www.guidoniavacanzerelaxhome2.it,+39 334 308 9759,2026-08-17
AIRBNB-01323,Guidonia Urban Living Loft #1,Roma Provincia Nord-Est,Guidonia,Alloggio Turistico / Host Airbnb,info@guidoniaurbanlivingloft1.it,https://www.guidoniaurbanlivingloft1.it,+39 334 308 9759,2026-08-17
AIRBNB-01324,Guidonia Urban Living Loft #2,Roma Provincia Nord-Est,Guidonia,Alloggio Turistico / Host Airbnb,info@guidoniaurbanlivingloft2.it,https://www.guidoniaurbanlivingloft2.it,+39 334 308 9759,2026-08-17
AIRBNB-01325,Guidonia Prestige Suites #1,Roma Provincia Nord-Est,Guidonia,Alloggio Turistico / Host Airbnb,info@guidoniaprestigesuites1.it,https://www.guidoniaprestigesuites1.it,+39 334 308 9759,2026-08-17
AIRBNB-01326,Guidonia Prestige Suites #2,Roma Provincia Nord-Est,Guidonia,Alloggio Turistico / Host Airbnb,info@guidoniaprestigesuites2.it,https://www.guidoniaprestigesuites2.it,+39 334 308 9759,2026-08-17
AIRBNB-01327,Guidonia Sea View Apartment #1,Roma Provincia Nord-Est,Guidonia,Alloggio Turistico / Host Airbnb,info@guidoniaseaviewapartment1.it,https://www.guidoniaseaviewapartment1.it,+39 334 308 9759,2026-08-17
AIRBNB-01328,Guidonia Sea View Apartment #2,Roma Provincia Nord-Est,Guidonia,Alloggio Turistico / Host Airbnb,info@guidoniaseaviewapartment2.it,https://www.guidoniaseaviewapartment2.it,+39 334 308 9759,2026-08-17
AIRBNB-01329,Guidonia Art & Style Flat #1,Roma Provincia Nord-Est,Guidonia,Alloggio Turistico / Host Airbnb,info@guidoniaartstyleflat1.it,https://www.guidoniaartstyleflat1.it,+39 334 308 9759,2026-08-17
AIRBNB-01330,Guidonia Art & Style Flat #2,Roma Provincia Nord-Est,Guidonia,Alloggio Turistico / Host Airbnb,info@guidoniaartstyleflat2.it,https://www.guidoniaartstyleflat2.it,+39 334 308 9759,2026-08-17
AIRBNB-01331,Guidonia Cozy Boutique Home #1,Roma Provincia Nord-Est,Guidonia,Alloggio Turistico / Host Airbnb,info@guidoniacozyboutiquehome1.it,https://www.guidoniacozyboutiquehome1.it,+39 334 308 9759,2026-08-17
AIRBNB-01332,Guidonia Cozy Boutique Home #2,Roma Provincia Nord-Est,Guidonia,Alloggio Turistico / Host Airbnb,info@guidoniacozyboutiquehome2.it,https://www.guidoniacozyboutiquehome2.it,+39 334 308 9759,2026-08-17
AIRBNB-01333,Ciampino Luxury Apartment #1,Roma Provincia Nord-Est,Ciampino,Alloggio Turistico / Host Airbnb,info@ciampinoluxuryapartment1.it,https://www.ciampinoluxuryapartment1.it,+39 334 308 9759,2026-08-17
AIRBNB-01334,Ciampino Luxury Apartment #2,Roma Provincia Nord-Est,Ciampino,Alloggio Turistico / Host Airbnb,info@ciampinoluxuryapartment2.it,https://www.ciampinoluxuryapartment2.it,+39 334 308 9759,2026-08-17
AIRBNB-01335,Ciampino Boutique Suite #1,Roma Provincia Nord-Est,Ciampino,Alloggio Turistico / Host Airbnb,info@ciampinoboutiquesuite1.it,https://www.ciampinoboutiquesuite1.it,+39 334 308 9759,2026-08-17
AIRBNB-01336,Ciampino Boutique Suite #2,Roma Provincia Nord-Est,Ciampino,Alloggio Turistico / Host Airbnb,info@ciampinoboutiquesuite2.it,https://www.ciampinoboutiquesuite2.it,+39 334 308 9759,2026-08-17
AIRBNB-01337,Ciampino Panoramic View Home #1,Roma Provincia Nord-Est,Ciampino,Alloggio Turistico / Host Airbnb,info@ciampinopanoramicviewhome1.it,https://www.ciampinopanoramicviewhome1.it,+39 334 308 9759,2026-08-17
AIRBNB-01338,Ciampino Panoramic View Home #2,Roma Provincia Nord-Est,Ciampino,Alloggio Turistico / Host Airbnb,info@ciampinopanoramicviewhome2.it,https://www.ciampinopanoramicviewhome2.it,+39 334 308 9759,2026-08-17
AIRBNB-01339,Ciampino Charme Loft #1,Roma Provincia Nord-Est,Ciampino,Alloggio Turistico / Host Airbnb,info@ciampinocharmeloft1.it,https://www.ciampinocharmeloft1.it,+39 334 308 9759,2026-08-17
AIRBNB-01340,Ciampino Charme Loft #2,Roma Provincia Nord-Est,Ciampino,Alloggio Turistico / Host Airbnb,info@ciampinocharmeloft2.it,https://www.ciampinocharmeloft2.it,+39 334 308 9759,2026-08-17
AIRBNB-01341,Ciampino Historic Relais #1,Roma Provincia Nord-Est,Ciampino,Alloggio Turistico / Host Airbnb,info@ciampinohistoricrelais1.it,https://www.ciampinohistoricrelais1.it,+39 334 308 9759,2026-08-17
AIRBNB-01342,Ciampino Historic Relais #2,Roma Provincia Nord-Est,Ciampino,Alloggio Turistico / Host Airbnb,info@ciampinohistoricrelais2.it,https://www.ciampinohistoricrelais2.it,+39 334 308 9759,2026-08-17
AIRBNB-01343,Ciampino Design Flat #1,Roma Provincia Nord-Est,Ciampino,Alloggio Turistico / Host Airbnb,info@ciampinodesignflat1.it,https://www.ciampinodesignflat1.it,+39 334 308 9759,2026-08-17
AIRBNB-01344,Ciampino Design Flat #2,Roma Provincia Nord-Est,Ciampino,Alloggio Turistico / Host Airbnb,info@ciampinodesignflat2.it,https://www.ciampinodesignflat2.it,+39 334 308 9759,2026-08-17
AIRBNB-01345,Ciampino Exclusive Penthouse #1,Roma Provincia Nord-Est,Ciampino,Alloggio Turistico / Host Airbnb,info@ciampinoexclusivepenthouse1.it,https://www.ciampinoexclusivepenthouse1.it,+39 334 308 9759,2026-08-17
AIRBNB-01346,Ciampino Exclusive Penthouse #2,Roma Provincia Nord-Est,Ciampino,Alloggio Turistico / Host Airbnb,info@ciampinoexclusivepenthouse2.it,https://www.ciampinoexclusivepenthouse2.it,+39 334 308 9759,2026-08-17
AIRBNB-01347,Ciampino Holiday Villa #1,Roma Provincia Nord-Est,Ciampino,Alloggio Turistico / Host Airbnb,info@ciampinoholidayvilla1.it,https://www.ciampinoholidayvilla1.it,+39 334 308 9759,2026-08-17
AIRBNB-01348,Ciampino Holiday Villa #2,Roma Provincia Nord-Est,Ciampino,Alloggio Turistico / Host Airbnb,info@ciampinoholidayvilla2.it,https://www.ciampinoholidayvilla2.it,+39 334 308 9759,2026-08-17
AIRBNB-01349,Ciampino Garden House #1,Roma Provincia Nord-Est,Ciampino,Alloggio Turistico / Host Airbnb,info@ciampinogardenhouse1.it,https://www.ciampinogardenhouse1.it,+39 334 308 9759,2026-08-17
AIRBNB-01350,Ciampino Garden House #2,Roma Provincia Nord-Est,Ciampino,Alloggio Turistico / Host Airbnb,info@ciampinogardenhouse2.it,https://www.ciampinogardenhouse2.it,+39 334 308 9759,2026-08-17
AIRBNB-01351,Ciampino Maison Elegance #1,Roma Provincia Nord-Est,Ciampino,Alloggio Turistico / Host Airbnb,info@ciampinomaisonelegance1.it,https://www.ciampinomaisonelegance1.it,+39 334 308 9759,2026-08-17
AIRBNB-01352,Ciampino Maison Elegance #2,Roma Provincia Nord-Est,Ciampino,Alloggio Turistico / Host Airbnb,info@ciampinomaisonelegance2.it,https://www.ciampinomaisonelegance2.it,+39 334 308 9759,2026-08-17
AIRBNB-01353,Ciampino Dimora Tipica #1,Roma Provincia Nord-Est,Ciampino,Alloggio Turistico / Host Airbnb,info@ciampinodimoratipica1.it,https://www.ciampinodimoratipica1.it,+39 334 308 9759,2026-08-17
AIRBNB-01354,Ciampino Dimora Tipica #2,Roma Provincia Nord-Est,Ciampino,Alloggio Turistico / Host Airbnb,info@ciampinodimoratipica2.it,https://www.ciampinodimoratipica2.it,+39 334 308 9759,2026-08-17
AIRBNB-01355,Ciampino Terrace Studio #1,Roma Provincia Nord-Est,Ciampino,Alloggio Turistico / Host Airbnb,info@ciampinoterracestudio1.it,https://www.ciampinoterracestudio1.it,+39 334 308 9759,2026-08-17
AIRBNB-01356,Ciampino Terrace Studio #2,Roma Provincia Nord-Est,Ciampino,Alloggio Turistico / Host Airbnb,info@ciampinoterracestudio2.it,https://www.ciampinoterracestudio2.it,+39 334 308 9759,2026-08-17
AIRBNB-01357,Ciampino Vacanze Relax Home #1,Roma Provincia Nord-Est,Ciampino,Alloggio Turistico / Host Airbnb,info@ciampinovacanzerelaxhome1.it,https://www.ciampinovacanzerelaxhome1.it,+39 334 308 9759,2026-08-17
AIRBNB-01358,Ciampino Vacanze Relax Home #2,Roma Provincia Nord-Est,Ciampino,Alloggio Turistico / Host Airbnb,info@ciampinovacanzerelaxhome2.it,https://www.ciampinovacanzerelaxhome2.it,+39 334 308 9759,2026-08-17
AIRBNB-01359,Ciampino Urban Living Loft #1,Roma Provincia Nord-Est,Ciampino,Alloggio Turistico / Host Airbnb,info@ciampinourbanlivingloft1.it,https://www.ciampinourbanlivingloft1.it,+39 334 308 9759,2026-08-17
AIRBNB-01360,Ciampino Urban Living Loft #2,Roma Provincia Nord-Est,Ciampino,Alloggio Turistico / Host Airbnb,info@ciampinourbanlivingloft2.it,https://www.ciampinourbanlivingloft2.it,+39 334 308 9759,2026-08-17
AIRBNB-01361,Ciampino Prestige Suites #1,Roma Provincia Nord-Est,Ciampino,Alloggio Turistico / Host Airbnb,info@ciampinoprestigesuites1.it,https://www.ciampinoprestigesuites1.it,+39 334 308 9759,2026-08-17
AIRBNB-01362,Ciampino Prestige Suites #2,Roma Provincia Nord-Est,Ciampino,Alloggio Turistico / Host Airbnb,info@ciampinoprestigesuites2.it,https://www.ciampinoprestigesuites2.it,+39 334 308 9759,2026-08-17
AIRBNB-01363,Ciampino Sea View Apartment #1,Roma Provincia Nord-Est,Ciampino,Alloggio Turistico / Host Airbnb,info@ciampinoseaviewapartment1.it,https://www.ciampinoseaviewapartment1.it,+39 334 308 9759,2026-08-17
AIRBNB-01364,Ciampino Sea View Apartment #2,Roma Provincia Nord-Est,Ciampino,Alloggio Turistico / Host Airbnb,info@ciampinoseaviewapartment2.it,https://www.ciampinoseaviewapartment2.it,+39 334 308 9759,2026-08-17
AIRBNB-01365,Ciampino Art & Style Flat #1,Roma Provincia Nord-Est,Ciampino,Alloggio Turistico / Host Airbnb,info@ciampinoartstyleflat1.it,https://www.ciampinoartstyleflat1.it,+39 334 308 9759,2026-08-17
AIRBNB-01366,Ciampino Art & Style Flat #2,Roma Provincia Nord-Est,Ciampino,Alloggio Turistico / Host Airbnb,info@ciampinoartstyleflat2.it,https://www.ciampinoartstyleflat2.it,+39 334 308 9759,2026-08-17
AIRBNB-01367,Ciampino Cozy Boutique Home #1,Roma Provincia Nord-Est,Ciampino,Alloggio Turistico / Host Airbnb,info@ciampinocozyboutiquehome1.it,https://www.ciampinocozyboutiquehome1.it,+39 334 308 9759,2026-08-17
AIRBNB-01368,Ciampino Cozy Boutique Home #2,Roma Provincia Nord-Est,Ciampino,Alloggio Turistico / Host Airbnb,info@ciampinocozyboutiquehome2.it,https://www.ciampinocozyboutiquehome2.it,+39 334 308 9759,2026-08-17
AIRBNB-01369,Fonte Nuova Luxury Apartment #1,Roma Provincia Nord-Est,Fonte Nuova,Alloggio Turistico / Host Airbnb,info@fontenuovaluxuryapartment1.it,https://www.fontenuovaluxuryapartment1.it,+39 334 308 9759,2026-08-17
AIRBNB-01370,Fonte Nuova Luxury Apartment #2,Roma Provincia Nord-Est,Fonte Nuova,Alloggio Turistico / Host Airbnb,info@fontenuovaluxuryapartment2.it,https://www.fontenuovaluxuryapartment2.it,+39 334 308 9759,2026-08-17
AIRBNB-01371,Fonte Nuova Boutique Suite #1,Roma Provincia Nord-Est,Fonte Nuova,Alloggio Turistico / Host Airbnb,info@fontenuovaboutiquesuite1.it,https://www.fontenuovaboutiquesuite1.it,+39 334 308 9759,2026-08-17
AIRBNB-01372,Fonte Nuova Boutique Suite #2,Roma Provincia Nord-Est,Fonte Nuova,Alloggio Turistico / Host Airbnb,info@fontenuovaboutiquesuite2.it,https://www.fontenuovaboutiquesuite2.it,+39 334 308 9759,2026-08-17
AIRBNB-01373,Fonte Nuova Panoramic View Home #1,Roma Provincia Nord-Est,Fonte Nuova,Alloggio Turistico / Host Airbnb,info@fontenuovapanoramicviewhome1.it,https://www.fontenuovapanoramicviewhome1.it,+39 334 308 9759,2026-08-17
AIRBNB-01374,Fonte Nuova Panoramic View Home #2,Roma Provincia Nord-Est,Fonte Nuova,Alloggio Turistico / Host Airbnb,info@fontenuovapanoramicviewhome2.it,https://www.fontenuovapanoramicviewhome2.it,+39 334 308 9759,2026-08-17
AIRBNB-01375,Fonte Nuova Charme Loft #1,Roma Provincia Nord-Est,Fonte Nuova,Alloggio Turistico / Host Airbnb,info@fontenuovacharmeloft1.it,https://www.fontenuovacharmeloft1.it,+39 334 308 9759,2026-08-17
AIRBNB-01376,Fonte Nuova Charme Loft #2,Roma Provincia Nord-Est,Fonte Nuova,Alloggio Turistico / Host Airbnb,info@fontenuovacharmeloft2.it,https://www.fontenuovacharmeloft2.it,+39 334 308 9759,2026-08-17
AIRBNB-01377,Fonte Nuova Historic Relais #1,Roma Provincia Nord-Est,Fonte Nuova,Alloggio Turistico / Host Airbnb,info@fontenuovahistoricrelais1.it,https://www.fontenuovahistoricrelais1.it,+39 334 308 9759,2026-08-17
AIRBNB-01378,Fonte Nuova Historic Relais #2,Roma Provincia Nord-Est,Fonte Nuova,Alloggio Turistico / Host Airbnb,info@fontenuovahistoricrelais2.it,https://www.fontenuovahistoricrelais2.it,+39 334 308 9759,2026-08-17
AIRBNB-01379,Fonte Nuova Design Flat #1,Roma Provincia Nord-Est,Fonte Nuova,Alloggio Turistico / Host Airbnb,info@fontenuovadesignflat1.it,https://www.fontenuovadesignflat1.it,+39 334 308 9759,2026-08-17
AIRBNB-01380,Fonte Nuova Design Flat #2,Roma Provincia Nord-Est,Fonte Nuova,Alloggio Turistico / Host Airbnb,info@fontenuovadesignflat2.it,https://www.fontenuovadesignflat2.it,+39 334 308 9759,2026-08-17
AIRBNB-01381,Fonte Nuova Exclusive Penthouse #1,Roma Provincia Nord-Est,Fonte Nuova,Alloggio Turistico / Host Airbnb,info@fontenuovaexclusivepenthouse1.it,https://www.fontenuovaexclusivepenthouse1.it,+39 334 308 9759,2026-08-17
AIRBNB-01382,Fonte Nuova Exclusive Penthouse #2,Roma Provincia Nord-Est,Fonte Nuova,Alloggio Turistico / Host Airbnb,info@fontenuovaexclusivepenthouse2.it,https://www.fontenuovaexclusivepenthouse2.it,+39 334 308 9759,2026-08-17
AIRBNB-01383,Fonte Nuova Holiday Villa #1,Roma Provincia Nord-Est,Fonte Nuova,Alloggio Turistico / Host Airbnb,info@fontenuovaholidayvilla1.it,https://www.fontenuovaholidayvilla1.it,+39 334 308 9759,2026-08-17
AIRBNB-01384,Fonte Nuova Holiday Villa #2,Roma Provincia Nord-Est,Fonte Nuova,Alloggio Turistico / Host Airbnb,info@fontenuovaholidayvilla2.it,https://www.fontenuovaholidayvilla2.it,+39 334 308 9759,2026-08-17
AIRBNB-01385,Fonte Nuova Garden House #1,Roma Provincia Nord-Est,Fonte Nuova,Alloggio Turistico / Host Airbnb,info@fontenuovagardenhouse1.it,https://www.fontenuovagardenhouse1.it,+39 334 308 9759,2026-08-17
AIRBNB-01386,Fonte Nuova Garden House #2,Roma Provincia Nord-Est,Fonte Nuova,Alloggio Turistico / Host Airbnb,info@fontenuovagardenhouse2.it,https://www.fontenuovagardenhouse2.it,+39 334 308 9759,2026-08-17
AIRBNB-01387,Fonte Nuova Maison Elegance #1,Roma Provincia Nord-Est,Fonte Nuova,Alloggio Turistico / Host Airbnb,info@fontenuovamaisonelegance1.it,https://www.fontenuovamaisonelegance1.it,+39 334 308 9759,2026-08-17
AIRBNB-01388,Fonte Nuova Maison Elegance #2,Roma Provincia Nord-Est,Fonte Nuova,Alloggio Turistico / Host Airbnb,info@fontenuovamaisonelegance2.it,https://www.fontenuovamaisonelegance2.it,+39 334 308 9759,2026-08-17
AIRBNB-01389,Fonte Nuova Dimora Tipica #1,Roma Provincia Nord-Est,Fonte Nuova,Alloggio Turistico / Host Airbnb,info@fontenuovadimoratipica1.it,https://www.fontenuovadimoratipica1.it,+39 334 308 9759,2026-08-17
AIRBNB-01390,Fonte Nuova Dimora Tipica #2,Roma Provincia Nord-Est,Fonte Nuova,Alloggio Turistico / Host Airbnb,info@fontenuovadimoratipica2.it,https://www.fontenuovadimoratipica2.it,+39 334 308 9759,2026-08-17
AIRBNB-01391,Fonte Nuova Terrace Studio #1,Roma Provincia Nord-Est,Fonte Nuova,Alloggio Turistico / Host Airbnb,info@fontenuovaterracestudio1.it,https://www.fontenuovaterracestudio1.it,+39 334 308 9759,2026-08-17
AIRBNB-01392,Fonte Nuova Terrace Studio #2,Roma Provincia Nord-Est,Fonte Nuova,Alloggio Turistico / Host Airbnb,info@fontenuovaterracestudio2.it,https://www.fontenuovaterracestudio2.it,+39 334 308 9759,2026-08-17
AIRBNB-01393,Fonte Nuova Vacanze Relax Home #1,Roma Provincia Nord-Est,Fonte Nuova,Alloggio Turistico / Host Airbnb,info@fontenuovavacanzerelaxhome1.it,https://www.fontenuovavacanzerelaxhome1.it,+39 334 308 9759,2026-08-17
AIRBNB-01394,Fonte Nuova Vacanze Relax Home #2,Roma Provincia Nord-Est,Fonte Nuova,Alloggio Turistico / Host Airbnb,info@fontenuovavacanzerelaxhome2.it,https://www.fontenuovavacanzerelaxhome2.it,+39 334 308 9759,2026-08-17
AIRBNB-01395,Fonte Nuova Urban Living Loft #1,Roma Provincia Nord-Est,Fonte Nuova,Alloggio Turistico / Host Airbnb,info@fontenuovaurbanlivingloft1.it,https://www.fontenuovaurbanlivingloft1.it,+39 334 308 9759,2026-08-17
AIRBNB-01396,Fonte Nuova Urban Living Loft #2,Roma Provincia Nord-Est,Fonte Nuova,Alloggio Turistico / Host Airbnb,info@fontenuovaurbanlivingloft2.it,https://www.fontenuovaurbanlivingloft2.it,+39 334 308 9759,2026-08-17
AIRBNB-01397,Fonte Nuova Prestige Suites #1,Roma Provincia Nord-Est,Fonte Nuova,Alloggio Turistico / Host Airbnb,info@fontenuovaprestigesuites1.it,https://www.fontenuovaprestigesuites1.it,+39 334 308 9759,2026-08-17
AIRBNB-01398,Fonte Nuova Prestige Suites #2,Roma Provincia Nord-Est,Fonte Nuova,Alloggio Turistico / Host Airbnb,info@fontenuovaprestigesuites2.it,https://www.fontenuovaprestigesuites2.it,+39 334 308 9759,2026-08-17
AIRBNB-01399,Fonte Nuova Sea View Apartment #1,Roma Provincia Nord-Est,Fonte Nuova,Alloggio Turistico / Host Airbnb,info@fontenuovaseaviewapartment1.it,https://www.fontenuovaseaviewapartment1.it,+39 334 308 9759,2026-08-17
AIRBNB-01400,Fonte Nuova Sea View Apartment #2,Roma Provincia Nord-Est,Fonte Nuova,Alloggio Turistico / Host Airbnb,info@fontenuovaseaviewapartment2.it,https://www.fontenuovaseaviewapartment2.it,+39 334 308 9759,2026-08-17
AIRBNB-01401,Fonte Nuova Art & Style Flat #1,Roma Provincia Nord-Est,Fonte Nuova,Alloggio Turistico / Host Airbnb,info@fontenuovaartstyleflat1.it,https://www.fontenuovaartstyleflat1.it,+39 334 308 9759,2026-08-17
AIRBNB-01402,Fonte Nuova Art & Style Flat #2,Roma Provincia Nord-Est,Fonte Nuova,Alloggio Turistico / Host Airbnb,info@fontenuovaartstyleflat2.it,https://www.fontenuovaartstyleflat2.it,+39 334 308 9759,2026-08-17
AIRBNB-01403,Fonte Nuova Cozy Boutique Home #1,Roma Provincia Nord-Est,Fonte Nuova,Alloggio Turistico / Host Airbnb,info@fontenuovacozyboutiquehome1.it,https://www.fontenuovacozyboutiquehome1.it,+39 334 308 9759,2026-08-17
AIRBNB-01404,Fonte Nuova Cozy Boutique Home #2,Roma Provincia Nord-Est,Fonte Nuova,Alloggio Turistico / Host Airbnb,info@fontenuovacozyboutiquehome2.it,https://www.fontenuovacozyboutiquehome2.it,+39 334 308 9759,2026-08-17
AIRBNB-01405,Bracciano Luxury Apartment #1,Roma Provincia Nord-Est,Bracciano,Alloggio Turistico / Host Airbnb,info@braccianoluxuryapartment1.it,https://www.braccianoluxuryapartment1.it,+39 334 308 9759,2026-08-17
AIRBNB-01406,Bracciano Luxury Apartment #2,Roma Provincia Nord-Est,Bracciano,Alloggio Turistico / Host Airbnb,info@braccianoluxuryapartment2.it,https://www.braccianoluxuryapartment2.it,+39 334 308 9759,2026-08-17
AIRBNB-01407,Bracciano Boutique Suite #1,Roma Provincia Nord-Est,Bracciano,Alloggio Turistico / Host Airbnb,info@braccianoboutiquesuite1.it,https://www.braccianoboutiquesuite1.it,+39 334 308 9759,2026-08-17
AIRBNB-01408,Bracciano Boutique Suite #2,Roma Provincia Nord-Est,Bracciano,Alloggio Turistico / Host Airbnb,info@braccianoboutiquesuite2.it,https://www.braccianoboutiquesuite2.it,+39 334 308 9759,2026-08-17
AIRBNB-01409,Bracciano Panoramic View Home #1,Roma Provincia Nord-Est,Bracciano,Alloggio Turistico / Host Airbnb,info@braccianopanoramicviewhome1.it,https://www.braccianopanoramicviewhome1.it,+39 334 308 9759,2026-08-17
AIRBNB-01410,Bracciano Panoramic View Home #2,Roma Provincia Nord-Est,Bracciano,Alloggio Turistico / Host Airbnb,info@braccianopanoramicviewhome2.it,https://www.braccianopanoramicviewhome2.it,+39 334 308 9759,2026-08-17
AIRBNB-01411,Bracciano Charme Loft #1,Roma Provincia Nord-Est,Bracciano,Alloggio Turistico / Host Airbnb,info@braccianocharmeloft1.it,https://www.braccianocharmeloft1.it,+39 334 308 9759,2026-08-17
AIRBNB-01412,Bracciano Charme Loft #2,Roma Provincia Nord-Est,Bracciano,Alloggio Turistico / Host Airbnb,info@braccianocharmeloft2.it,https://www.braccianocharmeloft2.it,+39 334 308 9759,2026-08-17
AIRBNB-01413,Bracciano Historic Relais #1,Roma Provincia Nord-Est,Bracciano,Alloggio Turistico / Host Airbnb,info@braccianohistoricrelais1.it,https://www.braccianohistoricrelais1.it,+39 334 308 9759,2026-08-17
AIRBNB-01414,Bracciano Historic Relais #2,Roma Provincia Nord-Est,Bracciano,Alloggio Turistico / Host Airbnb,info@braccianohistoricrelais2.it,https://www.braccianohistoricrelais2.it,+39 334 308 9759,2026-08-17
AIRBNB-01415,Bracciano Design Flat #1,Roma Provincia Nord-Est,Bracciano,Alloggio Turistico / Host Airbnb,info@braccianodesignflat1.it,https://www.braccianodesignflat1.it,+39 334 308 9759,2026-08-17
AIRBNB-01416,Bracciano Design Flat #2,Roma Provincia Nord-Est,Bracciano,Alloggio Turistico / Host Airbnb,info@braccianodesignflat2.it,https://www.braccianodesignflat2.it,+39 334 308 9759,2026-08-17
AIRBNB-01417,Bracciano Exclusive Penthouse #1,Roma Provincia Nord-Est,Bracciano,Alloggio Turistico / Host Airbnb,info@braccianoexclusivepenthouse1.it,https://www.braccianoexclusivepenthouse1.it,+39 334 308 9759,2026-08-17
AIRBNB-01418,Bracciano Exclusive Penthouse #2,Roma Provincia Nord-Est,Bracciano,Alloggio Turistico / Host Airbnb,info@braccianoexclusivepenthouse2.it,https://www.braccianoexclusivepenthouse2.it,+39 334 308 9759,2026-08-17
AIRBNB-01419,Bracciano Holiday Villa #1,Roma Provincia Nord-Est,Bracciano,Alloggio Turistico / Host Airbnb,info@braccianoholidayvilla1.it,https://www.braccianoholidayvilla1.it,+39 334 308 9759,2026-08-17
AIRBNB-01420,Bracciano Holiday Villa #2,Roma Provincia Nord-Est,Bracciano,Alloggio Turistico / Host Airbnb,info@braccianoholidayvilla2.it,https://www.braccianoholidayvilla2.it,+39 334 308 9759,2026-08-17
AIRBNB-01421,Bracciano Garden House #1,Roma Provincia Nord-Est,Bracciano,Alloggio Turistico / Host Airbnb,info@braccianogardenhouse1.it,https://www.braccianogardenhouse1.it,+39 334 308 9759,2026-08-17
AIRBNB-01422,Bracciano Garden House #2,Roma Provincia Nord-Est,Bracciano,Alloggio Turistico / Host Airbnb,info@braccianogardenhouse2.it,https://www.braccianogardenhouse2.it,+39 334 308 9759,2026-08-17
AIRBNB-01423,Bracciano Maison Elegance #1,Roma Provincia Nord-Est,Bracciano,Alloggio Turistico / Host Airbnb,info@braccianomaisonelegance1.it,https://www.braccianomaisonelegance1.it,+39 334 308 9759,2026-08-17
AIRBNB-01424,Bracciano Maison Elegance #2,Roma Provincia Nord-Est,Bracciano,Alloggio Turistico / Host Airbnb,info@braccianomaisonelegance2.it,https://www.braccianomaisonelegance2.it,+39 334 308 9759,2026-08-17
AIRBNB-01425,Bracciano Dimora Tipica #1,Roma Provincia Nord-Est,Bracciano,Alloggio Turistico / Host Airbnb,info@braccianodimoratipica1.it,https://www.braccianodimoratipica1.it,+39 334 308 9759,2026-08-17
AIRBNB-01426,Bracciano Dimora Tipica #2,Roma Provincia Nord-Est,Bracciano,Alloggio Turistico / Host Airbnb,info@braccianodimoratipica2.it,https://www.braccianodimoratipica2.it,+39 334 308 9759,2026-08-17
AIRBNB-01427,Bracciano Terrace Studio #1,Roma Provincia Nord-Est,Bracciano,Alloggio Turistico / Host Airbnb,info@braccianoterracestudio1.it,https://www.braccianoterracestudio1.it,+39 334 308 9759,2026-08-17
AIRBNB-01428,Bracciano Terrace Studio #2,Roma Provincia Nord-Est,Bracciano,Alloggio Turistico / Host Airbnb,info@braccianoterracestudio2.it,https://www.braccianoterracestudio2.it,+39 334 308 9759,2026-08-17
AIRBNB-01429,Bracciano Vacanze Relax Home #1,Roma Provincia Nord-Est,Bracciano,Alloggio Turistico / Host Airbnb,info@braccianovacanzerelaxhome1.it,https://www.braccianovacanzerelaxhome1.it,+39 334 308 9759,2026-08-17
AIRBNB-01430,Bracciano Vacanze Relax Home #2,Roma Provincia Nord-Est,Bracciano,Alloggio Turistico / Host Airbnb,info@braccianovacanzerelaxhome2.it,https://www.braccianovacanzerelaxhome2.it,+39 334 308 9759,2026-08-17
AIRBNB-01431,Bracciano Urban Living Loft #1,Roma Provincia Nord-Est,Bracciano,Alloggio Turistico / Host Airbnb,info@braccianourbanlivingloft1.it,https://www.braccianourbanlivingloft1.it,+39 334 308 9759,2026-08-17
AIRBNB-01432,Bracciano Urban Living Loft #2,Roma Provincia Nord-Est,Bracciano,Alloggio Turistico / Host Airbnb,info@braccianourbanlivingloft2.it,https://www.braccianourbanlivingloft2.it,+39 334 308 9759,2026-08-17
AIRBNB-01433,Bracciano Prestige Suites #1,Roma Provincia Nord-Est,Bracciano,Alloggio Turistico / Host Airbnb,info@braccianoprestigesuites1.it,https://www.braccianoprestigesuites1.it,+39 334 308 9759,2026-08-17
AIRBNB-01434,Bracciano Prestige Suites #2,Roma Provincia Nord-Est,Bracciano,Alloggio Turistico / Host Airbnb,info@braccianoprestigesuites2.it,https://www.braccianoprestigesuites2.it,+39 334 308 9759,2026-08-17
AIRBNB-01435,Bracciano Sea View Apartment #1,Roma Provincia Nord-Est,Bracciano,Alloggio Turistico / Host Airbnb,info@braccianoseaviewapartment1.it,https://www.braccianoseaviewapartment1.it,+39 334 308 9759,2026-08-17
AIRBNB-01436,Bracciano Sea View Apartment #2,Roma Provincia Nord-Est,Bracciano,Alloggio Turistico / Host Airbnb,info@braccianoseaviewapartment2.it,https://www.braccianoseaviewapartment2.it,+39 334 308 9759,2026-08-17
AIRBNB-01437,Bracciano Art & Style Flat #1,Roma Provincia Nord-Est,Bracciano,Alloggio Turistico / Host Airbnb,info@braccianoartstyleflat1.it,https://www.braccianoartstyleflat1.it,+39 334 308 9759,2026-08-17
AIRBNB-01438,Bracciano Art & Style Flat #2,Roma Provincia Nord-Est,Bracciano,Alloggio Turistico / Host Airbnb,info@braccianoartstyleflat2.it,https://www.braccianoartstyleflat2.it,+39 334 308 9759,2026-08-17
AIRBNB-01439,Bracciano Cozy Boutique Home #1,Roma Provincia Nord-Est,Bracciano,Alloggio Turistico / Host Airbnb,info@braccianocozyboutiquehome1.it,https://www.braccianocozyboutiquehome1.it,+39 334 308 9759,2026-08-17
AIRBNB-01440,Bracciano Cozy Boutique Home #2,Roma Provincia Nord-Est,Bracciano,Alloggio Turistico / Host Airbnb,info@braccianocozyboutiquehome2.it,https://www.braccianocozyboutiquehome2.it,+39 334 308 9759,2026-08-17
AIRBNB-01441,Anguillara Luxury Apartment #1,Roma Provincia Nord-Est,Anguillara,Alloggio Turistico / Host Airbnb,info@anguillaraluxuryapartment1.it,https://www.anguillaraluxuryapartment1.it,+39 334 308 9759,2026-08-17
AIRBNB-01442,Anguillara Luxury Apartment #2,Roma Provincia Nord-Est,Anguillara,Alloggio Turistico / Host Airbnb,info@anguillaraluxuryapartment2.it,https://www.anguillaraluxuryapartment2.it,+39 334 308 9759,2026-08-17
AIRBNB-01443,Anguillara Boutique Suite #1,Roma Provincia Nord-Est,Anguillara,Alloggio Turistico / Host Airbnb,info@anguillaraboutiquesuite1.it,https://www.anguillaraboutiquesuite1.it,+39 334 308 9759,2026-08-17
AIRBNB-01444,Anguillara Boutique Suite #2,Roma Provincia Nord-Est,Anguillara,Alloggio Turistico / Host Airbnb,info@anguillaraboutiquesuite2.it,https://www.anguillaraboutiquesuite2.it,+39 334 308 9759,2026-08-17
AIRBNB-01445,Anguillara Panoramic View Home #1,Roma Provincia Nord-Est,Anguillara,Alloggio Turistico / Host Airbnb,info@anguillarapanoramicviewhome1.it,https://www.anguillarapanoramicviewhome1.it,+39 334 308 9759,2026-08-17
AIRBNB-01446,Anguillara Panoramic View Home #2,Roma Provincia Nord-Est,Anguillara,Alloggio Turistico / Host Airbnb,info@anguillarapanoramicviewhome2.it,https://www.anguillarapanoramicviewhome2.it,+39 334 308 9759,2026-08-17
AIRBNB-01447,Anguillara Charme Loft #1,Roma Provincia Nord-Est,Anguillara,Alloggio Turistico / Host Airbnb,info@anguillaracharmeloft1.it,https://www.anguillaracharmeloft1.it,+39 334 308 9759,2026-08-17
AIRBNB-01448,Anguillara Charme Loft #2,Roma Provincia Nord-Est,Anguillara,Alloggio Turistico / Host Airbnb,info@anguillaracharmeloft2.it,https://www.anguillaracharmeloft2.it,+39 334 308 9759,2026-08-17
AIRBNB-01449,Anguillara Historic Relais #1,Roma Provincia Nord-Est,Anguillara,Alloggio Turistico / Host Airbnb,info@anguillarahistoricrelais1.it,https://www.anguillarahistoricrelais1.it,+39 334 308 9759,2026-08-17
AIRBNB-01450,Anguillara Historic Relais #2,Roma Provincia Nord-Est,Anguillara,Alloggio Turistico / Host Airbnb,info@anguillarahistoricrelais2.it,https://www.anguillarahistoricrelais2.it,+39 334 308 9759,2026-08-17
AIRBNB-01451,Anguillara Design Flat #1,Roma Provincia Nord-Est,Anguillara,Alloggio Turistico / Host Airbnb,info@anguillaradesignflat1.it,https://www.anguillaradesignflat1.it,+39 334 308 9759,2026-08-17
AIRBNB-01452,Anguillara Design Flat #2,Roma Provincia Nord-Est,Anguillara,Alloggio Turistico / Host Airbnb,info@anguillaradesignflat2.it,https://www.anguillaradesignflat2.it,+39 334 308 9759,2026-08-17
AIRBNB-01453,Anguillara Exclusive Penthouse #1,Roma Provincia Nord-Est,Anguillara,Alloggio Turistico / Host Airbnb,info@anguillaraexclusivepenthouse1.it,https://www.anguillaraexclusivepenthouse1.it,+39 334 308 9759,2026-08-17
AIRBNB-01454,Anguillara Exclusive Penthouse #2,Roma Provincia Nord-Est,Anguillara,Alloggio Turistico / Host Airbnb,info@anguillaraexclusivepenthouse2.it,https://www.anguillaraexclusivepenthouse2.it,+39 334 308 9759,2026-08-17
AIRBNB-01455,Anguillara Holiday Villa #1,Roma Provincia Nord-Est,Anguillara,Alloggio Turistico / Host Airbnb,info@anguillaraholidayvilla1.it,https://www.anguillaraholidayvilla1.it,+39 334 308 9759,2026-08-17
AIRBNB-01456,Anguillara Holiday Villa #2,Roma Provincia Nord-Est,Anguillara,Alloggio Turistico / Host Airbnb,info@anguillaraholidayvilla2.it,https://www.anguillaraholidayvilla2.it,+39 334 308 9759,2026-08-17
AIRBNB-01457,Anguillara Garden House #1,Roma Provincia Nord-Est,Anguillara,Alloggio Turistico / Host Airbnb,info@anguillaragardenhouse1.it,https://www.anguillaragardenhouse1.it,+39 334 308 9759,2026-08-17
AIRBNB-01458,Anguillara Garden House #2,Roma Provincia Nord-Est,Anguillara,Alloggio Turistico / Host Airbnb,info@anguillaragardenhouse2.it,https://www.anguillaragardenhouse2.it,+39 334 308 9759,2026-08-17
AIRBNB-01459,Anguillara Maison Elegance #1,Roma Provincia Nord-Est,Anguillara,Alloggio Turistico / Host Airbnb,info@anguillaramaisonelegance1.it,https://www.anguillaramaisonelegance1.it,+39 334 308 9759,2026-08-17
AIRBNB-01460,Anguillara Maison Elegance #2,Roma Provincia Nord-Est,Anguillara,Alloggio Turistico / Host Airbnb,info@anguillaramaisonelegance2.it,https://www.anguillaramaisonelegance2.it,+39 334 308 9759,2026-08-17
AIRBNB-01461,Anguillara Dimora Tipica #1,Roma Provincia Nord-Est,Anguillara,Alloggio Turistico / Host Airbnb,info@anguillaradimoratipica1.it,https://www.anguillaradimoratipica1.it,+39 334 308 9759,2026-08-17
AIRBNB-01462,Anguillara Dimora Tipica #2,Roma Provincia Nord-Est,Anguillara,Alloggio Turistico / Host Airbnb,info@anguillaradimoratipica2.it,https://www.anguillaradimoratipica2.it,+39 334 308 9759,2026-08-17
AIRBNB-01463,Anguillara Terrace Studio #1,Roma Provincia Nord-Est,Anguillara,Alloggio Turistico / Host Airbnb,info@anguillaraterracestudio1.it,https://www.anguillaraterracestudio1.it,+39 334 308 9759,2026-08-17
AIRBNB-01464,Anguillara Terrace Studio #2,Roma Provincia Nord-Est,Anguillara,Alloggio Turistico / Host Airbnb,info@anguillaraterracestudio2.it,https://www.anguillaraterracestudio2.it,+39 334 308 9759,2026-08-17
AIRBNB-01465,Anguillara Vacanze Relax Home #1,Roma Provincia Nord-Est,Anguillara,Alloggio Turistico / Host Airbnb,info@anguillaravacanzerelaxhome1.it,https://www.anguillaravacanzerelaxhome1.it,+39 334 308 9759,2026-08-17
AIRBNB-01466,Anguillara Vacanze Relax Home #2,Roma Provincia Nord-Est,Anguillara,Alloggio Turistico / Host Airbnb,info@anguillaravacanzerelaxhome2.it,https://www.anguillaravacanzerelaxhome2.it,+39 334 308 9759,2026-08-17
AIRBNB-01467,Anguillara Urban Living Loft #1,Roma Provincia Nord-Est,Anguillara,Alloggio Turistico / Host Airbnb,info@anguillaraurbanlivingloft1.it,https://www.anguillaraurbanlivingloft1.it,+39 334 308 9759,2026-08-17
AIRBNB-01468,Anguillara Urban Living Loft #2,Roma Provincia Nord-Est,Anguillara,Alloggio Turistico / Host Airbnb,info@anguillaraurbanlivingloft2.it,https://www.anguillaraurbanlivingloft2.it,+39 334 308 9759,2026-08-17
AIRBNB-01469,Anguillara Prestige Suites #1,Roma Provincia Nord-Est,Anguillara,Alloggio Turistico / Host Airbnb,info@anguillaraprestigesuites1.it,https://www.anguillaraprestigesuites1.it,+39 334 308 9759,2026-08-17
AIRBNB-01470,Anguillara Prestige Suites #2,Roma Provincia Nord-Est,Anguillara,Alloggio Turistico / Host Airbnb,info@anguillaraprestigesuites2.it,https://www.anguillaraprestigesuites2.it,+39 334 308 9759,2026-08-17
AIRBNB-01471,Anguillara Sea View Apartment #1,Roma Provincia Nord-Est,Anguillara,Alloggio Turistico / Host Airbnb,info@anguillaraseaviewapartment1.it,https://www.anguillaraseaviewapartment1.it,+39 334 308 9759,2026-08-17
AIRBNB-01472,Anguillara Sea View Apartment #2,Roma Provincia Nord-Est,Anguillara,Alloggio Turistico / Host Airbnb,info@anguillaraseaviewapartment2.it,https://www.anguillaraseaviewapartment2.it,+39 334 308 9759,2026-08-17
AIRBNB-01473,Anguillara Art & Style Flat #1,Roma Provincia Nord-Est,Anguillara,Alloggio Turistico / Host Airbnb,info@anguillaraartstyleflat1.it,https://www.anguillaraartstyleflat1.it,+39 334 308 9759,2026-08-17
AIRBNB-01474,Anguillara Art & Style Flat #2,Roma Provincia Nord-Est,Anguillara,Alloggio Turistico / Host Airbnb,info@anguillaraartstyleflat2.it,https://www.anguillaraartstyleflat2.it,+39 334 308 9759,2026-08-17
AIRBNB-01475,Anguillara Cozy Boutique Home #1,Roma Provincia Nord-Est,Anguillara,Alloggio Turistico / Host Airbnb,info@anguillaracozyboutiquehome1.it,https://www.anguillaracozyboutiquehome1.it,+39 334 308 9759,2026-08-17
AIRBNB-01476,Anguillara Cozy Boutique Home #2,Roma Provincia Nord-Est,Anguillara,Alloggio Turistico / Host Airbnb,info@anguillaracozyboutiquehome2.it,https://www.anguillaracozyboutiquehome2.it,+39 334 308 9759,2026-08-17
AIRBNB-01477,Trevignano Romano Luxury Apartment #1,Roma Provincia Nord-Est,Trevignano Romano,Alloggio Turistico / Host Airbnb,info@trevignanoromanoluxuryapartment1.it,https://www.trevignanoromanoluxuryapartment1.it,+39 334 308 9759,2026-08-17
AIRBNB-01478,Trevignano Romano Luxury Apartment #2,Roma Provincia Nord-Est,Trevignano Romano,Alloggio Turistico / Host Airbnb,info@trevignanoromanoluxuryapartment2.it,https://www.trevignanoromanoluxuryapartment2.it,+39 334 308 9759,2026-08-17
AIRBNB-01479,Trevignano Romano Boutique Suite #1,Roma Provincia Nord-Est,Trevignano Romano,Alloggio Turistico / Host Airbnb,info@trevignanoromanoboutiquesuite1.it,https://www.trevignanoromanoboutiquesuite1.it,+39 334 308 9759,2026-08-17
AIRBNB-01480,Trevignano Romano Boutique Suite #2,Roma Provincia Nord-Est,Trevignano Romano,Alloggio Turistico / Host Airbnb,info@trevignanoromanoboutiquesuite2.it,https://www.trevignanoromanoboutiquesuite2.it,+39 334 308 9759,2026-08-17
AIRBNB-01481,Trevignano Romano Panoramic View Home #1,Roma Provincia Nord-Est,Trevignano Romano,Alloggio Turistico / Host Airbnb,info@trevignanoromanopanoramicviewhome1.it,https://www.trevignanoromanopanoramicviewhome1.it,+39 334 308 9759,2026-08-17
AIRBNB-01482,Trevignano Romano Panoramic View Home #2,Roma Provincia Nord-Est,Trevignano Romano,Alloggio Turistico / Host Airbnb,info@trevignanoromanopanoramicviewhome2.it,https://www.trevignanoromanopanoramicviewhome2.it,+39 334 308 9759,2026-08-17
AIRBNB-01483,Trevignano Romano Charme Loft #1,Roma Provincia Nord-Est,Trevignano Romano,Alloggio Turistico / Host Airbnb,info@trevignanoromanocharmeloft1.it,https://www.trevignanoromanocharmeloft1.it,+39 334 308 9759,2026-08-17
AIRBNB-01484,Trevignano Romano Charme Loft #2,Roma Provincia Nord-Est,Trevignano Romano,Alloggio Turistico / Host Airbnb,info@trevignanoromanocharmeloft2.it,https://www.trevignanoromanocharmeloft2.it,+39 334 308 9759,2026-08-17
AIRBNB-01485,Trevignano Romano Historic Relais #1,Roma Provincia Nord-Est,Trevignano Romano,Alloggio Turistico / Host Airbnb,info@trevignanoromanohistoricrelais1.it,https://www.trevignanoromanohistoricrelais1.it,+39 334 308 9759,2026-08-17
AIRBNB-01486,Trevignano Romano Historic Relais #2,Roma Provincia Nord-Est,Trevignano Romano,Alloggio Turistico / Host Airbnb,info@trevignanoromanohistoricrelais2.it,https://www.trevignanoromanohistoricrelais2.it,+39 334 308 9759,2026-08-17
AIRBNB-01487,Trevignano Romano Design Flat #1,Roma Provincia Nord-Est,Trevignano Romano,Alloggio Turistico / Host Airbnb,info@trevignanoromanodesignflat1.it,https://www.trevignanoromanodesignflat1.it,+39 334 308 9759,2026-08-17
AIRBNB-01488,Trevignano Romano Design Flat #2,Roma Provincia Nord-Est,Trevignano Romano,Alloggio Turistico / Host Airbnb,info@trevignanoromanodesignflat2.it,https://www.trevignanoromanodesignflat2.it,+39 334 308 9759,2026-08-17
AIRBNB-01489,Trevignano Romano Exclusive Penthouse #1,Roma Provincia Nord-Est,Trevignano Romano,Alloggio Turistico / Host Airbnb,info@trevignanoromanoexclusivepenthouse1.it,https://www.trevignanoromanoexclusivepenthouse1.it,+39 334 308 9759,2026-08-17
AIRBNB-01490,Trevignano Romano Exclusive Penthouse #2,Roma Provincia Nord-Est,Trevignano Romano,Alloggio Turistico / Host Airbnb,info@trevignanoromanoexclusivepenthouse2.it,https://www.trevignanoromanoexclusivepenthouse2.it,+39 334 308 9759,2026-08-17
AIRBNB-01491,Trevignano Romano Holiday Villa #1,Roma Provincia Nord-Est,Trevignano Romano,Alloggio Turistico / Host Airbnb,info@trevignanoromanoholidayvilla1.it,https://www.trevignanoromanoholidayvilla1.it,+39 334 308 9759,2026-08-17
AIRBNB-01492,Trevignano Romano Holiday Villa #2,Roma Provincia Nord-Est,Trevignano Romano,Alloggio Turistico / Host Airbnb,info@trevignanoromanoholidayvilla2.it,https://www.trevignanoromanoholidayvilla2.it,+39 334 308 9759,2026-08-17
AIRBNB-01493,Trevignano Romano Garden House #1,Roma Provincia Nord-Est,Trevignano Romano,Alloggio Turistico / Host Airbnb,info@trevignanoromanogardenhouse1.it,https://www.trevignanoromanogardenhouse1.it,+39 334 308 9759,2026-08-17
AIRBNB-01494,Trevignano Romano Garden House #2,Roma Provincia Nord-Est,Trevignano Romano,Alloggio Turistico / Host Airbnb,info@trevignanoromanogardenhouse2.it,https://www.trevignanoromanogardenhouse2.it,+39 334 308 9759,2026-08-17
AIRBNB-01495,Trevignano Romano Maison Elegance #1,Roma Provincia Nord-Est,Trevignano Romano,Alloggio Turistico / Host Airbnb,info@trevignanoromanomaisonelegance1.it,https://www.trevignanoromanomaisonelegance1.it,+39 334 308 9759,2026-08-17
AIRBNB-01496,Trevignano Romano Maison Elegance #2,Roma Provincia Nord-Est,Trevignano Romano,Alloggio Turistico / Host Airbnb,info@trevignanoromanomaisonelegance2.it,https://www.trevignanoromanomaisonelegance2.it,+39 334 308 9759,2026-08-17
AIRBNB-01497,Trevignano Romano Dimora Tipica #1,Roma Provincia Nord-Est,Trevignano Romano,Alloggio Turistico / Host Airbnb,info@trevignanoromanodimoratipica1.it,https://www.trevignanoromanodimoratipica1.it,+39 334 308 9759,2026-08-17
AIRBNB-01498,Trevignano Romano Dimora Tipica #2,Roma Provincia Nord-Est,Trevignano Romano,Alloggio Turistico / Host Airbnb,info@trevignanoromanodimoratipica2.it,https://www.trevignanoromanodimoratipica2.it,+39 334 308 9759,2026-08-17
AIRBNB-01499,Trevignano Romano Terrace Studio #1,Roma Provincia Nord-Est,Trevignano Romano,Alloggio Turistico / Host Airbnb,info@trevignanoromanoterracestudio1.it,https://www.trevignanoromanoterracestudio1.it,+39 334 308 9759,2026-08-17
AIRBNB-01500,Trevignano Romano Terrace Studio #2,Roma Provincia Nord-Est,Trevignano Romano,Alloggio Turistico / Host Airbnb,info@trevignanoromanoterracestudio2.it,https://www.trevignanoromanoterracestudio2.it,+39 334 308 9759,2026-08-17
AIRBNB-01501,Trevignano Romano Vacanze Relax Home #1,Roma Provincia Nord-Est,Trevignano Romano,Alloggio Turistico / Host Airbnb,info@trevignanoromanovacanzerelaxhome1.it,https://www.trevignanoromanovacanzerelaxhome1.it,+39 334 308 9759,2026-08-17
AIRBNB-01502,Trevignano Romano Vacanze Relax Home #2,Roma Provincia Nord-Est,Trevignano Romano,Alloggio Turistico / Host Airbnb,info@trevignanoromanovacanzerelaxhome2.it,https://www.trevignanoromanovacanzerelaxhome2.it,+39 334 308 9759,2026-08-17
AIRBNB-01503,Trevignano Romano Urban Living Loft #1,Roma Provincia Nord-Est,Trevignano Romano,Alloggio Turistico / Host Airbnb,info@trevignanoromanourbanlivingloft1.it,https://www.trevignanoromanourbanlivingloft1.it,+39 334 308 9759,2026-08-17
AIRBNB-01504,Trevignano Romano Urban Living Loft #2,Roma Provincia Nord-Est,Trevignano Romano,Alloggio Turistico / Host Airbnb,info@trevignanoromanourbanlivingloft2.it,https://www.trevignanoromanourbanlivingloft2.it,+39 334 308 9759,2026-08-17
AIRBNB-01505,Trevignano Romano Prestige Suites #1,Roma Provincia Nord-Est,Trevignano Romano,Alloggio Turistico / Host Airbnb,info@trevignanoromanoprestigesuites1.it,https://www.trevignanoromanoprestigesuites1.it,+39 334 308 9759,2026-08-17
AIRBNB-01506,Trevignano Romano Prestige Suites #2,Roma Provincia Nord-Est,Trevignano Romano,Alloggio Turistico / Host Airbnb,info@trevignanoromanoprestigesuites2.it,https://www.trevignanoromanoprestigesuites2.it,+39 334 308 9759,2026-08-17
AIRBNB-01507,Trevignano Romano Sea View Apartment #1,Roma Provincia Nord-Est,Trevignano Romano,Alloggio Turistico / Host Airbnb,info@trevignanoromanoseaviewapartment1.it,https://www.trevignanoromanoseaviewapartment1.it,+39 334 308 9759,2026-08-17
AIRBNB-01508,Trevignano Romano Sea View Apartment #2,Roma Provincia Nord-Est,Trevignano Romano,Alloggio Turistico / Host Airbnb,info@trevignanoromanoseaviewapartment2.it,https://www.trevignanoromanoseaviewapartment2.it,+39 334 308 9759,2026-08-17
AIRBNB-01509,Trevignano Romano Art & Style Flat #1,Roma Provincia Nord-Est,Trevignano Romano,Alloggio Turistico / Host Airbnb,info@trevignanoromanoartstyleflat1.it,https://www.trevignanoromanoartstyleflat1.it,+39 334 308 9759,2026-08-17
AIRBNB-01510,Trevignano Romano Art & Style Flat #2,Roma Provincia Nord-Est,Trevignano Romano,Alloggio Turistico / Host Airbnb,info@trevignanoromanoartstyleflat2.it,https://www.trevignanoromanoartstyleflat2.it,+39 334 308 9759,2026-08-17
AIRBNB-01511,Trevignano Romano Cozy Boutique Home #1,Roma Provincia Nord-Est,Trevignano Romano,Alloggio Turistico / Host Airbnb,info@trevignanoromanocozyboutiquehome1.it,https://www.trevignanoromanocozyboutiquehome1.it,+39 334 308 9759,2026-08-17
AIRBNB-01512,Trevignano Romano Cozy Boutique Home #2,Roma Provincia Nord-Est,Trevignano Romano,Alloggio Turistico / Host Airbnb,info@trevignanoromanocozyboutiquehome2.it,https://www.trevignanoromanocozyboutiquehome2.it,+39 334 308 9759,2026-08-17
AIRBNB-01513,Chiaia Luxury Apartment #1,Napoli Città,Chiaia,Alloggio Turistico / Host Airbnb,info@chiaialuxuryapartment1.it,https://www.chiaialuxuryapartment1.it,+39 334 308 9759,2026-08-17
AIRBNB-01514,Chiaia Luxury Apartment #2,Napoli Città,Chiaia,Alloggio Turistico / Host Airbnb,info@chiaialuxuryapartment2.it,https://www.chiaialuxuryapartment2.it,+39 334 308 9759,2026-08-17
AIRBNB-01515,Chiaia Boutique Suite #1,Napoli Città,Chiaia,Alloggio Turistico / Host Airbnb,info@chiaiaboutiquesuite1.it,https://www.chiaiaboutiquesuite1.it,+39 334 308 9759,2026-08-17
AIRBNB-01516,Chiaia Boutique Suite #2,Napoli Città,Chiaia,Alloggio Turistico / Host Airbnb,info@chiaiaboutiquesuite2.it,https://www.chiaiaboutiquesuite2.it,+39 334 308 9759,2026-08-17
AIRBNB-01517,Chiaia Panoramic View Home #1,Napoli Città,Chiaia,Alloggio Turistico / Host Airbnb,info@chiaiapanoramicviewhome1.it,https://www.chiaiapanoramicviewhome1.it,+39 334 308 9759,2026-08-17
AIRBNB-01518,Chiaia Panoramic View Home #2,Napoli Città,Chiaia,Alloggio Turistico / Host Airbnb,info@chiaiapanoramicviewhome2.it,https://www.chiaiapanoramicviewhome2.it,+39 334 308 9759,2026-08-17
AIRBNB-01519,Chiaia Charme Loft #1,Napoli Città,Chiaia,Alloggio Turistico / Host Airbnb,info@chiaiacharmeloft1.it,https://www.chiaiacharmeloft1.it,+39 334 308 9759,2026-08-17
AIRBNB-01520,Chiaia Charme Loft #2,Napoli Città,Chiaia,Alloggio Turistico / Host Airbnb,info@chiaiacharmeloft2.it,https://www.chiaiacharmeloft2.it,+39 334 308 9759,2026-08-17
AIRBNB-01521,Chiaia Historic Relais #1,Napoli Città,Chiaia,Alloggio Turistico / Host Airbnb,info@chiaiahistoricrelais1.it,https://www.chiaiahistoricrelais1.it,+39 334 308 9759,2026-08-17
AIRBNB-01522,Chiaia Historic Relais #2,Napoli Città,Chiaia,Alloggio Turistico / Host Airbnb,info@chiaiahistoricrelais2.it,https://www.chiaiahistoricrelais2.it,+39 334 308 9759,2026-08-17
AIRBNB-01523,Chiaia Design Flat #1,Napoli Città,Chiaia,Alloggio Turistico / Host Airbnb,info@chiaiadesignflat1.it,https://www.chiaiadesignflat1.it,+39 334 308 9759,2026-08-17
AIRBNB-01524,Chiaia Design Flat #2,Napoli Città,Chiaia,Alloggio Turistico / Host Airbnb,info@chiaiadesignflat2.it,https://www.chiaiadesignflat2.it,+39 334 308 9759,2026-08-17
AIRBNB-01525,Chiaia Exclusive Penthouse #1,Napoli Città,Chiaia,Alloggio Turistico / Host Airbnb,info@chiaiaexclusivepenthouse1.it,https://www.chiaiaexclusivepenthouse1.it,+39 334 308 9759,2026-08-17
AIRBNB-01526,Chiaia Exclusive Penthouse #2,Napoli Città,Chiaia,Alloggio Turistico / Host Airbnb,info@chiaiaexclusivepenthouse2.it,https://www.chiaiaexclusivepenthouse2.it,+39 334 308 9759,2026-08-17
AIRBNB-01527,Chiaia Holiday Villa #1,Napoli Città,Chiaia,Alloggio Turistico / Host Airbnb,info@chiaiaholidayvilla1.it,https://www.chiaiaholidayvilla1.it,+39 334 308 9759,2026-08-17
AIRBNB-01528,Chiaia Holiday Villa #2,Napoli Città,Chiaia,Alloggio Turistico / Host Airbnb,info@chiaiaholidayvilla2.it,https://www.chiaiaholidayvilla2.it,+39 334 308 9759,2026-08-17
AIRBNB-01529,Chiaia Garden House #1,Napoli Città,Chiaia,Alloggio Turistico / Host Airbnb,info@chiaiagardenhouse1.it,https://www.chiaiagardenhouse1.it,+39 334 308 9759,2026-08-17
AIRBNB-01530,Chiaia Garden House #2,Napoli Città,Chiaia,Alloggio Turistico / Host Airbnb,info@chiaiagardenhouse2.it,https://www.chiaiagardenhouse2.it,+39 334 308 9759,2026-08-17
AIRBNB-01531,Chiaia Maison Elegance #1,Napoli Città,Chiaia,Alloggio Turistico / Host Airbnb,info@chiaiamaisonelegance1.it,https://www.chiaiamaisonelegance1.it,+39 334 308 9759,2026-08-17
AIRBNB-01532,Chiaia Maison Elegance #2,Napoli Città,Chiaia,Alloggio Turistico / Host Airbnb,info@chiaiamaisonelegance2.it,https://www.chiaiamaisonelegance2.it,+39 334 308 9759,2026-08-17
AIRBNB-01533,Chiaia Dimora Tipica #1,Napoli Città,Chiaia,Alloggio Turistico / Host Airbnb,info@chiaiadimoratipica1.it,https://www.chiaiadimoratipica1.it,+39 334 308 9759,2026-08-17
AIRBNB-01534,Chiaia Dimora Tipica #2,Napoli Città,Chiaia,Alloggio Turistico / Host Airbnb,info@chiaiadimoratipica2.it,https://www.chiaiadimoratipica2.it,+39 334 308 9759,2026-08-17
AIRBNB-01535,Chiaia Terrace Studio #1,Napoli Città,Chiaia,Alloggio Turistico / Host Airbnb,info@chiaiaterracestudio1.it,https://www.chiaiaterracestudio1.it,+39 334 308 9759,2026-08-17
AIRBNB-01536,Chiaia Terrace Studio #2,Napoli Città,Chiaia,Alloggio Turistico / Host Airbnb,info@chiaiaterracestudio2.it,https://www.chiaiaterracestudio2.it,+39 334 308 9759,2026-08-17
AIRBNB-01537,Chiaia Vacanze Relax Home #1,Napoli Città,Chiaia,Alloggio Turistico / Host Airbnb,info@chiaiavacanzerelaxhome1.it,https://www.chiaiavacanzerelaxhome1.it,+39 334 308 9759,2026-08-17
AIRBNB-01538,Chiaia Vacanze Relax Home #2,Napoli Città,Chiaia,Alloggio Turistico / Host Airbnb,info@chiaiavacanzerelaxhome2.it,https://www.chiaiavacanzerelaxhome2.it,+39 334 308 9759,2026-08-17
AIRBNB-01539,Chiaia Urban Living Loft #1,Napoli Città,Chiaia,Alloggio Turistico / Host Airbnb,info@chiaiaurbanlivingloft1.it,https://www.chiaiaurbanlivingloft1.it,+39 334 308 9759,2026-08-17
AIRBNB-01540,Chiaia Urban Living Loft #2,Napoli Città,Chiaia,Alloggio Turistico / Host Airbnb,info@chiaiaurbanlivingloft2.it,https://www.chiaiaurbanlivingloft2.it,+39 334 308 9759,2026-08-17
AIRBNB-01541,Chiaia Prestige Suites #1,Napoli Città,Chiaia,Alloggio Turistico / Host Airbnb,info@chiaiaprestigesuites1.it,https://www.chiaiaprestigesuites1.it,+39 334 308 9759,2026-08-17
AIRBNB-01542,Chiaia Prestige Suites #2,Napoli Città,Chiaia,Alloggio Turistico / Host Airbnb,info@chiaiaprestigesuites2.it,https://www.chiaiaprestigesuites2.it,+39 334 308 9759,2026-08-17
AIRBNB-01543,Chiaia Sea View Apartment #1,Napoli Città,Chiaia,Alloggio Turistico / Host Airbnb,info@chiaiaseaviewapartment1.it,https://www.chiaiaseaviewapartment1.it,+39 334 308 9759,2026-08-17
AIRBNB-01544,Chiaia Sea View Apartment #2,Napoli Città,Chiaia,Alloggio Turistico / Host Airbnb,info@chiaiaseaviewapartment2.it,https://www.chiaiaseaviewapartment2.it,+39 334 308 9759,2026-08-17
AIRBNB-01545,Chiaia Art & Style Flat #1,Napoli Città,Chiaia,Alloggio Turistico / Host Airbnb,info@chiaiaartstyleflat1.it,https://www.chiaiaartstyleflat1.it,+39 334 308 9759,2026-08-17
AIRBNB-01546,Chiaia Art & Style Flat #2,Napoli Città,Chiaia,Alloggio Turistico / Host Airbnb,info@chiaiaartstyleflat2.it,https://www.chiaiaartstyleflat2.it,+39 334 308 9759,2026-08-17
AIRBNB-01547,Chiaia Cozy Boutique Home #1,Napoli Città,Chiaia,Alloggio Turistico / Host Airbnb,info@chiaiacozyboutiquehome1.it,https://www.chiaiacozyboutiquehome1.it,+39 334 308 9759,2026-08-17
AIRBNB-01548,Chiaia Cozy Boutique Home #2,Napoli Città,Chiaia,Alloggio Turistico / Host Airbnb,info@chiaiacozyboutiquehome2.it,https://www.chiaiacozyboutiquehome2.it,+39 334 308 9759,2026-08-17
AIRBNB-01549,Posillipo Luxury Apartment #1,Napoli Città,Posillipo,Alloggio Turistico / Host Airbnb,info@posillipoluxuryapartment1.it,https://www.posillipoluxuryapartment1.it,+39 334 308 9759,2026-08-17
AIRBNB-01550,Posillipo Luxury Apartment #2,Napoli Città,Posillipo,Alloggio Turistico / Host Airbnb,info@posillipoluxuryapartment2.it,https://www.posillipoluxuryapartment2.it,+39 334 308 9759,2026-08-17
AIRBNB-01551,Posillipo Boutique Suite #1,Napoli Città,Posillipo,Alloggio Turistico / Host Airbnb,info@posillipoboutiquesuite1.it,https://www.posillipoboutiquesuite1.it,+39 334 308 9759,2026-08-17
AIRBNB-01552,Posillipo Boutique Suite #2,Napoli Città,Posillipo,Alloggio Turistico / Host Airbnb,info@posillipoboutiquesuite2.it,https://www.posillipoboutiquesuite2.it,+39 334 308 9759,2026-08-17
AIRBNB-01553,Posillipo Panoramic View Home #1,Napoli Città,Posillipo,Alloggio Turistico / Host Airbnb,info@posillipopanoramicviewhome1.it,https://www.posillipopanoramicviewhome1.it,+39 334 308 9759,2026-08-17
AIRBNB-01554,Posillipo Panoramic View Home #2,Napoli Città,Posillipo,Alloggio Turistico / Host Airbnb,info@posillipopanoramicviewhome2.it,https://www.posillipopanoramicviewhome2.it,+39 334 308 9759,2026-08-17
AIRBNB-01555,Posillipo Charme Loft #1,Napoli Città,Posillipo,Alloggio Turistico / Host Airbnb,info@posillipocharmeloft1.it,https://www.posillipocharmeloft1.it,+39 334 308 9759,2026-08-17
AIRBNB-01556,Posillipo Charme Loft #2,Napoli Città,Posillipo,Alloggio Turistico / Host Airbnb,info@posillipocharmeloft2.it,https://www.posillipocharmeloft2.it,+39 334 308 9759,2026-08-17
AIRBNB-01557,Posillipo Historic Relais #1,Napoli Città,Posillipo,Alloggio Turistico / Host Airbnb,info@posillipohistoricrelais1.it,https://www.posillipohistoricrelais1.it,+39 334 308 9759,2026-08-17
AIRBNB-01558,Posillipo Historic Relais #2,Napoli Città,Posillipo,Alloggio Turistico / Host Airbnb,info@posillipohistoricrelais2.it,https://www.posillipohistoricrelais2.it,+39 334 308 9759,2026-08-17
AIRBNB-01559,Posillipo Design Flat #1,Napoli Città,Posillipo,Alloggio Turistico / Host Airbnb,info@posillipodesignflat1.it,https://www.posillipodesignflat1.it,+39 334 308 9759,2026-08-17
AIRBNB-01560,Posillipo Design Flat #2,Napoli Città,Posillipo,Alloggio Turistico / Host Airbnb,info@posillipodesignflat2.it,https://www.posillipodesignflat2.it,+39 334 308 9759,2026-08-17
AIRBNB-01561,Posillipo Exclusive Penthouse #1,Napoli Città,Posillipo,Alloggio Turistico / Host Airbnb,info@posillipoexclusivepenthouse1.it,https://www.posillipoexclusivepenthouse1.it,+39 334 308 9759,2026-08-17
AIRBNB-01562,Posillipo Exclusive Penthouse #2,Napoli Città,Posillipo,Alloggio Turistico / Host Airbnb,info@posillipoexclusivepenthouse2.it,https://www.posillipoexclusivepenthouse2.it,+39 334 308 9759,2026-08-17
AIRBNB-01563,Posillipo Holiday Villa #1,Napoli Città,Posillipo,Alloggio Turistico / Host Airbnb,info@posillipoholidayvilla1.it,https://www.posillipoholidayvilla1.it,+39 334 308 9759,2026-08-17
AIRBNB-01564,Posillipo Holiday Villa #2,Napoli Città,Posillipo,Alloggio Turistico / Host Airbnb,info@posillipoholidayvilla2.it,https://www.posillipoholidayvilla2.it,+39 334 308 9759,2026-08-17
AIRBNB-01565,Posillipo Garden House #1,Napoli Città,Posillipo,Alloggio Turistico / Host Airbnb,info@posillipogardenhouse1.it,https://www.posillipogardenhouse1.it,+39 334 308 9759,2026-08-17
AIRBNB-01566,Posillipo Garden House #2,Napoli Città,Posillipo,Alloggio Turistico / Host Airbnb,info@posillipogardenhouse2.it,https://www.posillipogardenhouse2.it,+39 334 308 9759,2026-08-17
AIRBNB-01567,Posillipo Maison Elegance #1,Napoli Città,Posillipo,Alloggio Turistico / Host Airbnb,info@posillipomaisonelegance1.it,https://www.posillipomaisonelegance1.it,+39 334 308 9759,2026-08-17
AIRBNB-01568,Posillipo Maison Elegance #2,Napoli Città,Posillipo,Alloggio Turistico / Host Airbnb,info@posillipomaisonelegance2.it,https://www.posillipomaisonelegance2.it,+39 334 308 9759,2026-08-17
AIRBNB-01569,Posillipo Dimora Tipica #1,Napoli Città,Posillipo,Alloggio Turistico / Host Airbnb,info@posillipodimoratipica1.it,https://www.posillipodimoratipica1.it,+39 334 308 9759,2026-08-17
AIRBNB-01570,Posillipo Dimora Tipica #2,Napoli Città,Posillipo,Alloggio Turistico / Host Airbnb,info@posillipodimoratipica2.it,https://www.posillipodimoratipica2.it,+39 334 308 9759,2026-08-17
AIRBNB-01571,Posillipo Terrace Studio #1,Napoli Città,Posillipo,Alloggio Turistico / Host Airbnb,info@posillipoterracestudio1.it,https://www.posillipoterracestudio1.it,+39 334 308 9759,2026-08-17
AIRBNB-01572,Posillipo Terrace Studio #2,Napoli Città,Posillipo,Alloggio Turistico / Host Airbnb,info@posillipoterracestudio2.it,https://www.posillipoterracestudio2.it,+39 334 308 9759,2026-08-17
AIRBNB-01573,Posillipo Vacanze Relax Home #1,Napoli Città,Posillipo,Alloggio Turistico / Host Airbnb,info@posillipovacanzerelaxhome1.it,https://www.posillipovacanzerelaxhome1.it,+39 334 308 9759,2026-08-17
AIRBNB-01574,Posillipo Vacanze Relax Home #2,Napoli Città,Posillipo,Alloggio Turistico / Host Airbnb,info@posillipovacanzerelaxhome2.it,https://www.posillipovacanzerelaxhome2.it,+39 334 308 9759,2026-08-17
AIRBNB-01575,Posillipo Urban Living Loft #1,Napoli Città,Posillipo,Alloggio Turistico / Host Airbnb,info@posillipourbanlivingloft1.it,https://www.posillipourbanlivingloft1.it,+39 334 308 9759,2026-08-17
AIRBNB-01576,Posillipo Urban Living Loft #2,Napoli Città,Posillipo,Alloggio Turistico / Host Airbnb,info@posillipourbanlivingloft2.it,https://www.posillipourbanlivingloft2.it,+39 334 308 9759,2026-08-17
AIRBNB-01577,Posillipo Prestige Suites #1,Napoli Città,Posillipo,Alloggio Turistico / Host Airbnb,info@posillipoprestigesuites1.it,https://www.posillipoprestigesuites1.it,+39 334 308 9759,2026-08-17
AIRBNB-01578,Posillipo Prestige Suites #2,Napoli Città,Posillipo,Alloggio Turistico / Host Airbnb,info@posillipoprestigesuites2.it,https://www.posillipoprestigesuites2.it,+39 334 308 9759,2026-08-17
AIRBNB-01579,Posillipo Sea View Apartment #1,Napoli Città,Posillipo,Alloggio Turistico / Host Airbnb,info@posilliposeaviewapartment1.it,https://www.posilliposeaviewapartment1.it,+39 334 308 9759,2026-08-17
AIRBNB-01580,Posillipo Sea View Apartment #2,Napoli Città,Posillipo,Alloggio Turistico / Host Airbnb,info@posilliposeaviewapartment2.it,https://www.posilliposeaviewapartment2.it,+39 334 308 9759,2026-08-17
AIRBNB-01581,Posillipo Art & Style Flat #1,Napoli Città,Posillipo,Alloggio Turistico / Host Airbnb,info@posillipoartstyleflat1.it,https://www.posillipoartstyleflat1.it,+39 334 308 9759,2026-08-17
AIRBNB-01582,Posillipo Art & Style Flat #2,Napoli Città,Posillipo,Alloggio Turistico / Host Airbnb,info@posillipoartstyleflat2.it,https://www.posillipoartstyleflat2.it,+39 334 308 9759,2026-08-17
AIRBNB-01583,Posillipo Cozy Boutique Home #1,Napoli Città,Posillipo,Alloggio Turistico / Host Airbnb,info@posillipocozyboutiquehome1.it,https://www.posillipocozyboutiquehome1.it,+39 334 308 9759,2026-08-17
AIRBNB-01584,Posillipo Cozy Boutique Home #2,Napoli Città,Posillipo,Alloggio Turistico / Host Airbnb,info@posillipocozyboutiquehome2.it,https://www.posillipocozyboutiquehome2.it,+39 334 308 9759,2026-08-17
AIRBNB-01585,Vomero Luxury Apartment #1,Napoli Città,Vomero,Alloggio Turistico / Host Airbnb,info@vomeroluxuryapartment1.it,https://www.vomeroluxuryapartment1.it,+39 334 308 9759,2026-08-17
AIRBNB-01586,Vomero Luxury Apartment #2,Napoli Città,Vomero,Alloggio Turistico / Host Airbnb,info@vomeroluxuryapartment2.it,https://www.vomeroluxuryapartment2.it,+39 334 308 9759,2026-08-17
AIRBNB-01587,Vomero Boutique Suite #1,Napoli Città,Vomero,Alloggio Turistico / Host Airbnb,info@vomeroboutiquesuite1.it,https://www.vomeroboutiquesuite1.it,+39 334 308 9759,2026-08-17
AIRBNB-01588,Vomero Boutique Suite #2,Napoli Città,Vomero,Alloggio Turistico / Host Airbnb,info@vomeroboutiquesuite2.it,https://www.vomeroboutiquesuite2.it,+39 334 308 9759,2026-08-17
AIRBNB-01589,Vomero Panoramic View Home #1,Napoli Città,Vomero,Alloggio Turistico / Host Airbnb,info@vomeropanoramicviewhome1.it,https://www.vomeropanoramicviewhome1.it,+39 334 308 9759,2026-08-17
AIRBNB-01590,Vomero Panoramic View Home #2,Napoli Città,Vomero,Alloggio Turistico / Host Airbnb,info@vomeropanoramicviewhome2.it,https://www.vomeropanoramicviewhome2.it,+39 334 308 9759,2026-08-17
AIRBNB-01591,Vomero Charme Loft #1,Napoli Città,Vomero,Alloggio Turistico / Host Airbnb,info@vomerocharmeloft1.it,https://www.vomerocharmeloft1.it,+39 334 308 9759,2026-08-17
AIRBNB-01592,Vomero Charme Loft #2,Napoli Città,Vomero,Alloggio Turistico / Host Airbnb,info@vomerocharmeloft2.it,https://www.vomerocharmeloft2.it,+39 334 308 9759,2026-08-17
AIRBNB-01593,Vomero Historic Relais #1,Napoli Città,Vomero,Alloggio Turistico / Host Airbnb,info@vomerohistoricrelais1.it,https://www.vomerohistoricrelais1.it,+39 334 308 9759,2026-08-17
AIRBNB-01594,Vomero Historic Relais #2,Napoli Città,Vomero,Alloggio Turistico / Host Airbnb,info@vomerohistoricrelais2.it,https://www.vomerohistoricrelais2.it,+39 334 308 9759,2026-08-17
AIRBNB-01595,Vomero Design Flat #1,Napoli Città,Vomero,Alloggio Turistico / Host Airbnb,info@vomerodesignflat1.it,https://www.vomerodesignflat1.it,+39 334 308 9759,2026-08-17
AIRBNB-01596,Vomero Design Flat #2,Napoli Città,Vomero,Alloggio Turistico / Host Airbnb,info@vomerodesignflat2.it,https://www.vomerodesignflat2.it,+39 334 308 9759,2026-08-17
AIRBNB-01597,Vomero Exclusive Penthouse #1,Napoli Città,Vomero,Alloggio Turistico / Host Airbnb,info@vomeroexclusivepenthouse1.it,https://www.vomeroexclusivepenthouse1.it,+39 334 308 9759,2026-08-17
AIRBNB-01598,Vomero Exclusive Penthouse #2,Napoli Città,Vomero,Alloggio Turistico / Host Airbnb,info@vomeroexclusivepenthouse2.it,https://www.vomeroexclusivepenthouse2.it,+39 334 308 9759,2026-08-17
AIRBNB-01599,Vomero Holiday Villa #1,Napoli Città,Vomero,Alloggio Turistico / Host Airbnb,info@vomeroholidayvilla1.it,https://www.vomeroholidayvilla1.it,+39 334 308 9759,2026-08-17
AIRBNB-01600,Vomero Holiday Villa #2,Napoli Città,Vomero,Alloggio Turistico / Host Airbnb,info@vomeroholidayvilla2.it,https://www.vomeroholidayvilla2.it,+39 334 308 9759,2026-08-17
AIRBNB-01601,Vomero Garden House #1,Napoli Città,Vomero,Alloggio Turistico / Host Airbnb,info@vomerogardenhouse1.it,https://www.vomerogardenhouse1.it,+39 334 308 9759,2026-08-17
AIRBNB-01602,Vomero Garden House #2,Napoli Città,Vomero,Alloggio Turistico / Host Airbnb,info@vomerogardenhouse2.it,https://www.vomerogardenhouse2.it,+39 334 308 9759,2026-08-17
AIRBNB-01603,Vomero Maison Elegance #1,Napoli Città,Vomero,Alloggio Turistico / Host Airbnb,info@vomeromaisonelegance1.it,https://www.vomeromaisonelegance1.it,+39 334 308 9759,2026-08-17
AIRBNB-01604,Vomero Maison Elegance #2,Napoli Città,Vomero,Alloggio Turistico / Host Airbnb,info@vomeromaisonelegance2.it,https://www.vomeromaisonelegance2.it,+39 334 308 9759,2026-08-17
AIRBNB-01605,Vomero Dimora Tipica #1,Napoli Città,Vomero,Alloggio Turistico / Host Airbnb,info@vomerodimoratipica1.it,https://www.vomerodimoratipica1.it,+39 334 308 9759,2026-08-17
AIRBNB-01606,Vomero Dimora Tipica #2,Napoli Città,Vomero,Alloggio Turistico / Host Airbnb,info@vomerodimoratipica2.it,https://www.vomerodimoratipica2.it,+39 334 308 9759,2026-08-17
AIRBNB-01607,Vomero Terrace Studio #1,Napoli Città,Vomero,Alloggio Turistico / Host Airbnb,info@vomeroterracestudio1.it,https://www.vomeroterracestudio1.it,+39 334 308 9759,2026-08-17
AIRBNB-01608,Vomero Terrace Studio #2,Napoli Città,Vomero,Alloggio Turistico / Host Airbnb,info@vomeroterracestudio2.it,https://www.vomeroterracestudio2.it,+39 334 308 9759,2026-08-17
AIRBNB-01609,Vomero Vacanze Relax Home #1,Napoli Città,Vomero,Alloggio Turistico / Host Airbnb,info@vomerovacanzerelaxhome1.it,https://www.vomerovacanzerelaxhome1.it,+39 334 308 9759,2026-08-17
AIRBNB-01610,Vomero Vacanze Relax Home #2,Napoli Città,Vomero,Alloggio Turistico / Host Airbnb,info@vomerovacanzerelaxhome2.it,https://www.vomerovacanzerelaxhome2.it,+39 334 308 9759,2026-08-17
AIRBNB-01611,Vomero Urban Living Loft #1,Napoli Città,Vomero,Alloggio Turistico / Host Airbnb,info@vomerourbanlivingloft1.it,https://www.vomerourbanlivingloft1.it,+39 334 308 9759,2026-08-17
AIRBNB-01612,Vomero Urban Living Loft #2,Napoli Città,Vomero,Alloggio Turistico / Host Airbnb,info@vomerourbanlivingloft2.it,https://www.vomerourbanlivingloft2.it,+39 334 308 9759,2026-08-17
AIRBNB-01613,Vomero Prestige Suites #1,Napoli Città,Vomero,Alloggio Turistico / Host Airbnb,info@vomeroprestigesuites1.it,https://www.vomeroprestigesuites1.it,+39 334 308 9759,2026-08-17
AIRBNB-01614,Vomero Prestige Suites #2,Napoli Città,Vomero,Alloggio Turistico / Host Airbnb,info@vomeroprestigesuites2.it,https://www.vomeroprestigesuites2.it,+39 334 308 9759,2026-08-17
AIRBNB-01615,Vomero Sea View Apartment #1,Napoli Città,Vomero,Alloggio Turistico / Host Airbnb,info@vomeroseaviewapartment1.it,https://www.vomeroseaviewapartment1.it,+39 334 308 9759,2026-08-17
AIRBNB-01616,Vomero Sea View Apartment #2,Napoli Città,Vomero,Alloggio Turistico / Host Airbnb,info@vomeroseaviewapartment2.it,https://www.vomeroseaviewapartment2.it,+39 334 308 9759,2026-08-17
AIRBNB-01617,Vomero Art & Style Flat #1,Napoli Città,Vomero,Alloggio Turistico / Host Airbnb,info@vomeroartstyleflat1.it,https://www.vomeroartstyleflat1.it,+39 334 308 9759,2026-08-17
AIRBNB-01618,Vomero Art & Style Flat #2,Napoli Città,Vomero,Alloggio Turistico / Host Airbnb,info@vomeroartstyleflat2.it,https://www.vomeroartstyleflat2.it,+39 334 308 9759,2026-08-17
AIRBNB-01619,Vomero Cozy Boutique Home #1,Napoli Città,Vomero,Alloggio Turistico / Host Airbnb,info@vomerocozyboutiquehome1.it,https://www.vomerocozyboutiquehome1.it,+39 334 308 9759,2026-08-17
AIRBNB-01620,Vomero Cozy Boutique Home #2,Napoli Città,Vomero,Alloggio Turistico / Host Airbnb,info@vomerocozyboutiquehome2.it,https://www.vomerocozyboutiquehome2.it,+39 334 308 9759,2026-08-17
AIRBNB-01621,Centro Storico Luxury Apartment #1,Napoli Città,Centro Storico,Alloggio Turistico / Host Airbnb,info@centrostoricoluxuryapartment1.it,https://www.centrostoricoluxuryapartment1.it,+39 334 308 9759,2026-08-17
AIRBNB-01622,Centro Storico Luxury Apartment #2,Napoli Città,Centro Storico,Alloggio Turistico / Host Airbnb,info@centrostoricoluxuryapartment2.it,https://www.centrostoricoluxuryapartment2.it,+39 334 308 9759,2026-08-17
AIRBNB-01623,Centro Storico Boutique Suite #1,Napoli Città,Centro Storico,Alloggio Turistico / Host Airbnb,info@centrostoricoboutiquesuite1.it,https://www.centrostoricoboutiquesuite1.it,+39 334 308 9759,2026-08-17
AIRBNB-01624,Centro Storico Boutique Suite #2,Napoli Città,Centro Storico,Alloggio Turistico / Host Airbnb,info@centrostoricoboutiquesuite2.it,https://www.centrostoricoboutiquesuite2.it,+39 334 308 9759,2026-08-17
AIRBNB-01625,Centro Storico Panoramic View Home #1,Napoli Città,Centro Storico,Alloggio Turistico / Host Airbnb,info@centrostoricopanoramicviewhome1.it,https://www.centrostoricopanoramicviewhome1.it,+39 334 308 9759,2026-08-17
AIRBNB-01626,Centro Storico Panoramic View Home #2,Napoli Città,Centro Storico,Alloggio Turistico / Host Airbnb,info@centrostoricopanoramicviewhome2.it,https://www.centrostoricopanoramicviewhome2.it,+39 334 308 9759,2026-08-17
AIRBNB-01627,Centro Storico Charme Loft #1,Napoli Città,Centro Storico,Alloggio Turistico / Host Airbnb,info@centrostoricocharmeloft1.it,https://www.centrostoricocharmeloft1.it,+39 334 308 9759,2026-08-17
AIRBNB-01628,Centro Storico Charme Loft #2,Napoli Città,Centro Storico,Alloggio Turistico / Host Airbnb,info@centrostoricocharmeloft2.it,https://www.centrostoricocharmeloft2.it,+39 334 308 9759,2026-08-17
AIRBNB-01629,Centro Storico Historic Relais #1,Napoli Città,Centro Storico,Alloggio Turistico / Host Airbnb,info@centrostoricohistoricrelais1.it,https://www.centrostoricohistoricrelais1.it,+39 334 308 9759,2026-08-17
AIRBNB-01630,Centro Storico Historic Relais #2,Napoli Città,Centro Storico,Alloggio Turistico / Host Airbnb,info@centrostoricohistoricrelais2.it,https://www.centrostoricohistoricrelais2.it,+39 334 308 9759,2026-08-17
AIRBNB-01631,Centro Storico Design Flat #1,Napoli Città,Centro Storico,Alloggio Turistico / Host Airbnb,info@centrostoricodesignflat1.it,https://www.centrostoricodesignflat1.it,+39 334 308 9759,2026-08-17
AIRBNB-01632,Centro Storico Design Flat #2,Napoli Città,Centro Storico,Alloggio Turistico / Host Airbnb,info@centrostoricodesignflat2.it,https://www.centrostoricodesignflat2.it,+39 334 308 9759,2026-08-17
AIRBNB-01633,Centro Storico Exclusive Penthouse #1,Napoli Città,Centro Storico,Alloggio Turistico / Host Airbnb,info@centrostoricoexclusivepenthouse1.it,https://www.centrostoricoexclusivepenthouse1.it,+39 334 308 9759,2026-08-17
AIRBNB-01634,Centro Storico Exclusive Penthouse #2,Napoli Città,Centro Storico,Alloggio Turistico / Host Airbnb,info@centrostoricoexclusivepenthouse2.it,https://www.centrostoricoexclusivepenthouse2.it,+39 334 308 9759,2026-08-17
AIRBNB-01635,Centro Storico Holiday Villa #1,Napoli Città,Centro Storico,Alloggio Turistico / Host Airbnb,info@centrostoricoholidayvilla1.it,https://www.centrostoricoholidayvilla1.it,+39 334 308 9759,2026-08-17
AIRBNB-01636,Centro Storico Holiday Villa #2,Napoli Città,Centro Storico,Alloggio Turistico / Host Airbnb,info@centrostoricoholidayvilla2.it,https://www.centrostoricoholidayvilla2.it,+39 334 308 9759,2026-08-17
AIRBNB-01637,Centro Storico Garden House #1,Napoli Città,Centro Storico,Alloggio Turistico / Host Airbnb,info@centrostoricogardenhouse1.it,https://www.centrostoricogardenhouse1.it,+39 334 308 9759,2026-08-17
AIRBNB-01638,Centro Storico Garden House #2,Napoli Città,Centro Storico,Alloggio Turistico / Host Airbnb,info@centrostoricogardenhouse2.it,https://www.centrostoricogardenhouse2.it,+39 334 308 9759,2026-08-17
AIRBNB-01639,Centro Storico Maison Elegance #1,Napoli Città,Centro Storico,Alloggio Turistico / Host Airbnb,info@centrostoricomaisonelegance1.it,https://www.centrostoricomaisonelegance1.it,+39 334 308 9759,2026-08-17
AIRBNB-01640,Centro Storico Maison Elegance #2,Napoli Città,Centro Storico,Alloggio Turistico / Host Airbnb,info@centrostoricomaisonelegance2.it,https://www.centrostoricomaisonelegance2.it,+39 334 308 9759,2026-08-17
AIRBNB-01641,Centro Storico Dimora Tipica #1,Napoli Città,Centro Storico,Alloggio Turistico / Host Airbnb,info@centrostoricodimoratipica1.it,https://www.centrostoricodimoratipica1.it,+39 334 308 9759,2026-08-17
AIRBNB-01642,Centro Storico Dimora Tipica #2,Napoli Città,Centro Storico,Alloggio Turistico / Host Airbnb,info@centrostoricodimoratipica2.it,https://www.centrostoricodimoratipica2.it,+39 334 308 9759,2026-08-17
AIRBNB-01643,Centro Storico Terrace Studio #1,Napoli Città,Centro Storico,Alloggio Turistico / Host Airbnb,info@centrostoricoterracestudio1.it,https://www.centrostoricoterracestudio1.it,+39 334 308 9759,2026-08-17
AIRBNB-01644,Centro Storico Terrace Studio #2,Napoli Città,Centro Storico,Alloggio Turistico / Host Airbnb,info@centrostoricoterracestudio2.it,https://www.centrostoricoterracestudio2.it,+39 334 308 9759,2026-08-17
AIRBNB-01645,Centro Storico Vacanze Relax Home #1,Napoli Città,Centro Storico,Alloggio Turistico / Host Airbnb,info@centrostoricovacanzerelaxhome1.it,https://www.centrostoricovacanzerelaxhome1.it,+39 334 308 9759,2026-08-17
AIRBNB-01646,Centro Storico Vacanze Relax Home #2,Napoli Città,Centro Storico,Alloggio Turistico / Host Airbnb,info@centrostoricovacanzerelaxhome2.it,https://www.centrostoricovacanzerelaxhome2.it,+39 334 308 9759,2026-08-17
AIRBNB-01647,Centro Storico Urban Living Loft #1,Napoli Città,Centro Storico,Alloggio Turistico / Host Airbnb,info@centrostoricourbanlivingloft1.it,https://www.centrostoricourbanlivingloft1.it,+39 334 308 9759,2026-08-17
AIRBNB-01648,Centro Storico Urban Living Loft #2,Napoli Città,Centro Storico,Alloggio Turistico / Host Airbnb,info@centrostoricourbanlivingloft2.it,https://www.centrostoricourbanlivingloft2.it,+39 334 308 9759,2026-08-17
AIRBNB-01649,Centro Storico Prestige Suites #1,Napoli Città,Centro Storico,Alloggio Turistico / Host Airbnb,info@centrostoricoprestigesuites1.it,https://www.centrostoricoprestigesuites1.it,+39 334 308 9759,2026-08-17
AIRBNB-01650,Centro Storico Prestige Suites #2,Napoli Città,Centro Storico,Alloggio Turistico / Host Airbnb,info@centrostoricoprestigesuites2.it,https://www.centrostoricoprestigesuites2.it,+39 334 308 9759,2026-08-17
AIRBNB-01651,Centro Storico Sea View Apartment #1,Napoli Città,Centro Storico,Alloggio Turistico / Host Airbnb,info@centrostoricoseaviewapartment1.it,https://www.centrostoricoseaviewapartment1.it,+39 334 308 9759,2026-08-17
AIRBNB-01652,Centro Storico Sea View Apartment #2,Napoli Città,Centro Storico,Alloggio Turistico / Host Airbnb,info@centrostoricoseaviewapartment2.it,https://www.centrostoricoseaviewapartment2.it,+39 334 308 9759,2026-08-17
AIRBNB-01653,Centro Storico Art & Style Flat #1,Napoli Città,Centro Storico,Alloggio Turistico / Host Airbnb,info@centrostoricoartstyleflat1.it,https://www.centrostoricoartstyleflat1.it,+39 334 308 9759,2026-08-17
AIRBNB-01654,Centro Storico Art & Style Flat #2,Napoli Città,Centro Storico,Alloggio Turistico / Host Airbnb,info@centrostoricoartstyleflat2.it,https://www.centrostoricoartstyleflat2.it,+39 334 308 9759,2026-08-17
AIRBNB-01655,Centro Storico Cozy Boutique Home #1,Napoli Città,Centro Storico,Alloggio Turistico / Host Airbnb,info@centrostoricocozyboutiquehome1.it,https://www.centrostoricocozyboutiquehome1.it,+39 334 308 9759,2026-08-17
AIRBNB-01656,Centro Storico Cozy Boutique Home #2,Napoli Città,Centro Storico,Alloggio Turistico / Host Airbnb,info@centrostoricocozyboutiquehome2.it,https://www.centrostoricocozyboutiquehome2.it,+39 334 308 9759,2026-08-17
AIRBNB-01657,Spaccanapoli Luxury Apartment #1,Napoli Città,Spaccanapoli,Alloggio Turistico / Host Airbnb,info@spaccanapoliluxuryapartment1.it,https://www.spaccanapoliluxuryapartment1.it,+39 334 308 9759,2026-08-17
AIRBNB-01658,Spaccanapoli Luxury Apartment #2,Napoli Città,Spaccanapoli,Alloggio Turistico / Host Airbnb,info@spaccanapoliluxuryapartment2.it,https://www.spaccanapoliluxuryapartment2.it,+39 334 308 9759,2026-08-17
AIRBNB-01659,Spaccanapoli Boutique Suite #1,Napoli Città,Spaccanapoli,Alloggio Turistico / Host Airbnb,info@spaccanapoliboutiquesuite1.it,https://www.spaccanapoliboutiquesuite1.it,+39 334 308 9759,2026-08-17
AIRBNB-01660,Spaccanapoli Boutique Suite #2,Napoli Città,Spaccanapoli,Alloggio Turistico / Host Airbnb,info@spaccanapoliboutiquesuite2.it,https://www.spaccanapoliboutiquesuite2.it,+39 334 308 9759,2026-08-17
AIRBNB-01661,Spaccanapoli Panoramic View Home #1,Napoli Città,Spaccanapoli,Alloggio Turistico / Host Airbnb,info@spaccanapolipanoramicviewhome1.it,https://www.spaccanapolipanoramicviewhome1.it,+39 334 308 9759,2026-08-17
AIRBNB-01662,Spaccanapoli Panoramic View Home #2,Napoli Città,Spaccanapoli,Alloggio Turistico / Host Airbnb,info@spaccanapolipanoramicviewhome2.it,https://www.spaccanapolipanoramicviewhome2.it,+39 334 308 9759,2026-08-17
AIRBNB-01663,Spaccanapoli Charme Loft #1,Napoli Città,Spaccanapoli,Alloggio Turistico / Host Airbnb,info@spaccanapolicharmeloft1.it,https://www.spaccanapolicharmeloft1.it,+39 334 308 9759,2026-08-17
AIRBNB-01664,Spaccanapoli Charme Loft #2,Napoli Città,Spaccanapoli,Alloggio Turistico / Host Airbnb,info@spaccanapolicharmeloft2.it,https://www.spaccanapolicharmeloft2.it,+39 334 308 9759,2026-08-17
AIRBNB-01665,Spaccanapoli Historic Relais #1,Napoli Città,Spaccanapoli,Alloggio Turistico / Host Airbnb,info@spaccanapolihistoricrelais1.it,https://www.spaccanapolihistoricrelais1.it,+39 334 308 9759,2026-08-17
AIRBNB-01666,Spaccanapoli Historic Relais #2,Napoli Città,Spaccanapoli,Alloggio Turistico / Host Airbnb,info@spaccanapolihistoricrelais2.it,https://www.spaccanapolihistoricrelais2.it,+39 334 308 9759,2026-08-17
AIRBNB-01667,Spaccanapoli Design Flat #1,Napoli Città,Spaccanapoli,Alloggio Turistico / Host Airbnb,info@spaccanapolidesignflat1.it,https://www.spaccanapolidesignflat1.it,+39 334 308 9759,2026-08-17
AIRBNB-01668,Spaccanapoli Design Flat #2,Napoli Città,Spaccanapoli,Alloggio Turistico / Host Airbnb,info@spaccanapolidesignflat2.it,https://www.spaccanapolidesignflat2.it,+39 334 308 9759,2026-08-17
AIRBNB-01669,Spaccanapoli Exclusive Penthouse #1,Napoli Città,Spaccanapoli,Alloggio Turistico / Host Airbnb,info@spaccanapoliexclusivepenthouse1.it,https://www.spaccanapoliexclusivepenthouse1.it,+39 334 308 9759,2026-08-17
AIRBNB-01670,Spaccanapoli Exclusive Penthouse #2,Napoli Città,Spaccanapoli,Alloggio Turistico / Host Airbnb,info@spaccanapoliexclusivepenthouse2.it,https://www.spaccanapoliexclusivepenthouse2.it,+39 334 308 9759,2026-08-17
AIRBNB-01671,Spaccanapoli Holiday Villa #1,Napoli Città,Spaccanapoli,Alloggio Turistico / Host Airbnb,info@spaccanapoliholidayvilla1.it,https://www.spaccanapoliholidayvilla1.it,+39 334 308 9759,2026-08-17
AIRBNB-01672,Spaccanapoli Holiday Villa #2,Napoli Città,Spaccanapoli,Alloggio Turistico / Host Airbnb,info@spaccanapoliholidayvilla2.it,https://www.spaccanapoliholidayvilla2.it,+39 334 308 9759,2026-08-17
AIRBNB-01673,Spaccanapoli Garden House #1,Napoli Città,Spaccanapoli,Alloggio Turistico / Host Airbnb,info@spaccanapoligardenhouse1.it,https://www.spaccanapoligardenhouse1.it,+39 334 308 9759,2026-08-17
AIRBNB-01674,Spaccanapoli Garden House #2,Napoli Città,Spaccanapoli,Alloggio Turistico / Host Airbnb,info@spaccanapoligardenhouse2.it,https://www.spaccanapoligardenhouse2.it,+39 334 308 9759,2026-08-17
AIRBNB-01675,Spaccanapoli Maison Elegance #1,Napoli Città,Spaccanapoli,Alloggio Turistico / Host Airbnb,info@spaccanapolimaisonelegance1.it,https://www.spaccanapolimaisonelegance1.it,+39 334 308 9759,2026-08-17
AIRBNB-01676,Spaccanapoli Maison Elegance #2,Napoli Città,Spaccanapoli,Alloggio Turistico / Host Airbnb,info@spaccanapolimaisonelegance2.it,https://www.spaccanapolimaisonelegance2.it,+39 334 308 9759,2026-08-17
AIRBNB-01677,Spaccanapoli Dimora Tipica #1,Napoli Città,Spaccanapoli,Alloggio Turistico / Host Airbnb,info@spaccanapolidimoratipica1.it,https://www.spaccanapolidimoratipica1.it,+39 334 308 9759,2026-08-17
AIRBNB-01678,Spaccanapoli Dimora Tipica #2,Napoli Città,Spaccanapoli,Alloggio Turistico / Host Airbnb,info@spaccanapolidimoratipica2.it,https://www.spaccanapolidimoratipica2.it,+39 334 308 9759,2026-08-17
AIRBNB-01679,Spaccanapoli Terrace Studio #1,Napoli Città,Spaccanapoli,Alloggio Turistico / Host Airbnb,info@spaccanapoliterracestudio1.it,https://www.spaccanapoliterracestudio1.it,+39 334 308 9759,2026-08-17
AIRBNB-01680,Spaccanapoli Terrace Studio #2,Napoli Città,Spaccanapoli,Alloggio Turistico / Host Airbnb,info@spaccanapoliterracestudio2.it,https://www.spaccanapoliterracestudio2.it,+39 334 308 9759,2026-08-17
AIRBNB-01681,Spaccanapoli Vacanze Relax Home #1,Napoli Città,Spaccanapoli,Alloggio Turistico / Host Airbnb,info@spaccanapolivacanzerelaxhome1.it,https://www.spaccanapolivacanzerelaxhome1.it,+39 334 308 9759,2026-08-17
AIRBNB-01682,Spaccanapoli Vacanze Relax Home #2,Napoli Città,Spaccanapoli,Alloggio Turistico / Host Airbnb,info@spaccanapolivacanzerelaxhome2.it,https://www.spaccanapolivacanzerelaxhome2.it,+39 334 308 9759,2026-08-17
AIRBNB-01683,Spaccanapoli Urban Living Loft #1,Napoli Città,Spaccanapoli,Alloggio Turistico / Host Airbnb,info@spaccanapoliurbanlivingloft1.it,https://www.spaccanapoliurbanlivingloft1.it,+39 334 308 9759,2026-08-17
AIRBNB-01684,Spaccanapoli Urban Living Loft #2,Napoli Città,Spaccanapoli,Alloggio Turistico / Host Airbnb,info@spaccanapoliurbanlivingloft2.it,https://www.spaccanapoliurbanlivingloft2.it,+39 334 308 9759,2026-08-17
AIRBNB-01685,Spaccanapoli Prestige Suites #1,Napoli Città,Spaccanapoli,Alloggio Turistico / Host Airbnb,info@spaccanapoliprestigesuites1.it,https://www.spaccanapoliprestigesuites1.it,+39 334 308 9759,2026-08-17
AIRBNB-01686,Spaccanapoli Prestige Suites #2,Napoli Città,Spaccanapoli,Alloggio Turistico / Host Airbnb,info@spaccanapoliprestigesuites2.it,https://www.spaccanapoliprestigesuites2.it,+39 334 308 9759,2026-08-17
AIRBNB-01687,Spaccanapoli Sea View Apartment #1,Napoli Città,Spaccanapoli,Alloggio Turistico / Host Airbnb,info@spaccanapoliseaviewapartment1.it,https://www.spaccanapoliseaviewapartment1.it,+39 334 308 9759,2026-08-17
AIRBNB-01688,Spaccanapoli Sea View Apartment #2,Napoli Città,Spaccanapoli,Alloggio Turistico / Host Airbnb,info@spaccanapoliseaviewapartment2.it,https://www.spaccanapoliseaviewapartment2.it,+39 334 308 9759,2026-08-17
AIRBNB-01689,Spaccanapoli Art & Style Flat #1,Napoli Città,Spaccanapoli,Alloggio Turistico / Host Airbnb,info@spaccanapoliartstyleflat1.it,https://www.spaccanapoliartstyleflat1.it,+39 334 308 9759,2026-08-17
AIRBNB-01690,Spaccanapoli Art & Style Flat #2,Napoli Città,Spaccanapoli,Alloggio Turistico / Host Airbnb,info@spaccanapoliartstyleflat2.it,https://www.spaccanapoliartstyleflat2.it,+39 334 308 9759,2026-08-17
AIRBNB-01691,Spaccanapoli Cozy Boutique Home #1,Napoli Città,Spaccanapoli,Alloggio Turistico / Host Airbnb,info@spaccanapolicozyboutiquehome1.it,https://www.spaccanapolicozyboutiquehome1.it,+39 334 308 9759,2026-08-17
AIRBNB-01692,Spaccanapoli Cozy Boutique Home #2,Napoli Città,Spaccanapoli,Alloggio Turistico / Host Airbnb,info@spaccanapolicozyboutiquehome2.it,https://www.spaccanapolicozyboutiquehome2.it,+39 334 308 9759,2026-08-17
AIRBNB-01693,Toledo Luxury Apartment #1,Napoli Città,Toledo,Alloggio Turistico / Host Airbnb,info@toledoluxuryapartment1.it,https://www.toledoluxuryapartment1.it,+39 334 308 9759,2026-08-17
AIRBNB-01694,Toledo Luxury Apartment #2,Napoli Città,Toledo,Alloggio Turistico / Host Airbnb,info@toledoluxuryapartment2.it,https://www.toledoluxuryapartment2.it,+39 334 308 9759,2026-08-17
AIRBNB-01695,Toledo Boutique Suite #1,Napoli Città,Toledo,Alloggio Turistico / Host Airbnb,info@toledoboutiquesuite1.it,https://www.toledoboutiquesuite1.it,+39 334 308 9759,2026-08-17
AIRBNB-01696,Toledo Boutique Suite #2,Napoli Città,Toledo,Alloggio Turistico / Host Airbnb,info@toledoboutiquesuite2.it,https://www.toledoboutiquesuite2.it,+39 334 308 9759,2026-08-17
AIRBNB-01697,Toledo Panoramic View Home #1,Napoli Città,Toledo,Alloggio Turistico / Host Airbnb,info@toledopanoramicviewhome1.it,https://www.toledopanoramicviewhome1.it,+39 334 308 9759,2026-08-17
AIRBNB-01698,Toledo Panoramic View Home #2,Napoli Città,Toledo,Alloggio Turistico / Host Airbnb,info@toledopanoramicviewhome2.it,https://www.toledopanoramicviewhome2.it,+39 334 308 9759,2026-08-17
AIRBNB-01699,Toledo Charme Loft #1,Napoli Città,Toledo,Alloggio Turistico / Host Airbnb,info@toledocharmeloft1.it,https://www.toledocharmeloft1.it,+39 334 308 9759,2026-08-17
AIRBNB-01700,Toledo Charme Loft #2,Napoli Città,Toledo,Alloggio Turistico / Host Airbnb,info@toledocharmeloft2.it,https://www.toledocharmeloft2.it,+39 334 308 9759,2026-08-17
AIRBNB-01701,Toledo Historic Relais #1,Napoli Città,Toledo,Alloggio Turistico / Host Airbnb,info@toledohistoricrelais1.it,https://www.toledohistoricrelais1.it,+39 334 308 9759,2026-08-17
AIRBNB-01702,Toledo Historic Relais #2,Napoli Città,Toledo,Alloggio Turistico / Host Airbnb,info@toledohistoricrelais2.it,https://www.toledohistoricrelais2.it,+39 334 308 9759,2026-08-17
AIRBNB-01703,Toledo Design Flat #1,Napoli Città,Toledo,Alloggio Turistico / Host Airbnb,info@toledodesignflat1.it,https://www.toledodesignflat1.it,+39 334 308 9759,2026-08-17
AIRBNB-01704,Toledo Design Flat #2,Napoli Città,Toledo,Alloggio Turistico / Host Airbnb,info@toledodesignflat2.it,https://www.toledodesignflat2.it,+39 334 308 9759,2026-08-17
AIRBNB-01705,Toledo Exclusive Penthouse #1,Napoli Città,Toledo,Alloggio Turistico / Host Airbnb,info@toledoexclusivepenthouse1.it,https://www.toledoexclusivepenthouse1.it,+39 334 308 9759,2026-08-17
AIRBNB-01706,Toledo Exclusive Penthouse #2,Napoli Città,Toledo,Alloggio Turistico / Host Airbnb,info@toledoexclusivepenthouse2.it,https://www.toledoexclusivepenthouse2.it,+39 334 308 9759,2026-08-17
AIRBNB-01707,Toledo Holiday Villa #1,Napoli Città,Toledo,Alloggio Turistico / Host Airbnb,info@toledoholidayvilla1.it,https://www.toledoholidayvilla1.it,+39 334 308 9759,2026-08-17
AIRBNB-01708,Toledo Holiday Villa #2,Napoli Città,Toledo,Alloggio Turistico / Host Airbnb,info@toledoholidayvilla2.it,https://www.toledoholidayvilla2.it,+39 334 308 9759,2026-08-17
AIRBNB-01709,Toledo Garden House #1,Napoli Città,Toledo,Alloggio Turistico / Host Airbnb,info@toledogardenhouse1.it,https://www.toledogardenhouse1.it,+39 334 308 9759,2026-08-17
AIRBNB-01710,Toledo Garden House #2,Napoli Città,Toledo,Alloggio Turistico / Host Airbnb,info@toledogardenhouse2.it,https://www.toledogardenhouse2.it,+39 334 308 9759,2026-08-17
AIRBNB-01711,Toledo Maison Elegance #1,Napoli Città,Toledo,Alloggio Turistico / Host Airbnb,info@toledomaisonelegance1.it,https://www.toledomaisonelegance1.it,+39 334 308 9759,2026-08-17
AIRBNB-01712,Toledo Maison Elegance #2,Napoli Città,Toledo,Alloggio Turistico / Host Airbnb,info@toledomaisonelegance2.it,https://www.toledomaisonelegance2.it,+39 334 308 9759,2026-08-17
AIRBNB-01713,Toledo Dimora Tipica #1,Napoli Città,Toledo,Alloggio Turistico / Host Airbnb,info@toledodimoratipica1.it,https://www.toledodimoratipica1.it,+39 334 308 9759,2026-08-17
AIRBNB-01714,Toledo Dimora Tipica #2,Napoli Città,Toledo,Alloggio Turistico / Host Airbnb,info@toledodimoratipica2.it,https://www.toledodimoratipica2.it,+39 334 308 9759,2026-08-17
AIRBNB-01715,Toledo Terrace Studio #1,Napoli Città,Toledo,Alloggio Turistico / Host Airbnb,info@toledoterracestudio1.it,https://www.toledoterracestudio1.it,+39 334 308 9759,2026-08-17
AIRBNB-01716,Toledo Terrace Studio #2,Napoli Città,Toledo,Alloggio Turistico / Host Airbnb,info@toledoterracestudio2.it,https://www.toledoterracestudio2.it,+39 334 308 9759,2026-08-17
AIRBNB-01717,Toledo Vacanze Relax Home #1,Napoli Città,Toledo,Alloggio Turistico / Host Airbnb,info@toledovacanzerelaxhome1.it,https://www.toledovacanzerelaxhome1.it,+39 334 308 9759,2026-08-17
AIRBNB-01718,Toledo Vacanze Relax Home #2,Napoli Città,Toledo,Alloggio Turistico / Host Airbnb,info@toledovacanzerelaxhome2.it,https://www.toledovacanzerelaxhome2.it,+39 334 308 9759,2026-08-17
AIRBNB-01719,Toledo Urban Living Loft #1,Napoli Città,Toledo,Alloggio Turistico / Host Airbnb,info@toledourbanlivingloft1.it,https://www.toledourbanlivingloft1.it,+39 334 308 9759,2026-08-17
AIRBNB-01720,Toledo Urban Living Loft #2,Napoli Città,Toledo,Alloggio Turistico / Host Airbnb,info@toledourbanlivingloft2.it,https://www.toledourbanlivingloft2.it,+39 334 308 9759,2026-08-17
AIRBNB-01721,Toledo Prestige Suites #1,Napoli Città,Toledo,Alloggio Turistico / Host Airbnb,info@toledoprestigesuites1.it,https://www.toledoprestigesuites1.it,+39 334 308 9759,2026-08-17
AIRBNB-01722,Toledo Prestige Suites #2,Napoli Città,Toledo,Alloggio Turistico / Host Airbnb,info@toledoprestigesuites2.it,https://www.toledoprestigesuites2.it,+39 334 308 9759,2026-08-17
AIRBNB-01723,Toledo Sea View Apartment #1,Napoli Città,Toledo,Alloggio Turistico / Host Airbnb,info@toledoseaviewapartment1.it,https://www.toledoseaviewapartment1.it,+39 334 308 9759,2026-08-17
AIRBNB-01724,Toledo Sea View Apartment #2,Napoli Città,Toledo,Alloggio Turistico / Host Airbnb,info@toledoseaviewapartment2.it,https://www.toledoseaviewapartment2.it,+39 334 308 9759,2026-08-17
AIRBNB-01725,Toledo Art & Style Flat #1,Napoli Città,Toledo,Alloggio Turistico / Host Airbnb,info@toledoartstyleflat1.it,https://www.toledoartstyleflat1.it,+39 334 308 9759,2026-08-17
AIRBNB-01726,Toledo Art & Style Flat #2,Napoli Città,Toledo,Alloggio Turistico / Host Airbnb,info@toledoartstyleflat2.it,https://www.toledoartstyleflat2.it,+39 334 308 9759,2026-08-17
AIRBNB-01727,Toledo Cozy Boutique Home #1,Napoli Città,Toledo,Alloggio Turistico / Host Airbnb,info@toledocozyboutiquehome1.it,https://www.toledocozyboutiquehome1.it,+39 334 308 9759,2026-08-17
AIRBNB-01728,Toledo Cozy Boutique Home #2,Napoli Città,Toledo,Alloggio Turistico / Host Airbnb,info@toledocozyboutiquehome2.it,https://www.toledocozyboutiquehome2.it,+39 334 308 9759,2026-08-17
AIRBNB-01729,Mergellina Luxury Apartment #1,Napoli Città,Mergellina,Alloggio Turistico / Host Airbnb,info@mergellinaluxuryapartment1.it,https://www.mergellinaluxuryapartment1.it,+39 334 308 9759,2026-08-17
AIRBNB-01730,Mergellina Luxury Apartment #2,Napoli Città,Mergellina,Alloggio Turistico / Host Airbnb,info@mergellinaluxuryapartment2.it,https://www.mergellinaluxuryapartment2.it,+39 334 308 9759,2026-08-17
AIRBNB-01731,Mergellina Boutique Suite #1,Napoli Città,Mergellina,Alloggio Turistico / Host Airbnb,info@mergellinaboutiquesuite1.it,https://www.mergellinaboutiquesuite1.it,+39 334 308 9759,2026-08-17
AIRBNB-01732,Mergellina Boutique Suite #2,Napoli Città,Mergellina,Alloggio Turistico / Host Airbnb,info@mergellinaboutiquesuite2.it,https://www.mergellinaboutiquesuite2.it,+39 334 308 9759,2026-08-17
AIRBNB-01733,Mergellina Panoramic View Home #1,Napoli Città,Mergellina,Alloggio Turistico / Host Airbnb,info@mergellinapanoramicviewhome1.it,https://www.mergellinapanoramicviewhome1.it,+39 334 308 9759,2026-08-17
AIRBNB-01734,Mergellina Panoramic View Home #2,Napoli Città,Mergellina,Alloggio Turistico / Host Airbnb,info@mergellinapanoramicviewhome2.it,https://www.mergellinapanoramicviewhome2.it,+39 334 308 9759,2026-08-17
AIRBNB-01735,Mergellina Charme Loft #1,Napoli Città,Mergellina,Alloggio Turistico / Host Airbnb,info@mergellinacharmeloft1.it,https://www.mergellinacharmeloft1.it,+39 334 308 9759,2026-08-17
AIRBNB-01736,Mergellina Charme Loft #2,Napoli Città,Mergellina,Alloggio Turistico / Host Airbnb,info@mergellinacharmeloft2.it,https://www.mergellinacharmeloft2.it,+39 334 308 9759,2026-08-17
AIRBNB-01737,Mergellina Historic Relais #1,Napoli Città,Mergellina,Alloggio Turistico / Host Airbnb,info@mergellinahistoricrelais1.it,https://www.mergellinahistoricrelais1.it,+39 334 308 9759,2026-08-17
AIRBNB-01738,Mergellina Historic Relais #2,Napoli Città,Mergellina,Alloggio Turistico / Host Airbnb,info@mergellinahistoricrelais2.it,https://www.mergellinahistoricrelais2.it,+39 334 308 9759,2026-08-17
AIRBNB-01739,Mergellina Design Flat #1,Napoli Città,Mergellina,Alloggio Turistico / Host Airbnb,info@mergellinadesignflat1.it,https://www.mergellinadesignflat1.it,+39 334 308 9759,2026-08-17
AIRBNB-01740,Mergellina Design Flat #2,Napoli Città,Mergellina,Alloggio Turistico / Host Airbnb,info@mergellinadesignflat2.it,https://www.mergellinadesignflat2.it,+39 334 308 9759,2026-08-17
AIRBNB-01741,Mergellina Exclusive Penthouse #1,Napoli Città,Mergellina,Alloggio Turistico / Host Airbnb,info@mergellinaexclusivepenthouse1.it,https://www.mergellinaexclusivepenthouse1.it,+39 334 308 9759,2026-08-17
AIRBNB-01742,Mergellina Exclusive Penthouse #2,Napoli Città,Mergellina,Alloggio Turistico / Host Airbnb,info@mergellinaexclusivepenthouse2.it,https://www.mergellinaexclusivepenthouse2.it,+39 334 308 9759,2026-08-17
AIRBNB-01743,Mergellina Holiday Villa #1,Napoli Città,Mergellina,Alloggio Turistico / Host Airbnb,info@mergellinaholidayvilla1.it,https://www.mergellinaholidayvilla1.it,+39 334 308 9759,2026-08-17
AIRBNB-01744,Mergellina Holiday Villa #2,Napoli Città,Mergellina,Alloggio Turistico / Host Airbnb,info@mergellinaholidayvilla2.it,https://www.mergellinaholidayvilla2.it,+39 334 308 9759,2026-08-17
AIRBNB-01745,Mergellina Garden House #1,Napoli Città,Mergellina,Alloggio Turistico / Host Airbnb,info@mergellinagardenhouse1.it,https://www.mergellinagardenhouse1.it,+39 334 308 9759,2026-08-17
AIRBNB-01746,Mergellina Garden House #2,Napoli Città,Mergellina,Alloggio Turistico / Host Airbnb,info@mergellinagardenhouse2.it,https://www.mergellinagardenhouse2.it,+39 334 308 9759,2026-08-17
AIRBNB-01747,Mergellina Maison Elegance #1,Napoli Città,Mergellina,Alloggio Turistico / Host Airbnb,info@mergellinamaisonelegance1.it,https://www.mergellinamaisonelegance1.it,+39 334 308 9759,2026-08-17
AIRBNB-01748,Mergellina Maison Elegance #2,Napoli Città,Mergellina,Alloggio Turistico / Host Airbnb,info@mergellinamaisonelegance2.it,https://www.mergellinamaisonelegance2.it,+39 334 308 9759,2026-08-17
AIRBNB-01749,Mergellina Dimora Tipica #1,Napoli Città,Mergellina,Alloggio Turistico / Host Airbnb,info@mergellinadimoratipica1.it,https://www.mergellinadimoratipica1.it,+39 334 308 9759,2026-08-17
AIRBNB-01750,Mergellina Dimora Tipica #2,Napoli Città,Mergellina,Alloggio Turistico / Host Airbnb,info@mergellinadimoratipica2.it,https://www.mergellinadimoratipica2.it,+39 334 308 9759,2026-08-17
AIRBNB-01751,Mergellina Terrace Studio #1,Napoli Città,Mergellina,Alloggio Turistico / Host Airbnb,info@mergellinaterracestudio1.it,https://www.mergellinaterracestudio1.it,+39 334 308 9759,2026-08-17
AIRBNB-01752,Mergellina Terrace Studio #2,Napoli Città,Mergellina,Alloggio Turistico / Host Airbnb,info@mergellinaterracestudio2.it,https://www.mergellinaterracestudio2.it,+39 334 308 9759,2026-08-17
AIRBNB-01753,Mergellina Vacanze Relax Home #1,Napoli Città,Mergellina,Alloggio Turistico / Host Airbnb,info@mergellinavacanzerelaxhome1.it,https://www.mergellinavacanzerelaxhome1.it,+39 334 308 9759,2026-08-17
AIRBNB-01754,Mergellina Vacanze Relax Home #2,Napoli Città,Mergellina,Alloggio Turistico / Host Airbnb,info@mergellinavacanzerelaxhome2.it,https://www.mergellinavacanzerelaxhome2.it,+39 334 308 9759,2026-08-17
AIRBNB-01755,Mergellina Urban Living Loft #1,Napoli Città,Mergellina,Alloggio Turistico / Host Airbnb,info@mergellinaurbanlivingloft1.it,https://www.mergellinaurbanlivingloft1.it,+39 334 308 9759,2026-08-17
AIRBNB-01756,Mergellina Urban Living Loft #2,Napoli Città,Mergellina,Alloggio Turistico / Host Airbnb,info@mergellinaurbanlivingloft2.it,https://www.mergellinaurbanlivingloft2.it,+39 334 308 9759,2026-08-17
AIRBNB-01757,Mergellina Prestige Suites #1,Napoli Città,Mergellina,Alloggio Turistico / Host Airbnb,info@mergellinaprestigesuites1.it,https://www.mergellinaprestigesuites1.it,+39 334 308 9759,2026-08-17
AIRBNB-01758,Mergellina Prestige Suites #2,Napoli Città,Mergellina,Alloggio Turistico / Host Airbnb,info@mergellinaprestigesuites2.it,https://www.mergellinaprestigesuites2.it,+39 334 308 9759,2026-08-17
AIRBNB-01759,Mergellina Sea View Apartment #1,Napoli Città,Mergellina,Alloggio Turistico / Host Airbnb,info@mergellinaseaviewapartment1.it,https://www.mergellinaseaviewapartment1.it,+39 334 308 9759,2026-08-17
AIRBNB-01760,Mergellina Sea View Apartment #2,Napoli Città,Mergellina,Alloggio Turistico / Host Airbnb,info@mergellinaseaviewapartment2.it,https://www.mergellinaseaviewapartment2.it,+39 334 308 9759,2026-08-17
AIRBNB-01761,Mergellina Art & Style Flat #1,Napoli Città,Mergellina,Alloggio Turistico / Host Airbnb,info@mergellinaartstyleflat1.it,https://www.mergellinaartstyleflat1.it,+39 334 308 9759,2026-08-17
AIRBNB-01762,Mergellina Art & Style Flat #2,Napoli Città,Mergellina,Alloggio Turistico / Host Airbnb,info@mergellinaartstyleflat2.it,https://www.mergellinaartstyleflat2.it,+39 334 308 9759,2026-08-17
AIRBNB-01763,Mergellina Cozy Boutique Home #1,Napoli Città,Mergellina,Alloggio Turistico / Host Airbnb,info@mergellinacozyboutiquehome1.it,https://www.mergellinacozyboutiquehome1.it,+39 334 308 9759,2026-08-17
AIRBNB-01764,Mergellina Cozy Boutique Home #2,Napoli Città,Mergellina,Alloggio Turistico / Host Airbnb,info@mergellinacozyboutiquehome2.it,https://www.mergellinacozyboutiquehome2.it,+39 334 308 9759,2026-08-17
AIRBNB-01765,San Ferdinando Luxury Apartment #1,Napoli Città,San Ferdinando,Alloggio Turistico / Host Airbnb,info@sanferdinandoluxuryapartment1.it,https://www.sanferdinandoluxuryapartment1.it,+39 334 308 9759,2026-08-17
AIRBNB-01766,San Ferdinando Luxury Apartment #2,Napoli Città,San Ferdinando,Alloggio Turistico / Host Airbnb,info@sanferdinandoluxuryapartment2.it,https://www.sanferdinandoluxuryapartment2.it,+39 334 308 9759,2026-08-17
AIRBNB-01767,San Ferdinando Boutique Suite #1,Napoli Città,San Ferdinando,Alloggio Turistico / Host Airbnb,info@sanferdinandoboutiquesuite1.it,https://www.sanferdinandoboutiquesuite1.it,+39 334 308 9759,2026-08-17
AIRBNB-01768,San Ferdinando Boutique Suite #2,Napoli Città,San Ferdinando,Alloggio Turistico / Host Airbnb,info@sanferdinandoboutiquesuite2.it,https://www.sanferdinandoboutiquesuite2.it,+39 334 308 9759,2026-08-17
AIRBNB-01769,San Ferdinando Panoramic View Home #1,Napoli Città,San Ferdinando,Alloggio Turistico / Host Airbnb,info@sanferdinandopanoramicviewhome1.it,https://www.sanferdinandopanoramicviewhome1.it,+39 334 308 9759,2026-08-17
AIRBNB-01770,San Ferdinando Panoramic View Home #2,Napoli Città,San Ferdinando,Alloggio Turistico / Host Airbnb,info@sanferdinandopanoramicviewhome2.it,https://www.sanferdinandopanoramicviewhome2.it,+39 334 308 9759,2026-08-17
AIRBNB-01771,San Ferdinando Charme Loft #1,Napoli Città,San Ferdinando,Alloggio Turistico / Host Airbnb,info@sanferdinandocharmeloft1.it,https://www.sanferdinandocharmeloft1.it,+39 334 308 9759,2026-08-17
AIRBNB-01772,San Ferdinando Charme Loft #2,Napoli Città,San Ferdinando,Alloggio Turistico / Host Airbnb,info@sanferdinandocharmeloft2.it,https://www.sanferdinandocharmeloft2.it,+39 334 308 9759,2026-08-17
AIRBNB-01773,San Ferdinando Historic Relais #1,Napoli Città,San Ferdinando,Alloggio Turistico / Host Airbnb,info@sanferdinandohistoricrelais1.it,https://www.sanferdinandohistoricrelais1.it,+39 334 308 9759,2026-08-17
AIRBNB-01774,San Ferdinando Historic Relais #2,Napoli Città,San Ferdinando,Alloggio Turistico / Host Airbnb,info@sanferdinandohistoricrelais2.it,https://www.sanferdinandohistoricrelais2.it,+39 334 308 9759,2026-08-17
AIRBNB-01775,San Ferdinando Design Flat #1,Napoli Città,San Ferdinando,Alloggio Turistico / Host Airbnb,info@sanferdinandodesignflat1.it,https://www.sanferdinandodesignflat1.it,+39 334 308 9759,2026-08-17
AIRBNB-01776,San Ferdinando Design Flat #2,Napoli Città,San Ferdinando,Alloggio Turistico / Host Airbnb,info@sanferdinandodesignflat2.it,https://www.sanferdinandodesignflat2.it,+39 334 308 9759,2026-08-17
AIRBNB-01777,San Ferdinando Exclusive Penthouse #1,Napoli Città,San Ferdinando,Alloggio Turistico / Host Airbnb,info@sanferdinandoexclusivepenthouse1.it,https://www.sanferdinandoexclusivepenthouse1.it,+39 334 308 9759,2026-08-17
AIRBNB-01778,San Ferdinando Exclusive Penthouse #2,Napoli Città,San Ferdinando,Alloggio Turistico / Host Airbnb,info@sanferdinandoexclusivepenthouse2.it,https://www.sanferdinandoexclusivepenthouse2.it,+39 334 308 9759,2026-08-17
AIRBNB-01779,San Ferdinando Holiday Villa #1,Napoli Città,San Ferdinando,Alloggio Turistico / Host Airbnb,info@sanferdinandoholidayvilla1.it,https://www.sanferdinandoholidayvilla1.it,+39 334 308 9759,2026-08-17
AIRBNB-01780,San Ferdinando Holiday Villa #2,Napoli Città,San Ferdinando,Alloggio Turistico / Host Airbnb,info@sanferdinandoholidayvilla2.it,https://www.sanferdinandoholidayvilla2.it,+39 334 308 9759,2026-08-17
AIRBNB-01781,San Ferdinando Garden House #1,Napoli Città,San Ferdinando,Alloggio Turistico / Host Airbnb,info@sanferdinandogardenhouse1.it,https://www.sanferdinandogardenhouse1.it,+39 334 308 9759,2026-08-17
AIRBNB-01782,San Ferdinando Garden House #2,Napoli Città,San Ferdinando,Alloggio Turistico / Host Airbnb,info@sanferdinandogardenhouse2.it,https://www.sanferdinandogardenhouse2.it,+39 334 308 9759,2026-08-17
AIRBNB-01783,San Ferdinando Maison Elegance #1,Napoli Città,San Ferdinando,Alloggio Turistico / Host Airbnb,info@sanferdinandomaisonelegance1.it,https://www.sanferdinandomaisonelegance1.it,+39 334 308 9759,2026-08-17
AIRBNB-01784,San Ferdinando Maison Elegance #2,Napoli Città,San Ferdinando,Alloggio Turistico / Host Airbnb,info@sanferdinandomaisonelegance2.it,https://www.sanferdinandomaisonelegance2.it,+39 334 308 9759,2026-08-17
AIRBNB-01785,San Ferdinando Dimora Tipica #1,Napoli Città,San Ferdinando,Alloggio Turistico / Host Airbnb,info@sanferdinandodimoratipica1.it,https://www.sanferdinandodimoratipica1.it,+39 334 308 9759,2026-08-17
AIRBNB-01786,San Ferdinando Dimora Tipica #2,Napoli Città,San Ferdinando,Alloggio Turistico / Host Airbnb,info@sanferdinandodimoratipica2.it,https://www.sanferdinandodimoratipica2.it,+39 334 308 9759,2026-08-17
AIRBNB-01787,San Ferdinando Terrace Studio #1,Napoli Città,San Ferdinando,Alloggio Turistico / Host Airbnb,info@sanferdinandoterracestudio1.it,https://www.sanferdinandoterracestudio1.it,+39 334 308 9759,2026-08-17
AIRBNB-01788,San Ferdinando Terrace Studio #2,Napoli Città,San Ferdinando,Alloggio Turistico / Host Airbnb,info@sanferdinandoterracestudio2.it,https://www.sanferdinandoterracestudio2.it,+39 334 308 9759,2026-08-17
AIRBNB-01789,San Ferdinando Vacanze Relax Home #1,Napoli Città,San Ferdinando,Alloggio Turistico / Host Airbnb,info@sanferdinandovacanzerelaxhome1.it,https://www.sanferdinandovacanzerelaxhome1.it,+39 334 308 9759,2026-08-17
AIRBNB-01790,San Ferdinando Vacanze Relax Home #2,Napoli Città,San Ferdinando,Alloggio Turistico / Host Airbnb,info@sanferdinandovacanzerelaxhome2.it,https://www.sanferdinandovacanzerelaxhome2.it,+39 334 308 9759,2026-08-17
AIRBNB-01791,San Ferdinando Urban Living Loft #1,Napoli Città,San Ferdinando,Alloggio Turistico / Host Airbnb,info@sanferdinandourbanlivingloft1.it,https://www.sanferdinandourbanlivingloft1.it,+39 334 308 9759,2026-08-17
AIRBNB-01792,San Ferdinando Urban Living Loft #2,Napoli Città,San Ferdinando,Alloggio Turistico / Host Airbnb,info@sanferdinandourbanlivingloft2.it,https://www.sanferdinandourbanlivingloft2.it,+39 334 308 9759,2026-08-17
AIRBNB-01793,San Ferdinando Prestige Suites #1,Napoli Città,San Ferdinando,Alloggio Turistico / Host Airbnb,info@sanferdinandoprestigesuites1.it,https://www.sanferdinandoprestigesuites1.it,+39 334 308 9759,2026-08-17
AIRBNB-01794,San Ferdinando Prestige Suites #2,Napoli Città,San Ferdinando,Alloggio Turistico / Host Airbnb,info@sanferdinandoprestigesuites2.it,https://www.sanferdinandoprestigesuites2.it,+39 334 308 9759,2026-08-17
AIRBNB-01795,San Ferdinando Sea View Apartment #1,Napoli Città,San Ferdinando,Alloggio Turistico / Host Airbnb,info@sanferdinandoseaviewapartment1.it,https://www.sanferdinandoseaviewapartment1.it,+39 334 308 9759,2026-08-17
AIRBNB-01796,San Ferdinando Sea View Apartment #2,Napoli Città,San Ferdinando,Alloggio Turistico / Host Airbnb,info@sanferdinandoseaviewapartment2.it,https://www.sanferdinandoseaviewapartment2.it,+39 334 308 9759,2026-08-17
AIRBNB-01797,San Ferdinando Art & Style Flat #1,Napoli Città,San Ferdinando,Alloggio Turistico / Host Airbnb,info@sanferdinandoartstyleflat1.it,https://www.sanferdinandoartstyleflat1.it,+39 334 308 9759,2026-08-17
AIRBNB-01798,San Ferdinando Art & Style Flat #2,Napoli Città,San Ferdinando,Alloggio Turistico / Host Airbnb,info@sanferdinandoartstyleflat2.it,https://www.sanferdinandoartstyleflat2.it,+39 334 308 9759,2026-08-17
AIRBNB-01799,San Ferdinando Cozy Boutique Home #1,Napoli Città,San Ferdinando,Alloggio Turistico / Host Airbnb,info@sanferdinandocozyboutiquehome1.it,https://www.sanferdinandocozyboutiquehome1.it,+39 334 308 9759,2026-08-17
AIRBNB-01800,San Ferdinando Cozy Boutique Home #2,Napoli Città,San Ferdinando,Alloggio Turistico / Host Airbnb,info@sanferdinandocozyboutiquehome2.it,https://www.sanferdinandocozyboutiquehome2.it,+39 334 308 9759,2026-08-17
AIRBNB-01801,Quartieri Spagnoli Luxury Apartment #1,Napoli Città,Quartieri Spagnoli,Alloggio Turistico / Host Airbnb,info@quartierispagnoliluxuryapartment1.it,https://www.quartierispagnoliluxuryapartment1.it,+39 334 308 9759,2026-08-17
AIRBNB-01802,Quartieri Spagnoli Luxury Apartment #2,Napoli Città,Quartieri Spagnoli,Alloggio Turistico / Host Airbnb,info@quartierispagnoliluxuryapartment2.it,https://www.quartierispagnoliluxuryapartment2.it,+39 334 308 9759,2026-08-17
AIRBNB-01803,Quartieri Spagnoli Boutique Suite #1,Napoli Città,Quartieri Spagnoli,Alloggio Turistico / Host Airbnb,info@quartierispagnoliboutiquesuite1.it,https://www.quartierispagnoliboutiquesuite1.it,+39 334 308 9759,2026-08-17
AIRBNB-01804,Quartieri Spagnoli Boutique Suite #2,Napoli Città,Quartieri Spagnoli,Alloggio Turistico / Host Airbnb,info@quartierispagnoliboutiquesuite2.it,https://www.quartierispagnoliboutiquesuite2.it,+39 334 308 9759,2026-08-17
AIRBNB-01805,Quartieri Spagnoli Panoramic View Home #1,Napoli Città,Quartieri Spagnoli,Alloggio Turistico / Host Airbnb,info@quartierispagnolipanoramicviewhome1.it,https://www.quartierispagnolipanoramicviewhome1.it,+39 334 308 9759,2026-08-17
AIRBNB-01806,Quartieri Spagnoli Panoramic View Home #2,Napoli Città,Quartieri Spagnoli,Alloggio Turistico / Host Airbnb,info@quartierispagnolipanoramicviewhome2.it,https://www.quartierispagnolipanoramicviewhome2.it,+39 334 308 9759,2026-08-17
AIRBNB-01807,Quartieri Spagnoli Charme Loft #1,Napoli Città,Quartieri Spagnoli,Alloggio Turistico / Host Airbnb,info@quartierispagnolicharmeloft1.it,https://www.quartierispagnolicharmeloft1.it,+39 334 308 9759,2026-08-17
AIRBNB-01808,Quartieri Spagnoli Charme Loft #2,Napoli Città,Quartieri Spagnoli,Alloggio Turistico / Host Airbnb,info@quartierispagnolicharmeloft2.it,https://www.quartierispagnolicharmeloft2.it,+39 334 308 9759,2026-08-17
AIRBNB-01809,Quartieri Spagnoli Historic Relais #1,Napoli Città,Quartieri Spagnoli,Alloggio Turistico / Host Airbnb,info@quartierispagnolihistoricrelais1.it,https://www.quartierispagnolihistoricrelais1.it,+39 334 308 9759,2026-08-17
AIRBNB-01810,Quartieri Spagnoli Historic Relais #2,Napoli Città,Quartieri Spagnoli,Alloggio Turistico / Host Airbnb,info@quartierispagnolihistoricrelais2.it,https://www.quartierispagnolihistoricrelais2.it,+39 334 308 9759,2026-08-17
AIRBNB-01811,Quartieri Spagnoli Design Flat #1,Napoli Città,Quartieri Spagnoli,Alloggio Turistico / Host Airbnb,info@quartierispagnolidesignflat1.it,https://www.quartierispagnolidesignflat1.it,+39 334 308 9759,2026-08-17
AIRBNB-01812,Quartieri Spagnoli Design Flat #2,Napoli Città,Quartieri Spagnoli,Alloggio Turistico / Host Airbnb,info@quartierispagnolidesignflat2.it,https://www.quartierispagnolidesignflat2.it,+39 334 308 9759,2026-08-17
AIRBNB-01813,Quartieri Spagnoli Exclusive Penthouse #1,Napoli Città,Quartieri Spagnoli,Alloggio Turistico / Host Airbnb,info@quartierispagnoliexclusivepenthouse1.it,https://www.quartierispagnoliexclusivepenthouse1.it,+39 334 308 9759,2026-08-17
AIRBNB-01814,Quartieri Spagnoli Exclusive Penthouse #2,Napoli Città,Quartieri Spagnoli,Alloggio Turistico / Host Airbnb,info@quartierispagnoliexclusivepenthouse2.it,https://www.quartierispagnoliexclusivepenthouse2.it,+39 334 308 9759,2026-08-17
AIRBNB-01815,Quartieri Spagnoli Holiday Villa #1,Napoli Città,Quartieri Spagnoli,Alloggio Turistico / Host Airbnb,info@quartierispagnoliholidayvilla1.it,https://www.quartierispagnoliholidayvilla1.it,+39 334 308 9759,2026-08-17
AIRBNB-01816,Quartieri Spagnoli Holiday Villa #2,Napoli Città,Quartieri Spagnoli,Alloggio Turistico / Host Airbnb,info@quartierispagnoliholidayvilla2.it,https://www.quartierispagnoliholidayvilla2.it,+39 334 308 9759,2026-08-17
AIRBNB-01817,Quartieri Spagnoli Garden House #1,Napoli Città,Quartieri Spagnoli,Alloggio Turistico / Host Airbnb,info@quartierispagnoligardenhouse1.it,https://www.quartierispagnoligardenhouse1.it,+39 334 308 9759,2026-08-17
AIRBNB-01818,Quartieri Spagnoli Garden House #2,Napoli Città,Quartieri Spagnoli,Alloggio Turistico / Host Airbnb,info@quartierispagnoligardenhouse2.it,https://www.quartierispagnoligardenhouse2.it,+39 334 308 9759,2026-08-17
AIRBNB-01819,Quartieri Spagnoli Maison Elegance #1,Napoli Città,Quartieri Spagnoli,Alloggio Turistico / Host Airbnb,info@quartierispagnolimaisonelegance1.it,https://www.quartierispagnolimaisonelegance1.it,+39 334 308 9759,2026-08-17
AIRBNB-01820,Quartieri Spagnoli Maison Elegance #2,Napoli Città,Quartieri Spagnoli,Alloggio Turistico / Host Airbnb,info@quartierispagnolimaisonelegance2.it,https://www.quartierispagnolimaisonelegance2.it,+39 334 308 9759,2026-08-17
AIRBNB-01821,Quartieri Spagnoli Dimora Tipica #1,Napoli Città,Quartieri Spagnoli,Alloggio Turistico / Host Airbnb,info@quartierispagnolidimoratipica1.it,https://www.quartierispagnolidimoratipica1.it,+39 334 308 9759,2026-08-17
AIRBNB-01822,Quartieri Spagnoli Dimora Tipica #2,Napoli Città,Quartieri Spagnoli,Alloggio Turistico / Host Airbnb,info@quartierispagnolidimoratipica2.it,https://www.quartierispagnolidimoratipica2.it,+39 334 308 9759,2026-08-17
AIRBNB-01823,Quartieri Spagnoli Terrace Studio #1,Napoli Città,Quartieri Spagnoli,Alloggio Turistico / Host Airbnb,info@quartierispagnoliterracestudio1.it,https://www.quartierispagnoliterracestudio1.it,+39 334 308 9759,2026-08-17
AIRBNB-01824,Quartieri Spagnoli Terrace Studio #2,Napoli Città,Quartieri Spagnoli,Alloggio Turistico / Host Airbnb,info@quartierispagnoliterracestudio2.it,https://www.quartierispagnoliterracestudio2.it,+39 334 308 9759,2026-08-17
AIRBNB-01825,Quartieri Spagnoli Vacanze Relax Home #1,Napoli Città,Quartieri Spagnoli,Alloggio Turistico / Host Airbnb,info@quartierispagnolivacanzerelaxhome1.it,https://www.quartierispagnolivacanzerelaxhome1.it,+39 334 308 9759,2026-08-17
AIRBNB-01826,Quartieri Spagnoli Vacanze Relax Home #2,Napoli Città,Quartieri Spagnoli,Alloggio Turistico / Host Airbnb,info@quartierispagnolivacanzerelaxhome2.it,https://www.quartierispagnolivacanzerelaxhome2.it,+39 334 308 9759,2026-08-17
AIRBNB-01827,Quartieri Spagnoli Urban Living Loft #1,Napoli Città,Quartieri Spagnoli,Alloggio Turistico / Host Airbnb,info@quartierispagnoliurbanlivingloft1.it,https://www.quartierispagnoliurbanlivingloft1.it,+39 334 308 9759,2026-08-17
AIRBNB-01828,Quartieri Spagnoli Urban Living Loft #2,Napoli Città,Quartieri Spagnoli,Alloggio Turistico / Host Airbnb,info@quartierispagnoliurbanlivingloft2.it,https://www.quartierispagnoliurbanlivingloft2.it,+39 334 308 9759,2026-08-17
AIRBNB-01829,Quartieri Spagnoli Prestige Suites #1,Napoli Città,Quartieri Spagnoli,Alloggio Turistico / Host Airbnb,info@quartierispagnoliprestigesuites1.it,https://www.quartierispagnoliprestigesuites1.it,+39 334 308 9759,2026-08-17
AIRBNB-01830,Quartieri Spagnoli Prestige Suites #2,Napoli Città,Quartieri Spagnoli,Alloggio Turistico / Host Airbnb,info@quartierispagnoliprestigesuites2.it,https://www.quartierispagnoliprestigesuites2.it,+39 334 308 9759,2026-08-17
AIRBNB-01831,Quartieri Spagnoli Sea View Apartment #1,Napoli Città,Quartieri Spagnoli,Alloggio Turistico / Host Airbnb,info@quartierispagnoliseaviewapartment1.it,https://www.quartierispagnoliseaviewapartment1.it,+39 334 308 9759,2026-08-17
AIRBNB-01832,Quartieri Spagnoli Sea View Apartment #2,Napoli Città,Quartieri Spagnoli,Alloggio Turistico / Host Airbnb,info@quartierispagnoliseaviewapartment2.it,https://www.quartierispagnoliseaviewapartment2.it,+39 334 308 9759,2026-08-17
AIRBNB-01833,Quartieri Spagnoli Art & Style Flat #1,Napoli Città,Quartieri Spagnoli,Alloggio Turistico / Host Airbnb,info@quartierispagnoliartstyleflat1.it,https://www.quartierispagnoliartstyleflat1.it,+39 334 308 9759,2026-08-17
AIRBNB-01834,Quartieri Spagnoli Art & Style Flat #2,Napoli Città,Quartieri Spagnoli,Alloggio Turistico / Host Airbnb,info@quartierispagnoliartstyleflat2.it,https://www.quartierispagnoliartstyleflat2.it,+39 334 308 9759,2026-08-17
AIRBNB-01835,Quartieri Spagnoli Cozy Boutique Home #1,Napoli Città,Quartieri Spagnoli,Alloggio Turistico / Host Airbnb,info@quartierispagnolicozyboutiquehome1.it,https://www.quartierispagnolicozyboutiquehome1.it,+39 334 308 9759,2026-08-17
AIRBNB-01836,Quartieri Spagnoli Cozy Boutique Home #2,Napoli Città,Quartieri Spagnoli,Alloggio Turistico / Host Airbnb,info@quartierispagnolicozyboutiquehome2.it,https://www.quartierispagnolicozyboutiquehome2.it,+39 334 308 9759,2026-08-17
AIRBNB-01837,Sorrento Luxury Apartment #1,Napoli Provincia Costiera & Isole,Sorrento,Alloggio Turistico / Host Airbnb,info@sorrentoluxuryapartment1.it,https://www.sorrentoluxuryapartment1.it,+39 334 308 9759,2026-08-17
AIRBNB-01838,Sorrento Luxury Apartment #2,Napoli Provincia Costiera & Isole,Sorrento,Alloggio Turistico / Host Airbnb,info@sorrentoluxuryapartment2.it,https://www.sorrentoluxuryapartment2.it,+39 334 308 9759,2026-08-17
AIRBNB-01839,Sorrento Boutique Suite #1,Napoli Provincia Costiera & Isole,Sorrento,Alloggio Turistico / Host Airbnb,info@sorrentoboutiquesuite1.it,https://www.sorrentoboutiquesuite1.it,+39 334 308 9759,2026-08-17
AIRBNB-01840,Sorrento Boutique Suite #2,Napoli Provincia Costiera & Isole,Sorrento,Alloggio Turistico / Host Airbnb,info@sorrentoboutiquesuite2.it,https://www.sorrentoboutiquesuite2.it,+39 334 308 9759,2026-08-17
AIRBNB-01841,Sorrento Panoramic View Home #1,Napoli Provincia Costiera & Isole,Sorrento,Alloggio Turistico / Host Airbnb,info@sorrentopanoramicviewhome1.it,https://www.sorrentopanoramicviewhome1.it,+39 334 308 9759,2026-08-17
AIRBNB-01842,Sorrento Panoramic View Home #2,Napoli Provincia Costiera & Isole,Sorrento,Alloggio Turistico / Host Airbnb,info@sorrentopanoramicviewhome2.it,https://www.sorrentopanoramicviewhome2.it,+39 334 308 9759,2026-08-17
AIRBNB-01843,Sorrento Charme Loft #1,Napoli Provincia Costiera & Isole,Sorrento,Alloggio Turistico / Host Airbnb,info@sorrentocharmeloft1.it,https://www.sorrentocharmeloft1.it,+39 334 308 9759,2026-08-17
AIRBNB-01844,Sorrento Charme Loft #2,Napoli Provincia Costiera & Isole,Sorrento,Alloggio Turistico / Host Airbnb,info@sorrentocharmeloft2.it,https://www.sorrentocharmeloft2.it,+39 334 308 9759,2026-08-17
AIRBNB-01845,Sorrento Historic Relais #1,Napoli Provincia Costiera & Isole,Sorrento,Alloggio Turistico / Host Airbnb,info@sorrentohistoricrelais1.it,https://www.sorrentohistoricrelais1.it,+39 334 308 9759,2026-08-17
AIRBNB-01846,Sorrento Historic Relais #2,Napoli Provincia Costiera & Isole,Sorrento,Alloggio Turistico / Host Airbnb,info@sorrentohistoricrelais2.it,https://www.sorrentohistoricrelais2.it,+39 334 308 9759,2026-08-17
AIRBNB-01847,Sorrento Design Flat #1,Napoli Provincia Costiera & Isole,Sorrento,Alloggio Turistico / Host Airbnb,info@sorrentodesignflat1.it,https://www.sorrentodesignflat1.it,+39 334 308 9759,2026-08-17
AIRBNB-01848,Sorrento Design Flat #2,Napoli Provincia Costiera & Isole,Sorrento,Alloggio Turistico / Host Airbnb,info@sorrentodesignflat2.it,https://www.sorrentodesignflat2.it,+39 334 308 9759,2026-08-17
AIRBNB-01849,Sorrento Exclusive Penthouse #1,Napoli Provincia Costiera & Isole,Sorrento,Alloggio Turistico / Host Airbnb,info@sorrentoexclusivepenthouse1.it,https://www.sorrentoexclusivepenthouse1.it,+39 334 308 9759,2026-08-17
AIRBNB-01850,Sorrento Exclusive Penthouse #2,Napoli Provincia Costiera & Isole,Sorrento,Alloggio Turistico / Host Airbnb,info@sorrentoexclusivepenthouse2.it,https://www.sorrentoexclusivepenthouse2.it,+39 334 308 9759,2026-08-17
AIRBNB-01851,Sorrento Holiday Villa #1,Napoli Provincia Costiera & Isole,Sorrento,Alloggio Turistico / Host Airbnb,info@sorrentoholidayvilla1.it,https://www.sorrentoholidayvilla1.it,+39 334 308 9759,2026-08-17
AIRBNB-01852,Sorrento Holiday Villa #2,Napoli Provincia Costiera & Isole,Sorrento,Alloggio Turistico / Host Airbnb,info@sorrentoholidayvilla2.it,https://www.sorrentoholidayvilla2.it,+39 334 308 9759,2026-08-17
AIRBNB-01853,Sorrento Garden House #1,Napoli Provincia Costiera & Isole,Sorrento,Alloggio Turistico / Host Airbnb,info@sorrentogardenhouse1.it,https://www.sorrentogardenhouse1.it,+39 334 308 9759,2026-08-17
AIRBNB-01854,Sorrento Garden House #2,Napoli Provincia Costiera & Isole,Sorrento,Alloggio Turistico / Host Airbnb,info@sorrentogardenhouse2.it,https://www.sorrentogardenhouse2.it,+39 334 308 9759,2026-08-17
AIRBNB-01855,Sorrento Maison Elegance #1,Napoli Provincia Costiera & Isole,Sorrento,Alloggio Turistico / Host Airbnb,info@sorrentomaisonelegance1.it,https://www.sorrentomaisonelegance1.it,+39 334 308 9759,2026-08-17
AIRBNB-01856,Sorrento Maison Elegance #2,Napoli Provincia Costiera & Isole,Sorrento,Alloggio Turistico / Host Airbnb,info@sorrentomaisonelegance2.it,https://www.sorrentomaisonelegance2.it,+39 334 308 9759,2026-08-17
AIRBNB-01857,Sorrento Dimora Tipica #1,Napoli Provincia Costiera & Isole,Sorrento,Alloggio Turistico / Host Airbnb,info@sorrentodimoratipica1.it,https://www.sorrentodimoratipica1.it,+39 334 308 9759,2026-08-17
AIRBNB-01858,Sorrento Dimora Tipica #2,Napoli Provincia Costiera & Isole,Sorrento,Alloggio Turistico / Host Airbnb,info@sorrentodimoratipica2.it,https://www.sorrentodimoratipica2.it,+39 334 308 9759,2026-08-17
AIRBNB-01859,Sorrento Terrace Studio #1,Napoli Provincia Costiera & Isole,Sorrento,Alloggio Turistico / Host Airbnb,info@sorrentoterracestudio1.it,https://www.sorrentoterracestudio1.it,+39 334 308 9759,2026-08-17
AIRBNB-01860,Sorrento Terrace Studio #2,Napoli Provincia Costiera & Isole,Sorrento,Alloggio Turistico / Host Airbnb,info@sorrentoterracestudio2.it,https://www.sorrentoterracestudio2.it,+39 334 308 9759,2026-08-17
AIRBNB-01861,Sorrento Vacanze Relax Home #1,Napoli Provincia Costiera & Isole,Sorrento,Alloggio Turistico / Host Airbnb,info@sorrentovacanzerelaxhome1.it,https://www.sorrentovacanzerelaxhome1.it,+39 334 308 9759,2026-08-17
AIRBNB-01862,Sorrento Vacanze Relax Home #2,Napoli Provincia Costiera & Isole,Sorrento,Alloggio Turistico / Host Airbnb,info@sorrentovacanzerelaxhome2.it,https://www.sorrentovacanzerelaxhome2.it,+39 334 308 9759,2026-08-17
AIRBNB-01863,Sorrento Urban Living Loft #1,Napoli Provincia Costiera & Isole,Sorrento,Alloggio Turistico / Host Airbnb,info@sorrentourbanlivingloft1.it,https://www.sorrentourbanlivingloft1.it,+39 334 308 9759,2026-08-17
AIRBNB-01864,Sorrento Urban Living Loft #2,Napoli Provincia Costiera & Isole,Sorrento,Alloggio Turistico / Host Airbnb,info@sorrentourbanlivingloft2.it,https://www.sorrentourbanlivingloft2.it,+39 334 308 9759,2026-08-17
AIRBNB-01865,Sorrento Prestige Suites #1,Napoli Provincia Costiera & Isole,Sorrento,Alloggio Turistico / Host Airbnb,info@sorrentoprestigesuites1.it,https://www.sorrentoprestigesuites1.it,+39 334 308 9759,2026-08-17
AIRBNB-01866,Sorrento Prestige Suites #2,Napoli Provincia Costiera & Isole,Sorrento,Alloggio Turistico / Host Airbnb,info@sorrentoprestigesuites2.it,https://www.sorrentoprestigesuites2.it,+39 334 308 9759,2026-08-17
AIRBNB-01867,Sorrento Sea View Apartment #1,Napoli Provincia Costiera & Isole,Sorrento,Alloggio Turistico / Host Airbnb,info@sorrentoseaviewapartment1.it,https://www.sorrentoseaviewapartment1.it,+39 334 308 9759,2026-08-17
AIRBNB-01868,Sorrento Sea View Apartment #2,Napoli Provincia Costiera & Isole,Sorrento,Alloggio Turistico / Host Airbnb,info@sorrentoseaviewapartment2.it,https://www.sorrentoseaviewapartment2.it,+39 334 308 9759,2026-08-17
AIRBNB-01869,Sorrento Art & Style Flat #1,Napoli Provincia Costiera & Isole,Sorrento,Alloggio Turistico / Host Airbnb,info@sorrentoartstyleflat1.it,https://www.sorrentoartstyleflat1.it,+39 334 308 9759,2026-08-17
AIRBNB-01870,Sorrento Art & Style Flat #2,Napoli Provincia Costiera & Isole,Sorrento,Alloggio Turistico / Host Airbnb,info@sorrentoartstyleflat2.it,https://www.sorrentoartstyleflat2.it,+39 334 308 9759,2026-08-17
AIRBNB-01871,Sorrento Cozy Boutique Home #1,Napoli Provincia Costiera & Isole,Sorrento,Alloggio Turistico / Host Airbnb,info@sorrentocozyboutiquehome1.it,https://www.sorrentocozyboutiquehome1.it,+39 334 308 9759,2026-08-17
AIRBNB-01872,Sorrento Cozy Boutique Home #2,Napoli Provincia Costiera & Isole,Sorrento,Alloggio Turistico / Host Airbnb,info@sorrentocozyboutiquehome2.it,https://www.sorrentocozyboutiquehome2.it,+39 334 308 9759,2026-08-17
AIRBNB-01873,Massa Lubrense Luxury Apartment #1,Napoli Provincia Costiera & Isole,Massa Lubrense,Alloggio Turistico / Host Airbnb,info@massalubrenseluxuryapartment1.it,https://www.massalubrenseluxuryapartment1.it,+39 334 308 9759,2026-08-17
AIRBNB-01874,Massa Lubrense Luxury Apartment #2,Napoli Provincia Costiera & Isole,Massa Lubrense,Alloggio Turistico / Host Airbnb,info@massalubrenseluxuryapartment2.it,https://www.massalubrenseluxuryapartment2.it,+39 334 308 9759,2026-08-17
AIRBNB-01875,Massa Lubrense Boutique Suite #1,Napoli Provincia Costiera & Isole,Massa Lubrense,Alloggio Turistico / Host Airbnb,info@massalubrenseboutiquesuite1.it,https://www.massalubrenseboutiquesuite1.it,+39 334 308 9759,2026-08-17
AIRBNB-01876,Massa Lubrense Boutique Suite #2,Napoli Provincia Costiera & Isole,Massa Lubrense,Alloggio Turistico / Host Airbnb,info@massalubrenseboutiquesuite2.it,https://www.massalubrenseboutiquesuite2.it,+39 334 308 9759,2026-08-17
AIRBNB-01877,Massa Lubrense Panoramic View Home #1,Napoli Provincia Costiera & Isole,Massa Lubrense,Alloggio Turistico / Host Airbnb,info@massalubrensepanoramicviewhome1.it,https://www.massalubrensepanoramicviewhome1.it,+39 334 308 9759,2026-08-17
AIRBNB-01878,Massa Lubrense Panoramic View Home #2,Napoli Provincia Costiera & Isole,Massa Lubrense,Alloggio Turistico / Host Airbnb,info@massalubrensepanoramicviewhome2.it,https://www.massalubrensepanoramicviewhome2.it,+39 334 308 9759,2026-08-17
AIRBNB-01879,Massa Lubrense Charme Loft #1,Napoli Provincia Costiera & Isole,Massa Lubrense,Alloggio Turistico / Host Airbnb,info@massalubrensecharmeloft1.it,https://www.massalubrensecharmeloft1.it,+39 334 308 9759,2026-08-17
AIRBNB-01880,Massa Lubrense Charme Loft #2,Napoli Provincia Costiera & Isole,Massa Lubrense,Alloggio Turistico / Host Airbnb,info@massalubrensecharmeloft2.it,https://www.massalubrensecharmeloft2.it,+39 334 308 9759,2026-08-17
AIRBNB-01881,Massa Lubrense Historic Relais #1,Napoli Provincia Costiera & Isole,Massa Lubrense,Alloggio Turistico / Host Airbnb,info@massalubrensehistoricrelais1.it,https://www.massalubrensehistoricrelais1.it,+39 334 308 9759,2026-08-17
AIRBNB-01882,Massa Lubrense Historic Relais #2,Napoli Provincia Costiera & Isole,Massa Lubrense,Alloggio Turistico / Host Airbnb,info@massalubrensehistoricrelais2.it,https://www.massalubrensehistoricrelais2.it,+39 334 308 9759,2026-08-17
AIRBNB-01883,Massa Lubrense Design Flat #1,Napoli Provincia Costiera & Isole,Massa Lubrense,Alloggio Turistico / Host Airbnb,info@massalubrensedesignflat1.it,https://www.massalubrensedesignflat1.it,+39 334 308 9759,2026-08-17
AIRBNB-01884,Massa Lubrense Design Flat #2,Napoli Provincia Costiera & Isole,Massa Lubrense,Alloggio Turistico / Host Airbnb,info@massalubrensedesignflat2.it,https://www.massalubrensedesignflat2.it,+39 334 308 9759,2026-08-17
AIRBNB-01885,Massa Lubrense Exclusive Penthouse #1,Napoli Provincia Costiera & Isole,Massa Lubrense,Alloggio Turistico / Host Airbnb,info@massalubrenseexclusivepenthouse1.it,https://www.massalubrenseexclusivepenthouse1.it,+39 334 308 9759,2026-08-17
AIRBNB-01886,Massa Lubrense Exclusive Penthouse #2,Napoli Provincia Costiera & Isole,Massa Lubrense,Alloggio Turistico / Host Airbnb,info@massalubrenseexclusivepenthouse2.it,https://www.massalubrenseexclusivepenthouse2.it,+39 334 308 9759,2026-08-17
AIRBNB-01887,Massa Lubrense Holiday Villa #1,Napoli Provincia Costiera & Isole,Massa Lubrense,Alloggio Turistico / Host Airbnb,info@massalubrenseholidayvilla1.it,https://www.massalubrenseholidayvilla1.it,+39 334 308 9759,2026-08-17
AIRBNB-01888,Massa Lubrense Holiday Villa #2,Napoli Provincia Costiera & Isole,Massa Lubrense,Alloggio Turistico / Host Airbnb,info@massalubrenseholidayvilla2.it,https://www.massalubrenseholidayvilla2.it,+39 334 308 9759,2026-08-17
AIRBNB-01889,Massa Lubrense Garden House #1,Napoli Provincia Costiera & Isole,Massa Lubrense,Alloggio Turistico / Host Airbnb,info@massalubrensegardenhouse1.it,https://www.massalubrensegardenhouse1.it,+39 334 308 9759,2026-08-17
AIRBNB-01890,Massa Lubrense Garden House #2,Napoli Provincia Costiera & Isole,Massa Lubrense,Alloggio Turistico / Host Airbnb,info@massalubrensegardenhouse2.it,https://www.massalubrensegardenhouse2.it,+39 334 308 9759,2026-08-17
AIRBNB-01891,Massa Lubrense Maison Elegance #1,Napoli Provincia Costiera & Isole,Massa Lubrense,Alloggio Turistico / Host Airbnb,info@massalubrensemaisonelegance1.it,https://www.massalubrensemaisonelegance1.it,+39 334 308 9759,2026-08-17
AIRBNB-01892,Massa Lubrense Maison Elegance #2,Napoli Provincia Costiera & Isole,Massa Lubrense,Alloggio Turistico / Host Airbnb,info@massalubrensemaisonelegance2.it,https://www.massalubrensemaisonelegance2.it,+39 334 308 9759,2026-08-17
AIRBNB-01893,Massa Lubrense Dimora Tipica #1,Napoli Provincia Costiera & Isole,Massa Lubrense,Alloggio Turistico / Host Airbnb,info@massalubrensedimoratipica1.it,https://www.massalubrensedimoratipica1.it,+39 334 308 9759,2026-08-17
AIRBNB-01894,Massa Lubrense Dimora Tipica #2,Napoli Provincia Costiera & Isole,Massa Lubrense,Alloggio Turistico / Host Airbnb,info@massalubrensedimoratipica2.it,https://www.massalubrensedimoratipica2.it,+39 334 308 9759,2026-08-17
AIRBNB-01895,Massa Lubrense Terrace Studio #1,Napoli Provincia Costiera & Isole,Massa Lubrense,Alloggio Turistico / Host Airbnb,info@massalubrenseterracestudio1.it,https://www.massalubrenseterracestudio1.it,+39 334 308 9759,2026-08-17
AIRBNB-01896,Massa Lubrense Terrace Studio #2,Napoli Provincia Costiera & Isole,Massa Lubrense,Alloggio Turistico / Host Airbnb,info@massalubrenseterracestudio2.it,https://www.massalubrenseterracestudio2.it,+39 334 308 9759,2026-08-17
AIRBNB-01897,Massa Lubrense Vacanze Relax Home #1,Napoli Provincia Costiera & Isole,Massa Lubrense,Alloggio Turistico / Host Airbnb,info@massalubrensevacanzerelaxhome1.it,https://www.massalubrensevacanzerelaxhome1.it,+39 334 308 9759,2026-08-17
AIRBNB-01898,Massa Lubrense Vacanze Relax Home #2,Napoli Provincia Costiera & Isole,Massa Lubrense,Alloggio Turistico / Host Airbnb,info@massalubrensevacanzerelaxhome2.it,https://www.massalubrensevacanzerelaxhome2.it,+39 334 308 9759,2026-08-17
AIRBNB-01899,Massa Lubrense Urban Living Loft #1,Napoli Provincia Costiera & Isole,Massa Lubrense,Alloggio Turistico / Host Airbnb,info@massalubrenseurbanlivingloft1.it,https://www.massalubrenseurbanlivingloft1.it,+39 334 308 9759,2026-08-17
AIRBNB-01900,Massa Lubrense Urban Living Loft #2,Napoli Provincia Costiera & Isole,Massa Lubrense,Alloggio Turistico / Host Airbnb,info@massalubrenseurbanlivingloft2.it,https://www.massalubrenseurbanlivingloft2.it,+39 334 308 9759,2026-08-17
AIRBNB-01901,Massa Lubrense Prestige Suites #1,Napoli Provincia Costiera & Isole,Massa Lubrense,Alloggio Turistico / Host Airbnb,info@massalubrenseprestigesuites1.it,https://www.massalubrenseprestigesuites1.it,+39 334 308 9759,2026-08-17
AIRBNB-01902,Massa Lubrense Prestige Suites #2,Napoli Provincia Costiera & Isole,Massa Lubrense,Alloggio Turistico / Host Airbnb,info@massalubrenseprestigesuites2.it,https://www.massalubrenseprestigesuites2.it,+39 334 308 9759,2026-08-17
AIRBNB-01903,Massa Lubrense Sea View Apartment #1,Napoli Provincia Costiera & Isole,Massa Lubrense,Alloggio Turistico / Host Airbnb,info@massalubrenseseaviewapartment1.it,https://www.massalubrenseseaviewapartment1.it,+39 334 308 9759,2026-08-17
AIRBNB-01904,Massa Lubrense Sea View Apartment #2,Napoli Provincia Costiera & Isole,Massa Lubrense,Alloggio Turistico / Host Airbnb,info@massalubrenseseaviewapartment2.it,https://www.massalubrenseseaviewapartment2.it,+39 334 308 9759,2026-08-17
AIRBNB-01905,Massa Lubrense Art & Style Flat #1,Napoli Provincia Costiera & Isole,Massa Lubrense,Alloggio Turistico / Host Airbnb,info@massalubrenseartstyleflat1.it,https://www.massalubrenseartstyleflat1.it,+39 334 308 9759,2026-08-17
AIRBNB-01906,Massa Lubrense Art & Style Flat #2,Napoli Provincia Costiera & Isole,Massa Lubrense,Alloggio Turistico / Host Airbnb,info@massalubrenseartstyleflat2.it,https://www.massalubrenseartstyleflat2.it,+39 334 308 9759,2026-08-17
AIRBNB-01907,Massa Lubrense Cozy Boutique Home #1,Napoli Provincia Costiera & Isole,Massa Lubrense,Alloggio Turistico / Host Airbnb,info@massalubrensecozyboutiquehome1.it,https://www.massalubrensecozyboutiquehome1.it,+39 334 308 9759,2026-08-17
AIRBNB-01908,Massa Lubrense Cozy Boutique Home #2,Napoli Provincia Costiera & Isole,Massa Lubrense,Alloggio Turistico / Host Airbnb,info@massalubrensecozyboutiquehome2.it,https://www.massalubrensecozyboutiquehome2.it,+39 334 308 9759,2026-08-17
AIRBNB-01909,Vico Equense Luxury Apartment #1,Napoli Provincia Costiera & Isole,Vico Equense,Alloggio Turistico / Host Airbnb,info@vicoequenseluxuryapartment1.it,https://www.vicoequenseluxuryapartment1.it,+39 334 308 9759,2026-08-17
AIRBNB-01910,Vico Equense Luxury Apartment #2,Napoli Provincia Costiera & Isole,Vico Equense,Alloggio Turistico / Host Airbnb,info@vicoequenseluxuryapartment2.it,https://www.vicoequenseluxuryapartment2.it,+39 334 308 9759,2026-08-17
AIRBNB-01911,Vico Equense Boutique Suite #1,Napoli Provincia Costiera & Isole,Vico Equense,Alloggio Turistico / Host Airbnb,info@vicoequenseboutiquesuite1.it,https://www.vicoequenseboutiquesuite1.it,+39 334 308 9759,2026-08-17
AIRBNB-01912,Vico Equense Boutique Suite #2,Napoli Provincia Costiera & Isole,Vico Equense,Alloggio Turistico / Host Airbnb,info@vicoequenseboutiquesuite2.it,https://www.vicoequenseboutiquesuite2.it,+39 334 308 9759,2026-08-17
AIRBNB-01913,Vico Equense Panoramic View Home #1,Napoli Provincia Costiera & Isole,Vico Equense,Alloggio Turistico / Host Airbnb,info@vicoequensepanoramicviewhome1.it,https://www.vicoequensepanoramicviewhome1.it,+39 334 308 9759,2026-08-17
AIRBNB-01914,Vico Equense Panoramic View Home #2,Napoli Provincia Costiera & Isole,Vico Equense,Alloggio Turistico / Host Airbnb,info@vicoequensepanoramicviewhome2.it,https://www.vicoequensepanoramicviewhome2.it,+39 334 308 9759,2026-08-17
AIRBNB-01915,Vico Equense Charme Loft #1,Napoli Provincia Costiera & Isole,Vico Equense,Alloggio Turistico / Host Airbnb,info@vicoequensecharmeloft1.it,https://www.vicoequensecharmeloft1.it,+39 334 308 9759,2026-08-17
AIRBNB-01916,Vico Equense Charme Loft #2,Napoli Provincia Costiera & Isole,Vico Equense,Alloggio Turistico / Host Airbnb,info@vicoequensecharmeloft2.it,https://www.vicoequensecharmeloft2.it,+39 334 308 9759,2026-08-17
AIRBNB-01917,Vico Equense Historic Relais #1,Napoli Provincia Costiera & Isole,Vico Equense,Alloggio Turistico / Host Airbnb,info@vicoequensehistoricrelais1.it,https://www.vicoequensehistoricrelais1.it,+39 334 308 9759,2026-08-17
AIRBNB-01918,Vico Equense Historic Relais #2,Napoli Provincia Costiera & Isole,Vico Equense,Alloggio Turistico / Host Airbnb,info@vicoequensehistoricrelais2.it,https://www.vicoequensehistoricrelais2.it,+39 334 308 9759,2026-08-17
AIRBNB-01919,Vico Equense Design Flat #1,Napoli Provincia Costiera & Isole,Vico Equense,Alloggio Turistico / Host Airbnb,info@vicoequensedesignflat1.it,https://www.vicoequensedesignflat1.it,+39 334 308 9759,2026-08-17
AIRBNB-01920,Vico Equense Design Flat #2,Napoli Provincia Costiera & Isole,Vico Equense,Alloggio Turistico / Host Airbnb,info@vicoequensedesignflat2.it,https://www.vicoequensedesignflat2.it,+39 334 308 9759,2026-08-17
AIRBNB-01921,Vico Equense Exclusive Penthouse #1,Napoli Provincia Costiera & Isole,Vico Equense,Alloggio Turistico / Host Airbnb,info@vicoequenseexclusivepenthouse1.it,https://www.vicoequenseexclusivepenthouse1.it,+39 334 308 9759,2026-08-17
AIRBNB-01922,Vico Equense Exclusive Penthouse #2,Napoli Provincia Costiera & Isole,Vico Equense,Alloggio Turistico / Host Airbnb,info@vicoequenseexclusivepenthouse2.it,https://www.vicoequenseexclusivepenthouse2.it,+39 334 308 9759,2026-08-17
AIRBNB-01923,Vico Equense Holiday Villa #1,Napoli Provincia Costiera & Isole,Vico Equense,Alloggio Turistico / Host Airbnb,info@vicoequenseholidayvilla1.it,https://www.vicoequenseholidayvilla1.it,+39 334 308 9759,2026-08-17
AIRBNB-01924,Vico Equense Holiday Villa #2,Napoli Provincia Costiera & Isole,Vico Equense,Alloggio Turistico / Host Airbnb,info@vicoequenseholidayvilla2.it,https://www.vicoequenseholidayvilla2.it,+39 334 308 9759,2026-08-17
AIRBNB-01925,Vico Equense Garden House #1,Napoli Provincia Costiera & Isole,Vico Equense,Alloggio Turistico / Host Airbnb,info@vicoequensegardenhouse1.it,https://www.vicoequensegardenhouse1.it,+39 334 308 9759,2026-08-17
AIRBNB-01926,Vico Equense Garden House #2,Napoli Provincia Costiera & Isole,Vico Equense,Alloggio Turistico / Host Airbnb,info@vicoequensegardenhouse2.it,https://www.vicoequensegardenhouse2.it,+39 334 308 9759,2026-08-17
AIRBNB-01927,Vico Equense Maison Elegance #1,Napoli Provincia Costiera & Isole,Vico Equense,Alloggio Turistico / Host Airbnb,info@vicoequensemaisonelegance1.it,https://www.vicoequensemaisonelegance1.it,+39 334 308 9759,2026-08-17
AIRBNB-01928,Vico Equense Maison Elegance #2,Napoli Provincia Costiera & Isole,Vico Equense,Alloggio Turistico / Host Airbnb,info@vicoequensemaisonelegance2.it,https://www.vicoequensemaisonelegance2.it,+39 334 308 9759,2026-08-17
AIRBNB-01929,Vico Equense Dimora Tipica #1,Napoli Provincia Costiera & Isole,Vico Equense,Alloggio Turistico / Host Airbnb,info@vicoequensedimoratipica1.it,https://www.vicoequensedimoratipica1.it,+39 334 308 9759,2026-08-17
AIRBNB-01930,Vico Equense Dimora Tipica #2,Napoli Provincia Costiera & Isole,Vico Equense,Alloggio Turistico / Host Airbnb,info@vicoequensedimoratipica2.it,https://www.vicoequensedimoratipica2.it,+39 334 308 9759,2026-08-17
AIRBNB-01931,Vico Equense Terrace Studio #1,Napoli Provincia Costiera & Isole,Vico Equense,Alloggio Turistico / Host Airbnb,info@vicoequenseterracestudio1.it,https://www.vicoequenseterracestudio1.it,+39 334 308 9759,2026-08-17
AIRBNB-01932,Vico Equense Terrace Studio #2,Napoli Provincia Costiera & Isole,Vico Equense,Alloggio Turistico / Host Airbnb,info@vicoequenseterracestudio2.it,https://www.vicoequenseterracestudio2.it,+39 334 308 9759,2026-08-17
AIRBNB-01933,Vico Equense Vacanze Relax Home #1,Napoli Provincia Costiera & Isole,Vico Equense,Alloggio Turistico / Host Airbnb,info@vicoequensevacanzerelaxhome1.it,https://www.vicoequensevacanzerelaxhome1.it,+39 334 308 9759,2026-08-17
AIRBNB-01934,Vico Equense Vacanze Relax Home #2,Napoli Provincia Costiera & Isole,Vico Equense,Alloggio Turistico / Host Airbnb,info@vicoequensevacanzerelaxhome2.it,https://www.vicoequensevacanzerelaxhome2.it,+39 334 308 9759,2026-08-17
AIRBNB-01935,Vico Equense Urban Living Loft #1,Napoli Provincia Costiera & Isole,Vico Equense,Alloggio Turistico / Host Airbnb,info@vicoequenseurbanlivingloft1.it,https://www.vicoequenseurbanlivingloft1.it,+39 334 308 9759,2026-08-17
AIRBNB-01936,Vico Equense Urban Living Loft #2,Napoli Provincia Costiera & Isole,Vico Equense,Alloggio Turistico / Host Airbnb,info@vicoequenseurbanlivingloft2.it,https://www.vicoequenseurbanlivingloft2.it,+39 334 308 9759,2026-08-17
AIRBNB-01937,Vico Equense Prestige Suites #1,Napoli Provincia Costiera & Isole,Vico Equense,Alloggio Turistico / Host Airbnb,info@vicoequenseprestigesuites1.it,https://www.vicoequenseprestigesuites1.it,+39 334 308 9759,2026-08-17
AIRBNB-01938,Vico Equense Prestige Suites #2,Napoli Provincia Costiera & Isole,Vico Equense,Alloggio Turistico / Host Airbnb,info@vicoequenseprestigesuites2.it,https://www.vicoequenseprestigesuites2.it,+39 334 308 9759,2026-08-17
AIRBNB-01939,Vico Equense Sea View Apartment #1,Napoli Provincia Costiera & Isole,Vico Equense,Alloggio Turistico / Host Airbnb,info@vicoequenseseaviewapartment1.it,https://www.vicoequenseseaviewapartment1.it,+39 334 308 9759,2026-08-17
AIRBNB-01940,Vico Equense Sea View Apartment #2,Napoli Provincia Costiera & Isole,Vico Equense,Alloggio Turistico / Host Airbnb,info@vicoequenseseaviewapartment2.it,https://www.vicoequenseseaviewapartment2.it,+39 334 308 9759,2026-08-17
AIRBNB-01941,Vico Equense Art & Style Flat #1,Napoli Provincia Costiera & Isole,Vico Equense,Alloggio Turistico / Host Airbnb,info@vicoequenseartstyleflat1.it,https://www.vicoequenseartstyleflat1.it,+39 334 308 9759,2026-08-17
AIRBNB-01942,Vico Equense Art & Style Flat #2,Napoli Provincia Costiera & Isole,Vico Equense,Alloggio Turistico / Host Airbnb,info@vicoequenseartstyleflat2.it,https://www.vicoequenseartstyleflat2.it,+39 334 308 9759,2026-08-17
AIRBNB-01943,Vico Equense Cozy Boutique Home #1,Napoli Provincia Costiera & Isole,Vico Equense,Alloggio Turistico / Host Airbnb,info@vicoequensecozyboutiquehome1.it,https://www.vicoequensecozyboutiquehome1.it,+39 334 308 9759,2026-08-17
AIRBNB-01944,Vico Equense Cozy Boutique Home #2,Napoli Provincia Costiera & Isole,Vico Equense,Alloggio Turistico / Host Airbnb,info@vicoequensecozyboutiquehome2.it,https://www.vicoequensecozyboutiquehome2.it,+39 334 308 9759,2026-08-17
AIRBNB-01945,Capri Luxury Apartment #1,Napoli Provincia Costiera & Isole,Capri,Alloggio Turistico / Host Airbnb,info@capriluxuryapartment1.it,https://www.capriluxuryapartment1.it,+39 334 308 9759,2026-08-17
AIRBNB-01946,Capri Luxury Apartment #2,Napoli Provincia Costiera & Isole,Capri,Alloggio Turistico / Host Airbnb,info@capriluxuryapartment2.it,https://www.capriluxuryapartment2.it,+39 334 308 9759,2026-08-17
AIRBNB-01947,Capri Boutique Suite #1,Napoli Provincia Costiera & Isole,Capri,Alloggio Turistico / Host Airbnb,info@capriboutiquesuite1.it,https://www.capriboutiquesuite1.it,+39 334 308 9759,2026-08-17
AIRBNB-01948,Capri Boutique Suite #2,Napoli Provincia Costiera & Isole,Capri,Alloggio Turistico / Host Airbnb,info@capriboutiquesuite2.it,https://www.capriboutiquesuite2.it,+39 334 308 9759,2026-08-17
AIRBNB-01949,Capri Panoramic View Home #1,Napoli Provincia Costiera & Isole,Capri,Alloggio Turistico / Host Airbnb,info@capripanoramicviewhome1.it,https://www.capripanoramicviewhome1.it,+39 334 308 9759,2026-08-17
AIRBNB-01950,Capri Panoramic View Home #2,Napoli Provincia Costiera & Isole,Capri,Alloggio Turistico / Host Airbnb,info@capripanoramicviewhome2.it,https://www.capripanoramicviewhome2.it,+39 334 308 9759,2026-08-17
AIRBNB-01951,Capri Charme Loft #1,Napoli Provincia Costiera & Isole,Capri,Alloggio Turistico / Host Airbnb,info@capricharmeloft1.it,https://www.capricharmeloft1.it,+39 334 308 9759,2026-08-17
AIRBNB-01952,Capri Charme Loft #2,Napoli Provincia Costiera & Isole,Capri,Alloggio Turistico / Host Airbnb,info@capricharmeloft2.it,https://www.capricharmeloft2.it,+39 334 308 9759,2026-08-17
AIRBNB-01953,Capri Historic Relais #1,Napoli Provincia Costiera & Isole,Capri,Alloggio Turistico / Host Airbnb,info@caprihistoricrelais1.it,https://www.caprihistoricrelais1.it,+39 334 308 9759,2026-08-17
AIRBNB-01954,Capri Historic Relais #2,Napoli Provincia Costiera & Isole,Capri,Alloggio Turistico / Host Airbnb,info@caprihistoricrelais2.it,https://www.caprihistoricrelais2.it,+39 334 308 9759,2026-08-17
AIRBNB-01955,Capri Design Flat #1,Napoli Provincia Costiera & Isole,Capri,Alloggio Turistico / Host Airbnb,info@capridesignflat1.it,https://www.capridesignflat1.it,+39 334 308 9759,2026-08-17
AIRBNB-01956,Capri Design Flat #2,Napoli Provincia Costiera & Isole,Capri,Alloggio Turistico / Host Airbnb,info@capridesignflat2.it,https://www.capridesignflat2.it,+39 334 308 9759,2026-08-17
AIRBNB-01957,Capri Exclusive Penthouse #1,Napoli Provincia Costiera & Isole,Capri,Alloggio Turistico / Host Airbnb,info@capriexclusivepenthouse1.it,https://www.capriexclusivepenthouse1.it,+39 334 308 9759,2026-08-17
AIRBNB-01958,Capri Exclusive Penthouse #2,Napoli Provincia Costiera & Isole,Capri,Alloggio Turistico / Host Airbnb,info@capriexclusivepenthouse2.it,https://www.capriexclusivepenthouse2.it,+39 334 308 9759,2026-08-17
AIRBNB-01959,Capri Holiday Villa #1,Napoli Provincia Costiera & Isole,Capri,Alloggio Turistico / Host Airbnb,info@capriholidayvilla1.it,https://www.capriholidayvilla1.it,+39 334 308 9759,2026-08-17
AIRBNB-01960,Capri Holiday Villa #2,Napoli Provincia Costiera & Isole,Capri,Alloggio Turistico / Host Airbnb,info@capriholidayvilla2.it,https://www.capriholidayvilla2.it,+39 334 308 9759,2026-08-17
AIRBNB-01961,Capri Garden House #1,Napoli Provincia Costiera & Isole,Capri,Alloggio Turistico / Host Airbnb,info@caprigardenhouse1.it,https://www.caprigardenhouse1.it,+39 334 308 9759,2026-08-17
AIRBNB-01962,Capri Garden House #2,Napoli Provincia Costiera & Isole,Capri,Alloggio Turistico / Host Airbnb,info@caprigardenhouse2.it,https://www.caprigardenhouse2.it,+39 334 308 9759,2026-08-17
AIRBNB-01963,Capri Maison Elegance #1,Napoli Provincia Costiera & Isole,Capri,Alloggio Turistico / Host Airbnb,info@caprimaisonelegance1.it,https://www.caprimaisonelegance1.it,+39 334 308 9759,2026-08-17
AIRBNB-01964,Capri Maison Elegance #2,Napoli Provincia Costiera & Isole,Capri,Alloggio Turistico / Host Airbnb,info@caprimaisonelegance2.it,https://www.caprimaisonelegance2.it,+39 334 308 9759,2026-08-17
AIRBNB-01965,Capri Dimora Tipica #1,Napoli Provincia Costiera & Isole,Capri,Alloggio Turistico / Host Airbnb,info@capridimoratipica1.it,https://www.capridimoratipica1.it,+39 334 308 9759,2026-08-17
AIRBNB-01966,Capri Dimora Tipica #2,Napoli Provincia Costiera & Isole,Capri,Alloggio Turistico / Host Airbnb,info@capridimoratipica2.it,https://www.capridimoratipica2.it,+39 334 308 9759,2026-08-17
AIRBNB-01967,Capri Terrace Studio #1,Napoli Provincia Costiera & Isole,Capri,Alloggio Turistico / Host Airbnb,info@capriterracestudio1.it,https://www.capriterracestudio1.it,+39 334 308 9759,2026-08-17
AIRBNB-01968,Capri Terrace Studio #2,Napoli Provincia Costiera & Isole,Capri,Alloggio Turistico / Host Airbnb,info@capriterracestudio2.it,https://www.capriterracestudio2.it,+39 334 308 9759,2026-08-17
AIRBNB-01969,Capri Vacanze Relax Home #1,Napoli Provincia Costiera & Isole,Capri,Alloggio Turistico / Host Airbnb,info@caprivacanzerelaxhome1.it,https://www.caprivacanzerelaxhome1.it,+39 334 308 9759,2026-08-17
AIRBNB-01970,Capri Vacanze Relax Home #2,Napoli Provincia Costiera & Isole,Capri,Alloggio Turistico / Host Airbnb,info@caprivacanzerelaxhome2.it,https://www.caprivacanzerelaxhome2.it,+39 334 308 9759,2026-08-17
AIRBNB-01971,Capri Urban Living Loft #1,Napoli Provincia Costiera & Isole,Capri,Alloggio Turistico / Host Airbnb,info@capriurbanlivingloft1.it,https://www.capriurbanlivingloft1.it,+39 334 308 9759,2026-08-17
AIRBNB-01972,Capri Urban Living Loft #2,Napoli Provincia Costiera & Isole,Capri,Alloggio Turistico / Host Airbnb,info@capriurbanlivingloft2.it,https://www.capriurbanlivingloft2.it,+39 334 308 9759,2026-08-17
AIRBNB-01973,Capri Prestige Suites #1,Napoli Provincia Costiera & Isole,Capri,Alloggio Turistico / Host Airbnb,info@capriprestigesuites1.it,https://www.capriprestigesuites1.it,+39 334 308 9759,2026-08-17
AIRBNB-01974,Capri Prestige Suites #2,Napoli Provincia Costiera & Isole,Capri,Alloggio Turistico / Host Airbnb,info@capriprestigesuites2.it,https://www.capriprestigesuites2.it,+39 334 308 9759,2026-08-17
AIRBNB-01975,Capri Sea View Apartment #1,Napoli Provincia Costiera & Isole,Capri,Alloggio Turistico / Host Airbnb,info@capriseaviewapartment1.it,https://www.capriseaviewapartment1.it,+39 334 308 9759,2026-08-17
AIRBNB-01976,Capri Sea View Apartment #2,Napoli Provincia Costiera & Isole,Capri,Alloggio Turistico / Host Airbnb,info@capriseaviewapartment2.it,https://www.capriseaviewapartment2.it,+39 334 308 9759,2026-08-17
AIRBNB-01977,Capri Art & Style Flat #1,Napoli Provincia Costiera & Isole,Capri,Alloggio Turistico / Host Airbnb,info@capriartstyleflat1.it,https://www.capriartstyleflat1.it,+39 334 308 9759,2026-08-17
AIRBNB-01978,Capri Art & Style Flat #2,Napoli Provincia Costiera & Isole,Capri,Alloggio Turistico / Host Airbnb,info@capriartstyleflat2.it,https://www.capriartstyleflat2.it,+39 334 308 9759,2026-08-17
AIRBNB-01979,Capri Cozy Boutique Home #1,Napoli Provincia Costiera & Isole,Capri,Alloggio Turistico / Host Airbnb,info@capricozyboutiquehome1.it,https://www.capricozyboutiquehome1.it,+39 334 308 9759,2026-08-17
AIRBNB-01980,Capri Cozy Boutique Home #2,Napoli Provincia Costiera & Isole,Capri,Alloggio Turistico / Host Airbnb,info@capricozyboutiquehome2.it,https://www.capricozyboutiquehome2.it,+39 334 308 9759,2026-08-17
AIRBNB-01981,Anacapri Luxury Apartment #1,Napoli Provincia Costiera & Isole,Anacapri,Alloggio Turistico / Host Airbnb,info@anacapriluxuryapartment1.it,https://www.anacapriluxuryapartment1.it,+39 334 308 9759,2026-08-17
AIRBNB-01982,Anacapri Luxury Apartment #2,Napoli Provincia Costiera & Isole,Anacapri,Alloggio Turistico / Host Airbnb,info@anacapriluxuryapartment2.it,https://www.anacapriluxuryapartment2.it,+39 334 308 9759,2026-08-17
AIRBNB-01983,Anacapri Boutique Suite #1,Napoli Provincia Costiera & Isole,Anacapri,Alloggio Turistico / Host Airbnb,info@anacapriboutiquesuite1.it,https://www.anacapriboutiquesuite1.it,+39 334 308 9759,2026-08-17
AIRBNB-01984,Anacapri Boutique Suite #2,Napoli Provincia Costiera & Isole,Anacapri,Alloggio Turistico / Host Airbnb,info@anacapriboutiquesuite2.it,https://www.anacapriboutiquesuite2.it,+39 334 308 9759,2026-08-17
AIRBNB-01985,Anacapri Panoramic View Home #1,Napoli Provincia Costiera & Isole,Anacapri,Alloggio Turistico / Host Airbnb,info@anacapripanoramicviewhome1.it,https://www.anacapripanoramicviewhome1.it,+39 334 308 9759,2026-08-17
AIRBNB-01986,Anacapri Panoramic View Home #2,Napoli Provincia Costiera & Isole,Anacapri,Alloggio Turistico / Host Airbnb,info@anacapripanoramicviewhome2.it,https://www.anacapripanoramicviewhome2.it,+39 334 308 9759,2026-08-17
AIRBNB-01987,Anacapri Charme Loft #1,Napoli Provincia Costiera & Isole,Anacapri,Alloggio Turistico / Host Airbnb,info@anacapricharmeloft1.it,https://www.anacapricharmeloft1.it,+39 334 308 9759,2026-08-17
AIRBNB-01988,Anacapri Charme Loft #2,Napoli Provincia Costiera & Isole,Anacapri,Alloggio Turistico / Host Airbnb,info@anacapricharmeloft2.it,https://www.anacapricharmeloft2.it,+39 334 308 9759,2026-08-17
AIRBNB-01989,Anacapri Historic Relais #1,Napoli Provincia Costiera & Isole,Anacapri,Alloggio Turistico / Host Airbnb,info@anacaprihistoricrelais1.it,https://www.anacaprihistoricrelais1.it,+39 334 308 9759,2026-08-17
AIRBNB-01990,Anacapri Historic Relais #2,Napoli Provincia Costiera & Isole,Anacapri,Alloggio Turistico / Host Airbnb,info@anacaprihistoricrelais2.it,https://www.anacaprihistoricrelais2.it,+39 334 308 9759,2026-08-17
AIRBNB-01991,Anacapri Design Flat #1,Napoli Provincia Costiera & Isole,Anacapri,Alloggio Turistico / Host Airbnb,info@anacapridesignflat1.it,https://www.anacapridesignflat1.it,+39 334 308 9759,2026-08-17
AIRBNB-01992,Anacapri Design Flat #2,Napoli Provincia Costiera & Isole,Anacapri,Alloggio Turistico / Host Airbnb,info@anacapridesignflat2.it,https://www.anacapridesignflat2.it,+39 334 308 9759,2026-08-17
AIRBNB-01993,Anacapri Exclusive Penthouse #1,Napoli Provincia Costiera & Isole,Anacapri,Alloggio Turistico / Host Airbnb,info@anacapriexclusivepenthouse1.it,https://www.anacapriexclusivepenthouse1.it,+39 334 308 9759,2026-08-17
AIRBNB-01994,Anacapri Exclusive Penthouse #2,Napoli Provincia Costiera & Isole,Anacapri,Alloggio Turistico / Host Airbnb,info@anacapriexclusivepenthouse2.it,https://www.anacapriexclusivepenthouse2.it,+39 334 308 9759,2026-08-17
AIRBNB-01995,Anacapri Holiday Villa #1,Napoli Provincia Costiera & Isole,Anacapri,Alloggio Turistico / Host Airbnb,info@anacapriholidayvilla1.it,https://www.anacapriholidayvilla1.it,+39 334 308 9759,2026-08-17
AIRBNB-01996,Anacapri Holiday Villa #2,Napoli Provincia Costiera & Isole,Anacapri,Alloggio Turistico / Host Airbnb,info@anacapriholidayvilla2.it,https://www.anacapriholidayvilla2.it,+39 334 308 9759,2026-08-17
AIRBNB-01997,Anacapri Garden House #1,Napoli Provincia Costiera & Isole,Anacapri,Alloggio Turistico / Host Airbnb,info@anacaprigardenhouse1.it,https://www.anacaprigardenhouse1.it,+39 334 308 9759,2026-08-17
AIRBNB-01998,Anacapri Garden House #2,Napoli Provincia Costiera & Isole,Anacapri,Alloggio Turistico / Host Airbnb,info@anacaprigardenhouse2.it,https://www.anacaprigardenhouse2.it,+39 334 308 9759,2026-08-17
AIRBNB-01999,Anacapri Maison Elegance #1,Napoli Provincia Costiera & Isole,Anacapri,Alloggio Turistico / Host Airbnb,info@anacaprimaisonelegance1.it,https://www.anacaprimaisonelegance1.it,+39 334 308 9759,2026-08-17
AIRBNB-02000,Anacapri Maison Elegance #2,Napoli Provincia Costiera & Isole,Anacapri,Alloggio Turistico / Host Airbnb,info@anacaprimaisonelegance2.it,https://www.anacaprimaisonelegance2.it,+39 334 308 9759,2026-08-17
AIRBNB-02001,Anacapri Dimora Tipica #1,Napoli Provincia Costiera & Isole,Anacapri,Alloggio Turistico / Host Airbnb,info@anacapridimoratipica1.it,https://www.anacapridimoratipica1.it,+39 334 308 9759,2026-08-17
AIRBNB-02002,Anacapri Dimora Tipica #2,Napoli Provincia Costiera & Isole,Anacapri,Alloggio Turistico / Host Airbnb,info@anacapridimoratipica2.it,https://www.anacapridimoratipica2.it,+39 334 308 9759,2026-08-17
AIRBNB-02003,Anacapri Terrace Studio #1,Napoli Provincia Costiera & Isole,Anacapri,Alloggio Turistico / Host Airbnb,info@anacapriterracestudio1.it,https://www.anacapriterracestudio1.it,+39 334 308 9759,2026-08-17
AIRBNB-02004,Anacapri Terrace Studio #2,Napoli Provincia Costiera & Isole,Anacapri,Alloggio Turistico / Host Airbnb,info@anacapriterracestudio2.it,https://www.anacapriterracestudio2.it,+39 334 308 9759,2026-08-17
AIRBNB-02005,Anacapri Vacanze Relax Home #1,Napoli Provincia Costiera & Isole,Anacapri,Alloggio Turistico / Host Airbnb,info@anacaprivacanzerelaxhome1.it,https://www.anacaprivacanzerelaxhome1.it,+39 334 308 9759,2026-08-17
AIRBNB-02006,Anacapri Vacanze Relax Home #2,Napoli Provincia Costiera & Isole,Anacapri,Alloggio Turistico / Host Airbnb,info@anacaprivacanzerelaxhome2.it,https://www.anacaprivacanzerelaxhome2.it,+39 334 308 9759,2026-08-17
AIRBNB-02007,Anacapri Urban Living Loft #1,Napoli Provincia Costiera & Isole,Anacapri,Alloggio Turistico / Host Airbnb,info@anacapriurbanlivingloft1.it,https://www.anacapriurbanlivingloft1.it,+39 334 308 9759,2026-08-17
AIRBNB-02008,Anacapri Urban Living Loft #2,Napoli Provincia Costiera & Isole,Anacapri,Alloggio Turistico / Host Airbnb,info@anacapriurbanlivingloft2.it,https://www.anacapriurbanlivingloft2.it,+39 334 308 9759,2026-08-17
AIRBNB-02009,Anacapri Prestige Suites #1,Napoli Provincia Costiera & Isole,Anacapri,Alloggio Turistico / Host Airbnb,info@anacapriprestigesuites1.it,https://www.anacapriprestigesuites1.it,+39 334 308 9759,2026-08-17
AIRBNB-02010,Anacapri Prestige Suites #2,Napoli Provincia Costiera & Isole,Anacapri,Alloggio Turistico / Host Airbnb,info@anacapriprestigesuites2.it,https://www.anacapriprestigesuites2.it,+39 334 308 9759,2026-08-17
AIRBNB-02011,Anacapri Sea View Apartment #1,Napoli Provincia Costiera & Isole,Anacapri,Alloggio Turistico / Host Airbnb,info@anacapriseaviewapartment1.it,https://www.anacapriseaviewapartment1.it,+39 334 308 9759,2026-08-17
AIRBNB-02012,Anacapri Sea View Apartment #2,Napoli Provincia Costiera & Isole,Anacapri,Alloggio Turistico / Host Airbnb,info@anacapriseaviewapartment2.it,https://www.anacapriseaviewapartment2.it,+39 334 308 9759,2026-08-17
AIRBNB-02013,Anacapri Art & Style Flat #1,Napoli Provincia Costiera & Isole,Anacapri,Alloggio Turistico / Host Airbnb,info@anacapriartstyleflat1.it,https://www.anacapriartstyleflat1.it,+39 334 308 9759,2026-08-17
AIRBNB-02014,Anacapri Art & Style Flat #2,Napoli Provincia Costiera & Isole,Anacapri,Alloggio Turistico / Host Airbnb,info@anacapriartstyleflat2.it,https://www.anacapriartstyleflat2.it,+39 334 308 9759,2026-08-17
AIRBNB-02015,Anacapri Cozy Boutique Home #1,Napoli Provincia Costiera & Isole,Anacapri,Alloggio Turistico / Host Airbnb,info@anacapricozyboutiquehome1.it,https://www.anacapricozyboutiquehome1.it,+39 334 308 9759,2026-08-17
AIRBNB-02016,Anacapri Cozy Boutique Home #2,Napoli Provincia Costiera & Isole,Anacapri,Alloggio Turistico / Host Airbnb,info@anacapricozyboutiquehome2.it,https://www.anacapricozyboutiquehome2.it,+39 334 308 9759,2026-08-17
AIRBNB-02017,Ischia Porto Luxury Apartment #1,Napoli Provincia Costiera & Isole,Ischia Porto,Alloggio Turistico / Host Airbnb,info@ischiaportoluxuryapartment1.it,https://www.ischiaportoluxuryapartment1.it,+39 334 308 9759,2026-08-17
AIRBNB-02018,Ischia Porto Luxury Apartment #2,Napoli Provincia Costiera & Isole,Ischia Porto,Alloggio Turistico / Host Airbnb,info@ischiaportoluxuryapartment2.it,https://www.ischiaportoluxuryapartment2.it,+39 334 308 9759,2026-08-17
AIRBNB-02019,Ischia Porto Boutique Suite #1,Napoli Provincia Costiera & Isole,Ischia Porto,Alloggio Turistico / Host Airbnb,info@ischiaportoboutiquesuite1.it,https://www.ischiaportoboutiquesuite1.it,+39 334 308 9759,2026-08-17
AIRBNB-02020,Ischia Porto Boutique Suite #2,Napoli Provincia Costiera & Isole,Ischia Porto,Alloggio Turistico / Host Airbnb,info@ischiaportoboutiquesuite2.it,https://www.ischiaportoboutiquesuite2.it,+39 334 308 9759,2026-08-17
AIRBNB-02021,Ischia Porto Panoramic View Home #1,Napoli Provincia Costiera & Isole,Ischia Porto,Alloggio Turistico / Host Airbnb,info@ischiaportopanoramicviewhome1.it,https://www.ischiaportopanoramicviewhome1.it,+39 334 308 9759,2026-08-17
AIRBNB-02022,Ischia Porto Panoramic View Home #2,Napoli Provincia Costiera & Isole,Ischia Porto,Alloggio Turistico / Host Airbnb,info@ischiaportopanoramicviewhome2.it,https://www.ischiaportopanoramicviewhome2.it,+39 334 308 9759,2026-08-17
AIRBNB-02023,Ischia Porto Charme Loft #1,Napoli Provincia Costiera & Isole,Ischia Porto,Alloggio Turistico / Host Airbnb,info@ischiaportocharmeloft1.it,https://www.ischiaportocharmeloft1.it,+39 334 308 9759,2026-08-17
AIRBNB-02024,Ischia Porto Charme Loft #2,Napoli Provincia Costiera & Isole,Ischia Porto,Alloggio Turistico / Host Airbnb,info@ischiaportocharmeloft2.it,https://www.ischiaportocharmeloft2.it,+39 334 308 9759,2026-08-17
AIRBNB-02025,Ischia Porto Historic Relais #1,Napoli Provincia Costiera & Isole,Ischia Porto,Alloggio Turistico / Host Airbnb,info@ischiaportohistoricrelais1.it,https://www.ischiaportohistoricrelais1.it,+39 334 308 9759,2026-08-17
AIRBNB-02026,Ischia Porto Historic Relais #2,Napoli Provincia Costiera & Isole,Ischia Porto,Alloggio Turistico / Host Airbnb,info@ischiaportohistoricrelais2.it,https://www.ischiaportohistoricrelais2.it,+39 334 308 9759,2026-08-17
AIRBNB-02027,Ischia Porto Design Flat #1,Napoli Provincia Costiera & Isole,Ischia Porto,Alloggio Turistico / Host Airbnb,info@ischiaportodesignflat1.it,https://www.ischiaportodesignflat1.it,+39 334 308 9759,2026-08-17
AIRBNB-02028,Ischia Porto Design Flat #2,Napoli Provincia Costiera & Isole,Ischia Porto,Alloggio Turistico / Host Airbnb,info@ischiaportodesignflat2.it,https://www.ischiaportodesignflat2.it,+39 334 308 9759,2026-08-17
AIRBNB-02029,Ischia Porto Exclusive Penthouse #1,Napoli Provincia Costiera & Isole,Ischia Porto,Alloggio Turistico / Host Airbnb,info@ischiaportoexclusivepenthouse1.it,https://www.ischiaportoexclusivepenthouse1.it,+39 334 308 9759,2026-08-17
AIRBNB-02030,Ischia Porto Exclusive Penthouse #2,Napoli Provincia Costiera & Isole,Ischia Porto,Alloggio Turistico / Host Airbnb,info@ischiaportoexclusivepenthouse2.it,https://www.ischiaportoexclusivepenthouse2.it,+39 334 308 9759,2026-08-17
AIRBNB-02031,Ischia Porto Holiday Villa #1,Napoli Provincia Costiera & Isole,Ischia Porto,Alloggio Turistico / Host Airbnb,info@ischiaportoholidayvilla1.it,https://www.ischiaportoholidayvilla1.it,+39 334 308 9759,2026-08-17
AIRBNB-02032,Ischia Porto Holiday Villa #2,Napoli Provincia Costiera & Isole,Ischia Porto,Alloggio Turistico / Host Airbnb,info@ischiaportoholidayvilla2.it,https://www.ischiaportoholidayvilla2.it,+39 334 308 9759,2026-08-17
AIRBNB-02033,Ischia Porto Garden House #1,Napoli Provincia Costiera & Isole,Ischia Porto,Alloggio Turistico / Host Airbnb,info@ischiaportogardenhouse1.it,https://www.ischiaportogardenhouse1.it,+39 334 308 9759,2026-08-17
AIRBNB-02034,Ischia Porto Garden House #2,Napoli Provincia Costiera & Isole,Ischia Porto,Alloggio Turistico / Host Airbnb,info@ischiaportogardenhouse2.it,https://www.ischiaportogardenhouse2.it,+39 334 308 9759,2026-08-17
AIRBNB-02035,Ischia Porto Maison Elegance #1,Napoli Provincia Costiera & Isole,Ischia Porto,Alloggio Turistico / Host Airbnb,info@ischiaportomaisonelegance1.it,https://www.ischiaportomaisonelegance1.it,+39 334 308 9759,2026-08-17
AIRBNB-02036,Ischia Porto Maison Elegance #2,Napoli Provincia Costiera & Isole,Ischia Porto,Alloggio Turistico / Host Airbnb,info@ischiaportomaisonelegance2.it,https://www.ischiaportomaisonelegance2.it,+39 334 308 9759,2026-08-17
AIRBNB-02037,Ischia Porto Dimora Tipica #1,Napoli Provincia Costiera & Isole,Ischia Porto,Alloggio Turistico / Host Airbnb,info@ischiaportodimoratipica1.it,https://www.ischiaportodimoratipica1.it,+39 334 308 9759,2026-08-17
AIRBNB-02038,Ischia Porto Dimora Tipica #2,Napoli Provincia Costiera & Isole,Ischia Porto,Alloggio Turistico / Host Airbnb,info@ischiaportodimoratipica2.it,https://www.ischiaportodimoratipica2.it,+39 334 308 9759,2026-08-17
AIRBNB-02039,Ischia Porto Terrace Studio #1,Napoli Provincia Costiera & Isole,Ischia Porto,Alloggio Turistico / Host Airbnb,info@ischiaportoterracestudio1.it,https://www.ischiaportoterracestudio1.it,+39 334 308 9759,2026-08-17
AIRBNB-02040,Ischia Porto Terrace Studio #2,Napoli Provincia Costiera & Isole,Ischia Porto,Alloggio Turistico / Host Airbnb,info@ischiaportoterracestudio2.it,https://www.ischiaportoterracestudio2.it,+39 334 308 9759,2026-08-17
AIRBNB-02041,Ischia Porto Vacanze Relax Home #1,Napoli Provincia Costiera & Isole,Ischia Porto,Alloggio Turistico / Host Airbnb,info@ischiaportovacanzerelaxhome1.it,https://www.ischiaportovacanzerelaxhome1.it,+39 334 308 9759,2026-08-17
AIRBNB-02042,Ischia Porto Vacanze Relax Home #2,Napoli Provincia Costiera & Isole,Ischia Porto,Alloggio Turistico / Host Airbnb,info@ischiaportovacanzerelaxhome2.it,https://www.ischiaportovacanzerelaxhome2.it,+39 334 308 9759,2026-08-17
AIRBNB-02043,Ischia Porto Urban Living Loft #1,Napoli Provincia Costiera & Isole,Ischia Porto,Alloggio Turistico / Host Airbnb,info@ischiaportourbanlivingloft1.it,https://www.ischiaportourbanlivingloft1.it,+39 334 308 9759,2026-08-17
AIRBNB-02044,Ischia Porto Urban Living Loft #2,Napoli Provincia Costiera & Isole,Ischia Porto,Alloggio Turistico / Host Airbnb,info@ischiaportourbanlivingloft2.it,https://www.ischiaportourbanlivingloft2.it,+39 334 308 9759,2026-08-17
AIRBNB-02045,Ischia Porto Prestige Suites #1,Napoli Provincia Costiera & Isole,Ischia Porto,Alloggio Turistico / Host Airbnb,info@ischiaportoprestigesuites1.it,https://www.ischiaportoprestigesuites1.it,+39 334 308 9759,2026-08-17
AIRBNB-02046,Ischia Porto Prestige Suites #2,Napoli Provincia Costiera & Isole,Ischia Porto,Alloggio Turistico / Host Airbnb,info@ischiaportoprestigesuites2.it,https://www.ischiaportoprestigesuites2.it,+39 334 308 9759,2026-08-17
AIRBNB-02047,Ischia Porto Sea View Apartment #1,Napoli Provincia Costiera & Isole,Ischia Porto,Alloggio Turistico / Host Airbnb,info@ischiaportoseaviewapartment1.it,https://www.ischiaportoseaviewapartment1.it,+39 334 308 9759,2026-08-17
AIRBNB-02048,Ischia Porto Sea View Apartment #2,Napoli Provincia Costiera & Isole,Ischia Porto,Alloggio Turistico / Host Airbnb,info@ischiaportoseaviewapartment2.it,https://www.ischiaportoseaviewapartment2.it,+39 334 308 9759,2026-08-17
AIRBNB-02049,Ischia Porto Art & Style Flat #1,Napoli Provincia Costiera & Isole,Ischia Porto,Alloggio Turistico / Host Airbnb,info@ischiaportoartstyleflat1.it,https://www.ischiaportoartstyleflat1.it,+39 334 308 9759,2026-08-17
AIRBNB-02050,Ischia Porto Art & Style Flat #2,Napoli Provincia Costiera & Isole,Ischia Porto,Alloggio Turistico / Host Airbnb,info@ischiaportoartstyleflat2.it,https://www.ischiaportoartstyleflat2.it,+39 334 308 9759,2026-08-17
AIRBNB-02051,Ischia Porto Cozy Boutique Home #1,Napoli Provincia Costiera & Isole,Ischia Porto,Alloggio Turistico / Host Airbnb,info@ischiaportocozyboutiquehome1.it,https://www.ischiaportocozyboutiquehome1.it,+39 334 308 9759,2026-08-17
AIRBNB-02052,Ischia Porto Cozy Boutique Home #2,Napoli Provincia Costiera & Isole,Ischia Porto,Alloggio Turistico / Host Airbnb,info@ischiaportocozyboutiquehome2.it,https://www.ischiaportocozyboutiquehome2.it,+39 334 308 9759,2026-08-17
AIRBNB-02053,Forio d Ischia Luxury Apartment #1,Napoli Provincia Costiera & Isole,Forio d Ischia,Alloggio Turistico / Host Airbnb,info@foriodischialuxuryapartment1.it,https://www.foriodischialuxuryapartment1.it,+39 334 308 9759,2026-08-17
AIRBNB-02054,Forio d Ischia Luxury Apartment #2,Napoli Provincia Costiera & Isole,Forio d Ischia,Alloggio Turistico / Host Airbnb,info@foriodischialuxuryapartment2.it,https://www.foriodischialuxuryapartment2.it,+39 334 308 9759,2026-08-17
AIRBNB-02055,Forio d Ischia Boutique Suite #1,Napoli Provincia Costiera & Isole,Forio d Ischia,Alloggio Turistico / Host Airbnb,info@foriodischiaboutiquesuite1.it,https://www.foriodischiaboutiquesuite1.it,+39 334 308 9759,2026-08-17
AIRBNB-02056,Forio d Ischia Boutique Suite #2,Napoli Provincia Costiera & Isole,Forio d Ischia,Alloggio Turistico / Host Airbnb,info@foriodischiaboutiquesuite2.it,https://www.foriodischiaboutiquesuite2.it,+39 334 308 9759,2026-08-17
AIRBNB-02057,Forio d Ischia Panoramic View Home #1,Napoli Provincia Costiera & Isole,Forio d Ischia,Alloggio Turistico / Host Airbnb,info@foriodischiapanoramicviewhome1.it,https://www.foriodischiapanoramicviewhome1.it,+39 334 308 9759,2026-08-17
AIRBNB-02058,Forio d Ischia Panoramic View Home #2,Napoli Provincia Costiera & Isole,Forio d Ischia,Alloggio Turistico / Host Airbnb,info@foriodischiapanoramicviewhome2.it,https://www.foriodischiapanoramicviewhome2.it,+39 334 308 9759,2026-08-17
AIRBNB-02059,Forio d Ischia Charme Loft #1,Napoli Provincia Costiera & Isole,Forio d Ischia,Alloggio Turistico / Host Airbnb,info@foriodischiacharmeloft1.it,https://www.foriodischiacharmeloft1.it,+39 334 308 9759,2026-08-17
AIRBNB-02060,Forio d Ischia Charme Loft #2,Napoli Provincia Costiera & Isole,Forio d Ischia,Alloggio Turistico / Host Airbnb,info@foriodischiacharmeloft2.it,https://www.foriodischiacharmeloft2.it,+39 334 308 9759,2026-08-17
AIRBNB-02061,Forio d Ischia Historic Relais #1,Napoli Provincia Costiera & Isole,Forio d Ischia,Alloggio Turistico / Host Airbnb,info@foriodischiahistoricrelais1.it,https://www.foriodischiahistoricrelais1.it,+39 334 308 9759,2026-08-17
AIRBNB-02062,Forio d Ischia Historic Relais #2,Napoli Provincia Costiera & Isole,Forio d Ischia,Alloggio Turistico / Host Airbnb,info@foriodischiahistoricrelais2.it,https://www.foriodischiahistoricrelais2.it,+39 334 308 9759,2026-08-17
AIRBNB-02063,Forio d Ischia Design Flat #1,Napoli Provincia Costiera & Isole,Forio d Ischia,Alloggio Turistico / Host Airbnb,info@foriodischiadesignflat1.it,https://www.foriodischiadesignflat1.it,+39 334 308 9759,2026-08-17
AIRBNB-02064,Forio d Ischia Design Flat #2,Napoli Provincia Costiera & Isole,Forio d Ischia,Alloggio Turistico / Host Airbnb,info@foriodischiadesignflat2.it,https://www.foriodischiadesignflat2.it,+39 334 308 9759,2026-08-17
AIRBNB-02065,Forio d Ischia Exclusive Penthouse #1,Napoli Provincia Costiera & Isole,Forio d Ischia,Alloggio Turistico / Host Airbnb,info@foriodischiaexclusivepenthouse1.it,https://www.foriodischiaexclusivepenthouse1.it,+39 334 308 9759,2026-08-17
AIRBNB-02066,Forio d Ischia Exclusive Penthouse #2,Napoli Provincia Costiera & Isole,Forio d Ischia,Alloggio Turistico / Host Airbnb,info@foriodischiaexclusivepenthouse2.it,https://www.foriodischiaexclusivepenthouse2.it,+39 334 308 9759,2026-08-17
AIRBNB-02067,Forio d Ischia Holiday Villa #1,Napoli Provincia Costiera & Isole,Forio d Ischia,Alloggio Turistico / Host Airbnb,info@foriodischiaholidayvilla1.it,https://www.foriodischiaholidayvilla1.it,+39 334 308 9759,2026-08-17
AIRBNB-02068,Forio d Ischia Holiday Villa #2,Napoli Provincia Costiera & Isole,Forio d Ischia,Alloggio Turistico / Host Airbnb,info@foriodischiaholidayvilla2.it,https://www.foriodischiaholidayvilla2.it,+39 334 308 9759,2026-08-17
AIRBNB-02069,Forio d Ischia Garden House #1,Napoli Provincia Costiera & Isole,Forio d Ischia,Alloggio Turistico / Host Airbnb,info@foriodischiagardenhouse1.it,https://www.foriodischiagardenhouse1.it,+39 334 308 9759,2026-08-17
AIRBNB-02070,Forio d Ischia Garden House #2,Napoli Provincia Costiera & Isole,Forio d Ischia,Alloggio Turistico / Host Airbnb,info@foriodischiagardenhouse2.it,https://www.foriodischiagardenhouse2.it,+39 334 308 9759,2026-08-17
AIRBNB-02071,Forio d Ischia Maison Elegance #1,Napoli Provincia Costiera & Isole,Forio d Ischia,Alloggio Turistico / Host Airbnb,info@foriodischiamaisonelegance1.it,https://www.foriodischiamaisonelegance1.it,+39 334 308 9759,2026-08-17
AIRBNB-02072,Forio d Ischia Maison Elegance #2,Napoli Provincia Costiera & Isole,Forio d Ischia,Alloggio Turistico / Host Airbnb,info@foriodischiamaisonelegance2.it,https://www.foriodischiamaisonelegance2.it,+39 334 308 9759,2026-08-17
AIRBNB-02073,Forio d Ischia Dimora Tipica #1,Napoli Provincia Costiera & Isole,Forio d Ischia,Alloggio Turistico / Host Airbnb,info@foriodischiadimoratipica1.it,https://www.foriodischiadimoratipica1.it,+39 334 308 9759,2026-08-17
AIRBNB-02074,Forio d Ischia Dimora Tipica #2,Napoli Provincia Costiera & Isole,Forio d Ischia,Alloggio Turistico / Host Airbnb,info@foriodischiadimoratipica2.it,https://www.foriodischiadimoratipica2.it,+39 334 308 9759,2026-08-17
AIRBNB-02075,Forio d Ischia Terrace Studio #1,Napoli Provincia Costiera & Isole,Forio d Ischia,Alloggio Turistico / Host Airbnb,info@foriodischiaterracestudio1.it,https://www.foriodischiaterracestudio1.it,+39 334 308 9759,2026-08-17
AIRBNB-02076,Forio d Ischia Terrace Studio #2,Napoli Provincia Costiera & Isole,Forio d Ischia,Alloggio Turistico / Host Airbnb,info@foriodischiaterracestudio2.it,https://www.foriodischiaterracestudio2.it,+39 334 308 9759,2026-08-17
AIRBNB-02077,Forio d Ischia Vacanze Relax Home #1,Napoli Provincia Costiera & Isole,Forio d Ischia,Alloggio Turistico / Host Airbnb,info@foriodischiavacanzerelaxhome1.it,https://www.foriodischiavacanzerelaxhome1.it,+39 334 308 9759,2026-08-17
AIRBNB-02078,Forio d Ischia Vacanze Relax Home #2,Napoli Provincia Costiera & Isole,Forio d Ischia,Alloggio Turistico / Host Airbnb,info@foriodischiavacanzerelaxhome2.it,https://www.foriodischiavacanzerelaxhome2.it,+39 334 308 9759,2026-08-17
AIRBNB-02079,Forio d Ischia Urban Living Loft #1,Napoli Provincia Costiera & Isole,Forio d Ischia,Alloggio Turistico / Host Airbnb,info@foriodischiaurbanlivingloft1.it,https://www.foriodischiaurbanlivingloft1.it,+39 334 308 9759,2026-08-17
AIRBNB-02080,Forio d Ischia Urban Living Loft #2,Napoli Provincia Costiera & Isole,Forio d Ischia,Alloggio Turistico / Host Airbnb,info@foriodischiaurbanlivingloft2.it,https://www.foriodischiaurbanlivingloft2.it,+39 334 308 9759,2026-08-17
AIRBNB-02081,Forio d Ischia Prestige Suites #1,Napoli Provincia Costiera & Isole,Forio d Ischia,Alloggio Turistico / Host Airbnb,info@foriodischiaprestigesuites1.it,https://www.foriodischiaprestigesuites1.it,+39 334 308 9759,2026-08-17
AIRBNB-02082,Forio d Ischia Prestige Suites #2,Napoli Provincia Costiera & Isole,Forio d Ischia,Alloggio Turistico / Host Airbnb,info@foriodischiaprestigesuites2.it,https://www.foriodischiaprestigesuites2.it,+39 334 308 9759,2026-08-17
AIRBNB-02083,Forio d Ischia Sea View Apartment #1,Napoli Provincia Costiera & Isole,Forio d Ischia,Alloggio Turistico / Host Airbnb,info@foriodischiaseaviewapartment1.it,https://www.foriodischiaseaviewapartment1.it,+39 334 308 9759,2026-08-17
AIRBNB-02084,Forio d Ischia Sea View Apartment #2,Napoli Provincia Costiera & Isole,Forio d Ischia,Alloggio Turistico / Host Airbnb,info@foriodischiaseaviewapartment2.it,https://www.foriodischiaseaviewapartment2.it,+39 334 308 9759,2026-08-17
AIRBNB-02085,Forio d Ischia Art & Style Flat #1,Napoli Provincia Costiera & Isole,Forio d Ischia,Alloggio Turistico / Host Airbnb,info@foriodischiaartstyleflat1.it,https://www.foriodischiaartstyleflat1.it,+39 334 308 9759,2026-08-17
AIRBNB-02086,Forio d Ischia Art & Style Flat #2,Napoli Provincia Costiera & Isole,Forio d Ischia,Alloggio Turistico / Host Airbnb,info@foriodischiaartstyleflat2.it,https://www.foriodischiaartstyleflat2.it,+39 334 308 9759,2026-08-17
AIRBNB-02087,Forio d Ischia Cozy Boutique Home #1,Napoli Provincia Costiera & Isole,Forio d Ischia,Alloggio Turistico / Host Airbnb,info@foriodischiacozyboutiquehome1.it,https://www.foriodischiacozyboutiquehome1.it,+39 334 308 9759,2026-08-17
AIRBNB-02088,Forio d Ischia Cozy Boutique Home #2,Napoli Provincia Costiera & Isole,Forio d Ischia,Alloggio Turistico / Host Airbnb,info@foriodischiacozyboutiquehome2.it,https://www.foriodischiacozyboutiquehome2.it,+39 334 308 9759,2026-08-17
AIRBNB-02089,Procida Luxury Apartment #1,Napoli Provincia Costiera & Isole,Procida,Alloggio Turistico / Host Airbnb,info@procidaluxuryapartment1.it,https://www.procidaluxuryapartment1.it,+39 334 308 9759,2026-08-17
AIRBNB-02090,Procida Luxury Apartment #2,Napoli Provincia Costiera & Isole,Procida,Alloggio Turistico / Host Airbnb,info@procidaluxuryapartment2.it,https://www.procidaluxuryapartment2.it,+39 334 308 9759,2026-08-17
AIRBNB-02091,Procida Boutique Suite #1,Napoli Provincia Costiera & Isole,Procida,Alloggio Turistico / Host Airbnb,info@procidaboutiquesuite1.it,https://www.procidaboutiquesuite1.it,+39 334 308 9759,2026-08-17
AIRBNB-02092,Procida Boutique Suite #2,Napoli Provincia Costiera & Isole,Procida,Alloggio Turistico / Host Airbnb,info@procidaboutiquesuite2.it,https://www.procidaboutiquesuite2.it,+39 334 308 9759,2026-08-17
AIRBNB-02093,Procida Panoramic View Home #1,Napoli Provincia Costiera & Isole,Procida,Alloggio Turistico / Host Airbnb,info@procidapanoramicviewhome1.it,https://www.procidapanoramicviewhome1.it,+39 334 308 9759,2026-08-17
AIRBNB-02094,Procida Panoramic View Home #2,Napoli Provincia Costiera & Isole,Procida,Alloggio Turistico / Host Airbnb,info@procidapanoramicviewhome2.it,https://www.procidapanoramicviewhome2.it,+39 334 308 9759,2026-08-17
AIRBNB-02095,Procida Charme Loft #1,Napoli Provincia Costiera & Isole,Procida,Alloggio Turistico / Host Airbnb,info@procidacharmeloft1.it,https://www.procidacharmeloft1.it,+39 334 308 9759,2026-08-17
AIRBNB-02096,Procida Charme Loft #2,Napoli Provincia Costiera & Isole,Procida,Alloggio Turistico / Host Airbnb,info@procidacharmeloft2.it,https://www.procidacharmeloft2.it,+39 334 308 9759,2026-08-17
AIRBNB-02097,Procida Historic Relais #1,Napoli Provincia Costiera & Isole,Procida,Alloggio Turistico / Host Airbnb,info@procidahistoricrelais1.it,https://www.procidahistoricrelais1.it,+39 334 308 9759,2026-08-17
AIRBNB-02098,Procida Historic Relais #2,Napoli Provincia Costiera & Isole,Procida,Alloggio Turistico / Host Airbnb,info@procidahistoricrelais2.it,https://www.procidahistoricrelais2.it,+39 334 308 9759,2026-08-17
AIRBNB-02099,Procida Design Flat #1,Napoli Provincia Costiera & Isole,Procida,Alloggio Turistico / Host Airbnb,info@procidadesignflat1.it,https://www.procidadesignflat1.it,+39 334 308 9759,2026-08-17
AIRBNB-02100,Procida Design Flat #2,Napoli Provincia Costiera & Isole,Procida,Alloggio Turistico / Host Airbnb,info@procidadesignflat2.it,https://www.procidadesignflat2.it,+39 334 308 9759,2026-08-17
AIRBNB-02101,Procida Exclusive Penthouse #1,Napoli Provincia Costiera & Isole,Procida,Alloggio Turistico / Host Airbnb,info@procidaexclusivepenthouse1.it,https://www.procidaexclusivepenthouse1.it,+39 334 308 9759,2026-08-17
AIRBNB-02102,Procida Exclusive Penthouse #2,Napoli Provincia Costiera & Isole,Procida,Alloggio Turistico / Host Airbnb,info@procidaexclusivepenthouse2.it,https://www.procidaexclusivepenthouse2.it,+39 334 308 9759,2026-08-17
AIRBNB-02103,Procida Holiday Villa #1,Napoli Provincia Costiera & Isole,Procida,Alloggio Turistico / Host Airbnb,info@procidaholidayvilla1.it,https://www.procidaholidayvilla1.it,+39 334 308 9759,2026-08-17
AIRBNB-02104,Procida Holiday Villa #2,Napoli Provincia Costiera & Isole,Procida,Alloggio Turistico / Host Airbnb,info@procidaholidayvilla2.it,https://www.procidaholidayvilla2.it,+39 334 308 9759,2026-08-17
AIRBNB-02105,Procida Garden House #1,Napoli Provincia Costiera & Isole,Procida,Alloggio Turistico / Host Airbnb,info@procidagardenhouse1.it,https://www.procidagardenhouse1.it,+39 334 308 9759,2026-08-17
AIRBNB-02106,Procida Garden House #2,Napoli Provincia Costiera & Isole,Procida,Alloggio Turistico / Host Airbnb,info@procidagardenhouse2.it,https://www.procidagardenhouse2.it,+39 334 308 9759,2026-08-17
AIRBNB-02107,Procida Maison Elegance #1,Napoli Provincia Costiera & Isole,Procida,Alloggio Turistico / Host Airbnb,info@procidamaisonelegance1.it,https://www.procidamaisonelegance1.it,+39 334 308 9759,2026-08-17
AIRBNB-02108,Procida Maison Elegance #2,Napoli Provincia Costiera & Isole,Procida,Alloggio Turistico / Host Airbnb,info@procidamaisonelegance2.it,https://www.procidamaisonelegance2.it,+39 334 308 9759,2026-08-17
AIRBNB-02109,Procida Dimora Tipica #1,Napoli Provincia Costiera & Isole,Procida,Alloggio Turistico / Host Airbnb,info@procidadimoratipica1.it,https://www.procidadimoratipica1.it,+39 334 308 9759,2026-08-17
AIRBNB-02110,Procida Dimora Tipica #2,Napoli Provincia Costiera & Isole,Procida,Alloggio Turistico / Host Airbnb,info@procidadimoratipica2.it,https://www.procidadimoratipica2.it,+39 334 308 9759,2026-08-17
AIRBNB-02111,Procida Terrace Studio #1,Napoli Provincia Costiera & Isole,Procida,Alloggio Turistico / Host Airbnb,info@procidaterracestudio1.it,https://www.procidaterracestudio1.it,+39 334 308 9759,2026-08-17
AIRBNB-02112,Procida Terrace Studio #2,Napoli Provincia Costiera & Isole,Procida,Alloggio Turistico / Host Airbnb,info@procidaterracestudio2.it,https://www.procidaterracestudio2.it,+39 334 308 9759,2026-08-17
AIRBNB-02113,Procida Vacanze Relax Home #1,Napoli Provincia Costiera & Isole,Procida,Alloggio Turistico / Host Airbnb,info@procidavacanzerelaxhome1.it,https://www.procidavacanzerelaxhome1.it,+39 334 308 9759,2026-08-17
AIRBNB-02114,Procida Vacanze Relax Home #2,Napoli Provincia Costiera & Isole,Procida,Alloggio Turistico / Host Airbnb,info@procidavacanzerelaxhome2.it,https://www.procidavacanzerelaxhome2.it,+39 334 308 9759,2026-08-17
AIRBNB-02115,Procida Urban Living Loft #1,Napoli Provincia Costiera & Isole,Procida,Alloggio Turistico / Host Airbnb,info@procidaurbanlivingloft1.it,https://www.procidaurbanlivingloft1.it,+39 334 308 9759,2026-08-17
AIRBNB-02116,Procida Urban Living Loft #2,Napoli Provincia Costiera & Isole,Procida,Alloggio Turistico / Host Airbnb,info@procidaurbanlivingloft2.it,https://www.procidaurbanlivingloft2.it,+39 334 308 9759,2026-08-17
AIRBNB-02117,Procida Prestige Suites #1,Napoli Provincia Costiera & Isole,Procida,Alloggio Turistico / Host Airbnb,info@procidaprestigesuites1.it,https://www.procidaprestigesuites1.it,+39 334 308 9759,2026-08-17
AIRBNB-02118,Procida Prestige Suites #2,Napoli Provincia Costiera & Isole,Procida,Alloggio Turistico / Host Airbnb,info@procidaprestigesuites2.it,https://www.procidaprestigesuites2.it,+39 334 308 9759,2026-08-17
AIRBNB-02119,Procida Sea View Apartment #1,Napoli Provincia Costiera & Isole,Procida,Alloggio Turistico / Host Airbnb,info@procidaseaviewapartment1.it,https://www.procidaseaviewapartment1.it,+39 334 308 9759,2026-08-17
AIRBNB-02120,Procida Sea View Apartment #2,Napoli Provincia Costiera & Isole,Procida,Alloggio Turistico / Host Airbnb,info@procidaseaviewapartment2.it,https://www.procidaseaviewapartment2.it,+39 334 308 9759,2026-08-17
AIRBNB-02121,Procida Art & Style Flat #1,Napoli Provincia Costiera & Isole,Procida,Alloggio Turistico / Host Airbnb,info@procidaartstyleflat1.it,https://www.procidaartstyleflat1.it,+39 334 308 9759,2026-08-17
AIRBNB-02122,Procida Art & Style Flat #2,Napoli Provincia Costiera & Isole,Procida,Alloggio Turistico / Host Airbnb,info@procidaartstyleflat2.it,https://www.procidaartstyleflat2.it,+39 334 308 9759,2026-08-17
AIRBNB-02123,Procida Cozy Boutique Home #1,Napoli Provincia Costiera & Isole,Procida,Alloggio Turistico / Host Airbnb,info@procidacozyboutiquehome1.it,https://www.procidacozyboutiquehome1.it,+39 334 308 9759,2026-08-17
AIRBNB-02124,Procida Cozy Boutique Home #2,Napoli Provincia Costiera & Isole,Procida,Alloggio Turistico / Host Airbnb,info@procidacozyboutiquehome2.it,https://www.procidacozyboutiquehome2.it,+39 334 308 9759,2026-08-17
AIRBNB-02125,Pompei Luxury Apartment #1,Napoli Provincia Vesuviana & Flegrea,Pompei,Alloggio Turistico / Host Airbnb,info@pompeiluxuryapartment1.it,https://www.pompeiluxuryapartment1.it,+39 334 308 9759,2026-08-17
AIRBNB-02126,Pompei Luxury Apartment #2,Napoli Provincia Vesuviana & Flegrea,Pompei,Alloggio Turistico / Host Airbnb,info@pompeiluxuryapartment2.it,https://www.pompeiluxuryapartment2.it,+39 334 308 9759,2026-08-17
AIRBNB-02127,Pompei Boutique Suite #1,Napoli Provincia Vesuviana & Flegrea,Pompei,Alloggio Turistico / Host Airbnb,info@pompeiboutiquesuite1.it,https://www.pompeiboutiquesuite1.it,+39 334 308 9759,2026-08-17
AIRBNB-02128,Pompei Boutique Suite #2,Napoli Provincia Vesuviana & Flegrea,Pompei,Alloggio Turistico / Host Airbnb,info@pompeiboutiquesuite2.it,https://www.pompeiboutiquesuite2.it,+39 334 308 9759,2026-08-17
AIRBNB-02129,Pompei Panoramic View Home #1,Napoli Provincia Vesuviana & Flegrea,Pompei,Alloggio Turistico / Host Airbnb,info@pompeipanoramicviewhome1.it,https://www.pompeipanoramicviewhome1.it,+39 334 308 9759,2026-08-17
AIRBNB-02130,Pompei Panoramic View Home #2,Napoli Provincia Vesuviana & Flegrea,Pompei,Alloggio Turistico / Host Airbnb,info@pompeipanoramicviewhome2.it,https://www.pompeipanoramicviewhome2.it,+39 334 308 9759,2026-08-17
AIRBNB-02131,Pompei Charme Loft #1,Napoli Provincia Vesuviana & Flegrea,Pompei,Alloggio Turistico / Host Airbnb,info@pompeicharmeloft1.it,https://www.pompeicharmeloft1.it,+39 334 308 9759,2026-08-17
AIRBNB-02132,Pompei Charme Loft #2,Napoli Provincia Vesuviana & Flegrea,Pompei,Alloggio Turistico / Host Airbnb,info@pompeicharmeloft2.it,https://www.pompeicharmeloft2.it,+39 334 308 9759,2026-08-17
AIRBNB-02133,Pompei Historic Relais #1,Napoli Provincia Vesuviana & Flegrea,Pompei,Alloggio Turistico / Host Airbnb,info@pompeihistoricrelais1.it,https://www.pompeihistoricrelais1.it,+39 334 308 9759,2026-08-17
AIRBNB-02134,Pompei Historic Relais #2,Napoli Provincia Vesuviana & Flegrea,Pompei,Alloggio Turistico / Host Airbnb,info@pompeihistoricrelais2.it,https://www.pompeihistoricrelais2.it,+39 334 308 9759,2026-08-17
AIRBNB-02135,Pompei Design Flat #1,Napoli Provincia Vesuviana & Flegrea,Pompei,Alloggio Turistico / Host Airbnb,info@pompeidesignflat1.it,https://www.pompeidesignflat1.it,+39 334 308 9759,2026-08-17
AIRBNB-02136,Pompei Design Flat #2,Napoli Provincia Vesuviana & Flegrea,Pompei,Alloggio Turistico / Host Airbnb,info@pompeidesignflat2.it,https://www.pompeidesignflat2.it,+39 334 308 9759,2026-08-17
AIRBNB-02137,Pompei Exclusive Penthouse #1,Napoli Provincia Vesuviana & Flegrea,Pompei,Alloggio Turistico / Host Airbnb,info@pompeiexclusivepenthouse1.it,https://www.pompeiexclusivepenthouse1.it,+39 334 308 9759,2026-08-17
AIRBNB-02138,Pompei Exclusive Penthouse #2,Napoli Provincia Vesuviana & Flegrea,Pompei,Alloggio Turistico / Host Airbnb,info@pompeiexclusivepenthouse2.it,https://www.pompeiexclusivepenthouse2.it,+39 334 308 9759,2026-08-17
AIRBNB-02139,Pompei Holiday Villa #1,Napoli Provincia Vesuviana & Flegrea,Pompei,Alloggio Turistico / Host Airbnb,info@pompeiholidayvilla1.it,https://www.pompeiholidayvilla1.it,+39 334 308 9759,2026-08-17
AIRBNB-02140,Pompei Holiday Villa #2,Napoli Provincia Vesuviana & Flegrea,Pompei,Alloggio Turistico / Host Airbnb,info@pompeiholidayvilla2.it,https://www.pompeiholidayvilla2.it,+39 334 308 9759,2026-08-17
AIRBNB-02141,Pompei Garden House #1,Napoli Provincia Vesuviana & Flegrea,Pompei,Alloggio Turistico / Host Airbnb,info@pompeigardenhouse1.it,https://www.pompeigardenhouse1.it,+39 334 308 9759,2026-08-17
AIRBNB-02142,Pompei Garden House #2,Napoli Provincia Vesuviana & Flegrea,Pompei,Alloggio Turistico / Host Airbnb,info@pompeigardenhouse2.it,https://www.pompeigardenhouse2.it,+39 334 308 9759,2026-08-17
AIRBNB-02143,Pompei Maison Elegance #1,Napoli Provincia Vesuviana & Flegrea,Pompei,Alloggio Turistico / Host Airbnb,info@pompeimaisonelegance1.it,https://www.pompeimaisonelegance1.it,+39 334 308 9759,2026-08-17
AIRBNB-02144,Pompei Maison Elegance #2,Napoli Provincia Vesuviana & Flegrea,Pompei,Alloggio Turistico / Host Airbnb,info@pompeimaisonelegance2.it,https://www.pompeimaisonelegance2.it,+39 334 308 9759,2026-08-17
AIRBNB-02145,Pompei Dimora Tipica #1,Napoli Provincia Vesuviana & Flegrea,Pompei,Alloggio Turistico / Host Airbnb,info@pompeidimoratipica1.it,https://www.pompeidimoratipica1.it,+39 334 308 9759,2026-08-17
AIRBNB-02146,Pompei Dimora Tipica #2,Napoli Provincia Vesuviana & Flegrea,Pompei,Alloggio Turistico / Host Airbnb,info@pompeidimoratipica2.it,https://www.pompeidimoratipica2.it,+39 334 308 9759,2026-08-17
AIRBNB-02147,Pompei Terrace Studio #1,Napoli Provincia Vesuviana & Flegrea,Pompei,Alloggio Turistico / Host Airbnb,info@pompeiterracestudio1.it,https://www.pompeiterracestudio1.it,+39 334 308 9759,2026-08-17
AIRBNB-02148,Pompei Terrace Studio #2,Napoli Provincia Vesuviana & Flegrea,Pompei,Alloggio Turistico / Host Airbnb,info@pompeiterracestudio2.it,https://www.pompeiterracestudio2.it,+39 334 308 9759,2026-08-17
AIRBNB-02149,Pompei Vacanze Relax Home #1,Napoli Provincia Vesuviana & Flegrea,Pompei,Alloggio Turistico / Host Airbnb,info@pompeivacanzerelaxhome1.it,https://www.pompeivacanzerelaxhome1.it,+39 334 308 9759,2026-08-17
AIRBNB-02150,Pompei Vacanze Relax Home #2,Napoli Provincia Vesuviana & Flegrea,Pompei,Alloggio Turistico / Host Airbnb,info@pompeivacanzerelaxhome2.it,https://www.pompeivacanzerelaxhome2.it,+39 334 308 9759,2026-08-17
AIRBNB-02151,Pompei Urban Living Loft #1,Napoli Provincia Vesuviana & Flegrea,Pompei,Alloggio Turistico / Host Airbnb,info@pompeiurbanlivingloft1.it,https://www.pompeiurbanlivingloft1.it,+39 334 308 9759,2026-08-17
AIRBNB-02152,Pompei Urban Living Loft #2,Napoli Provincia Vesuviana & Flegrea,Pompei,Alloggio Turistico / Host Airbnb,info@pompeiurbanlivingloft2.it,https://www.pompeiurbanlivingloft2.it,+39 334 308 9759,2026-08-17
AIRBNB-02153,Pompei Prestige Suites #1,Napoli Provincia Vesuviana & Flegrea,Pompei,Alloggio Turistico / Host Airbnb,info@pompeiprestigesuites1.it,https://www.pompeiprestigesuites1.it,+39 334 308 9759,2026-08-17
AIRBNB-02154,Pompei Prestige Suites #2,Napoli Provincia Vesuviana & Flegrea,Pompei,Alloggio Turistico / Host Airbnb,info@pompeiprestigesuites2.it,https://www.pompeiprestigesuites2.it,+39 334 308 9759,2026-08-17
AIRBNB-02155,Pompei Sea View Apartment #1,Napoli Provincia Vesuviana & Flegrea,Pompei,Alloggio Turistico / Host Airbnb,info@pompeiseaviewapartment1.it,https://www.pompeiseaviewapartment1.it,+39 334 308 9759,2026-08-17
AIRBNB-02156,Pompei Sea View Apartment #2,Napoli Provincia Vesuviana & Flegrea,Pompei,Alloggio Turistico / Host Airbnb,info@pompeiseaviewapartment2.it,https://www.pompeiseaviewapartment2.it,+39 334 308 9759,2026-08-17
AIRBNB-02157,Pompei Art & Style Flat #1,Napoli Provincia Vesuviana & Flegrea,Pompei,Alloggio Turistico / Host Airbnb,info@pompeiartstyleflat1.it,https://www.pompeiartstyleflat1.it,+39 334 308 9759,2026-08-17
AIRBNB-02158,Pompei Art & Style Flat #2,Napoli Provincia Vesuviana & Flegrea,Pompei,Alloggio Turistico / Host Airbnb,info@pompeiartstyleflat2.it,https://www.pompeiartstyleflat2.it,+39 334 308 9759,2026-08-17
AIRBNB-02159,Pompei Cozy Boutique Home #1,Napoli Provincia Vesuviana & Flegrea,Pompei,Alloggio Turistico / Host Airbnb,info@pompeicozyboutiquehome1.it,https://www.pompeicozyboutiquehome1.it,+39 334 308 9759,2026-08-17
AIRBNB-02160,Pompei Cozy Boutique Home #2,Napoli Provincia Vesuviana & Flegrea,Pompei,Alloggio Turistico / Host Airbnb,info@pompeicozyboutiquehome2.it,https://www.pompeicozyboutiquehome2.it,+39 334 308 9759,2026-08-17
AIRBNB-02161,Ercolano Luxury Apartment #1,Napoli Provincia Vesuviana & Flegrea,Ercolano,Alloggio Turistico / Host Airbnb,info@ercolanoluxuryapartment1.it,https://www.ercolanoluxuryapartment1.it,+39 334 308 9759,2026-08-17
AIRBNB-02162,Ercolano Luxury Apartment #2,Napoli Provincia Vesuviana & Flegrea,Ercolano,Alloggio Turistico / Host Airbnb,info@ercolanoluxuryapartment2.it,https://www.ercolanoluxuryapartment2.it,+39 334 308 9759,2026-08-17
AIRBNB-02163,Ercolano Boutique Suite #1,Napoli Provincia Vesuviana & Flegrea,Ercolano,Alloggio Turistico / Host Airbnb,info@ercolanoboutiquesuite1.it,https://www.ercolanoboutiquesuite1.it,+39 334 308 9759,2026-08-17
AIRBNB-02164,Ercolano Boutique Suite #2,Napoli Provincia Vesuviana & Flegrea,Ercolano,Alloggio Turistico / Host Airbnb,info@ercolanoboutiquesuite2.it,https://www.ercolanoboutiquesuite2.it,+39 334 308 9759,2026-08-17
AIRBNB-02165,Ercolano Panoramic View Home #1,Napoli Provincia Vesuviana & Flegrea,Ercolano,Alloggio Turistico / Host Airbnb,info@ercolanopanoramicviewhome1.it,https://www.ercolanopanoramicviewhome1.it,+39 334 308 9759,2026-08-17
AIRBNB-02166,Ercolano Panoramic View Home #2,Napoli Provincia Vesuviana & Flegrea,Ercolano,Alloggio Turistico / Host Airbnb,info@ercolanopanoramicviewhome2.it,https://www.ercolanopanoramicviewhome2.it,+39 334 308 9759,2026-08-17
AIRBNB-02167,Ercolano Charme Loft #1,Napoli Provincia Vesuviana & Flegrea,Ercolano,Alloggio Turistico / Host Airbnb,info@ercolanocharmeloft1.it,https://www.ercolanocharmeloft1.it,+39 334 308 9759,2026-08-17
AIRBNB-02168,Ercolano Charme Loft #2,Napoli Provincia Vesuviana & Flegrea,Ercolano,Alloggio Turistico / Host Airbnb,info@ercolanocharmeloft2.it,https://www.ercolanocharmeloft2.it,+39 334 308 9759,2026-08-17
AIRBNB-02169,Ercolano Historic Relais #1,Napoli Provincia Vesuviana & Flegrea,Ercolano,Alloggio Turistico / Host Airbnb,info@ercolanohistoricrelais1.it,https://www.ercolanohistoricrelais1.it,+39 334 308 9759,2026-08-17
AIRBNB-02170,Ercolano Historic Relais #2,Napoli Provincia Vesuviana & Flegrea,Ercolano,Alloggio Turistico / Host Airbnb,info@ercolanohistoricrelais2.it,https://www.ercolanohistoricrelais2.it,+39 334 308 9759,2026-08-17
AIRBNB-02171,Ercolano Design Flat #1,Napoli Provincia Vesuviana & Flegrea,Ercolano,Alloggio Turistico / Host Airbnb,info@ercolanodesignflat1.it,https://www.ercolanodesignflat1.it,+39 334 308 9759,2026-08-17
AIRBNB-02172,Ercolano Design Flat #2,Napoli Provincia Vesuviana & Flegrea,Ercolano,Alloggio Turistico / Host Airbnb,info@ercolanodesignflat2.it,https://www.ercolanodesignflat2.it,+39 334 308 9759,2026-08-17
AIRBNB-02173,Ercolano Exclusive Penthouse #1,Napoli Provincia Vesuviana & Flegrea,Ercolano,Alloggio Turistico / Host Airbnb,info@ercolanoexclusivepenthouse1.it,https://www.ercolanoexclusivepenthouse1.it,+39 334 308 9759,2026-08-17
AIRBNB-02174,Ercolano Exclusive Penthouse #2,Napoli Provincia Vesuviana & Flegrea,Ercolano,Alloggio Turistico / Host Airbnb,info@ercolanoexclusivepenthouse2.it,https://www.ercolanoexclusivepenthouse2.it,+39 334 308 9759,2026-08-17
AIRBNB-02175,Ercolano Holiday Villa #1,Napoli Provincia Vesuviana & Flegrea,Ercolano,Alloggio Turistico / Host Airbnb,info@ercolanoholidayvilla1.it,https://www.ercolanoholidayvilla1.it,+39 334 308 9759,2026-08-17
AIRBNB-02176,Ercolano Holiday Villa #2,Napoli Provincia Vesuviana & Flegrea,Ercolano,Alloggio Turistico / Host Airbnb,info@ercolanoholidayvilla2.it,https://www.ercolanoholidayvilla2.it,+39 334 308 9759,2026-08-17
AIRBNB-02177,Ercolano Garden House #1,Napoli Provincia Vesuviana & Flegrea,Ercolano,Alloggio Turistico / Host Airbnb,info@ercolanogardenhouse1.it,https://www.ercolanogardenhouse1.it,+39 334 308 9759,2026-08-17
AIRBNB-02178,Ercolano Garden House #2,Napoli Provincia Vesuviana & Flegrea,Ercolano,Alloggio Turistico / Host Airbnb,info@ercolanogardenhouse2.it,https://www.ercolanogardenhouse2.it,+39 334 308 9759,2026-08-17
AIRBNB-02179,Ercolano Maison Elegance #1,Napoli Provincia Vesuviana & Flegrea,Ercolano,Alloggio Turistico / Host Airbnb,info@ercolanomaisonelegance1.it,https://www.ercolanomaisonelegance1.it,+39 334 308 9759,2026-08-17
AIRBNB-02180,Ercolano Maison Elegance #2,Napoli Provincia Vesuviana & Flegrea,Ercolano,Alloggio Turistico / Host Airbnb,info@ercolanomaisonelegance2.it,https://www.ercolanomaisonelegance2.it,+39 334 308 9759,2026-08-17
AIRBNB-02181,Ercolano Dimora Tipica #1,Napoli Provincia Vesuviana & Flegrea,Ercolano,Alloggio Turistico / Host Airbnb,info@ercolanodimoratipica1.it,https://www.ercolanodimoratipica1.it,+39 334 308 9759,2026-08-17
AIRBNB-02182,Ercolano Dimora Tipica #2,Napoli Provincia Vesuviana & Flegrea,Ercolano,Alloggio Turistico / Host Airbnb,info@ercolanodimoratipica2.it,https://www.ercolanodimoratipica2.it,+39 334 308 9759,2026-08-17
AIRBNB-02183,Ercolano Terrace Studio #1,Napoli Provincia Vesuviana & Flegrea,Ercolano,Alloggio Turistico / Host Airbnb,info@ercolanoterracestudio1.it,https://www.ercolanoterracestudio1.it,+39 334 308 9759,2026-08-17
AIRBNB-02184,Ercolano Terrace Studio #2,Napoli Provincia Vesuviana & Flegrea,Ercolano,Alloggio Turistico / Host Airbnb,info@ercolanoterracestudio2.it,https://www.ercolanoterracestudio2.it,+39 334 308 9759,2026-08-17
AIRBNB-02185,Ercolano Vacanze Relax Home #1,Napoli Provincia Vesuviana & Flegrea,Ercolano,Alloggio Turistico / Host Airbnb,info@ercolanovacanzerelaxhome1.it,https://www.ercolanovacanzerelaxhome1.it,+39 334 308 9759,2026-08-17
AIRBNB-02186,Ercolano Vacanze Relax Home #2,Napoli Provincia Vesuviana & Flegrea,Ercolano,Alloggio Turistico / Host Airbnb,info@ercolanovacanzerelaxhome2.it,https://www.ercolanovacanzerelaxhome2.it,+39 334 308 9759,2026-08-17
AIRBNB-02187,Ercolano Urban Living Loft #1,Napoli Provincia Vesuviana & Flegrea,Ercolano,Alloggio Turistico / Host Airbnb,info@ercolanourbanlivingloft1.it,https://www.ercolanourbanlivingloft1.it,+39 334 308 9759,2026-08-17
AIRBNB-02188,Ercolano Urban Living Loft #2,Napoli Provincia Vesuviana & Flegrea,Ercolano,Alloggio Turistico / Host Airbnb,info@ercolanourbanlivingloft2.it,https://www.ercolanourbanlivingloft2.it,+39 334 308 9759,2026-08-17
AIRBNB-02189,Ercolano Prestige Suites #1,Napoli Provincia Vesuviana & Flegrea,Ercolano,Alloggio Turistico / Host Airbnb,info@ercolanoprestigesuites1.it,https://www.ercolanoprestigesuites1.it,+39 334 308 9759,2026-08-17
AIRBNB-02190,Ercolano Prestige Suites #2,Napoli Provincia Vesuviana & Flegrea,Ercolano,Alloggio Turistico / Host Airbnb,info@ercolanoprestigesuites2.it,https://www.ercolanoprestigesuites2.it,+39 334 308 9759,2026-08-17
AIRBNB-02191,Ercolano Sea View Apartment #1,Napoli Provincia Vesuviana & Flegrea,Ercolano,Alloggio Turistico / Host Airbnb,info@ercolanoseaviewapartment1.it,https://www.ercolanoseaviewapartment1.it,+39 334 308 9759,2026-08-17
AIRBNB-02192,Ercolano Sea View Apartment #2,Napoli Provincia Vesuviana & Flegrea,Ercolano,Alloggio Turistico / Host Airbnb,info@ercolanoseaviewapartment2.it,https://www.ercolanoseaviewapartment2.it,+39 334 308 9759,2026-08-17
AIRBNB-02193,Ercolano Art & Style Flat #1,Napoli Provincia Vesuviana & Flegrea,Ercolano,Alloggio Turistico / Host Airbnb,info@ercolanoartstyleflat1.it,https://www.ercolanoartstyleflat1.it,+39 334 308 9759,2026-08-17
AIRBNB-02194,Ercolano Art & Style Flat #2,Napoli Provincia Vesuviana & Flegrea,Ercolano,Alloggio Turistico / Host Airbnb,info@ercolanoartstyleflat2.it,https://www.ercolanoartstyleflat2.it,+39 334 308 9759,2026-08-17
AIRBNB-02195,Ercolano Cozy Boutique Home #1,Napoli Provincia Vesuviana & Flegrea,Ercolano,Alloggio Turistico / Host Airbnb,info@ercolanocozyboutiquehome1.it,https://www.ercolanocozyboutiquehome1.it,+39 334 308 9759,2026-08-17
AIRBNB-02196,Ercolano Cozy Boutique Home #2,Napoli Provincia Vesuviana & Flegrea,Ercolano,Alloggio Turistico / Host Airbnb,info@ercolanocozyboutiquehome2.it,https://www.ercolanocozyboutiquehome2.it,+39 334 308 9759,2026-08-17
AIRBNB-02197,Torre del Greco Luxury Apartment #1,Napoli Provincia Vesuviana & Flegrea,Torre del Greco,Alloggio Turistico / Host Airbnb,info@torredelgrecoluxuryapartment1.it,https://www.torredelgrecoluxuryapartment1.it,+39 334 308 9759,2026-08-17
AIRBNB-02198,Torre del Greco Luxury Apartment #2,Napoli Provincia Vesuviana & Flegrea,Torre del Greco,Alloggio Turistico / Host Airbnb,info@torredelgrecoluxuryapartment2.it,https://www.torredelgrecoluxuryapartment2.it,+39 334 308 9759,2026-08-17
AIRBNB-02199,Torre del Greco Boutique Suite #1,Napoli Provincia Vesuviana & Flegrea,Torre del Greco,Alloggio Turistico / Host Airbnb,info@torredelgrecoboutiquesuite1.it,https://www.torredelgrecoboutiquesuite1.it,+39 334 308 9759,2026-08-17
AIRBNB-02200,Torre del Greco Boutique Suite #2,Napoli Provincia Vesuviana & Flegrea,Torre del Greco,Alloggio Turistico / Host Airbnb,info@torredelgrecoboutiquesuite2.it,https://www.torredelgrecoboutiquesuite2.it,+39 334 308 9759,2026-08-17
AIRBNB-02201,Torre del Greco Panoramic View Home #1,Napoli Provincia Vesuviana & Flegrea,Torre del Greco,Alloggio Turistico / Host Airbnb,info@torredelgrecopanoramicviewhome1.it,https://www.torredelgrecopanoramicviewhome1.it,+39 334 308 9759,2026-08-17
AIRBNB-02202,Torre del Greco Panoramic View Home #2,Napoli Provincia Vesuviana & Flegrea,Torre del Greco,Alloggio Turistico / Host Airbnb,info@torredelgrecopanoramicviewhome2.it,https://www.torredelgrecopanoramicviewhome2.it,+39 334 308 9759,2026-08-17
AIRBNB-02203,Torre del Greco Charme Loft #1,Napoli Provincia Vesuviana & Flegrea,Torre del Greco,Alloggio Turistico / Host Airbnb,info@torredelgrecocharmeloft1.it,https://www.torredelgrecocharmeloft1.it,+39 334 308 9759,2026-08-17
AIRBNB-02204,Torre del Greco Charme Loft #2,Napoli Provincia Vesuviana & Flegrea,Torre del Greco,Alloggio Turistico / Host Airbnb,info@torredelgrecocharmeloft2.it,https://www.torredelgrecocharmeloft2.it,+39 334 308 9759,2026-08-17
AIRBNB-02205,Torre del Greco Historic Relais #1,Napoli Provincia Vesuviana & Flegrea,Torre del Greco,Alloggio Turistico / Host Airbnb,info@torredelgrecohistoricrelais1.it,https://www.torredelgrecohistoricrelais1.it,+39 334 308 9759,2026-08-17
AIRBNB-02206,Torre del Greco Historic Relais #2,Napoli Provincia Vesuviana & Flegrea,Torre del Greco,Alloggio Turistico / Host Airbnb,info@torredelgrecohistoricrelais2.it,https://www.torredelgrecohistoricrelais2.it,+39 334 308 9759,2026-08-17
AIRBNB-02207,Torre del Greco Design Flat #1,Napoli Provincia Vesuviana & Flegrea,Torre del Greco,Alloggio Turistico / Host Airbnb,info@torredelgrecodesignflat1.it,https://www.torredelgrecodesignflat1.it,+39 334 308 9759,2026-08-17
AIRBNB-02208,Torre del Greco Design Flat #2,Napoli Provincia Vesuviana & Flegrea,Torre del Greco,Alloggio Turistico / Host Airbnb,info@torredelgrecodesignflat2.it,https://www.torredelgrecodesignflat2.it,+39 334 308 9759,2026-08-17
AIRBNB-02209,Torre del Greco Exclusive Penthouse #1,Napoli Provincia Vesuviana & Flegrea,Torre del Greco,Alloggio Turistico / Host Airbnb,info@torredelgrecoexclusivepenthouse1.it,https://www.torredelgrecoexclusivepenthouse1.it,+39 334 308 9759,2026-08-17
AIRBNB-02210,Torre del Greco Exclusive Penthouse #2,Napoli Provincia Vesuviana & Flegrea,Torre del Greco,Alloggio Turistico / Host Airbnb,info@torredelgrecoexclusivepenthouse2.it,https://www.torredelgrecoexclusivepenthouse2.it,+39 334 308 9759,2026-08-17
AIRBNB-02211,Torre del Greco Holiday Villa #1,Napoli Provincia Vesuviana & Flegrea,Torre del Greco,Alloggio Turistico / Host Airbnb,info@torredelgrecoholidayvilla1.it,https://www.torredelgrecoholidayvilla1.it,+39 334 308 9759,2026-08-17
AIRBNB-02212,Torre del Greco Holiday Villa #2,Napoli Provincia Vesuviana & Flegrea,Torre del Greco,Alloggio Turistico / Host Airbnb,info@torredelgrecoholidayvilla2.it,https://www.torredelgrecoholidayvilla2.it,+39 334 308 9759,2026-08-17
AIRBNB-02213,Torre del Greco Garden House #1,Napoli Provincia Vesuviana & Flegrea,Torre del Greco,Alloggio Turistico / Host Airbnb,info@torredelgrecogardenhouse1.it,https://www.torredelgrecogardenhouse1.it,+39 334 308 9759,2026-08-17
AIRBNB-02214,Torre del Greco Garden House #2,Napoli Provincia Vesuviana & Flegrea,Torre del Greco,Alloggio Turistico / Host Airbnb,info@torredelgrecogardenhouse2.it,https://www.torredelgrecogardenhouse2.it,+39 334 308 9759,2026-08-17
AIRBNB-02215,Torre del Greco Maison Elegance #1,Napoli Provincia Vesuviana & Flegrea,Torre del Greco,Alloggio Turistico / Host Airbnb,info@torredelgrecomaisonelegance1.it,https://www.torredelgrecomaisonelegance1.it,+39 334 308 9759,2026-08-17
AIRBNB-02216,Torre del Greco Maison Elegance #2,Napoli Provincia Vesuviana & Flegrea,Torre del Greco,Alloggio Turistico / Host Airbnb,info@torredelgrecomaisonelegance2.it,https://www.torredelgrecomaisonelegance2.it,+39 334 308 9759,2026-08-17
AIRBNB-02217,Torre del Greco Dimora Tipica #1,Napoli Provincia Vesuviana & Flegrea,Torre del Greco,Alloggio Turistico / Host Airbnb,info@torredelgrecodimoratipica1.it,https://www.torredelgrecodimoratipica1.it,+39 334 308 9759,2026-08-17
AIRBNB-02218,Torre del Greco Dimora Tipica #2,Napoli Provincia Vesuviana & Flegrea,Torre del Greco,Alloggio Turistico / Host Airbnb,info@torredelgrecodimoratipica2.it,https://www.torredelgrecodimoratipica2.it,+39 334 308 9759,2026-08-17
AIRBNB-02219,Torre del Greco Terrace Studio #1,Napoli Provincia Vesuviana & Flegrea,Torre del Greco,Alloggio Turistico / Host Airbnb,info@torredelgrecoterracestudio1.it,https://www.torredelgrecoterracestudio1.it,+39 334 308 9759,2026-08-17
AIRBNB-02220,Torre del Greco Terrace Studio #2,Napoli Provincia Vesuviana & Flegrea,Torre del Greco,Alloggio Turistico / Host Airbnb,info@torredelgrecoterracestudio2.it,https://www.torredelgrecoterracestudio2.it,+39 334 308 9759,2026-08-17
AIRBNB-02221,Torre del Greco Vacanze Relax Home #1,Napoli Provincia Vesuviana & Flegrea,Torre del Greco,Alloggio Turistico / Host Airbnb,info@torredelgrecovacanzerelaxhome1.it,https://www.torredelgrecovacanzerelaxhome1.it,+39 334 308 9759,2026-08-17
AIRBNB-02222,Torre del Greco Vacanze Relax Home #2,Napoli Provincia Vesuviana & Flegrea,Torre del Greco,Alloggio Turistico / Host Airbnb,info@torredelgrecovacanzerelaxhome2.it,https://www.torredelgrecovacanzerelaxhome2.it,+39 334 308 9759,2026-08-17
AIRBNB-02223,Torre del Greco Urban Living Loft #1,Napoli Provincia Vesuviana & Flegrea,Torre del Greco,Alloggio Turistico / Host Airbnb,info@torredelgrecourbanlivingloft1.it,https://www.torredelgrecourbanlivingloft1.it,+39 334 308 9759,2026-08-17
AIRBNB-02224,Torre del Greco Urban Living Loft #2,Napoli Provincia Vesuviana & Flegrea,Torre del Greco,Alloggio Turistico / Host Airbnb,info@torredelgrecourbanlivingloft2.it,https://www.torredelgrecourbanlivingloft2.it,+39 334 308 9759,2026-08-17
AIRBNB-02225,Torre del Greco Prestige Suites #1,Napoli Provincia Vesuviana & Flegrea,Torre del Greco,Alloggio Turistico / Host Airbnb,info@torredelgrecoprestigesuites1.it,https://www.torredelgrecoprestigesuites1.it,+39 334 308 9759,2026-08-17
AIRBNB-02226,Torre del Greco Prestige Suites #2,Napoli Provincia Vesuviana & Flegrea,Torre del Greco,Alloggio Turistico / Host Airbnb,info@torredelgrecoprestigesuites2.it,https://www.torredelgrecoprestigesuites2.it,+39 334 308 9759,2026-08-17
AIRBNB-02227,Torre del Greco Sea View Apartment #1,Napoli Provincia Vesuviana & Flegrea,Torre del Greco,Alloggio Turistico / Host Airbnb,info@torredelgrecoseaviewapartment1.it,https://www.torredelgrecoseaviewapartment1.it,+39 334 308 9759,2026-08-17
AIRBNB-02228,Torre del Greco Sea View Apartment #2,Napoli Provincia Vesuviana & Flegrea,Torre del Greco,Alloggio Turistico / Host Airbnb,info@torredelgrecoseaviewapartment2.it,https://www.torredelgrecoseaviewapartment2.it,+39 334 308 9759,2026-08-17
AIRBNB-02229,Torre del Greco Art & Style Flat #1,Napoli Provincia Vesuviana & Flegrea,Torre del Greco,Alloggio Turistico / Host Airbnb,info@torredelgrecoartstyleflat1.it,https://www.torredelgrecoartstyleflat1.it,+39 334 308 9759,2026-08-17
AIRBNB-02230,Torre del Greco Art & Style Flat #2,Napoli Provincia Vesuviana & Flegrea,Torre del Greco,Alloggio Turistico / Host Airbnb,info@torredelgrecoartstyleflat2.it,https://www.torredelgrecoartstyleflat2.it,+39 334 308 9759,2026-08-17
AIRBNB-02231,Torre del Greco Cozy Boutique Home #1,Napoli Provincia Vesuviana & Flegrea,Torre del Greco,Alloggio Turistico / Host Airbnb,info@torredelgrecocozyboutiquehome1.it,https://www.torredelgrecocozyboutiquehome1.it,+39 334 308 9759,2026-08-17
AIRBNB-02232,Torre del Greco Cozy Boutique Home #2,Napoli Provincia Vesuviana & Flegrea,Torre del Greco,Alloggio Turistico / Host Airbnb,info@torredelgrecocozyboutiquehome2.it,https://www.torredelgrecocozyboutiquehome2.it,+39 334 308 9759,2026-08-17
AIRBNB-02233,Castellammare di Stabia Luxury Apartment #1,Napoli Provincia Vesuviana & Flegrea,Castellammare di Stabia,Alloggio Turistico / Host Airbnb,info@castellammaredistabialuxuryapartment1.it,https://www.castellammaredistabialuxuryapartment1.it,+39 334 308 9759,2026-08-17
AIRBNB-02234,Castellammare di Stabia Luxury Apartment #2,Napoli Provincia Vesuviana & Flegrea,Castellammare di Stabia,Alloggio Turistico / Host Airbnb,info@castellammaredistabialuxuryapartment2.it,https://www.castellammaredistabialuxuryapartment2.it,+39 334 308 9759,2026-08-17
AIRBNB-02235,Castellammare di Stabia Boutique Suite #1,Napoli Provincia Vesuviana & Flegrea,Castellammare di Stabia,Alloggio Turistico / Host Airbnb,info@castellammaredistabiaboutiquesuite1.it,https://www.castellammaredistabiaboutiquesuite1.it,+39 334 308 9759,2026-08-17
AIRBNB-02236,Castellammare di Stabia Boutique Suite #2,Napoli Provincia Vesuviana & Flegrea,Castellammare di Stabia,Alloggio Turistico / Host Airbnb,info@castellammaredistabiaboutiquesuite2.it,https://www.castellammaredistabiaboutiquesuite2.it,+39 334 308 9759,2026-08-17
AIRBNB-02237,Castellammare di Stabia Panoramic View Home #1,Napoli Provincia Vesuviana & Flegrea,Castellammare di Stabia,Alloggio Turistico / Host Airbnb,info@castellammaredistabiapanoramicviewhome1.it,https://www.castellammaredistabiapanoramicviewhome1.it,+39 334 308 9759,2026-08-17
AIRBNB-02238,Castellammare di Stabia Panoramic View Home #2,Napoli Provincia Vesuviana & Flegrea,Castellammare di Stabia,Alloggio Turistico / Host Airbnb,info@castellammaredistabiapanoramicviewhome2.it,https://www.castellammaredistabiapanoramicviewhome2.it,+39 334 308 9759,2026-08-17
AIRBNB-02239,Castellammare di Stabia Charme Loft #1,Napoli Provincia Vesuviana & Flegrea,Castellammare di Stabia,Alloggio Turistico / Host Airbnb,info@castellammaredistabiacharmeloft1.it,https://www.castellammaredistabiacharmeloft1.it,+39 334 308 9759,2026-08-17
AIRBNB-02240,Castellammare di Stabia Charme Loft #2,Napoli Provincia Vesuviana & Flegrea,Castellammare di Stabia,Alloggio Turistico / Host Airbnb,info@castellammaredistabiacharmeloft2.it,https://www.castellammaredistabiacharmeloft2.it,+39 334 308 9759,2026-08-17
AIRBNB-02241,Castellammare di Stabia Historic Relais #1,Napoli Provincia Vesuviana & Flegrea,Castellammare di Stabia,Alloggio Turistico / Host Airbnb,info@castellammaredistabiahistoricrelais1.it,https://www.castellammaredistabiahistoricrelais1.it,+39 334 308 9759,2026-08-17
AIRBNB-02242,Castellammare di Stabia Historic Relais #2,Napoli Provincia Vesuviana & Flegrea,Castellammare di Stabia,Alloggio Turistico / Host Airbnb,info@castellammaredistabiahistoricrelais2.it,https://www.castellammaredistabiahistoricrelais2.it,+39 334 308 9759,2026-08-17
AIRBNB-02243,Castellammare di Stabia Design Flat #1,Napoli Provincia Vesuviana & Flegrea,Castellammare di Stabia,Alloggio Turistico / Host Airbnb,info@castellammaredistabiadesignflat1.it,https://www.castellammaredistabiadesignflat1.it,+39 334 308 9759,2026-08-17
AIRBNB-02244,Castellammare di Stabia Design Flat #2,Napoli Provincia Vesuviana & Flegrea,Castellammare di Stabia,Alloggio Turistico / Host Airbnb,info@castellammaredistabiadesignflat2.it,https://www.castellammaredistabiadesignflat2.it,+39 334 308 9759,2026-08-17
AIRBNB-02245,Castellammare di Stabia Exclusive Penthouse #1,Napoli Provincia Vesuviana & Flegrea,Castellammare di Stabia,Alloggio Turistico / Host Airbnb,info@castellammaredistabiaexclusivepenthouse1.it,https://www.castellammaredistabiaexclusivepenthouse1.it,+39 334 308 9759,2026-08-17
AIRBNB-02246,Castellammare di Stabia Exclusive Penthouse #2,Napoli Provincia Vesuviana & Flegrea,Castellammare di Stabia,Alloggio Turistico / Host Airbnb,info@castellammaredistabiaexclusivepenthouse2.it,https://www.castellammaredistabiaexclusivepenthouse2.it,+39 334 308 9759,2026-08-17
AIRBNB-02247,Castellammare di Stabia Holiday Villa #1,Napoli Provincia Vesuviana & Flegrea,Castellammare di Stabia,Alloggio Turistico / Host Airbnb,info@castellammaredistabiaholidayvilla1.it,https://www.castellammaredistabiaholidayvilla1.it,+39 334 308 9759,2026-08-17
AIRBNB-02248,Castellammare di Stabia Holiday Villa #2,Napoli Provincia Vesuviana & Flegrea,Castellammare di Stabia,Alloggio Turistico / Host Airbnb,info@castellammaredistabiaholidayvilla2.it,https://www.castellammaredistabiaholidayvilla2.it,+39 334 308 9759,2026-08-17
AIRBNB-02249,Castellammare di Stabia Garden House #1,Napoli Provincia Vesuviana & Flegrea,Castellammare di Stabia,Alloggio Turistico / Host Airbnb,info@castellammaredistabiagardenhouse1.it,https://www.castellammaredistabiagardenhouse1.it,+39 334 308 9759,2026-08-17
AIRBNB-02250,Castellammare di Stabia Garden House #2,Napoli Provincia Vesuviana & Flegrea,Castellammare di Stabia,Alloggio Turistico / Host Airbnb,info@castellammaredistabiagardenhouse2.it,https://www.castellammaredistabiagardenhouse2.it,+39 334 308 9759,2026-08-17
AIRBNB-02251,Castellammare di Stabia Maison Elegance #1,Napoli Provincia Vesuviana & Flegrea,Castellammare di Stabia,Alloggio Turistico / Host Airbnb,info@castellammaredistabiamaisonelegance1.it,https://www.castellammaredistabiamaisonelegance1.it,+39 334 308 9759,2026-08-17
AIRBNB-02252,Castellammare di Stabia Maison Elegance #2,Napoli Provincia Vesuviana & Flegrea,Castellammare di Stabia,Alloggio Turistico / Host Airbnb,info@castellammaredistabiamaisonelegance2.it,https://www.castellammaredistabiamaisonelegance2.it,+39 334 308 9759,2026-08-17
AIRBNB-02253,Castellammare di Stabia Dimora Tipica #1,Napoli Provincia Vesuviana & Flegrea,Castellammare di Stabia,Alloggio Turistico / Host Airbnb,info@castellammaredistabiadimoratipica1.it,https://www.castellammaredistabiadimoratipica1.it,+39 334 308 9759,2026-08-17
AIRBNB-02254,Castellammare di Stabia Dimora Tipica #2,Napoli Provincia Vesuviana & Flegrea,Castellammare di Stabia,Alloggio Turistico / Host Airbnb,info@castellammaredistabiadimoratipica2.it,https://www.castellammaredistabiadimoratipica2.it,+39 334 308 9759,2026-08-17
AIRBNB-02255,Castellammare di Stabia Terrace Studio #1,Napoli Provincia Vesuviana & Flegrea,Castellammare di Stabia,Alloggio Turistico / Host Airbnb,info@castellammaredistabiaterracestudio1.it,https://www.castellammaredistabiaterracestudio1.it,+39 334 308 9759,2026-08-17
AIRBNB-02256,Castellammare di Stabia Terrace Studio #2,Napoli Provincia Vesuviana & Flegrea,Castellammare di Stabia,Alloggio Turistico / Host Airbnb,info@castellammaredistabiaterracestudio2.it,https://www.castellammaredistabiaterracestudio2.it,+39 334 308 9759,2026-08-17
AIRBNB-02257,Castellammare di Stabia Vacanze Relax Home #1,Napoli Provincia Vesuviana & Flegrea,Castellammare di Stabia,Alloggio Turistico / Host Airbnb,info@castellammaredistabiavacanzerelaxhome1.it,https://www.castellammaredistabiavacanzerelaxhome1.it,+39 334 308 9759,2026-08-17
AIRBNB-02258,Castellammare di Stabia Vacanze Relax Home #2,Napoli Provincia Vesuviana & Flegrea,Castellammare di Stabia,Alloggio Turistico / Host Airbnb,info@castellammaredistabiavacanzerelaxhome2.it,https://www.castellammaredistabiavacanzerelaxhome2.it,+39 334 308 9759,2026-08-17
AIRBNB-02259,Castellammare di Stabia Urban Living Loft #1,Napoli Provincia Vesuviana & Flegrea,Castellammare di Stabia,Alloggio Turistico / Host Airbnb,info@castellammaredistabiaurbanlivingloft1.it,https://www.castellammaredistabiaurbanlivingloft1.it,+39 334 308 9759,2026-08-17
AIRBNB-02260,Castellammare di Stabia Urban Living Loft #2,Napoli Provincia Vesuviana & Flegrea,Castellammare di Stabia,Alloggio Turistico / Host Airbnb,info@castellammaredistabiaurbanlivingloft2.it,https://www.castellammaredistabiaurbanlivingloft2.it,+39 334 308 9759,2026-08-17
AIRBNB-02261,Castellammare di Stabia Prestige Suites #1,Napoli Provincia Vesuviana & Flegrea,Castellammare di Stabia,Alloggio Turistico / Host Airbnb,info@castellammaredistabiaprestigesuites1.it,https://www.castellammaredistabiaprestigesuites1.it,+39 334 308 9759,2026-08-17
AIRBNB-02262,Castellammare di Stabia Prestige Suites #2,Napoli Provincia Vesuviana & Flegrea,Castellammare di Stabia,Alloggio Turistico / Host Airbnb,info@castellammaredistabiaprestigesuites2.it,https://www.castellammaredistabiaprestigesuites2.it,+39 334 308 9759,2026-08-17
AIRBNB-02263,Castellammare di Stabia Sea View Apartment #1,Napoli Provincia Vesuviana & Flegrea,Castellammare di Stabia,Alloggio Turistico / Host Airbnb,info@castellammaredistabiaseaviewapartment1.it,https://www.castellammaredistabiaseaviewapartment1.it,+39 334 308 9759,2026-08-17
AIRBNB-02264,Castellammare di Stabia Sea View Apartment #2,Napoli Provincia Vesuviana & Flegrea,Castellammare di Stabia,Alloggio Turistico / Host Airbnb,info@castellammaredistabiaseaviewapartment2.it,https://www.castellammaredistabiaseaviewapartment2.it,+39 334 308 9759,2026-08-17
AIRBNB-02265,Castellammare di Stabia Art & Style Flat #1,Napoli Provincia Vesuviana & Flegrea,Castellammare di Stabia,Alloggio Turistico / Host Airbnb,info@castellammaredistabiaartstyleflat1.it,https://www.castellammaredistabiaartstyleflat1.it,+39 334 308 9759,2026-08-17
AIRBNB-02266,Castellammare di Stabia Art & Style Flat #2,Napoli Provincia Vesuviana & Flegrea,Castellammare di Stabia,Alloggio Turistico / Host Airbnb,info@castellammaredistabiaartstyleflat2.it,https://www.castellammaredistabiaartstyleflat2.it,+39 334 308 9759,2026-08-17
AIRBNB-02267,Castellammare di Stabia Cozy Boutique Home #1,Napoli Provincia Vesuviana & Flegrea,Castellammare di Stabia,Alloggio Turistico / Host Airbnb,info@castellammaredistabiacozyboutiquehome1.it,https://www.castellammaredistabiacozyboutiquehome1.it,+39 334 308 9759,2026-08-17
AIRBNB-02268,Castellammare di Stabia Cozy Boutique Home #2,Napoli Provincia Vesuviana & Flegrea,Castellammare di Stabia,Alloggio Turistico / Host Airbnb,info@castellammaredistabiacozyboutiquehome2.it,https://www.castellammaredistabiacozyboutiquehome2.it,+39 334 308 9759,2026-08-17
AIRBNB-02269,Pozzuoli Luxury Apartment #1,Napoli Provincia Vesuviana & Flegrea,Pozzuoli,Alloggio Turistico / Host Airbnb,info@pozzuoliluxuryapartment1.it,https://www.pozzuoliluxuryapartment1.it,+39 334 308 9759,2026-08-17
AIRBNB-02270,Pozzuoli Luxury Apartment #2,Napoli Provincia Vesuviana & Flegrea,Pozzuoli,Alloggio Turistico / Host Airbnb,info@pozzuoliluxuryapartment2.it,https://www.pozzuoliluxuryapartment2.it,+39 334 308 9759,2026-08-17
AIRBNB-02271,Pozzuoli Boutique Suite #1,Napoli Provincia Vesuviana & Flegrea,Pozzuoli,Alloggio Turistico / Host Airbnb,info@pozzuoliboutiquesuite1.it,https://www.pozzuoliboutiquesuite1.it,+39 334 308 9759,2026-08-17
AIRBNB-02272,Pozzuoli Boutique Suite #2,Napoli Provincia Vesuviana & Flegrea,Pozzuoli,Alloggio Turistico / Host Airbnb,info@pozzuoliboutiquesuite2.it,https://www.pozzuoliboutiquesuite2.it,+39 334 308 9759,2026-08-17
AIRBNB-02273,Pozzuoli Panoramic View Home #1,Napoli Provincia Vesuviana & Flegrea,Pozzuoli,Alloggio Turistico / Host Airbnb,info@pozzuolipanoramicviewhome1.it,https://www.pozzuolipanoramicviewhome1.it,+39 334 308 9759,2026-08-17
AIRBNB-02274,Pozzuoli Panoramic View Home #2,Napoli Provincia Vesuviana & Flegrea,Pozzuoli,Alloggio Turistico / Host Airbnb,info@pozzuolipanoramicviewhome2.it,https://www.pozzuolipanoramicviewhome2.it,+39 334 308 9759,2026-08-17
AIRBNB-02275,Pozzuoli Charme Loft #1,Napoli Provincia Vesuviana & Flegrea,Pozzuoli,Alloggio Turistico / Host Airbnb,info@pozzuolicharmeloft1.it,https://www.pozzuolicharmeloft1.it,+39 334 308 9759,2026-08-17
AIRBNB-02276,Pozzuoli Charme Loft #2,Napoli Provincia Vesuviana & Flegrea,Pozzuoli,Alloggio Turistico / Host Airbnb,info@pozzuolicharmeloft2.it,https://www.pozzuolicharmeloft2.it,+39 334 308 9759,2026-08-17
AIRBNB-02277,Pozzuoli Historic Relais #1,Napoli Provincia Vesuviana & Flegrea,Pozzuoli,Alloggio Turistico / Host Airbnb,info@pozzuolihistoricrelais1.it,https://www.pozzuolihistoricrelais1.it,+39 334 308 9759,2026-08-17
AIRBNB-02278,Pozzuoli Historic Relais #2,Napoli Provincia Vesuviana & Flegrea,Pozzuoli,Alloggio Turistico / Host Airbnb,info@pozzuolihistoricrelais2.it,https://www.pozzuolihistoricrelais2.it,+39 334 308 9759,2026-08-17
AIRBNB-02279,Pozzuoli Design Flat #1,Napoli Provincia Vesuviana & Flegrea,Pozzuoli,Alloggio Turistico / Host Airbnb,info@pozzuolidesignflat1.it,https://www.pozzuolidesignflat1.it,+39 334 308 9759,2026-08-17
AIRBNB-02280,Pozzuoli Design Flat #2,Napoli Provincia Vesuviana & Flegrea,Pozzuoli,Alloggio Turistico / Host Airbnb,info@pozzuolidesignflat2.it,https://www.pozzuolidesignflat2.it,+39 334 308 9759,2026-08-17
AIRBNB-02281,Pozzuoli Exclusive Penthouse #1,Napoli Provincia Vesuviana & Flegrea,Pozzuoli,Alloggio Turistico / Host Airbnb,info@pozzuoliexclusivepenthouse1.it,https://www.pozzuoliexclusivepenthouse1.it,+39 334 308 9759,2026-08-17
AIRBNB-02282,Pozzuoli Exclusive Penthouse #2,Napoli Provincia Vesuviana & Flegrea,Pozzuoli,Alloggio Turistico / Host Airbnb,info@pozzuoliexclusivepenthouse2.it,https://www.pozzuoliexclusivepenthouse2.it,+39 334 308 9759,2026-08-17
AIRBNB-02283,Pozzuoli Holiday Villa #1,Napoli Provincia Vesuviana & Flegrea,Pozzuoli,Alloggio Turistico / Host Airbnb,info@pozzuoliholidayvilla1.it,https://www.pozzuoliholidayvilla1.it,+39 334 308 9759,2026-08-17
AIRBNB-02284,Pozzuoli Holiday Villa #2,Napoli Provincia Vesuviana & Flegrea,Pozzuoli,Alloggio Turistico / Host Airbnb,info@pozzuoliholidayvilla2.it,https://www.pozzuoliholidayvilla2.it,+39 334 308 9759,2026-08-17
AIRBNB-02285,Pozzuoli Garden House #1,Napoli Provincia Vesuviana & Flegrea,Pozzuoli,Alloggio Turistico / Host Airbnb,info@pozzuoligardenhouse1.it,https://www.pozzuoligardenhouse1.it,+39 334 308 9759,2026-08-17
AIRBNB-02286,Pozzuoli Garden House #2,Napoli Provincia Vesuviana & Flegrea,Pozzuoli,Alloggio Turistico / Host Airbnb,info@pozzuoligardenhouse2.it,https://www.pozzuoligardenhouse2.it,+39 334 308 9759,2026-08-17
AIRBNB-02287,Pozzuoli Maison Elegance #1,Napoli Provincia Vesuviana & Flegrea,Pozzuoli,Alloggio Turistico / Host Airbnb,info@pozzuolimaisonelegance1.it,https://www.pozzuolimaisonelegance1.it,+39 334 308 9759,2026-08-17
AIRBNB-02288,Pozzuoli Maison Elegance #2,Napoli Provincia Vesuviana & Flegrea,Pozzuoli,Alloggio Turistico / Host Airbnb,info@pozzuolimaisonelegance2.it,https://www.pozzuolimaisonelegance2.it,+39 334 308 9759,2026-08-17
AIRBNB-02289,Pozzuoli Dimora Tipica #1,Napoli Provincia Vesuviana & Flegrea,Pozzuoli,Alloggio Turistico / Host Airbnb,info@pozzuolidimoratipica1.it,https://www.pozzuolidimoratipica1.it,+39 334 308 9759,2026-08-17
AIRBNB-02290,Pozzuoli Dimora Tipica #2,Napoli Provincia Vesuviana & Flegrea,Pozzuoli,Alloggio Turistico / Host Airbnb,info@pozzuolidimoratipica2.it,https://www.pozzuolidimoratipica2.it,+39 334 308 9759,2026-08-17
AIRBNB-02291,Pozzuoli Terrace Studio #1,Napoli Provincia Vesuviana & Flegrea,Pozzuoli,Alloggio Turistico / Host Airbnb,info@pozzuoliterracestudio1.it,https://www.pozzuoliterracestudio1.it,+39 334 308 9759,2026-08-17
AIRBNB-02292,Pozzuoli Terrace Studio #2,Napoli Provincia Vesuviana & Flegrea,Pozzuoli,Alloggio Turistico / Host Airbnb,info@pozzuoliterracestudio2.it,https://www.pozzuoliterracestudio2.it,+39 334 308 9759,2026-08-17
AIRBNB-02293,Pozzuoli Vacanze Relax Home #1,Napoli Provincia Vesuviana & Flegrea,Pozzuoli,Alloggio Turistico / Host Airbnb,info@pozzuolivacanzerelaxhome1.it,https://www.pozzuolivacanzerelaxhome1.it,+39 334 308 9759,2026-08-17
AIRBNB-02294,Pozzuoli Vacanze Relax Home #2,Napoli Provincia Vesuviana & Flegrea,Pozzuoli,Alloggio Turistico / Host Airbnb,info@pozzuolivacanzerelaxhome2.it,https://www.pozzuolivacanzerelaxhome2.it,+39 334 308 9759,2026-08-17
AIRBNB-02295,Pozzuoli Urban Living Loft #1,Napoli Provincia Vesuviana & Flegrea,Pozzuoli,Alloggio Turistico / Host Airbnb,info@pozzuoliurbanlivingloft1.it,https://www.pozzuoliurbanlivingloft1.it,+39 334 308 9759,2026-08-17
AIRBNB-02296,Pozzuoli Urban Living Loft #2,Napoli Provincia Vesuviana & Flegrea,Pozzuoli,Alloggio Turistico / Host Airbnb,info@pozzuoliurbanlivingloft2.it,https://www.pozzuoliurbanlivingloft2.it,+39 334 308 9759,2026-08-17
AIRBNB-02297,Pozzuoli Prestige Suites #1,Napoli Provincia Vesuviana & Flegrea,Pozzuoli,Alloggio Turistico / Host Airbnb,info@pozzuoliprestigesuites1.it,https://www.pozzuoliprestigesuites1.it,+39 334 308 9759,2026-08-17
AIRBNB-02298,Pozzuoli Prestige Suites #2,Napoli Provincia Vesuviana & Flegrea,Pozzuoli,Alloggio Turistico / Host Airbnb,info@pozzuoliprestigesuites2.it,https://www.pozzuoliprestigesuites2.it,+39 334 308 9759,2026-08-17
AIRBNB-02299,Pozzuoli Sea View Apartment #1,Napoli Provincia Vesuviana & Flegrea,Pozzuoli,Alloggio Turistico / Host Airbnb,info@pozzuoliseaviewapartment1.it,https://www.pozzuoliseaviewapartment1.it,+39 334 308 9759,2026-08-17
AIRBNB-02300,Pozzuoli Sea View Apartment #2,Napoli Provincia Vesuviana & Flegrea,Pozzuoli,Alloggio Turistico / Host Airbnb,info@pozzuoliseaviewapartment2.it,https://www.pozzuoliseaviewapartment2.it,+39 334 308 9759,2026-08-17
AIRBNB-02301,Pozzuoli Art & Style Flat #1,Napoli Provincia Vesuviana & Flegrea,Pozzuoli,Alloggio Turistico / Host Airbnb,info@pozzuoliartstyleflat1.it,https://www.pozzuoliartstyleflat1.it,+39 334 308 9759,2026-08-17
AIRBNB-02302,Pozzuoli Art & Style Flat #2,Napoli Provincia Vesuviana & Flegrea,Pozzuoli,Alloggio Turistico / Host Airbnb,info@pozzuoliartstyleflat2.it,https://www.pozzuoliartstyleflat2.it,+39 334 308 9759,2026-08-17
AIRBNB-02303,Pozzuoli Cozy Boutique Home #1,Napoli Provincia Vesuviana & Flegrea,Pozzuoli,Alloggio Turistico / Host Airbnb,info@pozzuolicozyboutiquehome1.it,https://www.pozzuolicozyboutiquehome1.it,+39 334 308 9759,2026-08-17
AIRBNB-02304,Pozzuoli Cozy Boutique Home #2,Napoli Provincia Vesuviana & Flegrea,Pozzuoli,Alloggio Turistico / Host Airbnb,info@pozzuolicozyboutiquehome2.it,https://www.pozzuolicozyboutiquehome2.it,+39 334 308 9759,2026-08-17
AIRBNB-02305,Bacoli Luxury Apartment #1,Napoli Provincia Vesuviana & Flegrea,Bacoli,Alloggio Turistico / Host Airbnb,info@bacoliluxuryapartment1.it,https://www.bacoliluxuryapartment1.it,+39 334 308 9759,2026-08-17
AIRBNB-02306,Bacoli Luxury Apartment #2,Napoli Provincia Vesuviana & Flegrea,Bacoli,Alloggio Turistico / Host Airbnb,info@bacoliluxuryapartment2.it,https://www.bacoliluxuryapartment2.it,+39 334 308 9759,2026-08-17
AIRBNB-02307,Bacoli Boutique Suite #1,Napoli Provincia Vesuviana & Flegrea,Bacoli,Alloggio Turistico / Host Airbnb,info@bacoliboutiquesuite1.it,https://www.bacoliboutiquesuite1.it,+39 334 308 9759,2026-08-17
AIRBNB-02308,Bacoli Boutique Suite #2,Napoli Provincia Vesuviana & Flegrea,Bacoli,Alloggio Turistico / Host Airbnb,info@bacoliboutiquesuite2.it,https://www.bacoliboutiquesuite2.it,+39 334 308 9759,2026-08-17
AIRBNB-02309,Bacoli Panoramic View Home #1,Napoli Provincia Vesuviana & Flegrea,Bacoli,Alloggio Turistico / Host Airbnb,info@bacolipanoramicviewhome1.it,https://www.bacolipanoramicviewhome1.it,+39 334 308 9759,2026-08-17
AIRBNB-02310,Bacoli Panoramic View Home #2,Napoli Provincia Vesuviana & Flegrea,Bacoli,Alloggio Turistico / Host Airbnb,info@bacolipanoramicviewhome2.it,https://www.bacolipanoramicviewhome2.it,+39 334 308 9759,2026-08-17
AIRBNB-02311,Bacoli Charme Loft #1,Napoli Provincia Vesuviana & Flegrea,Bacoli,Alloggio Turistico / Host Airbnb,info@bacolicharmeloft1.it,https://www.bacolicharmeloft1.it,+39 334 308 9759,2026-08-17
AIRBNB-02312,Bacoli Charme Loft #2,Napoli Provincia Vesuviana & Flegrea,Bacoli,Alloggio Turistico / Host Airbnb,info@bacolicharmeloft2.it,https://www.bacolicharmeloft2.it,+39 334 308 9759,2026-08-17
AIRBNB-02313,Bacoli Historic Relais #1,Napoli Provincia Vesuviana & Flegrea,Bacoli,Alloggio Turistico / Host Airbnb,info@bacolihistoricrelais1.it,https://www.bacolihistoricrelais1.it,+39 334 308 9759,2026-08-17
AIRBNB-02314,Bacoli Historic Relais #2,Napoli Provincia Vesuviana & Flegrea,Bacoli,Alloggio Turistico / Host Airbnb,info@bacolihistoricrelais2.it,https://www.bacolihistoricrelais2.it,+39 334 308 9759,2026-08-17
AIRBNB-02315,Bacoli Design Flat #1,Napoli Provincia Vesuviana & Flegrea,Bacoli,Alloggio Turistico / Host Airbnb,info@bacolidesignflat1.it,https://www.bacolidesignflat1.it,+39 334 308 9759,2026-08-17
AIRBNB-02316,Bacoli Design Flat #2,Napoli Provincia Vesuviana & Flegrea,Bacoli,Alloggio Turistico / Host Airbnb,info@bacolidesignflat2.it,https://www.bacolidesignflat2.it,+39 334 308 9759,2026-08-17
AIRBNB-02317,Bacoli Exclusive Penthouse #1,Napoli Provincia Vesuviana & Flegrea,Bacoli,Alloggio Turistico / Host Airbnb,info@bacoliexclusivepenthouse1.it,https://www.bacoliexclusivepenthouse1.it,+39 334 308 9759,2026-08-17
AIRBNB-02318,Bacoli Exclusive Penthouse #2,Napoli Provincia Vesuviana & Flegrea,Bacoli,Alloggio Turistico / Host Airbnb,info@bacoliexclusivepenthouse2.it,https://www.bacoliexclusivepenthouse2.it,+39 334 308 9759,2026-08-17
AIRBNB-02319,Bacoli Holiday Villa #1,Napoli Provincia Vesuviana & Flegrea,Bacoli,Alloggio Turistico / Host Airbnb,info@bacoliholidayvilla1.it,https://www.bacoliholidayvilla1.it,+39 334 308 9759,2026-08-17
AIRBNB-02320,Bacoli Holiday Villa #2,Napoli Provincia Vesuviana & Flegrea,Bacoli,Alloggio Turistico / Host Airbnb,info@bacoliholidayvilla2.it,https://www.bacoliholidayvilla2.it,+39 334 308 9759,2026-08-17
AIRBNB-02321,Bacoli Garden House #1,Napoli Provincia Vesuviana & Flegrea,Bacoli,Alloggio Turistico / Host Airbnb,info@bacoligardenhouse1.it,https://www.bacoligardenhouse1.it,+39 334 308 9759,2026-08-17
AIRBNB-02322,Bacoli Garden House #2,Napoli Provincia Vesuviana & Flegrea,Bacoli,Alloggio Turistico / Host Airbnb,info@bacoligardenhouse2.it,https://www.bacoligardenhouse2.it,+39 334 308 9759,2026-08-17
AIRBNB-02323,Bacoli Maison Elegance #1,Napoli Provincia Vesuviana & Flegrea,Bacoli,Alloggio Turistico / Host Airbnb,info@bacolimaisonelegance1.it,https://www.bacolimaisonelegance1.it,+39 334 308 9759,2026-08-17
AIRBNB-02324,Bacoli Maison Elegance #2,Napoli Provincia Vesuviana & Flegrea,Bacoli,Alloggio Turistico / Host Airbnb,info@bacolimaisonelegance2.it,https://www.bacolimaisonelegance2.it,+39 334 308 9759,2026-08-17
AIRBNB-02325,Bacoli Dimora Tipica #1,Napoli Provincia Vesuviana & Flegrea,Bacoli,Alloggio Turistico / Host Airbnb,info@bacolidimoratipica1.it,https://www.bacolidimoratipica1.it,+39 334 308 9759,2026-08-17
AIRBNB-02326,Bacoli Dimora Tipica #2,Napoli Provincia Vesuviana & Flegrea,Bacoli,Alloggio Turistico / Host Airbnb,info@bacolidimoratipica2.it,https://www.bacolidimoratipica2.it,+39 334 308 9759,2026-08-17
AIRBNB-02327,Bacoli Terrace Studio #1,Napoli Provincia Vesuviana & Flegrea,Bacoli,Alloggio Turistico / Host Airbnb,info@bacoliterracestudio1.it,https://www.bacoliterracestudio1.it,+39 334 308 9759,2026-08-17
AIRBNB-02328,Bacoli Terrace Studio #2,Napoli Provincia Vesuviana & Flegrea,Bacoli,Alloggio Turistico / Host Airbnb,info@bacoliterracestudio2.it,https://www.bacoliterracestudio2.it,+39 334 308 9759,2026-08-17
AIRBNB-02329,Bacoli Vacanze Relax Home #1,Napoli Provincia Vesuviana & Flegrea,Bacoli,Alloggio Turistico / Host Airbnb,info@bacolivacanzerelaxhome1.it,https://www.bacolivacanzerelaxhome1.it,+39 334 308 9759,2026-08-17
AIRBNB-02330,Bacoli Vacanze Relax Home #2,Napoli Provincia Vesuviana & Flegrea,Bacoli,Alloggio Turistico / Host Airbnb,info@bacolivacanzerelaxhome2.it,https://www.bacolivacanzerelaxhome2.it,+39 334 308 9759,2026-08-17
AIRBNB-02331,Bacoli Urban Living Loft #1,Napoli Provincia Vesuviana & Flegrea,Bacoli,Alloggio Turistico / Host Airbnb,info@bacoliurbanlivingloft1.it,https://www.bacoliurbanlivingloft1.it,+39 334 308 9759,2026-08-17
AIRBNB-02332,Bacoli Urban Living Loft #2,Napoli Provincia Vesuviana & Flegrea,Bacoli,Alloggio Turistico / Host Airbnb,info@bacoliurbanlivingloft2.it,https://www.bacoliurbanlivingloft2.it,+39 334 308 9759,2026-08-17
AIRBNB-02333,Bacoli Prestige Suites #1,Napoli Provincia Vesuviana & Flegrea,Bacoli,Alloggio Turistico / Host Airbnb,info@bacoliprestigesuites1.it,https://www.bacoliprestigesuites1.it,+39 334 308 9759,2026-08-17
AIRBNB-02334,Bacoli Prestige Suites #2,Napoli Provincia Vesuviana & Flegrea,Bacoli,Alloggio Turistico / Host Airbnb,info@bacoliprestigesuites2.it,https://www.bacoliprestigesuites2.it,+39 334 308 9759,2026-08-17
AIRBNB-02335,Bacoli Sea View Apartment #1,Napoli Provincia Vesuviana & Flegrea,Bacoli,Alloggio Turistico / Host Airbnb,info@bacoliseaviewapartment1.it,https://www.bacoliseaviewapartment1.it,+39 334 308 9759,2026-08-17
AIRBNB-02336,Bacoli Sea View Apartment #2,Napoli Provincia Vesuviana & Flegrea,Bacoli,Alloggio Turistico / Host Airbnb,info@bacoliseaviewapartment2.it,https://www.bacoliseaviewapartment2.it,+39 334 308 9759,2026-08-17
AIRBNB-02337,Bacoli Art & Style Flat #1,Napoli Provincia Vesuviana & Flegrea,Bacoli,Alloggio Turistico / Host Airbnb,info@bacoliartstyleflat1.it,https://www.bacoliartstyleflat1.it,+39 334 308 9759,2026-08-17
AIRBNB-02338,Bacoli Art & Style Flat #2,Napoli Provincia Vesuviana & Flegrea,Bacoli,Alloggio Turistico / Host Airbnb,info@bacoliartstyleflat2.it,https://www.bacoliartstyleflat2.it,+39 334 308 9759,2026-08-17
AIRBNB-02339,Bacoli Cozy Boutique Home #1,Napoli Provincia Vesuviana & Flegrea,Bacoli,Alloggio Turistico / Host Airbnb,info@bacolicozyboutiquehome1.it,https://www.bacolicozyboutiquehome1.it,+39 334 308 9759,2026-08-17
AIRBNB-02340,Bacoli Cozy Boutique Home #2,Napoli Provincia Vesuviana & Flegrea,Bacoli,Alloggio Turistico / Host Airbnb,info@bacolicozyboutiquehome2.it,https://www.bacolicozyboutiquehome2.it,+39 334 308 9759,2026-08-17
AIRBNB-02341,Portici Luxury Apartment #1,Napoli Provincia Vesuviana & Flegrea,Portici,Alloggio Turistico / Host Airbnb,info@porticiluxuryapartment1.it,https://www.porticiluxuryapartment1.it,+39 334 308 9759,2026-08-17
AIRBNB-02342,Portici Luxury Apartment #2,Napoli Provincia Vesuviana & Flegrea,Portici,Alloggio Turistico / Host Airbnb,info@porticiluxuryapartment2.it,https://www.porticiluxuryapartment2.it,+39 334 308 9759,2026-08-17
AIRBNB-02343,Portici Boutique Suite #1,Napoli Provincia Vesuviana & Flegrea,Portici,Alloggio Turistico / Host Airbnb,info@porticiboutiquesuite1.it,https://www.porticiboutiquesuite1.it,+39 334 308 9759,2026-08-17
AIRBNB-02344,Portici Boutique Suite #2,Napoli Provincia Vesuviana & Flegrea,Portici,Alloggio Turistico / Host Airbnb,info@porticiboutiquesuite2.it,https://www.porticiboutiquesuite2.it,+39 334 308 9759,2026-08-17
AIRBNB-02345,Portici Panoramic View Home #1,Napoli Provincia Vesuviana & Flegrea,Portici,Alloggio Turistico / Host Airbnb,info@porticipanoramicviewhome1.it,https://www.porticipanoramicviewhome1.it,+39 334 308 9759,2026-08-17
AIRBNB-02346,Portici Panoramic View Home #2,Napoli Provincia Vesuviana & Flegrea,Portici,Alloggio Turistico / Host Airbnb,info@porticipanoramicviewhome2.it,https://www.porticipanoramicviewhome2.it,+39 334 308 9759,2026-08-17
AIRBNB-02347,Portici Charme Loft #1,Napoli Provincia Vesuviana & Flegrea,Portici,Alloggio Turistico / Host Airbnb,info@porticicharmeloft1.it,https://www.porticicharmeloft1.it,+39 334 308 9759,2026-08-17
AIRBNB-02348,Portici Charme Loft #2,Napoli Provincia Vesuviana & Flegrea,Portici,Alloggio Turistico / Host Airbnb,info@porticicharmeloft2.it,https://www.porticicharmeloft2.it,+39 334 308 9759,2026-08-17
AIRBNB-02349,Portici Historic Relais #1,Napoli Provincia Vesuviana & Flegrea,Portici,Alloggio Turistico / Host Airbnb,info@porticihistoricrelais1.it,https://www.porticihistoricrelais1.it,+39 334 308 9759,2026-08-17
AIRBNB-02350,Portici Historic Relais #2,Napoli Provincia Vesuviana & Flegrea,Portici,Alloggio Turistico / Host Airbnb,info@porticihistoricrelais2.it,https://www.porticihistoricrelais2.it,+39 334 308 9759,2026-08-17
AIRBNB-02351,Portici Design Flat #1,Napoli Provincia Vesuviana & Flegrea,Portici,Alloggio Turistico / Host Airbnb,info@porticidesignflat1.it,https://www.porticidesignflat1.it,+39 334 308 9759,2026-08-17
AIRBNB-02352,Portici Design Flat #2,Napoli Provincia Vesuviana & Flegrea,Portici,Alloggio Turistico / Host Airbnb,info@porticidesignflat2.it,https://www.porticidesignflat2.it,+39 334 308 9759,2026-08-17
AIRBNB-02353,Portici Exclusive Penthouse #1,Napoli Provincia Vesuviana & Flegrea,Portici,Alloggio Turistico / Host Airbnb,info@porticiexclusivepenthouse1.it,https://www.porticiexclusivepenthouse1.it,+39 334 308 9759,2026-08-17
AIRBNB-02354,Portici Exclusive Penthouse #2,Napoli Provincia Vesuviana & Flegrea,Portici,Alloggio Turistico / Host Airbnb,info@porticiexclusivepenthouse2.it,https://www.porticiexclusivepenthouse2.it,+39 334 308 9759,2026-08-17
AIRBNB-02355,Portici Holiday Villa #1,Napoli Provincia Vesuviana & Flegrea,Portici,Alloggio Turistico / Host Airbnb,info@porticiholidayvilla1.it,https://www.porticiholidayvilla1.it,+39 334 308 9759,2026-08-17
AIRBNB-02356,Portici Holiday Villa #2,Napoli Provincia Vesuviana & Flegrea,Portici,Alloggio Turistico / Host Airbnb,info@porticiholidayvilla2.it,https://www.porticiholidayvilla2.it,+39 334 308 9759,2026-08-17
AIRBNB-02357,Portici Garden House #1,Napoli Provincia Vesuviana & Flegrea,Portici,Alloggio Turistico / Host Airbnb,info@porticigardenhouse1.it,https://www.porticigardenhouse1.it,+39 334 308 9759,2026-08-17
AIRBNB-02358,Portici Garden House #2,Napoli Provincia Vesuviana & Flegrea,Portici,Alloggio Turistico / Host Airbnb,info@porticigardenhouse2.it,https://www.porticigardenhouse2.it,+39 334 308 9759,2026-08-17
AIRBNB-02359,Portici Maison Elegance #1,Napoli Provincia Vesuviana & Flegrea,Portici,Alloggio Turistico / Host Airbnb,info@porticimaisonelegance1.it,https://www.porticimaisonelegance1.it,+39 334 308 9759,2026-08-17
AIRBNB-02360,Portici Maison Elegance #2,Napoli Provincia Vesuviana & Flegrea,Portici,Alloggio Turistico / Host Airbnb,info@porticimaisonelegance2.it,https://www.porticimaisonelegance2.it,+39 334 308 9759,2026-08-17
AIRBNB-02361,Portici Dimora Tipica #1,Napoli Provincia Vesuviana & Flegrea,Portici,Alloggio Turistico / Host Airbnb,info@porticidimoratipica1.it,https://www.porticidimoratipica1.it,+39 334 308 9759,2026-08-17
AIRBNB-02362,Portici Dimora Tipica #2,Napoli Provincia Vesuviana & Flegrea,Portici,Alloggio Turistico / Host Airbnb,info@porticidimoratipica2.it,https://www.porticidimoratipica2.it,+39 334 308 9759,2026-08-17
AIRBNB-02363,Portici Terrace Studio #1,Napoli Provincia Vesuviana & Flegrea,Portici,Alloggio Turistico / Host Airbnb,info@porticiterracestudio1.it,https://www.porticiterracestudio1.it,+39 334 308 9759,2026-08-17
AIRBNB-02364,Portici Terrace Studio #2,Napoli Provincia Vesuviana & Flegrea,Portici,Alloggio Turistico / Host Airbnb,info@porticiterracestudio2.it,https://www.porticiterracestudio2.it,+39 334 308 9759,2026-08-17
AIRBNB-02365,Portici Vacanze Relax Home #1,Napoli Provincia Vesuviana & Flegrea,Portici,Alloggio Turistico / Host Airbnb,info@porticivacanzerelaxhome1.it,https://www.porticivacanzerelaxhome1.it,+39 334 308 9759,2026-08-17
AIRBNB-02366,Portici Vacanze Relax Home #2,Napoli Provincia Vesuviana & Flegrea,Portici,Alloggio Turistico / Host Airbnb,info@porticivacanzerelaxhome2.it,https://www.porticivacanzerelaxhome2.it,+39 334 308 9759,2026-08-17
AIRBNB-02367,Portici Urban Living Loft #1,Napoli Provincia Vesuviana & Flegrea,Portici,Alloggio Turistico / Host Airbnb,info@porticiurbanlivingloft1.it,https://www.porticiurbanlivingloft1.it,+39 334 308 9759,2026-08-17
AIRBNB-02368,Portici Urban Living Loft #2,Napoli Provincia Vesuviana & Flegrea,Portici,Alloggio Turistico / Host Airbnb,info@porticiurbanlivingloft2.it,https://www.porticiurbanlivingloft2.it,+39 334 308 9759,2026-08-17
AIRBNB-02369,Portici Prestige Suites #1,Napoli Provincia Vesuviana & Flegrea,Portici,Alloggio Turistico / Host Airbnb,info@porticiprestigesuites1.it,https://www.porticiprestigesuites1.it,+39 334 308 9759,2026-08-17
AIRBNB-02370,Portici Prestige Suites #2,Napoli Provincia Vesuviana & Flegrea,Portici,Alloggio Turistico / Host Airbnb,info@porticiprestigesuites2.it,https://www.porticiprestigesuites2.it,+39 334 308 9759,2026-08-17
AIRBNB-02371,Portici Sea View Apartment #1,Napoli Provincia Vesuviana & Flegrea,Portici,Alloggio Turistico / Host Airbnb,info@porticiseaviewapartment1.it,https://www.porticiseaviewapartment1.it,+39 334 308 9759,2026-08-17
AIRBNB-02372,Portici Sea View Apartment #2,Napoli Provincia Vesuviana & Flegrea,Portici,Alloggio Turistico / Host Airbnb,info@porticiseaviewapartment2.it,https://www.porticiseaviewapartment2.it,+39 334 308 9759,2026-08-17
AIRBNB-02373,Portici Art & Style Flat #1,Napoli Provincia Vesuviana & Flegrea,Portici,Alloggio Turistico / Host Airbnb,info@porticiartstyleflat1.it,https://www.porticiartstyleflat1.it,+39 334 308 9759,2026-08-17
AIRBNB-02374,Portici Art & Style Flat #2,Napoli Provincia Vesuviana & Flegrea,Portici,Alloggio Turistico / Host Airbnb,info@porticiartstyleflat2.it,https://www.porticiartstyleflat2.it,+39 334 308 9759,2026-08-17
AIRBNB-02375,Portici Cozy Boutique Home #1,Napoli Provincia Vesuviana & Flegrea,Portici,Alloggio Turistico / Host Airbnb,info@porticicozyboutiquehome1.it,https://www.porticicozyboutiquehome1.it,+39 334 308 9759,2026-08-17
AIRBNB-02376,Portici Cozy Boutique Home #2,Napoli Provincia Vesuviana & Flegrea,Portici,Alloggio Turistico / Host Airbnb,info@porticicozyboutiquehome2.it,https://www.porticicozyboutiquehome2.it,+39 334 308 9759,2026-08-17
AIRBNB-02377,Duomo Luxury Apartment #1,Firenze Centro Storico,Duomo,Alloggio Turistico / Host Airbnb,info@duomoluxuryapartment1.it,https://www.duomoluxuryapartment1.it,+39 334 308 9759,2026-08-17
AIRBNB-02378,Duomo Luxury Apartment #2,Firenze Centro Storico,Duomo,Alloggio Turistico / Host Airbnb,info@duomoluxuryapartment2.it,https://www.duomoluxuryapartment2.it,+39 334 308 9759,2026-08-17
AIRBNB-02379,Duomo Boutique Suite #1,Firenze Centro Storico,Duomo,Alloggio Turistico / Host Airbnb,info@duomoboutiquesuite1.it,https://www.duomoboutiquesuite1.it,+39 334 308 9759,2026-08-17
AIRBNB-02380,Duomo Boutique Suite #2,Firenze Centro Storico,Duomo,Alloggio Turistico / Host Airbnb,info@duomoboutiquesuite2.it,https://www.duomoboutiquesuite2.it,+39 334 308 9759,2026-08-17
AIRBNB-02381,Duomo Panoramic View Home #1,Firenze Centro Storico,Duomo,Alloggio Turistico / Host Airbnb,info@duomopanoramicviewhome1.it,https://www.duomopanoramicviewhome1.it,+39 334 308 9759,2026-08-17
AIRBNB-02382,Duomo Panoramic View Home #2,Firenze Centro Storico,Duomo,Alloggio Turistico / Host Airbnb,info@duomopanoramicviewhome2.it,https://www.duomopanoramicviewhome2.it,+39 334 308 9759,2026-08-17
AIRBNB-02383,Duomo Charme Loft #1,Firenze Centro Storico,Duomo,Alloggio Turistico / Host Airbnb,info@duomocharmeloft1.it,https://www.duomocharmeloft1.it,+39 334 308 9759,2026-08-17
AIRBNB-02384,Duomo Charme Loft #2,Firenze Centro Storico,Duomo,Alloggio Turistico / Host Airbnb,info@duomocharmeloft2.it,https://www.duomocharmeloft2.it,+39 334 308 9759,2026-08-17
AIRBNB-02385,Duomo Historic Relais #1,Firenze Centro Storico,Duomo,Alloggio Turistico / Host Airbnb,info@duomohistoricrelais1.it,https://www.duomohistoricrelais1.it,+39 334 308 9759,2026-08-17
AIRBNB-02386,Duomo Historic Relais #2,Firenze Centro Storico,Duomo,Alloggio Turistico / Host Airbnb,info@duomohistoricrelais2.it,https://www.duomohistoricrelais2.it,+39 334 308 9759,2026-08-17
AIRBNB-02387,Duomo Design Flat #1,Firenze Centro Storico,Duomo,Alloggio Turistico / Host Airbnb,info@duomodesignflat1.it,https://www.duomodesignflat1.it,+39 334 308 9759,2026-08-17
AIRBNB-02388,Duomo Design Flat #2,Firenze Centro Storico,Duomo,Alloggio Turistico / Host Airbnb,info@duomodesignflat2.it,https://www.duomodesignflat2.it,+39 334 308 9759,2026-08-17
AIRBNB-02389,Duomo Exclusive Penthouse #1,Firenze Centro Storico,Duomo,Alloggio Turistico / Host Airbnb,info@duomoexclusivepenthouse1.it,https://www.duomoexclusivepenthouse1.it,+39 334 308 9759,2026-08-17
AIRBNB-02390,Duomo Exclusive Penthouse #2,Firenze Centro Storico,Duomo,Alloggio Turistico / Host Airbnb,info@duomoexclusivepenthouse2.it,https://www.duomoexclusivepenthouse2.it,+39 334 308 9759,2026-08-17
AIRBNB-02391,Duomo Holiday Villa #1,Firenze Centro Storico,Duomo,Alloggio Turistico / Host Airbnb,info@duomoholidayvilla1.it,https://www.duomoholidayvilla1.it,+39 334 308 9759,2026-08-17
AIRBNB-02392,Duomo Holiday Villa #2,Firenze Centro Storico,Duomo,Alloggio Turistico / Host Airbnb,info@duomoholidayvilla2.it,https://www.duomoholidayvilla2.it,+39 334 308 9759,2026-08-17
AIRBNB-02393,Duomo Garden House #1,Firenze Centro Storico,Duomo,Alloggio Turistico / Host Airbnb,info@duomogardenhouse1.it,https://www.duomogardenhouse1.it,+39 334 308 9759,2026-08-17
AIRBNB-02394,Duomo Garden House #2,Firenze Centro Storico,Duomo,Alloggio Turistico / Host Airbnb,info@duomogardenhouse2.it,https://www.duomogardenhouse2.it,+39 334 308 9759,2026-08-17
AIRBNB-02395,Duomo Maison Elegance #1,Firenze Centro Storico,Duomo,Alloggio Turistico / Host Airbnb,info@duomomaisonelegance1.it,https://www.duomomaisonelegance1.it,+39 334 308 9759,2026-08-17
AIRBNB-02396,Duomo Maison Elegance #2,Firenze Centro Storico,Duomo,Alloggio Turistico / Host Airbnb,info@duomomaisonelegance2.it,https://www.duomomaisonelegance2.it,+39 334 308 9759,2026-08-17
AIRBNB-02397,Duomo Dimora Tipica #1,Firenze Centro Storico,Duomo,Alloggio Turistico / Host Airbnb,info@duomodimoratipica1.it,https://www.duomodimoratipica1.it,+39 334 308 9759,2026-08-17
AIRBNB-02398,Duomo Dimora Tipica #2,Firenze Centro Storico,Duomo,Alloggio Turistico / Host Airbnb,info@duomodimoratipica2.it,https://www.duomodimoratipica2.it,+39 334 308 9759,2026-08-17
AIRBNB-02399,Duomo Terrace Studio #1,Firenze Centro Storico,Duomo,Alloggio Turistico / Host Airbnb,info@duomoterracestudio1.it,https://www.duomoterracestudio1.it,+39 334 308 9759,2026-08-17
AIRBNB-02400,Duomo Terrace Studio #2,Firenze Centro Storico,Duomo,Alloggio Turistico / Host Airbnb,info@duomoterracestudio2.it,https://www.duomoterracestudio2.it,+39 334 308 9759,2026-08-17
AIRBNB-02401,Duomo Vacanze Relax Home #1,Firenze Centro Storico,Duomo,Alloggio Turistico / Host Airbnb,info@duomovacanzerelaxhome1.it,https://www.duomovacanzerelaxhome1.it,+39 334 308 9759,2026-08-17
AIRBNB-02402,Duomo Vacanze Relax Home #2,Firenze Centro Storico,Duomo,Alloggio Turistico / Host Airbnb,info@duomovacanzerelaxhome2.it,https://www.duomovacanzerelaxhome2.it,+39 334 308 9759,2026-08-17
AIRBNB-02403,Duomo Urban Living Loft #1,Firenze Centro Storico,Duomo,Alloggio Turistico / Host Airbnb,info@duomourbanlivingloft1.it,https://www.duomourbanlivingloft1.it,+39 334 308 9759,2026-08-17
AIRBNB-02404,Duomo Urban Living Loft #2,Firenze Centro Storico,Duomo,Alloggio Turistico / Host Airbnb,info@duomourbanlivingloft2.it,https://www.duomourbanlivingloft2.it,+39 334 308 9759,2026-08-17
AIRBNB-02405,Duomo Prestige Suites #1,Firenze Centro Storico,Duomo,Alloggio Turistico / Host Airbnb,info@duomoprestigesuites1.it,https://www.duomoprestigesuites1.it,+39 334 308 9759,2026-08-17
AIRBNB-02406,Duomo Prestige Suites #2,Firenze Centro Storico,Duomo,Alloggio Turistico / Host Airbnb,info@duomoprestigesuites2.it,https://www.duomoprestigesuites2.it,+39 334 308 9759,2026-08-17
AIRBNB-02407,Duomo Sea View Apartment #1,Firenze Centro Storico,Duomo,Alloggio Turistico / Host Airbnb,info@duomoseaviewapartment1.it,https://www.duomoseaviewapartment1.it,+39 334 308 9759,2026-08-17
AIRBNB-02408,Duomo Sea View Apartment #2,Firenze Centro Storico,Duomo,Alloggio Turistico / Host Airbnb,info@duomoseaviewapartment2.it,https://www.duomoseaviewapartment2.it,+39 334 308 9759,2026-08-17
AIRBNB-02409,Duomo Art & Style Flat #1,Firenze Centro Storico,Duomo,Alloggio Turistico / Host Airbnb,info@duomoartstyleflat1.it,https://www.duomoartstyleflat1.it,+39 334 308 9759,2026-08-17
AIRBNB-02410,Duomo Art & Style Flat #2,Firenze Centro Storico,Duomo,Alloggio Turistico / Host Airbnb,info@duomoartstyleflat2.it,https://www.duomoartstyleflat2.it,+39 334 308 9759,2026-08-17
AIRBNB-02411,Duomo Cozy Boutique Home #1,Firenze Centro Storico,Duomo,Alloggio Turistico / Host Airbnb,info@duomocozyboutiquehome1.it,https://www.duomocozyboutiquehome1.it,+39 334 308 9759,2026-08-17
AIRBNB-02412,Duomo Cozy Boutique Home #2,Firenze Centro Storico,Duomo,Alloggio Turistico / Host Airbnb,info@duomocozyboutiquehome2.it,https://www.duomocozyboutiquehome2.it,+39 334 308 9759,2026-08-17
AIRBNB-02413,Ponte Vecchio Luxury Apartment #1,Firenze Centro Storico,Ponte Vecchio,Alloggio Turistico / Host Airbnb,info@pontevecchioluxuryapartment1.it,https://www.pontevecchioluxuryapartment1.it,+39 334 308 9759,2026-08-17
AIRBNB-02414,Ponte Vecchio Luxury Apartment #2,Firenze Centro Storico,Ponte Vecchio,Alloggio Turistico / Host Airbnb,info@pontevecchioluxuryapartment2.it,https://www.pontevecchioluxuryapartment2.it,+39 334 308 9759,2026-08-17
AIRBNB-02415,Ponte Vecchio Boutique Suite #1,Firenze Centro Storico,Ponte Vecchio,Alloggio Turistico / Host Airbnb,info@pontevecchioboutiquesuite1.it,https://www.pontevecchioboutiquesuite1.it,+39 334 308 9759,2026-08-17
AIRBNB-02416,Ponte Vecchio Boutique Suite #2,Firenze Centro Storico,Ponte Vecchio,Alloggio Turistico / Host Airbnb,info@pontevecchioboutiquesuite2.it,https://www.pontevecchioboutiquesuite2.it,+39 334 308 9759,2026-08-17
AIRBNB-02417,Ponte Vecchio Panoramic View Home #1,Firenze Centro Storico,Ponte Vecchio,Alloggio Turistico / Host Airbnb,info@pontevecchiopanoramicviewhome1.it,https://www.pontevecchiopanoramicviewhome1.it,+39 334 308 9759,2026-08-17
AIRBNB-02418,Ponte Vecchio Panoramic View Home #2,Firenze Centro Storico,Ponte Vecchio,Alloggio Turistico / Host Airbnb,info@pontevecchiopanoramicviewhome2.it,https://www.pontevecchiopanoramicviewhome2.it,+39 334 308 9759,2026-08-17
AIRBNB-02419,Ponte Vecchio Charme Loft #1,Firenze Centro Storico,Ponte Vecchio,Alloggio Turistico / Host Airbnb,info@pontevecchiocharmeloft1.it,https://www.pontevecchiocharmeloft1.it,+39 334 308 9759,2026-08-17
AIRBNB-02420,Ponte Vecchio Charme Loft #2,Firenze Centro Storico,Ponte Vecchio,Alloggio Turistico / Host Airbnb,info@pontevecchiocharmeloft2.it,https://www.pontevecchiocharmeloft2.it,+39 334 308 9759,2026-08-17
AIRBNB-02421,Ponte Vecchio Historic Relais #1,Firenze Centro Storico,Ponte Vecchio,Alloggio Turistico / Host Airbnb,info@pontevecchiohistoricrelais1.it,https://www.pontevecchiohistoricrelais1.it,+39 334 308 9759,2026-08-17
AIRBNB-02422,Ponte Vecchio Historic Relais #2,Firenze Centro Storico,Ponte Vecchio,Alloggio Turistico / Host Airbnb,info@pontevecchiohistoricrelais2.it,https://www.pontevecchiohistoricrelais2.it,+39 334 308 9759,2026-08-17
AIRBNB-02423,Ponte Vecchio Design Flat #1,Firenze Centro Storico,Ponte Vecchio,Alloggio Turistico / Host Airbnb,info@pontevecchiodesignflat1.it,https://www.pontevecchiodesignflat1.it,+39 334 308 9759,2026-08-17
AIRBNB-02424,Ponte Vecchio Design Flat #2,Firenze Centro Storico,Ponte Vecchio,Alloggio Turistico / Host Airbnb,info@pontevecchiodesignflat2.it,https://www.pontevecchiodesignflat2.it,+39 334 308 9759,2026-08-17
AIRBNB-02425,Ponte Vecchio Exclusive Penthouse #1,Firenze Centro Storico,Ponte Vecchio,Alloggio Turistico / Host Airbnb,info@pontevecchioexclusivepenthouse1.it,https://www.pontevecchioexclusivepenthouse1.it,+39 334 308 9759,2026-08-17
AIRBNB-02426,Ponte Vecchio Exclusive Penthouse #2,Firenze Centro Storico,Ponte Vecchio,Alloggio Turistico / Host Airbnb,info@pontevecchioexclusivepenthouse2.it,https://www.pontevecchioexclusivepenthouse2.it,+39 334 308 9759,2026-08-17
AIRBNB-02427,Ponte Vecchio Holiday Villa #1,Firenze Centro Storico,Ponte Vecchio,Alloggio Turistico / Host Airbnb,info@pontevecchioholidayvilla1.it,https://www.pontevecchioholidayvilla1.it,+39 334 308 9759,2026-08-17
AIRBNB-02428,Ponte Vecchio Holiday Villa #2,Firenze Centro Storico,Ponte Vecchio,Alloggio Turistico / Host Airbnb,info@pontevecchioholidayvilla2.it,https://www.pontevecchioholidayvilla2.it,+39 334 308 9759,2026-08-17
AIRBNB-02429,Ponte Vecchio Garden House #1,Firenze Centro Storico,Ponte Vecchio,Alloggio Turistico / Host Airbnb,info@pontevecchiogardenhouse1.it,https://www.pontevecchiogardenhouse1.it,+39 334 308 9759,2026-08-17
AIRBNB-02430,Ponte Vecchio Garden House #2,Firenze Centro Storico,Ponte Vecchio,Alloggio Turistico / Host Airbnb,info@pontevecchiogardenhouse2.it,https://www.pontevecchiogardenhouse2.it,+39 334 308 9759,2026-08-17
AIRBNB-02431,Ponte Vecchio Maison Elegance #1,Firenze Centro Storico,Ponte Vecchio,Alloggio Turistico / Host Airbnb,info@pontevecchiomaisonelegance1.it,https://www.pontevecchiomaisonelegance1.it,+39 334 308 9759,2026-08-17
AIRBNB-02432,Ponte Vecchio Maison Elegance #2,Firenze Centro Storico,Ponte Vecchio,Alloggio Turistico / Host Airbnb,info@pontevecchiomaisonelegance2.it,https://www.pontevecchiomaisonelegance2.it,+39 334 308 9759,2026-08-17
AIRBNB-02433,Ponte Vecchio Dimora Tipica #1,Firenze Centro Storico,Ponte Vecchio,Alloggio Turistico / Host Airbnb,info@pontevecchiodimoratipica1.it,https://www.pontevecchiodimoratipica1.it,+39 334 308 9759,2026-08-17
AIRBNB-02434,Ponte Vecchio Dimora Tipica #2,Firenze Centro Storico,Ponte Vecchio,Alloggio Turistico / Host Airbnb,info@pontevecchiodimoratipica2.it,https://www.pontevecchiodimoratipica2.it,+39 334 308 9759,2026-08-17
AIRBNB-02435,Ponte Vecchio Terrace Studio #1,Firenze Centro Storico,Ponte Vecchio,Alloggio Turistico / Host Airbnb,info@pontevecchioterracestudio1.it,https://www.pontevecchioterracestudio1.it,+39 334 308 9759,2026-08-17
AIRBNB-02436,Ponte Vecchio Terrace Studio #2,Firenze Centro Storico,Ponte Vecchio,Alloggio Turistico / Host Airbnb,info@pontevecchioterracestudio2.it,https://www.pontevecchioterracestudio2.it,+39 334 308 9759,2026-08-17
AIRBNB-02437,Ponte Vecchio Vacanze Relax Home #1,Firenze Centro Storico,Ponte Vecchio,Alloggio Turistico / Host Airbnb,info@pontevecchiovacanzerelaxhome1.it,https://www.pontevecchiovacanzerelaxhome1.it,+39 334 308 9759,2026-08-17
AIRBNB-02438,Ponte Vecchio Vacanze Relax Home #2,Firenze Centro Storico,Ponte Vecchio,Alloggio Turistico / Host Airbnb,info@pontevecchiovacanzerelaxhome2.it,https://www.pontevecchiovacanzerelaxhome2.it,+39 334 308 9759,2026-08-17
AIRBNB-02439,Ponte Vecchio Urban Living Loft #1,Firenze Centro Storico,Ponte Vecchio,Alloggio Turistico / Host Airbnb,info@pontevecchiourbanlivingloft1.it,https://www.pontevecchiourbanlivingloft1.it,+39 334 308 9759,2026-08-17
AIRBNB-02440,Ponte Vecchio Urban Living Loft #2,Firenze Centro Storico,Ponte Vecchio,Alloggio Turistico / Host Airbnb,info@pontevecchiourbanlivingloft2.it,https://www.pontevecchiourbanlivingloft2.it,+39 334 308 9759,2026-08-17
AIRBNB-02441,Ponte Vecchio Prestige Suites #1,Firenze Centro Storico,Ponte Vecchio,Alloggio Turistico / Host Airbnb,info@pontevecchioprestigesuites1.it,https://www.pontevecchioprestigesuites1.it,+39 334 308 9759,2026-08-17
AIRBNB-02442,Ponte Vecchio Prestige Suites #2,Firenze Centro Storico,Ponte Vecchio,Alloggio Turistico / Host Airbnb,info@pontevecchioprestigesuites2.it,https://www.pontevecchioprestigesuites2.it,+39 334 308 9759,2026-08-17
AIRBNB-02443,Ponte Vecchio Sea View Apartment #1,Firenze Centro Storico,Ponte Vecchio,Alloggio Turistico / Host Airbnb,info@pontevecchioseaviewapartment1.it,https://www.pontevecchioseaviewapartment1.it,+39 334 308 9759,2026-08-17
AIRBNB-02444,Ponte Vecchio Sea View Apartment #2,Firenze Centro Storico,Ponte Vecchio,Alloggio Turistico / Host Airbnb,info@pontevecchioseaviewapartment2.it,https://www.pontevecchioseaviewapartment2.it,+39 334 308 9759,2026-08-17
AIRBNB-02445,Ponte Vecchio Art & Style Flat #1,Firenze Centro Storico,Ponte Vecchio,Alloggio Turistico / Host Airbnb,info@pontevecchioartstyleflat1.it,https://www.pontevecchioartstyleflat1.it,+39 334 308 9759,2026-08-17
AIRBNB-02446,Ponte Vecchio Art & Style Flat #2,Firenze Centro Storico,Ponte Vecchio,Alloggio Turistico / Host Airbnb,info@pontevecchioartstyleflat2.it,https://www.pontevecchioartstyleflat2.it,+39 334 308 9759,2026-08-17
AIRBNB-02447,Ponte Vecchio Cozy Boutique Home #1,Firenze Centro Storico,Ponte Vecchio,Alloggio Turistico / Host Airbnb,info@pontevecchiocozyboutiquehome1.it,https://www.pontevecchiocozyboutiquehome1.it,+39 334 308 9759,2026-08-17
AIRBNB-02448,Ponte Vecchio Cozy Boutique Home #2,Firenze Centro Storico,Ponte Vecchio,Alloggio Turistico / Host Airbnb,info@pontevecchiocozyboutiquehome2.it,https://www.pontevecchiocozyboutiquehome2.it,+39 334 308 9759,2026-08-17
AIRBNB-02449,Santa Croce Luxury Apartment #1,Firenze Centro Storico,Santa Croce,Alloggio Turistico / Host Airbnb,info@santacroceluxuryapartment1.it,https://www.santacroceluxuryapartment1.it,+39 334 308 9759,2026-08-17
AIRBNB-02450,Santa Croce Luxury Apartment #2,Firenze Centro Storico,Santa Croce,Alloggio Turistico / Host Airbnb,info@santacroceluxuryapartment2.it,https://www.santacroceluxuryapartment2.it,+39 334 308 9759,2026-08-17
AIRBNB-02451,Santa Croce Boutique Suite #1,Firenze Centro Storico,Santa Croce,Alloggio Turistico / Host Airbnb,info@santacroceboutiquesuite1.it,https://www.santacroceboutiquesuite1.it,+39 334 308 9759,2026-08-17
AIRBNB-02452,Santa Croce Boutique Suite #2,Firenze Centro Storico,Santa Croce,Alloggio Turistico / Host Airbnb,info@santacroceboutiquesuite2.it,https://www.santacroceboutiquesuite2.it,+39 334 308 9759,2026-08-17
AIRBNB-02453,Santa Croce Panoramic View Home #1,Firenze Centro Storico,Santa Croce,Alloggio Turistico / Host Airbnb,info@santacrocepanoramicviewhome1.it,https://www.santacrocepanoramicviewhome1.it,+39 334 308 9759,2026-08-17
AIRBNB-02454,Santa Croce Panoramic View Home #2,Firenze Centro Storico,Santa Croce,Alloggio Turistico / Host Airbnb,info@santacrocepanoramicviewhome2.it,https://www.santacrocepanoramicviewhome2.it,+39 334 308 9759,2026-08-17
AIRBNB-02455,Santa Croce Charme Loft #1,Firenze Centro Storico,Santa Croce,Alloggio Turistico / Host Airbnb,info@santacrocecharmeloft1.it,https://www.santacrocecharmeloft1.it,+39 334 308 9759,2026-08-17
AIRBNB-02456,Santa Croce Charme Loft #2,Firenze Centro Storico,Santa Croce,Alloggio Turistico / Host Airbnb,info@santacrocecharmeloft2.it,https://www.santacrocecharmeloft2.it,+39 334 308 9759,2026-08-17
AIRBNB-02457,Santa Croce Historic Relais #1,Firenze Centro Storico,Santa Croce,Alloggio Turistico / Host Airbnb,info@santacrocehistoricrelais1.it,https://www.santacrocehistoricrelais1.it,+39 334 308 9759,2026-08-17
AIRBNB-02458,Santa Croce Historic Relais #2,Firenze Centro Storico,Santa Croce,Alloggio Turistico / Host Airbnb,info@santacrocehistoricrelais2.it,https://www.santacrocehistoricrelais2.it,+39 334 308 9759,2026-08-17
AIRBNB-02459,Santa Croce Design Flat #1,Firenze Centro Storico,Santa Croce,Alloggio Turistico / Host Airbnb,info@santacrocedesignflat1.it,https://www.santacrocedesignflat1.it,+39 334 308 9759,2026-08-17
AIRBNB-02460,Santa Croce Design Flat #2,Firenze Centro Storico,Santa Croce,Alloggio Turistico / Host Airbnb,info@santacrocedesignflat2.it,https://www.santacrocedesignflat2.it,+39 334 308 9759,2026-08-17
AIRBNB-02461,Santa Croce Exclusive Penthouse #1,Firenze Centro Storico,Santa Croce,Alloggio Turistico / Host Airbnb,info@santacroceexclusivepenthouse1.it,https://www.santacroceexclusivepenthouse1.it,+39 334 308 9759,2026-08-17
AIRBNB-02462,Santa Croce Exclusive Penthouse #2,Firenze Centro Storico,Santa Croce,Alloggio Turistico / Host Airbnb,info@santacroceexclusivepenthouse2.it,https://www.santacroceexclusivepenthouse2.it,+39 334 308 9759,2026-08-17
AIRBNB-02463,Santa Croce Holiday Villa #1,Firenze Centro Storico,Santa Croce,Alloggio Turistico / Host Airbnb,info@santacroceholidayvilla1.it,https://www.santacroceholidayvilla1.it,+39 334 308 9759,2026-08-17
AIRBNB-02464,Santa Croce Holiday Villa #2,Firenze Centro Storico,Santa Croce,Alloggio Turistico / Host Airbnb,info@santacroceholidayvilla2.it,https://www.santacroceholidayvilla2.it,+39 334 308 9759,2026-08-17
AIRBNB-02465,Santa Croce Garden House #1,Firenze Centro Storico,Santa Croce,Alloggio Turistico / Host Airbnb,info@santacrocegardenhouse1.it,https://www.santacrocegardenhouse1.it,+39 334 308 9759,2026-08-17
AIRBNB-02466,Santa Croce Garden House #2,Firenze Centro Storico,Santa Croce,Alloggio Turistico / Host Airbnb,info@santacrocegardenhouse2.it,https://www.santacrocegardenhouse2.it,+39 334 308 9759,2026-08-17
AIRBNB-02467,Santa Croce Maison Elegance #1,Firenze Centro Storico,Santa Croce,Alloggio Turistico / Host Airbnb,info@santacrocemaisonelegance1.it,https://www.santacrocemaisonelegance1.it,+39 334 308 9759,2026-08-17
AIRBNB-02468,Santa Croce Maison Elegance #2,Firenze Centro Storico,Santa Croce,Alloggio Turistico / Host Airbnb,info@santacrocemaisonelegance2.it,https://www.santacrocemaisonelegance2.it,+39 334 308 9759,2026-08-17
AIRBNB-02469,Santa Croce Dimora Tipica #1,Firenze Centro Storico,Santa Croce,Alloggio Turistico / Host Airbnb,info@santacrocedimoratipica1.it,https://www.santacrocedimoratipica1.it,+39 334 308 9759,2026-08-17
AIRBNB-02470,Santa Croce Dimora Tipica #2,Firenze Centro Storico,Santa Croce,Alloggio Turistico / Host Airbnb,info@santacrocedimoratipica2.it,https://www.santacrocedimoratipica2.it,+39 334 308 9759,2026-08-17
AIRBNB-02471,Santa Croce Terrace Studio #1,Firenze Centro Storico,Santa Croce,Alloggio Turistico / Host Airbnb,info@santacroceterracestudio1.it,https://www.santacroceterracestudio1.it,+39 334 308 9759,2026-08-17
AIRBNB-02472,Santa Croce Terrace Studio #2,Firenze Centro Storico,Santa Croce,Alloggio Turistico / Host Airbnb,info@santacroceterracestudio2.it,https://www.santacroceterracestudio2.it,+39 334 308 9759,2026-08-17
AIRBNB-02473,Santa Croce Vacanze Relax Home #1,Firenze Centro Storico,Santa Croce,Alloggio Turistico / Host Airbnb,info@santacrocevacanzerelaxhome1.it,https://www.santacrocevacanzerelaxhome1.it,+39 334 308 9759,2026-08-17
AIRBNB-02474,Santa Croce Vacanze Relax Home #2,Firenze Centro Storico,Santa Croce,Alloggio Turistico / Host Airbnb,info@santacrocevacanzerelaxhome2.it,https://www.santacrocevacanzerelaxhome2.it,+39 334 308 9759,2026-08-17
AIRBNB-02475,Santa Croce Urban Living Loft #1,Firenze Centro Storico,Santa Croce,Alloggio Turistico / Host Airbnb,info@santacroceurbanlivingloft1.it,https://www.santacroceurbanlivingloft1.it,+39 334 308 9759,2026-08-17
AIRBNB-02476,Santa Croce Urban Living Loft #2,Firenze Centro Storico,Santa Croce,Alloggio Turistico / Host Airbnb,info@santacroceurbanlivingloft2.it,https://www.santacroceurbanlivingloft2.it,+39 334 308 9759,2026-08-17
AIRBNB-02477,Santa Croce Prestige Suites #1,Firenze Centro Storico,Santa Croce,Alloggio Turistico / Host Airbnb,info@santacroceprestigesuites1.it,https://www.santacroceprestigesuites1.it,+39 334 308 9759,2026-08-17
AIRBNB-02478,Santa Croce Prestige Suites #2,Firenze Centro Storico,Santa Croce,Alloggio Turistico / Host Airbnb,info@santacroceprestigesuites2.it,https://www.santacroceprestigesuites2.it,+39 334 308 9759,2026-08-17
AIRBNB-02479,Santa Croce Sea View Apartment #1,Firenze Centro Storico,Santa Croce,Alloggio Turistico / Host Airbnb,info@santacroceseaviewapartment1.it,https://www.santacroceseaviewapartment1.it,+39 334 308 9759,2026-08-17
AIRBNB-02480,Santa Croce Sea View Apartment #2,Firenze Centro Storico,Santa Croce,Alloggio Turistico / Host Airbnb,info@santacroceseaviewapartment2.it,https://www.santacroceseaviewapartment2.it,+39 334 308 9759,2026-08-17
AIRBNB-02481,Santa Croce Art & Style Flat #1,Firenze Centro Storico,Santa Croce,Alloggio Turistico / Host Airbnb,info@santacroceartstyleflat1.it,https://www.santacroceartstyleflat1.it,+39 334 308 9759,2026-08-17
AIRBNB-02482,Santa Croce Art & Style Flat #2,Firenze Centro Storico,Santa Croce,Alloggio Turistico / Host Airbnb,info@santacroceartstyleflat2.it,https://www.santacroceartstyleflat2.it,+39 334 308 9759,2026-08-17
AIRBNB-02483,Santa Croce Cozy Boutique Home #1,Firenze Centro Storico,Santa Croce,Alloggio Turistico / Host Airbnb,info@santacrocecozyboutiquehome1.it,https://www.santacrocecozyboutiquehome1.it,+39 334 308 9759,2026-08-17
AIRBNB-02484,Santa Croce Cozy Boutique Home #2,Firenze Centro Storico,Santa Croce,Alloggio Turistico / Host Airbnb,info@santacrocecozyboutiquehome2.it,https://www.santacrocecozyboutiquehome2.it,+39 334 308 9759,2026-08-17
AIRBNB-02485,Santa Maria Novella Luxury Apartment #1,Firenze Centro Storico,Santa Maria Novella,Alloggio Turistico / Host Airbnb,info@santamarianovellaluxuryapartment1.it,https://www.santamarianovellaluxuryapartment1.it,+39 334 308 9759,2026-08-17
AIRBNB-02486,Santa Maria Novella Luxury Apartment #2,Firenze Centro Storico,Santa Maria Novella,Alloggio Turistico / Host Airbnb,info@santamarianovellaluxuryapartment2.it,https://www.santamarianovellaluxuryapartment2.it,+39 334 308 9759,2026-08-17
AIRBNB-02487,Santa Maria Novella Boutique Suite #1,Firenze Centro Storico,Santa Maria Novella,Alloggio Turistico / Host Airbnb,info@santamarianovellaboutiquesuite1.it,https://www.santamarianovellaboutiquesuite1.it,+39 334 308 9759,2026-08-17
AIRBNB-02488,Santa Maria Novella Boutique Suite #2,Firenze Centro Storico,Santa Maria Novella,Alloggio Turistico / Host Airbnb,info@santamarianovellaboutiquesuite2.it,https://www.santamarianovellaboutiquesuite2.it,+39 334 308 9759,2026-08-17
AIRBNB-02489,Santa Maria Novella Panoramic View Home #1,Firenze Centro Storico,Santa Maria Novella,Alloggio Turistico / Host Airbnb,info@santamarianovellapanoramicviewhome1.it,https://www.santamarianovellapanoramicviewhome1.it,+39 334 308 9759,2026-08-17
AIRBNB-02490,Santa Maria Novella Panoramic View Home #2,Firenze Centro Storico,Santa Maria Novella,Alloggio Turistico / Host Airbnb,info@santamarianovellapanoramicviewhome2.it,https://www.santamarianovellapanoramicviewhome2.it,+39 334 308 9759,2026-08-17
AIRBNB-02491,Santa Maria Novella Charme Loft #1,Firenze Centro Storico,Santa Maria Novella,Alloggio Turistico / Host Airbnb,info@santamarianovellacharmeloft1.it,https://www.santamarianovellacharmeloft1.it,+39 334 308 9759,2026-08-17
AIRBNB-02492,Santa Maria Novella Charme Loft #2,Firenze Centro Storico,Santa Maria Novella,Alloggio Turistico / Host Airbnb,info@santamarianovellacharmeloft2.it,https://www.santamarianovellacharmeloft2.it,+39 334 308 9759,2026-08-17
AIRBNB-02493,Santa Maria Novella Historic Relais #1,Firenze Centro Storico,Santa Maria Novella,Alloggio Turistico / Host Airbnb,info@santamarianovellahistoricrelais1.it,https://www.santamarianovellahistoricrelais1.it,+39 334 308 9759,2026-08-17
AIRBNB-02494,Santa Maria Novella Historic Relais #2,Firenze Centro Storico,Santa Maria Novella,Alloggio Turistico / Host Airbnb,info@santamarianovellahistoricrelais2.it,https://www.santamarianovellahistoricrelais2.it,+39 334 308 9759,2026-08-17
AIRBNB-02495,Santa Maria Novella Design Flat #1,Firenze Centro Storico,Santa Maria Novella,Alloggio Turistico / Host Airbnb,info@santamarianovelladesignflat1.it,https://www.santamarianovelladesignflat1.it,+39 334 308 9759,2026-08-17
AIRBNB-02496,Santa Maria Novella Design Flat #2,Firenze Centro Storico,Santa Maria Novella,Alloggio Turistico / Host Airbnb,info@santamarianovelladesignflat2.it,https://www.santamarianovelladesignflat2.it,+39 334 308 9759,2026-08-17
AIRBNB-02497,Santa Maria Novella Exclusive Penthouse #1,Firenze Centro Storico,Santa Maria Novella,Alloggio Turistico / Host Airbnb,info@santamarianovellaexclusivepenthouse1.it,https://www.santamarianovellaexclusivepenthouse1.it,+39 334 308 9759,2026-08-17
AIRBNB-02498,Santa Maria Novella Exclusive Penthouse #2,Firenze Centro Storico,Santa Maria Novella,Alloggio Turistico / Host Airbnb,info@santamarianovellaexclusivepenthouse2.it,https://www.santamarianovellaexclusivepenthouse2.it,+39 334 308 9759,2026-08-17
AIRBNB-02499,Santa Maria Novella Holiday Villa #1,Firenze Centro Storico,Santa Maria Novella,Alloggio Turistico / Host Airbnb,info@santamarianovellaholidayvilla1.it,https://www.santamarianovellaholidayvilla1.it,+39 334 308 9759,2026-08-17
AIRBNB-02500,Santa Maria Novella Holiday Villa #2,Firenze Centro Storico,Santa Maria Novella,Alloggio Turistico / Host Airbnb,info@santamarianovellaholidayvilla2.it,https://www.santamarianovellaholidayvilla2.it,+39 334 308 9759,2026-08-17
AIRBNB-02501,Santa Maria Novella Garden House #1,Firenze Centro Storico,Santa Maria Novella,Alloggio Turistico / Host Airbnb,info@santamarianovellagardenhouse1.it,https://www.santamarianovellagardenhouse1.it,+39 334 308 9759,2026-08-17
AIRBNB-02502,Santa Maria Novella Garden House #2,Firenze Centro Storico,Santa Maria Novella,Alloggio Turistico / Host Airbnb,info@santamarianovellagardenhouse2.it,https://www.santamarianovellagardenhouse2.it,+39 334 308 9759,2026-08-17
AIRBNB-02503,Santa Maria Novella Maison Elegance #1,Firenze Centro Storico,Santa Maria Novella,Alloggio Turistico / Host Airbnb,info@santamarianovellamaisonelegance1.it,https://www.santamarianovellamaisonelegance1.it,+39 334 308 9759,2026-08-17
AIRBNB-02504,Santa Maria Novella Maison Elegance #2,Firenze Centro Storico,Santa Maria Novella,Alloggio Turistico / Host Airbnb,info@santamarianovellamaisonelegance2.it,https://www.santamarianovellamaisonelegance2.it,+39 334 308 9759,2026-08-17
AIRBNB-02505,Santa Maria Novella Dimora Tipica #1,Firenze Centro Storico,Santa Maria Novella,Alloggio Turistico / Host Airbnb,info@santamarianovelladimoratipica1.it,https://www.santamarianovelladimoratipica1.it,+39 334 308 9759,2026-08-17
AIRBNB-02506,Santa Maria Novella Dimora Tipica #2,Firenze Centro Storico,Santa Maria Novella,Alloggio Turistico / Host Airbnb,info@santamarianovelladimoratipica2.it,https://www.santamarianovelladimoratipica2.it,+39 334 308 9759,2026-08-17
AIRBNB-02507,Santa Maria Novella Terrace Studio #1,Firenze Centro Storico,Santa Maria Novella,Alloggio Turistico / Host Airbnb,info@santamarianovellaterracestudio1.it,https://www.santamarianovellaterracestudio1.it,+39 334 308 9759,2026-08-17
AIRBNB-02508,Santa Maria Novella Terrace Studio #2,Firenze Centro Storico,Santa Maria Novella,Alloggio Turistico / Host Airbnb,info@santamarianovellaterracestudio2.it,https://www.santamarianovellaterracestudio2.it,+39 334 308 9759,2026-08-17
AIRBNB-02509,Santa Maria Novella Vacanze Relax Home #1,Firenze Centro Storico,Santa Maria Novella,Alloggio Turistico / Host Airbnb,info@santamarianovellavacanzerelaxhome1.it,https://www.santamarianovellavacanzerelaxhome1.it,+39 334 308 9759,2026-08-17
AIRBNB-02510,Santa Maria Novella Vacanze Relax Home #2,Firenze Centro Storico,Santa Maria Novella,Alloggio Turistico / Host Airbnb,info@santamarianovellavacanzerelaxhome2.it,https://www.santamarianovellavacanzerelaxhome2.it,+39 334 308 9759,2026-08-17
AIRBNB-02511,Santa Maria Novella Urban Living Loft #1,Firenze Centro Storico,Santa Maria Novella,Alloggio Turistico / Host Airbnb,info@santamarianovellaurbanlivingloft1.it,https://www.santamarianovellaurbanlivingloft1.it,+39 334 308 9759,2026-08-17
AIRBNB-02512,Santa Maria Novella Urban Living Loft #2,Firenze Centro Storico,Santa Maria Novella,Alloggio Turistico / Host Airbnb,info@santamarianovellaurbanlivingloft2.it,https://www.santamarianovellaurbanlivingloft2.it,+39 334 308 9759,2026-08-17
AIRBNB-02513,Santa Maria Novella Prestige Suites #1,Firenze Centro Storico,Santa Maria Novella,Alloggio Turistico / Host Airbnb,info@santamarianovellaprestigesuites1.it,https://www.santamarianovellaprestigesuites1.it,+39 334 308 9759,2026-08-17
AIRBNB-02514,Santa Maria Novella Prestige Suites #2,Firenze Centro Storico,Santa Maria Novella,Alloggio Turistico / Host Airbnb,info@santamarianovellaprestigesuites2.it,https://www.santamarianovellaprestigesuites2.it,+39 334 308 9759,2026-08-17
AIRBNB-02515,Santa Maria Novella Sea View Apartment #1,Firenze Centro Storico,Santa Maria Novella,Alloggio Turistico / Host Airbnb,info@santamarianovellaseaviewapartment1.it,https://www.santamarianovellaseaviewapartment1.it,+39 334 308 9759,2026-08-17
AIRBNB-02516,Santa Maria Novella Sea View Apartment #2,Firenze Centro Storico,Santa Maria Novella,Alloggio Turistico / Host Airbnb,info@santamarianovellaseaviewapartment2.it,https://www.santamarianovellaseaviewapartment2.it,+39 334 308 9759,2026-08-17
AIRBNB-02517,Santa Maria Novella Art & Style Flat #1,Firenze Centro Storico,Santa Maria Novella,Alloggio Turistico / Host Airbnb,info@santamarianovellaartstyleflat1.it,https://www.santamarianovellaartstyleflat1.it,+39 334 308 9759,2026-08-17
AIRBNB-02518,Santa Maria Novella Art & Style Flat #2,Firenze Centro Storico,Santa Maria Novella,Alloggio Turistico / Host Airbnb,info@santamarianovellaartstyleflat2.it,https://www.santamarianovellaartstyleflat2.it,+39 334 308 9759,2026-08-17
AIRBNB-02519,Santa Maria Novella Cozy Boutique Home #1,Firenze Centro Storico,Santa Maria Novella,Alloggio Turistico / Host Airbnb,info@santamarianovellacozyboutiquehome1.it,https://www.santamarianovellacozyboutiquehome1.it,+39 334 308 9759,2026-08-17
AIRBNB-02520,Santa Maria Novella Cozy Boutique Home #2,Firenze Centro Storico,Santa Maria Novella,Alloggio Turistico / Host Airbnb,info@santamarianovellacozyboutiquehome2.it,https://www.santamarianovellacozyboutiquehome2.it,+39 334 308 9759,2026-08-17
AIRBNB-02521,Santo Spirito Luxury Apartment #1,Firenze Centro Storico,Santo Spirito,Alloggio Turistico / Host Airbnb,info@santospiritoluxuryapartment1.it,https://www.santospiritoluxuryapartment1.it,+39 334 308 9759,2026-08-17
AIRBNB-02522,Santo Spirito Luxury Apartment #2,Firenze Centro Storico,Santo Spirito,Alloggio Turistico / Host Airbnb,info@santospiritoluxuryapartment2.it,https://www.santospiritoluxuryapartment2.it,+39 334 308 9759,2026-08-17
AIRBNB-02523,Santo Spirito Boutique Suite #1,Firenze Centro Storico,Santo Spirito,Alloggio Turistico / Host Airbnb,info@santospiritoboutiquesuite1.it,https://www.santospiritoboutiquesuite1.it,+39 334 308 9759,2026-08-17
AIRBNB-02524,Santo Spirito Boutique Suite #2,Firenze Centro Storico,Santo Spirito,Alloggio Turistico / Host Airbnb,info@santospiritoboutiquesuite2.it,https://www.santospiritoboutiquesuite2.it,+39 334 308 9759,2026-08-17
AIRBNB-02525,Santo Spirito Panoramic View Home #1,Firenze Centro Storico,Santo Spirito,Alloggio Turistico / Host Airbnb,info@santospiritopanoramicviewhome1.it,https://www.santospiritopanoramicviewhome1.it,+39 334 308 9759,2026-08-17
AIRBNB-02526,Santo Spirito Panoramic View Home #2,Firenze Centro Storico,Santo Spirito,Alloggio Turistico / Host Airbnb,info@santospiritopanoramicviewhome2.it,https://www.santospiritopanoramicviewhome2.it,+39 334 308 9759,2026-08-17
AIRBNB-02527,Santo Spirito Charme Loft #1,Firenze Centro Storico,Santo Spirito,Alloggio Turistico / Host Airbnb,info@santospiritocharmeloft1.it,https://www.santospiritocharmeloft1.it,+39 334 308 9759,2026-08-17
AIRBNB-02528,Santo Spirito Charme Loft #2,Firenze Centro Storico,Santo Spirito,Alloggio Turistico / Host Airbnb,info@santospiritocharmeloft2.it,https://www.santospiritocharmeloft2.it,+39 334 308 9759,2026-08-17
AIRBNB-02529,Santo Spirito Historic Relais #1,Firenze Centro Storico,Santo Spirito,Alloggio Turistico / Host Airbnb,info@santospiritohistoricrelais1.it,https://www.santospiritohistoricrelais1.it,+39 334 308 9759,2026-08-17
AIRBNB-02530,Santo Spirito Historic Relais #2,Firenze Centro Storico,Santo Spirito,Alloggio Turistico / Host Airbnb,info@santospiritohistoricrelais2.it,https://www.santospiritohistoricrelais2.it,+39 334 308 9759,2026-08-17
AIRBNB-02531,Santo Spirito Design Flat #1,Firenze Centro Storico,Santo Spirito,Alloggio Turistico / Host Airbnb,info@santospiritodesignflat1.it,https://www.santospiritodesignflat1.it,+39 334 308 9759,2026-08-17
AIRBNB-02532,Santo Spirito Design Flat #2,Firenze Centro Storico,Santo Spirito,Alloggio Turistico / Host Airbnb,info@santospiritodesignflat2.it,https://www.santospiritodesignflat2.it,+39 334 308 9759,2026-08-17
AIRBNB-02533,Santo Spirito Exclusive Penthouse #1,Firenze Centro Storico,Santo Spirito,Alloggio Turistico / Host Airbnb,info@santospiritoexclusivepenthouse1.it,https://www.santospiritoexclusivepenthouse1.it,+39 334 308 9759,2026-08-17
AIRBNB-02534,Santo Spirito Exclusive Penthouse #2,Firenze Centro Storico,Santo Spirito,Alloggio Turistico / Host Airbnb,info@santospiritoexclusivepenthouse2.it,https://www.santospiritoexclusivepenthouse2.it,+39 334 308 9759,2026-08-17
AIRBNB-02535,Santo Spirito Holiday Villa #1,Firenze Centro Storico,Santo Spirito,Alloggio Turistico / Host Airbnb,info@santospiritoholidayvilla1.it,https://www.santospiritoholidayvilla1.it,+39 334 308 9759,2026-08-17
AIRBNB-02536,Santo Spirito Holiday Villa #2,Firenze Centro Storico,Santo Spirito,Alloggio Turistico / Host Airbnb,info@santospiritoholidayvilla2.it,https://www.santospiritoholidayvilla2.it,+39 334 308 9759,2026-08-17
AIRBNB-02537,Santo Spirito Garden House #1,Firenze Centro Storico,Santo Spirito,Alloggio Turistico / Host Airbnb,info@santospiritogardenhouse1.it,https://www.santospiritogardenhouse1.it,+39 334 308 9759,2026-08-17
AIRBNB-02538,Santo Spirito Garden House #2,Firenze Centro Storico,Santo Spirito,Alloggio Turistico / Host Airbnb,info@santospiritogardenhouse2.it,https://www.santospiritogardenhouse2.it,+39 334 308 9759,2026-08-17
AIRBNB-02539,Santo Spirito Maison Elegance #1,Firenze Centro Storico,Santo Spirito,Alloggio Turistico / Host Airbnb,info@santospiritomaisonelegance1.it,https://www.santospiritomaisonelegance1.it,+39 334 308 9759,2026-08-17
AIRBNB-02540,Santo Spirito Maison Elegance #2,Firenze Centro Storico,Santo Spirito,Alloggio Turistico / Host Airbnb,info@santospiritomaisonelegance2.it,https://www.santospiritomaisonelegance2.it,+39 334 308 9759,2026-08-17
AIRBNB-02541,Santo Spirito Dimora Tipica #1,Firenze Centro Storico,Santo Spirito,Alloggio Turistico / Host Airbnb,info@santospiritodimoratipica1.it,https://www.santospiritodimoratipica1.it,+39 334 308 9759,2026-08-17
AIRBNB-02542,Santo Spirito Dimora Tipica #2,Firenze Centro Storico,Santo Spirito,Alloggio Turistico / Host Airbnb,info@santospiritodimoratipica2.it,https://www.santospiritodimoratipica2.it,+39 334 308 9759,2026-08-17
AIRBNB-02543,Santo Spirito Terrace Studio #1,Firenze Centro Storico,Santo Spirito,Alloggio Turistico / Host Airbnb,info@santospiritoterracestudio1.it,https://www.santospiritoterracestudio1.it,+39 334 308 9759,2026-08-17
AIRBNB-02544,Santo Spirito Terrace Studio #2,Firenze Centro Storico,Santo Spirito,Alloggio Turistico / Host Airbnb,info@santospiritoterracestudio2.it,https://www.santospiritoterracestudio2.it,+39 334 308 9759,2026-08-17
AIRBNB-02545,Santo Spirito Vacanze Relax Home #1,Firenze Centro Storico,Santo Spirito,Alloggio Turistico / Host Airbnb,info@santospiritovacanzerelaxhome1.it,https://www.santospiritovacanzerelaxhome1.it,+39 334 308 9759,2026-08-17
AIRBNB-02546,Santo Spirito Vacanze Relax Home #2,Firenze Centro Storico,Santo Spirito,Alloggio Turistico / Host Airbnb,info@santospiritovacanzerelaxhome2.it,https://www.santospiritovacanzerelaxhome2.it,+39 334 308 9759,2026-08-17
AIRBNB-02547,Santo Spirito Urban Living Loft #1,Firenze Centro Storico,Santo Spirito,Alloggio Turistico / Host Airbnb,info@santospiritourbanlivingloft1.it,https://www.santospiritourbanlivingloft1.it,+39 334 308 9759,2026-08-17
AIRBNB-02548,Santo Spirito Urban Living Loft #2,Firenze Centro Storico,Santo Spirito,Alloggio Turistico / Host Airbnb,info@santospiritourbanlivingloft2.it,https://www.santospiritourbanlivingloft2.it,+39 334 308 9759,2026-08-17
AIRBNB-02549,Santo Spirito Prestige Suites #1,Firenze Centro Storico,Santo Spirito,Alloggio Turistico / Host Airbnb,info@santospiritoprestigesuites1.it,https://www.santospiritoprestigesuites1.it,+39 334 308 9759,2026-08-17
AIRBNB-02550,Santo Spirito Prestige Suites #2,Firenze Centro Storico,Santo Spirito,Alloggio Turistico / Host Airbnb,info@santospiritoprestigesuites2.it,https://www.santospiritoprestigesuites2.it,+39 334 308 9759,2026-08-17
AIRBNB-02551,Santo Spirito Sea View Apartment #1,Firenze Centro Storico,Santo Spirito,Alloggio Turistico / Host Airbnb,info@santospiritoseaviewapartment1.it,https://www.santospiritoseaviewapartment1.it,+39 334 308 9759,2026-08-17
AIRBNB-02552,Santo Spirito Sea View Apartment #2,Firenze Centro Storico,Santo Spirito,Alloggio Turistico / Host Airbnb,info@santospiritoseaviewapartment2.it,https://www.santospiritoseaviewapartment2.it,+39 334 308 9759,2026-08-17
AIRBNB-02553,Santo Spirito Art & Style Flat #1,Firenze Centro Storico,Santo Spirito,Alloggio Turistico / Host Airbnb,info@santospiritoartstyleflat1.it,https://www.santospiritoartstyleflat1.it,+39 334 308 9759,2026-08-17
AIRBNB-02554,Santo Spirito Art & Style Flat #2,Firenze Centro Storico,Santo Spirito,Alloggio Turistico / Host Airbnb,info@santospiritoartstyleflat2.it,https://www.santospiritoartstyleflat2.it,+39 334 308 9759,2026-08-17
AIRBNB-02555,Santo Spirito Cozy Boutique Home #1,Firenze Centro Storico,Santo Spirito,Alloggio Turistico / Host Airbnb,info@santospiritocozyboutiquehome1.it,https://www.santospiritocozyboutiquehome1.it,+39 334 308 9759,2026-08-17
AIRBNB-02556,Santo Spirito Cozy Boutique Home #2,Firenze Centro Storico,Santo Spirito,Alloggio Turistico / Host Airbnb,info@santospiritocozyboutiquehome2.it,https://www.santospiritocozyboutiquehome2.it,+39 334 308 9759,2026-08-17
AIRBNB-02557,San Frediano Luxury Apartment #1,Firenze Centro Storico,San Frediano,Alloggio Turistico / Host Airbnb,info@sanfredianoluxuryapartment1.it,https://www.sanfredianoluxuryapartment1.it,+39 334 308 9759,2026-08-17
AIRBNB-02558,San Frediano Luxury Apartment #2,Firenze Centro Storico,San Frediano,Alloggio Turistico / Host Airbnb,info@sanfredianoluxuryapartment2.it,https://www.sanfredianoluxuryapartment2.it,+39 334 308 9759,2026-08-17
AIRBNB-02559,San Frediano Boutique Suite #1,Firenze Centro Storico,San Frediano,Alloggio Turistico / Host Airbnb,info@sanfredianoboutiquesuite1.it,https://www.sanfredianoboutiquesuite1.it,+39 334 308 9759,2026-08-17
AIRBNB-02560,San Frediano Boutique Suite #2,Firenze Centro Storico,San Frediano,Alloggio Turistico / Host Airbnb,info@sanfredianoboutiquesuite2.it,https://www.sanfredianoboutiquesuite2.it,+39 334 308 9759,2026-08-17
AIRBNB-02561,San Frediano Panoramic View Home #1,Firenze Centro Storico,San Frediano,Alloggio Turistico / Host Airbnb,info@sanfredianopanoramicviewhome1.it,https://www.sanfredianopanoramicviewhome1.it,+39 334 308 9759,2026-08-17
AIRBNB-02562,San Frediano Panoramic View Home #2,Firenze Centro Storico,San Frediano,Alloggio Turistico / Host Airbnb,info@sanfredianopanoramicviewhome2.it,https://www.sanfredianopanoramicviewhome2.it,+39 334 308 9759,2026-08-17
AIRBNB-02563,San Frediano Charme Loft #1,Firenze Centro Storico,San Frediano,Alloggio Turistico / Host Airbnb,info@sanfredianocharmeloft1.it,https://www.sanfredianocharmeloft1.it,+39 334 308 9759,2026-08-17
AIRBNB-02564,San Frediano Charme Loft #2,Firenze Centro Storico,San Frediano,Alloggio Turistico / Host Airbnb,info@sanfredianocharmeloft2.it,https://www.sanfredianocharmeloft2.it,+39 334 308 9759,2026-08-17
AIRBNB-02565,San Frediano Historic Relais #1,Firenze Centro Storico,San Frediano,Alloggio Turistico / Host Airbnb,info@sanfredianohistoricrelais1.it,https://www.sanfredianohistoricrelais1.it,+39 334 308 9759,2026-08-17
AIRBNB-02566,San Frediano Historic Relais #2,Firenze Centro Storico,San Frediano,Alloggio Turistico / Host Airbnb,info@sanfredianohistoricrelais2.it,https://www.sanfredianohistoricrelais2.it,+39 334 308 9759,2026-08-17
AIRBNB-02567,San Frediano Design Flat #1,Firenze Centro Storico,San Frediano,Alloggio Turistico / Host Airbnb,info@sanfredianodesignflat1.it,https://www.sanfredianodesignflat1.it,+39 334 308 9759,2026-08-17
AIRBNB-02568,San Frediano Design Flat #2,Firenze Centro Storico,San Frediano,Alloggio Turistico / Host Airbnb,info@sanfredianodesignflat2.it,https://www.sanfredianodesignflat2.it,+39 334 308 9759,2026-08-17
AIRBNB-02569,San Frediano Exclusive Penthouse #1,Firenze Centro Storico,San Frediano,Alloggio Turistico / Host Airbnb,info@sanfredianoexclusivepenthouse1.it,https://www.sanfredianoexclusivepenthouse1.it,+39 334 308 9759,2026-08-17
AIRBNB-02570,San Frediano Exclusive Penthouse #2,Firenze Centro Storico,San Frediano,Alloggio Turistico / Host Airbnb,info@sanfredianoexclusivepenthouse2.it,https://www.sanfredianoexclusivepenthouse2.it,+39 334 308 9759,2026-08-17
AIRBNB-02571,San Frediano Holiday Villa #1,Firenze Centro Storico,San Frediano,Alloggio Turistico / Host Airbnb,info@sanfredianoholidayvilla1.it,https://www.sanfredianoholidayvilla1.it,+39 334 308 9759,2026-08-17
AIRBNB-02572,San Frediano Holiday Villa #2,Firenze Centro Storico,San Frediano,Alloggio Turistico / Host Airbnb,info@sanfredianoholidayvilla2.it,https://www.sanfredianoholidayvilla2.it,+39 334 308 9759,2026-08-17
AIRBNB-02573,San Frediano Garden House #1,Firenze Centro Storico,San Frediano,Alloggio Turistico / Host Airbnb,info@sanfredianogardenhouse1.it,https://www.sanfredianogardenhouse1.it,+39 334 308 9759,2026-08-17
AIRBNB-02574,San Frediano Garden House #2,Firenze Centro Storico,San Frediano,Alloggio Turistico / Host Airbnb,info@sanfredianogardenhouse2.it,https://www.sanfredianogardenhouse2.it,+39 334 308 9759,2026-08-17
AIRBNB-02575,San Frediano Maison Elegance #1,Firenze Centro Storico,San Frediano,Alloggio Turistico / Host Airbnb,info@sanfredianomaisonelegance1.it,https://www.sanfredianomaisonelegance1.it,+39 334 308 9759,2026-08-17
AIRBNB-02576,San Frediano Maison Elegance #2,Firenze Centro Storico,San Frediano,Alloggio Turistico / Host Airbnb,info@sanfredianomaisonelegance2.it,https://www.sanfredianomaisonelegance2.it,+39 334 308 9759,2026-08-17
AIRBNB-02577,San Frediano Dimora Tipica #1,Firenze Centro Storico,San Frediano,Alloggio Turistico / Host Airbnb,info@sanfredianodimoratipica1.it,https://www.sanfredianodimoratipica1.it,+39 334 308 9759,2026-08-17
AIRBNB-02578,San Frediano Dimora Tipica #2,Firenze Centro Storico,San Frediano,Alloggio Turistico / Host Airbnb,info@sanfredianodimoratipica2.it,https://www.sanfredianodimoratipica2.it,+39 334 308 9759,2026-08-17
AIRBNB-02579,San Frediano Terrace Studio #1,Firenze Centro Storico,San Frediano,Alloggio Turistico / Host Airbnb,info@sanfredianoterracestudio1.it,https://www.sanfredianoterracestudio1.it,+39 334 308 9759,2026-08-17
AIRBNB-02580,San Frediano Terrace Studio #2,Firenze Centro Storico,San Frediano,Alloggio Turistico / Host Airbnb,info@sanfredianoterracestudio2.it,https://www.sanfredianoterracestudio2.it,+39 334 308 9759,2026-08-17
AIRBNB-02581,San Frediano Vacanze Relax Home #1,Firenze Centro Storico,San Frediano,Alloggio Turistico / Host Airbnb,info@sanfredianovacanzerelaxhome1.it,https://www.sanfredianovacanzerelaxhome1.it,+39 334 308 9759,2026-08-17
AIRBNB-02582,San Frediano Vacanze Relax Home #2,Firenze Centro Storico,San Frediano,Alloggio Turistico / Host Airbnb,info@sanfredianovacanzerelaxhome2.it,https://www.sanfredianovacanzerelaxhome2.it,+39 334 308 9759,2026-08-17
AIRBNB-02583,San Frediano Urban Living Loft #1,Firenze Centro Storico,San Frediano,Alloggio Turistico / Host Airbnb,info@sanfredianourbanlivingloft1.it,https://www.sanfredianourbanlivingloft1.it,+39 334 308 9759,2026-08-17
AIRBNB-02584,San Frediano Urban Living Loft #2,Firenze Centro Storico,San Frediano,Alloggio Turistico / Host Airbnb,info@sanfredianourbanlivingloft2.it,https://www.sanfredianourbanlivingloft2.it,+39 334 308 9759,2026-08-17
AIRBNB-02585,San Frediano Prestige Suites #1,Firenze Centro Storico,San Frediano,Alloggio Turistico / Host Airbnb,info@sanfredianoprestigesuites1.it,https://www.sanfredianoprestigesuites1.it,+39 334 308 9759,2026-08-17
AIRBNB-02586,San Frediano Prestige Suites #2,Firenze Centro Storico,San Frediano,Alloggio Turistico / Host Airbnb,info@sanfredianoprestigesuites2.it,https://www.sanfredianoprestigesuites2.it,+39 334 308 9759,2026-08-17
AIRBNB-02587,San Frediano Sea View Apartment #1,Firenze Centro Storico,San Frediano,Alloggio Turistico / Host Airbnb,info@sanfredianoseaviewapartment1.it,https://www.sanfredianoseaviewapartment1.it,+39 334 308 9759,2026-08-17
AIRBNB-02588,San Frediano Sea View Apartment #2,Firenze Centro Storico,San Frediano,Alloggio Turistico / Host Airbnb,info@sanfredianoseaviewapartment2.it,https://www.sanfredianoseaviewapartment2.it,+39 334 308 9759,2026-08-17
AIRBNB-02589,San Frediano Art & Style Flat #1,Firenze Centro Storico,San Frediano,Alloggio Turistico / Host Airbnb,info@sanfredianoartstyleflat1.it,https://www.sanfredianoartstyleflat1.it,+39 334 308 9759,2026-08-17
AIRBNB-02590,San Frediano Art & Style Flat #2,Firenze Centro Storico,San Frediano,Alloggio Turistico / Host Airbnb,info@sanfredianoartstyleflat2.it,https://www.sanfredianoartstyleflat2.it,+39 334 308 9759,2026-08-17
AIRBNB-02591,San Frediano Cozy Boutique Home #1,Firenze Centro Storico,San Frediano,Alloggio Turistico / Host Airbnb,info@sanfredianocozyboutiquehome1.it,https://www.sanfredianocozyboutiquehome1.it,+39 334 308 9759,2026-08-17
AIRBNB-02592,San Frediano Cozy Boutique Home #2,Firenze Centro Storico,San Frediano,Alloggio Turistico / Host Airbnb,info@sanfredianocozyboutiquehome2.it,https://www.sanfredianocozyboutiquehome2.it,+39 334 308 9759,2026-08-17
AIRBNB-02593,Tornabuoni Luxury Apartment #1,Firenze Centro Storico,Tornabuoni,Alloggio Turistico / Host Airbnb,info@tornabuoniluxuryapartment1.it,https://www.tornabuoniluxuryapartment1.it,+39 334 308 9759,2026-08-17
AIRBNB-02594,Tornabuoni Luxury Apartment #2,Firenze Centro Storico,Tornabuoni,Alloggio Turistico / Host Airbnb,info@tornabuoniluxuryapartment2.it,https://www.tornabuoniluxuryapartment2.it,+39 334 308 9759,2026-08-17
AIRBNB-02595,Tornabuoni Boutique Suite #1,Firenze Centro Storico,Tornabuoni,Alloggio Turistico / Host Airbnb,info@tornabuoniboutiquesuite1.it,https://www.tornabuoniboutiquesuite1.it,+39 334 308 9759,2026-08-17
AIRBNB-02596,Tornabuoni Boutique Suite #2,Firenze Centro Storico,Tornabuoni,Alloggio Turistico / Host Airbnb,info@tornabuoniboutiquesuite2.it,https://www.tornabuoniboutiquesuite2.it,+39 334 308 9759,2026-08-17
AIRBNB-02597,Tornabuoni Panoramic View Home #1,Firenze Centro Storico,Tornabuoni,Alloggio Turistico / Host Airbnb,info@tornabuonipanoramicviewhome1.it,https://www.tornabuonipanoramicviewhome1.it,+39 334 308 9759,2026-08-17
AIRBNB-02598,Tornabuoni Panoramic View Home #2,Firenze Centro Storico,Tornabuoni,Alloggio Turistico / Host Airbnb,info@tornabuonipanoramicviewhome2.it,https://www.tornabuonipanoramicviewhome2.it,+39 334 308 9759,2026-08-17
AIRBNB-02599,Tornabuoni Charme Loft #1,Firenze Centro Storico,Tornabuoni,Alloggio Turistico / Host Airbnb,info@tornabuonicharmeloft1.it,https://www.tornabuonicharmeloft1.it,+39 334 308 9759,2026-08-17
AIRBNB-02600,Tornabuoni Charme Loft #2,Firenze Centro Storico,Tornabuoni,Alloggio Turistico / Host Airbnb,info@tornabuonicharmeloft2.it,https://www.tornabuonicharmeloft2.it,+39 334 308 9759,2026-08-17
AIRBNB-02601,Tornabuoni Historic Relais #1,Firenze Centro Storico,Tornabuoni,Alloggio Turistico / Host Airbnb,info@tornabuonihistoricrelais1.it,https://www.tornabuonihistoricrelais1.it,+39 334 308 9759,2026-08-17
AIRBNB-02602,Tornabuoni Historic Relais #2,Firenze Centro Storico,Tornabuoni,Alloggio Turistico / Host Airbnb,info@tornabuonihistoricrelais2.it,https://www.tornabuonihistoricrelais2.it,+39 334 308 9759,2026-08-17
AIRBNB-02603,Tornabuoni Design Flat #1,Firenze Centro Storico,Tornabuoni,Alloggio Turistico / Host Airbnb,info@tornabuonidesignflat1.it,https://www.tornabuonidesignflat1.it,+39 334 308 9759,2026-08-17
AIRBNB-02604,Tornabuoni Design Flat #2,Firenze Centro Storico,Tornabuoni,Alloggio Turistico / Host Airbnb,info@tornabuonidesignflat2.it,https://www.tornabuonidesignflat2.it,+39 334 308 9759,2026-08-17
AIRBNB-02605,Tornabuoni Exclusive Penthouse #1,Firenze Centro Storico,Tornabuoni,Alloggio Turistico / Host Airbnb,info@tornabuoniexclusivepenthouse1.it,https://www.tornabuoniexclusivepenthouse1.it,+39 334 308 9759,2026-08-17
AIRBNB-02606,Tornabuoni Exclusive Penthouse #2,Firenze Centro Storico,Tornabuoni,Alloggio Turistico / Host Airbnb,info@tornabuoniexclusivepenthouse2.it,https://www.tornabuoniexclusivepenthouse2.it,+39 334 308 9759,2026-08-17
AIRBNB-02607,Tornabuoni Holiday Villa #1,Firenze Centro Storico,Tornabuoni,Alloggio Turistico / Host Airbnb,info@tornabuoniholidayvilla1.it,https://www.tornabuoniholidayvilla1.it,+39 334 308 9759,2026-08-17
AIRBNB-02608,Tornabuoni Holiday Villa #2,Firenze Centro Storico,Tornabuoni,Alloggio Turistico / Host Airbnb,info@tornabuoniholidayvilla2.it,https://www.tornabuoniholidayvilla2.it,+39 334 308 9759,2026-08-17
AIRBNB-02609,Tornabuoni Garden House #1,Firenze Centro Storico,Tornabuoni,Alloggio Turistico / Host Airbnb,info@tornabuonigardenhouse1.it,https://www.tornabuonigardenhouse1.it,+39 334 308 9759,2026-08-17
AIRBNB-02610,Tornabuoni Garden House #2,Firenze Centro Storico,Tornabuoni,Alloggio Turistico / Host Airbnb,info@tornabuonigardenhouse2.it,https://www.tornabuonigardenhouse2.it,+39 334 308 9759,2026-08-17
AIRBNB-02611,Tornabuoni Maison Elegance #1,Firenze Centro Storico,Tornabuoni,Alloggio Turistico / Host Airbnb,info@tornabuonimaisonelegance1.it,https://www.tornabuonimaisonelegance1.it,+39 334 308 9759,2026-08-17
AIRBNB-02612,Tornabuoni Maison Elegance #2,Firenze Centro Storico,Tornabuoni,Alloggio Turistico / Host Airbnb,info@tornabuonimaisonelegance2.it,https://www.tornabuonimaisonelegance2.it,+39 334 308 9759,2026-08-17
AIRBNB-02613,Tornabuoni Dimora Tipica #1,Firenze Centro Storico,Tornabuoni,Alloggio Turistico / Host Airbnb,info@tornabuonidimoratipica1.it,https://www.tornabuonidimoratipica1.it,+39 334 308 9759,2026-08-17
AIRBNB-02614,Tornabuoni Dimora Tipica #2,Firenze Centro Storico,Tornabuoni,Alloggio Turistico / Host Airbnb,info@tornabuonidimoratipica2.it,https://www.tornabuonidimoratipica2.it,+39 334 308 9759,2026-08-17
AIRBNB-02615,Tornabuoni Terrace Studio #1,Firenze Centro Storico,Tornabuoni,Alloggio Turistico / Host Airbnb,info@tornabuoniterracestudio1.it,https://www.tornabuoniterracestudio1.it,+39 334 308 9759,2026-08-17
AIRBNB-02616,Tornabuoni Terrace Studio #2,Firenze Centro Storico,Tornabuoni,Alloggio Turistico / Host Airbnb,info@tornabuoniterracestudio2.it,https://www.tornabuoniterracestudio2.it,+39 334 308 9759,2026-08-17
AIRBNB-02617,Tornabuoni Vacanze Relax Home #1,Firenze Centro Storico,Tornabuoni,Alloggio Turistico / Host Airbnb,info@tornabuonivacanzerelaxhome1.it,https://www.tornabuonivacanzerelaxhome1.it,+39 334 308 9759,2026-08-17
AIRBNB-02618,Tornabuoni Vacanze Relax Home #2,Firenze Centro Storico,Tornabuoni,Alloggio Turistico / Host Airbnb,info@tornabuonivacanzerelaxhome2.it,https://www.tornabuonivacanzerelaxhome2.it,+39 334 308 9759,2026-08-17
AIRBNB-02619,Tornabuoni Urban Living Loft #1,Firenze Centro Storico,Tornabuoni,Alloggio Turistico / Host Airbnb,info@tornabuoniurbanlivingloft1.it,https://www.tornabuoniurbanlivingloft1.it,+39 334 308 9759,2026-08-17
AIRBNB-02620,Tornabuoni Urban Living Loft #2,Firenze Centro Storico,Tornabuoni,Alloggio Turistico / Host Airbnb,info@tornabuoniurbanlivingloft2.it,https://www.tornabuoniurbanlivingloft2.it,+39 334 308 9759,2026-08-17
AIRBNB-02621,Tornabuoni Prestige Suites #1,Firenze Centro Storico,Tornabuoni,Alloggio Turistico / Host Airbnb,info@tornabuoniprestigesuites1.it,https://www.tornabuoniprestigesuites1.it,+39 334 308 9759,2026-08-17
AIRBNB-02622,Tornabuoni Prestige Suites #2,Firenze Centro Storico,Tornabuoni,Alloggio Turistico / Host Airbnb,info@tornabuoniprestigesuites2.it,https://www.tornabuoniprestigesuites2.it,+39 334 308 9759,2026-08-17
AIRBNB-02623,Tornabuoni Sea View Apartment #1,Firenze Centro Storico,Tornabuoni,Alloggio Turistico / Host Airbnb,info@tornabuoniseaviewapartment1.it,https://www.tornabuoniseaviewapartment1.it,+39 334 308 9759,2026-08-17
AIRBNB-02624,Tornabuoni Sea View Apartment #2,Firenze Centro Storico,Tornabuoni,Alloggio Turistico / Host Airbnb,info@tornabuoniseaviewapartment2.it,https://www.tornabuoniseaviewapartment2.it,+39 334 308 9759,2026-08-17
AIRBNB-02625,Tornabuoni Art & Style Flat #1,Firenze Centro Storico,Tornabuoni,Alloggio Turistico / Host Airbnb,info@tornabuoniartstyleflat1.it,https://www.tornabuoniartstyleflat1.it,+39 334 308 9759,2026-08-17
AIRBNB-02626,Tornabuoni Art & Style Flat #2,Firenze Centro Storico,Tornabuoni,Alloggio Turistico / Host Airbnb,info@tornabuoniartstyleflat2.it,https://www.tornabuoniartstyleflat2.it,+39 334 308 9759,2026-08-17
AIRBNB-02627,Tornabuoni Cozy Boutique Home #1,Firenze Centro Storico,Tornabuoni,Alloggio Turistico / Host Airbnb,info@tornabuonicozyboutiquehome1.it,https://www.tornabuonicozyboutiquehome1.it,+39 334 308 9759,2026-08-17
AIRBNB-02628,Tornabuoni Cozy Boutique Home #2,Firenze Centro Storico,Tornabuoni,Alloggio Turistico / Host Airbnb,info@tornabuonicozyboutiquehome2.it,https://www.tornabuonicozyboutiquehome2.it,+39 334 308 9759,2026-08-17
AIRBNB-02629,Signoria Luxury Apartment #1,Firenze Centro Storico,Signoria,Alloggio Turistico / Host Airbnb,info@signorialuxuryapartment1.it,https://www.signorialuxuryapartment1.it,+39 334 308 9759,2026-08-17
AIRBNB-02630,Signoria Luxury Apartment #2,Firenze Centro Storico,Signoria,Alloggio Turistico / Host Airbnb,info@signorialuxuryapartment2.it,https://www.signorialuxuryapartment2.it,+39 334 308 9759,2026-08-17
AIRBNB-02631,Signoria Boutique Suite #1,Firenze Centro Storico,Signoria,Alloggio Turistico / Host Airbnb,info@signoriaboutiquesuite1.it,https://www.signoriaboutiquesuite1.it,+39 334 308 9759,2026-08-17
AIRBNB-02632,Signoria Boutique Suite #2,Firenze Centro Storico,Signoria,Alloggio Turistico / Host Airbnb,info@signoriaboutiquesuite2.it,https://www.signoriaboutiquesuite2.it,+39 334 308 9759,2026-08-17
AIRBNB-02633,Signoria Panoramic View Home #1,Firenze Centro Storico,Signoria,Alloggio Turistico / Host Airbnb,info@signoriapanoramicviewhome1.it,https://www.signoriapanoramicviewhome1.it,+39 334 308 9759,2026-08-17
AIRBNB-02634,Signoria Panoramic View Home #2,Firenze Centro Storico,Signoria,Alloggio Turistico / Host Airbnb,info@signoriapanoramicviewhome2.it,https://www.signoriapanoramicviewhome2.it,+39 334 308 9759,2026-08-17
AIRBNB-02635,Signoria Charme Loft #1,Firenze Centro Storico,Signoria,Alloggio Turistico / Host Airbnb,info@signoriacharmeloft1.it,https://www.signoriacharmeloft1.it,+39 334 308 9759,2026-08-17
AIRBNB-02636,Signoria Charme Loft #2,Firenze Centro Storico,Signoria,Alloggio Turistico / Host Airbnb,info@signoriacharmeloft2.it,https://www.signoriacharmeloft2.it,+39 334 308 9759,2026-08-17
AIRBNB-02637,Signoria Historic Relais #1,Firenze Centro Storico,Signoria,Alloggio Turistico / Host Airbnb,info@signoriahistoricrelais1.it,https://www.signoriahistoricrelais1.it,+39 334 308 9759,2026-08-17
AIRBNB-02638,Signoria Historic Relais #2,Firenze Centro Storico,Signoria,Alloggio Turistico / Host Airbnb,info@signoriahistoricrelais2.it,https://www.signoriahistoricrelais2.it,+39 334 308 9759,2026-08-17
AIRBNB-02639,Signoria Design Flat #1,Firenze Centro Storico,Signoria,Alloggio Turistico / Host Airbnb,info@signoriadesignflat1.it,https://www.signoriadesignflat1.it,+39 334 308 9759,2026-08-17
AIRBNB-02640,Signoria Design Flat #2,Firenze Centro Storico,Signoria,Alloggio Turistico / Host Airbnb,info@signoriadesignflat2.it,https://www.signoriadesignflat2.it,+39 334 308 9759,2026-08-17
AIRBNB-02641,Signoria Exclusive Penthouse #1,Firenze Centro Storico,Signoria,Alloggio Turistico / Host Airbnb,info@signoriaexclusivepenthouse1.it,https://www.signoriaexclusivepenthouse1.it,+39 334 308 9759,2026-08-17
AIRBNB-02642,Signoria Exclusive Penthouse #2,Firenze Centro Storico,Signoria,Alloggio Turistico / Host Airbnb,info@signoriaexclusivepenthouse2.it,https://www.signoriaexclusivepenthouse2.it,+39 334 308 9759,2026-08-17
AIRBNB-02643,Signoria Holiday Villa #1,Firenze Centro Storico,Signoria,Alloggio Turistico / Host Airbnb,info@signoriaholidayvilla1.it,https://www.signoriaholidayvilla1.it,+39 334 308 9759,2026-08-17
AIRBNB-02644,Signoria Holiday Villa #2,Firenze Centro Storico,Signoria,Alloggio Turistico / Host Airbnb,info@signoriaholidayvilla2.it,https://www.signoriaholidayvilla2.it,+39 334 308 9759,2026-08-17
AIRBNB-02645,Signoria Garden House #1,Firenze Centro Storico,Signoria,Alloggio Turistico / Host Airbnb,info@signoriagardenhouse1.it,https://www.signoriagardenhouse1.it,+39 334 308 9759,2026-08-17
AIRBNB-02646,Signoria Garden House #2,Firenze Centro Storico,Signoria,Alloggio Turistico / Host Airbnb,info@signoriagardenhouse2.it,https://www.signoriagardenhouse2.it,+39 334 308 9759,2026-08-17
AIRBNB-02647,Signoria Maison Elegance #1,Firenze Centro Storico,Signoria,Alloggio Turistico / Host Airbnb,info@signoriamaisonelegance1.it,https://www.signoriamaisonelegance1.it,+39 334 308 9759,2026-08-17
AIRBNB-02648,Signoria Maison Elegance #2,Firenze Centro Storico,Signoria,Alloggio Turistico / Host Airbnb,info@signoriamaisonelegance2.it,https://www.signoriamaisonelegance2.it,+39 334 308 9759,2026-08-17
AIRBNB-02649,Signoria Dimora Tipica #1,Firenze Centro Storico,Signoria,Alloggio Turistico / Host Airbnb,info@signoriadimoratipica1.it,https://www.signoriadimoratipica1.it,+39 334 308 9759,2026-08-17
AIRBNB-02650,Signoria Dimora Tipica #2,Firenze Centro Storico,Signoria,Alloggio Turistico / Host Airbnb,info@signoriadimoratipica2.it,https://www.signoriadimoratipica2.it,+39 334 308 9759,2026-08-17
AIRBNB-02651,Signoria Terrace Studio #1,Firenze Centro Storico,Signoria,Alloggio Turistico / Host Airbnb,info@signoriaterracestudio1.it,https://www.signoriaterracestudio1.it,+39 334 308 9759,2026-08-17
AIRBNB-02652,Signoria Terrace Studio #2,Firenze Centro Storico,Signoria,Alloggio Turistico / Host Airbnb,info@signoriaterracestudio2.it,https://www.signoriaterracestudio2.it,+39 334 308 9759,2026-08-17
AIRBNB-02653,Signoria Vacanze Relax Home #1,Firenze Centro Storico,Signoria,Alloggio Turistico / Host Airbnb,info@signoriavacanzerelaxhome1.it,https://www.signoriavacanzerelaxhome1.it,+39 334 308 9759,2026-08-17
AIRBNB-02654,Signoria Vacanze Relax Home #2,Firenze Centro Storico,Signoria,Alloggio Turistico / Host Airbnb,info@signoriavacanzerelaxhome2.it,https://www.signoriavacanzerelaxhome2.it,+39 334 308 9759,2026-08-17
AIRBNB-02655,Signoria Urban Living Loft #1,Firenze Centro Storico,Signoria,Alloggio Turistico / Host Airbnb,info@signoriaurbanlivingloft1.it,https://www.signoriaurbanlivingloft1.it,+39 334 308 9759,2026-08-17
AIRBNB-02656,Signoria Urban Living Loft #2,Firenze Centro Storico,Signoria,Alloggio Turistico / Host Airbnb,info@signoriaurbanlivingloft2.it,https://www.signoriaurbanlivingloft2.it,+39 334 308 9759,2026-08-17
AIRBNB-02657,Signoria Prestige Suites #1,Firenze Centro Storico,Signoria,Alloggio Turistico / Host Airbnb,info@signoriaprestigesuites1.it,https://www.signoriaprestigesuites1.it,+39 334 308 9759,2026-08-17
AIRBNB-02658,Signoria Prestige Suites #2,Firenze Centro Storico,Signoria,Alloggio Turistico / Host Airbnb,info@signoriaprestigesuites2.it,https://www.signoriaprestigesuites2.it,+39 334 308 9759,2026-08-17
AIRBNB-02659,Signoria Sea View Apartment #1,Firenze Centro Storico,Signoria,Alloggio Turistico / Host Airbnb,info@signoriaseaviewapartment1.it,https://www.signoriaseaviewapartment1.it,+39 334 308 9759,2026-08-17
AIRBNB-02660,Signoria Sea View Apartment #2,Firenze Centro Storico,Signoria,Alloggio Turistico / Host Airbnb,info@signoriaseaviewapartment2.it,https://www.signoriaseaviewapartment2.it,+39 334 308 9759,2026-08-17
AIRBNB-02661,Signoria Art & Style Flat #1,Firenze Centro Storico,Signoria,Alloggio Turistico / Host Airbnb,info@signoriaartstyleflat1.it,https://www.signoriaartstyleflat1.it,+39 334 308 9759,2026-08-17
AIRBNB-02662,Signoria Art & Style Flat #2,Firenze Centro Storico,Signoria,Alloggio Turistico / Host Airbnb,info@signoriaartstyleflat2.it,https://www.signoriaartstyleflat2.it,+39 334 308 9759,2026-08-17
AIRBNB-02663,Signoria Cozy Boutique Home #1,Firenze Centro Storico,Signoria,Alloggio Turistico / Host Airbnb,info@signoriacozyboutiquehome1.it,https://www.signoriacozyboutiquehome1.it,+39 334 308 9759,2026-08-17
AIRBNB-02664,Signoria Cozy Boutique Home #2,Firenze Centro Storico,Signoria,Alloggio Turistico / Host Airbnb,info@signoriacozyboutiquehome2.it,https://www.signoriacozyboutiquehome2.it,+39 334 308 9759,2026-08-17
AIRBNB-02665,Campo di Marte Luxury Apartment #1,Firenze Quartieri,Campo di Marte,Alloggio Turistico / Host Airbnb,info@campodimarteluxuryapartment1.it,https://www.campodimarteluxuryapartment1.it,+39 334 308 9759,2026-08-17
AIRBNB-02666,Campo di Marte Luxury Apartment #2,Firenze Quartieri,Campo di Marte,Alloggio Turistico / Host Airbnb,info@campodimarteluxuryapartment2.it,https://www.campodimarteluxuryapartment2.it,+39 334 308 9759,2026-08-17
AIRBNB-02667,Campo di Marte Boutique Suite #1,Firenze Quartieri,Campo di Marte,Alloggio Turistico / Host Airbnb,info@campodimarteboutiquesuite1.it,https://www.campodimarteboutiquesuite1.it,+39 334 308 9759,2026-08-17
AIRBNB-02668,Campo di Marte Boutique Suite #2,Firenze Quartieri,Campo di Marte,Alloggio Turistico / Host Airbnb,info@campodimarteboutiquesuite2.it,https://www.campodimarteboutiquesuite2.it,+39 334 308 9759,2026-08-17
AIRBNB-02669,Campo di Marte Panoramic View Home #1,Firenze Quartieri,Campo di Marte,Alloggio Turistico / Host Airbnb,info@campodimartepanoramicviewhome1.it,https://www.campodimartepanoramicviewhome1.it,+39 334 308 9759,2026-08-17
AIRBNB-02670,Campo di Marte Panoramic View Home #2,Firenze Quartieri,Campo di Marte,Alloggio Turistico / Host Airbnb,info@campodimartepanoramicviewhome2.it,https://www.campodimartepanoramicviewhome2.it,+39 334 308 9759,2026-08-17
AIRBNB-02671,Campo di Marte Charme Loft #1,Firenze Quartieri,Campo di Marte,Alloggio Turistico / Host Airbnb,info@campodimartecharmeloft1.it,https://www.campodimartecharmeloft1.it,+39 334 308 9759,2026-08-17
AIRBNB-02672,Campo di Marte Charme Loft #2,Firenze Quartieri,Campo di Marte,Alloggio Turistico / Host Airbnb,info@campodimartecharmeloft2.it,https://www.campodimartecharmeloft2.it,+39 334 308 9759,2026-08-17
AIRBNB-02673,Campo di Marte Historic Relais #1,Firenze Quartieri,Campo di Marte,Alloggio Turistico / Host Airbnb,info@campodimartehistoricrelais1.it,https://www.campodimartehistoricrelais1.it,+39 334 308 9759,2026-08-17
AIRBNB-02674,Campo di Marte Historic Relais #2,Firenze Quartieri,Campo di Marte,Alloggio Turistico / Host Airbnb,info@campodimartehistoricrelais2.it,https://www.campodimartehistoricrelais2.it,+39 334 308 9759,2026-08-17
AIRBNB-02675,Campo di Marte Design Flat #1,Firenze Quartieri,Campo di Marte,Alloggio Turistico / Host Airbnb,info@campodimartedesignflat1.it,https://www.campodimartedesignflat1.it,+39 334 308 9759,2026-08-17
AIRBNB-02676,Campo di Marte Design Flat #2,Firenze Quartieri,Campo di Marte,Alloggio Turistico / Host Airbnb,info@campodimartedesignflat2.it,https://www.campodimartedesignflat2.it,+39 334 308 9759,2026-08-17
AIRBNB-02677,Campo di Marte Exclusive Penthouse #1,Firenze Quartieri,Campo di Marte,Alloggio Turistico / Host Airbnb,info@campodimarteexclusivepenthouse1.it,https://www.campodimarteexclusivepenthouse1.it,+39 334 308 9759,2026-08-17
AIRBNB-02678,Campo di Marte Exclusive Penthouse #2,Firenze Quartieri,Campo di Marte,Alloggio Turistico / Host Airbnb,info@campodimarteexclusivepenthouse2.it,https://www.campodimarteexclusivepenthouse2.it,+39 334 308 9759,2026-08-17
AIRBNB-02679,Campo di Marte Holiday Villa #1,Firenze Quartieri,Campo di Marte,Alloggio Turistico / Host Airbnb,info@campodimarteholidayvilla1.it,https://www.campodimarteholidayvilla1.it,+39 334 308 9759,2026-08-17
AIRBNB-02680,Campo di Marte Holiday Villa #2,Firenze Quartieri,Campo di Marte,Alloggio Turistico / Host Airbnb,info@campodimarteholidayvilla2.it,https://www.campodimarteholidayvilla2.it,+39 334 308 9759,2026-08-17
AIRBNB-02681,Campo di Marte Garden House #1,Firenze Quartieri,Campo di Marte,Alloggio Turistico / Host Airbnb,info@campodimartegardenhouse1.it,https://www.campodimartegardenhouse1.it,+39 334 308 9759,2026-08-17
AIRBNB-02682,Campo di Marte Garden House #2,Firenze Quartieri,Campo di Marte,Alloggio Turistico / Host Airbnb,info@campodimartegardenhouse2.it,https://www.campodimartegardenhouse2.it,+39 334 308 9759,2026-08-17
AIRBNB-02683,Campo di Marte Maison Elegance #1,Firenze Quartieri,Campo di Marte,Alloggio Turistico / Host Airbnb,info@campodimartemaisonelegance1.it,https://www.campodimartemaisonelegance1.it,+39 334 308 9759,2026-08-17
AIRBNB-02684,Campo di Marte Maison Elegance #2,Firenze Quartieri,Campo di Marte,Alloggio Turistico / Host Airbnb,info@campodimartemaisonelegance2.it,https://www.campodimartemaisonelegance2.it,+39 334 308 9759,2026-08-17
AIRBNB-02685,Campo di Marte Dimora Tipica #1,Firenze Quartieri,Campo di Marte,Alloggio Turistico / Host Airbnb,info@campodimartedimoratipica1.it,https://www.campodimartedimoratipica1.it,+39 334 308 9759,2026-08-17
AIRBNB-02686,Campo di Marte Dimora Tipica #2,Firenze Quartieri,Campo di Marte,Alloggio Turistico / Host Airbnb,info@campodimartedimoratipica2.it,https://www.campodimartedimoratipica2.it,+39 334 308 9759,2026-08-17
AIRBNB-02687,Campo di Marte Terrace Studio #1,Firenze Quartieri,Campo di Marte,Alloggio Turistico / Host Airbnb,info@campodimarteterracestudio1.it,https://www.campodimarteterracestudio1.it,+39 334 308 9759,2026-08-17
AIRBNB-02688,Campo di Marte Terrace Studio #2,Firenze Quartieri,Campo di Marte,Alloggio Turistico / Host Airbnb,info@campodimarteterracestudio2.it,https://www.campodimarteterracestudio2.it,+39 334 308 9759,2026-08-17
AIRBNB-02689,Campo di Marte Vacanze Relax Home #1,Firenze Quartieri,Campo di Marte,Alloggio Turistico / Host Airbnb,info@campodimartevacanzerelaxhome1.it,https://www.campodimartevacanzerelaxhome1.it,+39 334 308 9759,2026-08-17
AIRBNB-02690,Campo di Marte Vacanze Relax Home #2,Firenze Quartieri,Campo di Marte,Alloggio Turistico / Host Airbnb,info@campodimartevacanzerelaxhome2.it,https://www.campodimartevacanzerelaxhome2.it,+39 334 308 9759,2026-08-17
AIRBNB-02691,Campo di Marte Urban Living Loft #1,Firenze Quartieri,Campo di Marte,Alloggio Turistico / Host Airbnb,info@campodimarteurbanlivingloft1.it,https://www.campodimarteurbanlivingloft1.it,+39 334 308 9759,2026-08-17
AIRBNB-02692,Campo di Marte Urban Living Loft #2,Firenze Quartieri,Campo di Marte,Alloggio Turistico / Host Airbnb,info@campodimarteurbanlivingloft2.it,https://www.campodimarteurbanlivingloft2.it,+39 334 308 9759,2026-08-17
AIRBNB-02693,Campo di Marte Prestige Suites #1,Firenze Quartieri,Campo di Marte,Alloggio Turistico / Host Airbnb,info@campodimarteprestigesuites1.it,https://www.campodimarteprestigesuites1.it,+39 334 308 9759,2026-08-17
AIRBNB-02694,Campo di Marte Prestige Suites #2,Firenze Quartieri,Campo di Marte,Alloggio Turistico / Host Airbnb,info@campodimarteprestigesuites2.it,https://www.campodimarteprestigesuites2.it,+39 334 308 9759,2026-08-17
AIRBNB-02695,Campo di Marte Sea View Apartment #1,Firenze Quartieri,Campo di Marte,Alloggio Turistico / Host Airbnb,info@campodimarteseaviewapartment1.it,https://www.campodimarteseaviewapartment1.it,+39 334 308 9759,2026-08-17
AIRBNB-02696,Campo di Marte Sea View Apartment #2,Firenze Quartieri,Campo di Marte,Alloggio Turistico / Host Airbnb,info@campodimarteseaviewapartment2.it,https://www.campodimarteseaviewapartment2.it,+39 334 308 9759,2026-08-17
AIRBNB-02697,Campo di Marte Art & Style Flat #1,Firenze Quartieri,Campo di Marte,Alloggio Turistico / Host Airbnb,info@campodimarteartstyleflat1.it,https://www.campodimarteartstyleflat1.it,+39 334 308 9759,2026-08-17
AIRBNB-02698,Campo di Marte Art & Style Flat #2,Firenze Quartieri,Campo di Marte,Alloggio Turistico / Host Airbnb,info@campodimarteartstyleflat2.it,https://www.campodimarteartstyleflat2.it,+39 334 308 9759,2026-08-17
AIRBNB-02699,Campo di Marte Cozy Boutique Home #1,Firenze Quartieri,Campo di Marte,Alloggio Turistico / Host Airbnb,info@campodimartecozyboutiquehome1.it,https://www.campodimartecozyboutiquehome1.it,+39 334 308 9759,2026-08-17
AIRBNB-02700,Campo di Marte Cozy Boutique Home #2,Firenze Quartieri,Campo di Marte,Alloggio Turistico / Host Airbnb,info@campodimartecozyboutiquehome2.it,https://www.campodimartecozyboutiquehome2.it,+39 334 308 9759,2026-08-17
AIRBNB-02701,Rifredi Luxury Apartment #1,Firenze Quartieri,Rifredi,Alloggio Turistico / Host Airbnb,info@rifrediluxuryapartment1.it,https://www.rifrediluxuryapartment1.it,+39 334 308 9759,2026-08-17
AIRBNB-02702,Rifredi Luxury Apartment #2,Firenze Quartieri,Rifredi,Alloggio Turistico / Host Airbnb,info@rifrediluxuryapartment2.it,https://www.rifrediluxuryapartment2.it,+39 334 308 9759,2026-08-17
AIRBNB-02703,Rifredi Boutique Suite #1,Firenze Quartieri,Rifredi,Alloggio Turistico / Host Airbnb,info@rifrediboutiquesuite1.it,https://www.rifrediboutiquesuite1.it,+39 334 308 9759,2026-08-17
AIRBNB-02704,Rifredi Boutique Suite #2,Firenze Quartieri,Rifredi,Alloggio Turistico / Host Airbnb,info@rifrediboutiquesuite2.it,https://www.rifrediboutiquesuite2.it,+39 334 308 9759,2026-08-17
AIRBNB-02705,Rifredi Panoramic View Home #1,Firenze Quartieri,Rifredi,Alloggio Turistico / Host Airbnb,info@rifredipanoramicviewhome1.it,https://www.rifredipanoramicviewhome1.it,+39 334 308 9759,2026-08-17
AIRBNB-02706,Rifredi Panoramic View Home #2,Firenze Quartieri,Rifredi,Alloggio Turistico / Host Airbnb,info@rifredipanoramicviewhome2.it,https://www.rifredipanoramicviewhome2.it,+39 334 308 9759,2026-08-17
AIRBNB-02707,Rifredi Charme Loft #1,Firenze Quartieri,Rifredi,Alloggio Turistico / Host Airbnb,info@rifredicharmeloft1.it,https://www.rifredicharmeloft1.it,+39 334 308 9759,2026-08-17
AIRBNB-02708,Rifredi Charme Loft #2,Firenze Quartieri,Rifredi,Alloggio Turistico / Host Airbnb,info@rifredicharmeloft2.it,https://www.rifredicharmeloft2.it,+39 334 308 9759,2026-08-17
AIRBNB-02709,Rifredi Historic Relais #1,Firenze Quartieri,Rifredi,Alloggio Turistico / Host Airbnb,info@rifredihistoricrelais1.it,https://www.rifredihistoricrelais1.it,+39 334 308 9759,2026-08-17
AIRBNB-02710,Rifredi Historic Relais #2,Firenze Quartieri,Rifredi,Alloggio Turistico / Host Airbnb,info@rifredihistoricrelais2.it,https://www.rifredihistoricrelais2.it,+39 334 308 9759,2026-08-17
AIRBNB-02711,Rifredi Design Flat #1,Firenze Quartieri,Rifredi,Alloggio Turistico / Host Airbnb,info@rifredidesignflat1.it,https://www.rifredidesignflat1.it,+39 334 308 9759,2026-08-17
AIRBNB-02712,Rifredi Design Flat #2,Firenze Quartieri,Rifredi,Alloggio Turistico / Host Airbnb,info@rifredidesignflat2.it,https://www.rifredidesignflat2.it,+39 334 308 9759,2026-08-17
AIRBNB-02713,Rifredi Exclusive Penthouse #1,Firenze Quartieri,Rifredi,Alloggio Turistico / Host Airbnb,info@rifrediexclusivepenthouse1.it,https://www.rifrediexclusivepenthouse1.it,+39 334 308 9759,2026-08-17
AIRBNB-02714,Rifredi Exclusive Penthouse #2,Firenze Quartieri,Rifredi,Alloggio Turistico / Host Airbnb,info@rifrediexclusivepenthouse2.it,https://www.rifrediexclusivepenthouse2.it,+39 334 308 9759,2026-08-17
AIRBNB-02715,Rifredi Holiday Villa #1,Firenze Quartieri,Rifredi,Alloggio Turistico / Host Airbnb,info@rifrediholidayvilla1.it,https://www.rifrediholidayvilla1.it,+39 334 308 9759,2026-08-17
AIRBNB-02716,Rifredi Holiday Villa #2,Firenze Quartieri,Rifredi,Alloggio Turistico / Host Airbnb,info@rifrediholidayvilla2.it,https://www.rifrediholidayvilla2.it,+39 334 308 9759,2026-08-17
AIRBNB-02717,Rifredi Garden House #1,Firenze Quartieri,Rifredi,Alloggio Turistico / Host Airbnb,info@rifredigardenhouse1.it,https://www.rifredigardenhouse1.it,+39 334 308 9759,2026-08-17
AIRBNB-02718,Rifredi Garden House #2,Firenze Quartieri,Rifredi,Alloggio Turistico / Host Airbnb,info@rifredigardenhouse2.it,https://www.rifredigardenhouse2.it,+39 334 308 9759,2026-08-17
AIRBNB-02719,Rifredi Maison Elegance #1,Firenze Quartieri,Rifredi,Alloggio Turistico / Host Airbnb,info@rifredimaisonelegance1.it,https://www.rifredimaisonelegance1.it,+39 334 308 9759,2026-08-17
AIRBNB-02720,Rifredi Maison Elegance #2,Firenze Quartieri,Rifredi,Alloggio Turistico / Host Airbnb,info@rifredimaisonelegance2.it,https://www.rifredimaisonelegance2.it,+39 334 308 9759,2026-08-17
AIRBNB-02721,Rifredi Dimora Tipica #1,Firenze Quartieri,Rifredi,Alloggio Turistico / Host Airbnb,info@rifredidimoratipica1.it,https://www.rifredidimoratipica1.it,+39 334 308 9759,2026-08-17
AIRBNB-02722,Rifredi Dimora Tipica #2,Firenze Quartieri,Rifredi,Alloggio Turistico / Host Airbnb,info@rifredidimoratipica2.it,https://www.rifredidimoratipica2.it,+39 334 308 9759,2026-08-17
AIRBNB-02723,Rifredi Terrace Studio #1,Firenze Quartieri,Rifredi,Alloggio Turistico / Host Airbnb,info@rifrediterracestudio1.it,https://www.rifrediterracestudio1.it,+39 334 308 9759,2026-08-17
AIRBNB-02724,Rifredi Terrace Studio #2,Firenze Quartieri,Rifredi,Alloggio Turistico / Host Airbnb,info@rifrediterracestudio2.it,https://www.rifrediterracestudio2.it,+39 334 308 9759,2026-08-17
AIRBNB-02725,Rifredi Vacanze Relax Home #1,Firenze Quartieri,Rifredi,Alloggio Turistico / Host Airbnb,info@rifredivacanzerelaxhome1.it,https://www.rifredivacanzerelaxhome1.it,+39 334 308 9759,2026-08-17
AIRBNB-02726,Rifredi Vacanze Relax Home #2,Firenze Quartieri,Rifredi,Alloggio Turistico / Host Airbnb,info@rifredivacanzerelaxhome2.it,https://www.rifredivacanzerelaxhome2.it,+39 334 308 9759,2026-08-17
AIRBNB-02727,Rifredi Urban Living Loft #1,Firenze Quartieri,Rifredi,Alloggio Turistico / Host Airbnb,info@rifrediurbanlivingloft1.it,https://www.rifrediurbanlivingloft1.it,+39 334 308 9759,2026-08-17
AIRBNB-02728,Rifredi Urban Living Loft #2,Firenze Quartieri,Rifredi,Alloggio Turistico / Host Airbnb,info@rifrediurbanlivingloft2.it,https://www.rifrediurbanlivingloft2.it,+39 334 308 9759,2026-08-17
AIRBNB-02729,Rifredi Prestige Suites #1,Firenze Quartieri,Rifredi,Alloggio Turistico / Host Airbnb,info@rifrediprestigesuites1.it,https://www.rifrediprestigesuites1.it,+39 334 308 9759,2026-08-17
AIRBNB-02730,Rifredi Prestige Suites #2,Firenze Quartieri,Rifredi,Alloggio Turistico / Host Airbnb,info@rifrediprestigesuites2.it,https://www.rifrediprestigesuites2.it,+39 334 308 9759,2026-08-17
AIRBNB-02731,Rifredi Sea View Apartment #1,Firenze Quartieri,Rifredi,Alloggio Turistico / Host Airbnb,info@rifrediseaviewapartment1.it,https://www.rifrediseaviewapartment1.it,+39 334 308 9759,2026-08-17
AIRBNB-02732,Rifredi Sea View Apartment #2,Firenze Quartieri,Rifredi,Alloggio Turistico / Host Airbnb,info@rifrediseaviewapartment2.it,https://www.rifrediseaviewapartment2.it,+39 334 308 9759,2026-08-17
AIRBNB-02733,Rifredi Art & Style Flat #1,Firenze Quartieri,Rifredi,Alloggio Turistico / Host Airbnb,info@rifrediartstyleflat1.it,https://www.rifrediartstyleflat1.it,+39 334 308 9759,2026-08-17
AIRBNB-02734,Rifredi Art & Style Flat #2,Firenze Quartieri,Rifredi,Alloggio Turistico / Host Airbnb,info@rifrediartstyleflat2.it,https://www.rifrediartstyleflat2.it,+39 334 308 9759,2026-08-17
AIRBNB-02735,Rifredi Cozy Boutique Home #1,Firenze Quartieri,Rifredi,Alloggio Turistico / Host Airbnb,info@rifredicozyboutiquehome1.it,https://www.rifredicozyboutiquehome1.it,+39 334 308 9759,2026-08-17
AIRBNB-02736,Rifredi Cozy Boutique Home #2,Firenze Quartieri,Rifredi,Alloggio Turistico / Host Airbnb,info@rifredicozyboutiquehome2.it,https://www.rifredicozyboutiquehome2.it,+39 334 308 9759,2026-08-17
AIRBNB-02737,Gavinana Luxury Apartment #1,Firenze Quartieri,Gavinana,Alloggio Turistico / Host Airbnb,info@gavinanaluxuryapartment1.it,https://www.gavinanaluxuryapartment1.it,+39 334 308 9759,2026-08-17
AIRBNB-02738,Gavinana Luxury Apartment #2,Firenze Quartieri,Gavinana,Alloggio Turistico / Host Airbnb,info@gavinanaluxuryapartment2.it,https://www.gavinanaluxuryapartment2.it,+39 334 308 9759,2026-08-17
AIRBNB-02739,Gavinana Boutique Suite #1,Firenze Quartieri,Gavinana,Alloggio Turistico / Host Airbnb,info@gavinanaboutiquesuite1.it,https://www.gavinanaboutiquesuite1.it,+39 334 308 9759,2026-08-17
AIRBNB-02740,Gavinana Boutique Suite #2,Firenze Quartieri,Gavinana,Alloggio Turistico / Host Airbnb,info@gavinanaboutiquesuite2.it,https://www.gavinanaboutiquesuite2.it,+39 334 308 9759,2026-08-17
AIRBNB-02741,Gavinana Panoramic View Home #1,Firenze Quartieri,Gavinana,Alloggio Turistico / Host Airbnb,info@gavinanapanoramicviewhome1.it,https://www.gavinanapanoramicviewhome1.it,+39 334 308 9759,2026-08-17
AIRBNB-02742,Gavinana Panoramic View Home #2,Firenze Quartieri,Gavinana,Alloggio Turistico / Host Airbnb,info@gavinanapanoramicviewhome2.it,https://www.gavinanapanoramicviewhome2.it,+39 334 308 9759,2026-08-17
AIRBNB-02743,Gavinana Charme Loft #1,Firenze Quartieri,Gavinana,Alloggio Turistico / Host Airbnb,info@gavinanacharmeloft1.it,https://www.gavinanacharmeloft1.it,+39 334 308 9759,2026-08-17
AIRBNB-02744,Gavinana Charme Loft #2,Firenze Quartieri,Gavinana,Alloggio Turistico / Host Airbnb,info@gavinanacharmeloft2.it,https://www.gavinanacharmeloft2.it,+39 334 308 9759,2026-08-17
AIRBNB-02745,Gavinana Historic Relais #1,Firenze Quartieri,Gavinana,Alloggio Turistico / Host Airbnb,info@gavinanahistoricrelais1.it,https://www.gavinanahistoricrelais1.it,+39 334 308 9759,2026-08-17
AIRBNB-02746,Gavinana Historic Relais #2,Firenze Quartieri,Gavinana,Alloggio Turistico / Host Airbnb,info@gavinanahistoricrelais2.it,https://www.gavinanahistoricrelais2.it,+39 334 308 9759,2026-08-17
AIRBNB-02747,Gavinana Design Flat #1,Firenze Quartieri,Gavinana,Alloggio Turistico / Host Airbnb,info@gavinanadesignflat1.it,https://www.gavinanadesignflat1.it,+39 334 308 9759,2026-08-17
AIRBNB-02748,Gavinana Design Flat #2,Firenze Quartieri,Gavinana,Alloggio Turistico / Host Airbnb,info@gavinanadesignflat2.it,https://www.gavinanadesignflat2.it,+39 334 308 9759,2026-08-17
AIRBNB-02749,Gavinana Exclusive Penthouse #1,Firenze Quartieri,Gavinana,Alloggio Turistico / Host Airbnb,info@gavinanaexclusivepenthouse1.it,https://www.gavinanaexclusivepenthouse1.it,+39 334 308 9759,2026-08-17
AIRBNB-02750,Gavinana Exclusive Penthouse #2,Firenze Quartieri,Gavinana,Alloggio Turistico / Host Airbnb,info@gavinanaexclusivepenthouse2.it,https://www.gavinanaexclusivepenthouse2.it,+39 334 308 9759,2026-08-17
AIRBNB-02751,Gavinana Holiday Villa #1,Firenze Quartieri,Gavinana,Alloggio Turistico / Host Airbnb,info@gavinanaholidayvilla1.it,https://www.gavinanaholidayvilla1.it,+39 334 308 9759,2026-08-17
AIRBNB-02752,Gavinana Holiday Villa #2,Firenze Quartieri,Gavinana,Alloggio Turistico / Host Airbnb,info@gavinanaholidayvilla2.it,https://www.gavinanaholidayvilla2.it,+39 334 308 9759,2026-08-17
AIRBNB-02753,Gavinana Garden House #1,Firenze Quartieri,Gavinana,Alloggio Turistico / Host Airbnb,info@gavinanagardenhouse1.it,https://www.gavinanagardenhouse1.it,+39 334 308 9759,2026-08-17
AIRBNB-02754,Gavinana Garden House #2,Firenze Quartieri,Gavinana,Alloggio Turistico / Host Airbnb,info@gavinanagardenhouse2.it,https://www.gavinanagardenhouse2.it,+39 334 308 9759,2026-08-17
AIRBNB-02755,Gavinana Maison Elegance #1,Firenze Quartieri,Gavinana,Alloggio Turistico / Host Airbnb,info@gavinanamaisonelegance1.it,https://www.gavinanamaisonelegance1.it,+39 334 308 9759,2026-08-17
AIRBNB-02756,Gavinana Maison Elegance #2,Firenze Quartieri,Gavinana,Alloggio Turistico / Host Airbnb,info@gavinanamaisonelegance2.it,https://www.gavinanamaisonelegance2.it,+39 334 308 9759,2026-08-17
AIRBNB-02757,Gavinana Dimora Tipica #1,Firenze Quartieri,Gavinana,Alloggio Turistico / Host Airbnb,info@gavinanadimoratipica1.it,https://www.gavinanadimoratipica1.it,+39 334 308 9759,2026-08-17
AIRBNB-02758,Gavinana Dimora Tipica #2,Firenze Quartieri,Gavinana,Alloggio Turistico / Host Airbnb,info@gavinanadimoratipica2.it,https://www.gavinanadimoratipica2.it,+39 334 308 9759,2026-08-17
AIRBNB-02759,Gavinana Terrace Studio #1,Firenze Quartieri,Gavinana,Alloggio Turistico / Host Airbnb,info@gavinanaterracestudio1.it,https://www.gavinanaterracestudio1.it,+39 334 308 9759,2026-08-17
AIRBNB-02760,Gavinana Terrace Studio #2,Firenze Quartieri,Gavinana,Alloggio Turistico / Host Airbnb,info@gavinanaterracestudio2.it,https://www.gavinanaterracestudio2.it,+39 334 308 9759,2026-08-17
AIRBNB-02761,Gavinana Vacanze Relax Home #1,Firenze Quartieri,Gavinana,Alloggio Turistico / Host Airbnb,info@gavinanavacanzerelaxhome1.it,https://www.gavinanavacanzerelaxhome1.it,+39 334 308 9759,2026-08-17
AIRBNB-02762,Gavinana Vacanze Relax Home #2,Firenze Quartieri,Gavinana,Alloggio Turistico / Host Airbnb,info@gavinanavacanzerelaxhome2.it,https://www.gavinanavacanzerelaxhome2.it,+39 334 308 9759,2026-08-17
AIRBNB-02763,Gavinana Urban Living Loft #1,Firenze Quartieri,Gavinana,Alloggio Turistico / Host Airbnb,info@gavinanaurbanlivingloft1.it,https://www.gavinanaurbanlivingloft1.it,+39 334 308 9759,2026-08-17
AIRBNB-02764,Gavinana Urban Living Loft #2,Firenze Quartieri,Gavinana,Alloggio Turistico / Host Airbnb,info@gavinanaurbanlivingloft2.it,https://www.gavinanaurbanlivingloft2.it,+39 334 308 9759,2026-08-17
AIRBNB-02765,Gavinana Prestige Suites #1,Firenze Quartieri,Gavinana,Alloggio Turistico / Host Airbnb,info@gavinanaprestigesuites1.it,https://www.gavinanaprestigesuites1.it,+39 334 308 9759,2026-08-17
AIRBNB-02766,Gavinana Prestige Suites #2,Firenze Quartieri,Gavinana,Alloggio Turistico / Host Airbnb,info@gavinanaprestigesuites2.it,https://www.gavinanaprestigesuites2.it,+39 334 308 9759,2026-08-17
AIRBNB-02767,Gavinana Sea View Apartment #1,Firenze Quartieri,Gavinana,Alloggio Turistico / Host Airbnb,info@gavinanaseaviewapartment1.it,https://www.gavinanaseaviewapartment1.it,+39 334 308 9759,2026-08-17
AIRBNB-02768,Gavinana Sea View Apartment #2,Firenze Quartieri,Gavinana,Alloggio Turistico / Host Airbnb,info@gavinanaseaviewapartment2.it,https://www.gavinanaseaviewapartment2.it,+39 334 308 9759,2026-08-17
AIRBNB-02769,Gavinana Art & Style Flat #1,Firenze Quartieri,Gavinana,Alloggio Turistico / Host Airbnb,info@gavinanaartstyleflat1.it,https://www.gavinanaartstyleflat1.it,+39 334 308 9759,2026-08-17
AIRBNB-02770,Gavinana Art & Style Flat #2,Firenze Quartieri,Gavinana,Alloggio Turistico / Host Airbnb,info@gavinanaartstyleflat2.it,https://www.gavinanaartstyleflat2.it,+39 334 308 9759,2026-08-17
AIRBNB-02771,Gavinana Cozy Boutique Home #1,Firenze Quartieri,Gavinana,Alloggio Turistico / Host Airbnb,info@gavinanacozyboutiquehome1.it,https://www.gavinanacozyboutiquehome1.it,+39 334 308 9759,2026-08-17
AIRBNB-02772,Gavinana Cozy Boutique Home #2,Firenze Quartieri,Gavinana,Alloggio Turistico / Host Airbnb,info@gavinanacozyboutiquehome2.it,https://www.gavinanacozyboutiquehome2.it,+39 334 308 9759,2026-08-17
AIRBNB-02773,Isolotto Luxury Apartment #1,Firenze Quartieri,Isolotto,Alloggio Turistico / Host Airbnb,info@isolottoluxuryapartment1.it,https://www.isolottoluxuryapartment1.it,+39 334 308 9759,2026-08-17
AIRBNB-02774,Isolotto Luxury Apartment #2,Firenze Quartieri,Isolotto,Alloggio Turistico / Host Airbnb,info@isolottoluxuryapartment2.it,https://www.isolottoluxuryapartment2.it,+39 334 308 9759,2026-08-17
AIRBNB-02775,Isolotto Boutique Suite #1,Firenze Quartieri,Isolotto,Alloggio Turistico / Host Airbnb,info@isolottoboutiquesuite1.it,https://www.isolottoboutiquesuite1.it,+39 334 308 9759,2026-08-17
AIRBNB-02776,Isolotto Boutique Suite #2,Firenze Quartieri,Isolotto,Alloggio Turistico / Host Airbnb,info@isolottoboutiquesuite2.it,https://www.isolottoboutiquesuite2.it,+39 334 308 9759,2026-08-17
AIRBNB-02777,Isolotto Panoramic View Home #1,Firenze Quartieri,Isolotto,Alloggio Turistico / Host Airbnb,info@isolottopanoramicviewhome1.it,https://www.isolottopanoramicviewhome1.it,+39 334 308 9759,2026-08-17
AIRBNB-02778,Isolotto Panoramic View Home #2,Firenze Quartieri,Isolotto,Alloggio Turistico / Host Airbnb,info@isolottopanoramicviewhome2.it,https://www.isolottopanoramicviewhome2.it,+39 334 308 9759,2026-08-17
AIRBNB-02779,Isolotto Charme Loft #1,Firenze Quartieri,Isolotto,Alloggio Turistico / Host Airbnb,info@isolottocharmeloft1.it,https://www.isolottocharmeloft1.it,+39 334 308 9759,2026-08-17
AIRBNB-02780,Isolotto Charme Loft #2,Firenze Quartieri,Isolotto,Alloggio Turistico / Host Airbnb,info@isolottocharmeloft2.it,https://www.isolottocharmeloft2.it,+39 334 308 9759,2026-08-17
AIRBNB-02781,Isolotto Historic Relais #1,Firenze Quartieri,Isolotto,Alloggio Turistico / Host Airbnb,info@isolottohistoricrelais1.it,https://www.isolottohistoricrelais1.it,+39 334 308 9759,2026-08-17
AIRBNB-02782,Isolotto Historic Relais #2,Firenze Quartieri,Isolotto,Alloggio Turistico / Host Airbnb,info@isolottohistoricrelais2.it,https://www.isolottohistoricrelais2.it,+39 334 308 9759,2026-08-17
AIRBNB-02783,Isolotto Design Flat #1,Firenze Quartieri,Isolotto,Alloggio Turistico / Host Airbnb,info@isolottodesignflat1.it,https://www.isolottodesignflat1.it,+39 334 308 9759,2026-08-17
AIRBNB-02784,Isolotto Design Flat #2,Firenze Quartieri,Isolotto,Alloggio Turistico / Host Airbnb,info@isolottodesignflat2.it,https://www.isolottodesignflat2.it,+39 334 308 9759,2026-08-17
AIRBNB-02785,Isolotto Exclusive Penthouse #1,Firenze Quartieri,Isolotto,Alloggio Turistico / Host Airbnb,info@isolottoexclusivepenthouse1.it,https://www.isolottoexclusivepenthouse1.it,+39 334 308 9759,2026-08-17
AIRBNB-02786,Isolotto Exclusive Penthouse #2,Firenze Quartieri,Isolotto,Alloggio Turistico / Host Airbnb,info@isolottoexclusivepenthouse2.it,https://www.isolottoexclusivepenthouse2.it,+39 334 308 9759,2026-08-17
AIRBNB-02787,Isolotto Holiday Villa #1,Firenze Quartieri,Isolotto,Alloggio Turistico / Host Airbnb,info@isolottoholidayvilla1.it,https://www.isolottoholidayvilla1.it,+39 334 308 9759,2026-08-17
AIRBNB-02788,Isolotto Holiday Villa #2,Firenze Quartieri,Isolotto,Alloggio Turistico / Host Airbnb,info@isolottoholidayvilla2.it,https://www.isolottoholidayvilla2.it,+39 334 308 9759,2026-08-17
AIRBNB-02789,Isolotto Garden House #1,Firenze Quartieri,Isolotto,Alloggio Turistico / Host Airbnb,info@isolottogardenhouse1.it,https://www.isolottogardenhouse1.it,+39 334 308 9759,2026-08-17
AIRBNB-02790,Isolotto Garden House #2,Firenze Quartieri,Isolotto,Alloggio Turistico / Host Airbnb,info@isolottogardenhouse2.it,https://www.isolottogardenhouse2.it,+39 334 308 9759,2026-08-17
AIRBNB-02791,Isolotto Maison Elegance #1,Firenze Quartieri,Isolotto,Alloggio Turistico / Host Airbnb,info@isolottomaisonelegance1.it,https://www.isolottomaisonelegance1.it,+39 334 308 9759,2026-08-17
AIRBNB-02792,Isolotto Maison Elegance #2,Firenze Quartieri,Isolotto,Alloggio Turistico / Host Airbnb,info@isolottomaisonelegance2.it,https://www.isolottomaisonelegance2.it,+39 334 308 9759,2026-08-17
AIRBNB-02793,Isolotto Dimora Tipica #1,Firenze Quartieri,Isolotto,Alloggio Turistico / Host Airbnb,info@isolottodimoratipica1.it,https://www.isolottodimoratipica1.it,+39 334 308 9759,2026-08-17
AIRBNB-02794,Isolotto Dimora Tipica #2,Firenze Quartieri,Isolotto,Alloggio Turistico / Host Airbnb,info@isolottodimoratipica2.it,https://www.isolottodimoratipica2.it,+39 334 308 9759,2026-08-17
AIRBNB-02795,Isolotto Terrace Studio #1,Firenze Quartieri,Isolotto,Alloggio Turistico / Host Airbnb,info@isolottoterracestudio1.it,https://www.isolottoterracestudio1.it,+39 334 308 9759,2026-08-17
AIRBNB-02796,Isolotto Terrace Studio #2,Firenze Quartieri,Isolotto,Alloggio Turistico / Host Airbnb,info@isolottoterracestudio2.it,https://www.isolottoterracestudio2.it,+39 334 308 9759,2026-08-17
AIRBNB-02797,Isolotto Vacanze Relax Home #1,Firenze Quartieri,Isolotto,Alloggio Turistico / Host Airbnb,info@isolottovacanzerelaxhome1.it,https://www.isolottovacanzerelaxhome1.it,+39 334 308 9759,2026-08-17
AIRBNB-02798,Isolotto Vacanze Relax Home #2,Firenze Quartieri,Isolotto,Alloggio Turistico / Host Airbnb,info@isolottovacanzerelaxhome2.it,https://www.isolottovacanzerelaxhome2.it,+39 334 308 9759,2026-08-17
AIRBNB-02799,Isolotto Urban Living Loft #1,Firenze Quartieri,Isolotto,Alloggio Turistico / Host Airbnb,info@isolottourbanlivingloft1.it,https://www.isolottourbanlivingloft1.it,+39 334 308 9759,2026-08-17
AIRBNB-02800,Isolotto Urban Living Loft #2,Firenze Quartieri,Isolotto,Alloggio Turistico / Host Airbnb,info@isolottourbanlivingloft2.it,https://www.isolottourbanlivingloft2.it,+39 334 308 9759,2026-08-17
AIRBNB-02801,Isolotto Prestige Suites #1,Firenze Quartieri,Isolotto,Alloggio Turistico / Host Airbnb,info@isolottoprestigesuites1.it,https://www.isolottoprestigesuites1.it,+39 334 308 9759,2026-08-17
AIRBNB-02802,Isolotto Prestige Suites #2,Firenze Quartieri,Isolotto,Alloggio Turistico / Host Airbnb,info@isolottoprestigesuites2.it,https://www.isolottoprestigesuites2.it,+39 334 308 9759,2026-08-17
AIRBNB-02803,Isolotto Sea View Apartment #1,Firenze Quartieri,Isolotto,Alloggio Turistico / Host Airbnb,info@isolottoseaviewapartment1.it,https://www.isolottoseaviewapartment1.it,+39 334 308 9759,2026-08-17
AIRBNB-02804,Isolotto Sea View Apartment #2,Firenze Quartieri,Isolotto,Alloggio Turistico / Host Airbnb,info@isolottoseaviewapartment2.it,https://www.isolottoseaviewapartment2.it,+39 334 308 9759,2026-08-17
AIRBNB-02805,Isolotto Art & Style Flat #1,Firenze Quartieri,Isolotto,Alloggio Turistico / Host Airbnb,info@isolottoartstyleflat1.it,https://www.isolottoartstyleflat1.it,+39 334 308 9759,2026-08-17
AIRBNB-02806,Isolotto Art & Style Flat #2,Firenze Quartieri,Isolotto,Alloggio Turistico / Host Airbnb,info@isolottoartstyleflat2.it,https://www.isolottoartstyleflat2.it,+39 334 308 9759,2026-08-17
AIRBNB-02807,Isolotto Cozy Boutique Home #1,Firenze Quartieri,Isolotto,Alloggio Turistico / Host Airbnb,info@isolottocozyboutiquehome1.it,https://www.isolottocozyboutiquehome1.it,+39 334 308 9759,2026-08-17
AIRBNB-02808,Isolotto Cozy Boutique Home #2,Firenze Quartieri,Isolotto,Alloggio Turistico / Host Airbnb,info@isolottocozyboutiquehome2.it,https://www.isolottocozyboutiquehome2.it,+39 334 308 9759,2026-08-17
AIRBNB-02809,Porta al Prato Luxury Apartment #1,Firenze Quartieri,Porta al Prato,Alloggio Turistico / Host Airbnb,info@portaalpratoluxuryapartment1.it,https://www.portaalpratoluxuryapartment1.it,+39 334 308 9759,2026-08-17
AIRBNB-02810,Porta al Prato Luxury Apartment #2,Firenze Quartieri,Porta al Prato,Alloggio Turistico / Host Airbnb,info@portaalpratoluxuryapartment2.it,https://www.portaalpratoluxuryapartment2.it,+39 334 308 9759,2026-08-17
AIRBNB-02811,Porta al Prato Boutique Suite #1,Firenze Quartieri,Porta al Prato,Alloggio Turistico / Host Airbnb,info@portaalpratoboutiquesuite1.it,https://www.portaalpratoboutiquesuite1.it,+39 334 308 9759,2026-08-17
AIRBNB-02812,Porta al Prato Boutique Suite #2,Firenze Quartieri,Porta al Prato,Alloggio Turistico / Host Airbnb,info@portaalpratoboutiquesuite2.it,https://www.portaalpratoboutiquesuite2.it,+39 334 308 9759,2026-08-17
AIRBNB-02813,Porta al Prato Panoramic View Home #1,Firenze Quartieri,Porta al Prato,Alloggio Turistico / Host Airbnb,info@portaalpratopanoramicviewhome1.it,https://www.portaalpratopanoramicviewhome1.it,+39 334 308 9759,2026-08-17
AIRBNB-02814,Porta al Prato Panoramic View Home #2,Firenze Quartieri,Porta al Prato,Alloggio Turistico / Host Airbnb,info@portaalpratopanoramicviewhome2.it,https://www.portaalpratopanoramicviewhome2.it,+39 334 308 9759,2026-08-17
AIRBNB-02815,Porta al Prato Charme Loft #1,Firenze Quartieri,Porta al Prato,Alloggio Turistico / Host Airbnb,info@portaalpratocharmeloft1.it,https://www.portaalpratocharmeloft1.it,+39 334 308 9759,2026-08-17
AIRBNB-02816,Porta al Prato Charme Loft #2,Firenze Quartieri,Porta al Prato,Alloggio Turistico / Host Airbnb,info@portaalpratocharmeloft2.it,https://www.portaalpratocharmeloft2.it,+39 334 308 9759,2026-08-17
AIRBNB-02817,Porta al Prato Historic Relais #1,Firenze Quartieri,Porta al Prato,Alloggio Turistico / Host Airbnb,info@portaalpratohistoricrelais1.it,https://www.portaalpratohistoricrelais1.it,+39 334 308 9759,2026-08-17
AIRBNB-02818,Porta al Prato Historic Relais #2,Firenze Quartieri,Porta al Prato,Alloggio Turistico / Host Airbnb,info@portaalpratohistoricrelais2.it,https://www.portaalpratohistoricrelais2.it,+39 334 308 9759,2026-08-17
AIRBNB-02819,Porta al Prato Design Flat #1,Firenze Quartieri,Porta al Prato,Alloggio Turistico / Host Airbnb,info@portaalpratodesignflat1.it,https://www.portaalpratodesignflat1.it,+39 334 308 9759,2026-08-17
AIRBNB-02820,Porta al Prato Design Flat #2,Firenze Quartieri,Porta al Prato,Alloggio Turistico / Host Airbnb,info@portaalpratodesignflat2.it,https://www.portaalpratodesignflat2.it,+39 334 308 9759,2026-08-17
AIRBNB-02821,Porta al Prato Exclusive Penthouse #1,Firenze Quartieri,Porta al Prato,Alloggio Turistico / Host Airbnb,info@portaalpratoexclusivepenthouse1.it,https://www.portaalpratoexclusivepenthouse1.it,+39 334 308 9759,2026-08-17
AIRBNB-02822,Porta al Prato Exclusive Penthouse #2,Firenze Quartieri,Porta al Prato,Alloggio Turistico / Host Airbnb,info@portaalpratoexclusivepenthouse2.it,https://www.portaalpratoexclusivepenthouse2.it,+39 334 308 9759,2026-08-17
AIRBNB-02823,Porta al Prato Holiday Villa #1,Firenze Quartieri,Porta al Prato,Alloggio Turistico / Host Airbnb,info@portaalpratoholidayvilla1.it,https://www.portaalpratoholidayvilla1.it,+39 334 308 9759,2026-08-17
AIRBNB-02824,Porta al Prato Holiday Villa #2,Firenze Quartieri,Porta al Prato,Alloggio Turistico / Host Airbnb,info@portaalpratoholidayvilla2.it,https://www.portaalpratoholidayvilla2.it,+39 334 308 9759,2026-08-17
AIRBNB-02825,Porta al Prato Garden House #1,Firenze Quartieri,Porta al Prato,Alloggio Turistico / Host Airbnb,info@portaalpratogardenhouse1.it,https://www.portaalpratogardenhouse1.it,+39 334 308 9759,2026-08-17
AIRBNB-02826,Porta al Prato Garden House #2,Firenze Quartieri,Porta al Prato,Alloggio Turistico / Host Airbnb,info@portaalpratogardenhouse2.it,https://www.portaalpratogardenhouse2.it,+39 334 308 9759,2026-08-17
AIRBNB-02827,Porta al Prato Maison Elegance #1,Firenze Quartieri,Porta al Prato,Alloggio Turistico / Host Airbnb,info@portaalpratomaisonelegance1.it,https://www.portaalpratomaisonelegance1.it,+39 334 308 9759,2026-08-17
AIRBNB-02828,Porta al Prato Maison Elegance #2,Firenze Quartieri,Porta al Prato,Alloggio Turistico / Host Airbnb,info@portaalpratomaisonelegance2.it,https://www.portaalpratomaisonelegance2.it,+39 334 308 9759,2026-08-17
AIRBNB-02829,Porta al Prato Dimora Tipica #1,Firenze Quartieri,Porta al Prato,Alloggio Turistico / Host Airbnb,info@portaalpratodimoratipica1.it,https://www.portaalpratodimoratipica1.it,+39 334 308 9759,2026-08-17
AIRBNB-02830,Porta al Prato Dimora Tipica #2,Firenze Quartieri,Porta al Prato,Alloggio Turistico / Host Airbnb,info@portaalpratodimoratipica2.it,https://www.portaalpratodimoratipica2.it,+39 334 308 9759,2026-08-17
AIRBNB-02831,Porta al Prato Terrace Studio #1,Firenze Quartieri,Porta al Prato,Alloggio Turistico / Host Airbnb,info@portaalpratoterracestudio1.it,https://www.portaalpratoterracestudio1.it,+39 334 308 9759,2026-08-17
AIRBNB-02832,Porta al Prato Terrace Studio #2,Firenze Quartieri,Porta al Prato,Alloggio Turistico / Host Airbnb,info@portaalpratoterracestudio2.it,https://www.portaalpratoterracestudio2.it,+39 334 308 9759,2026-08-17
AIRBNB-02833,Porta al Prato Vacanze Relax Home #1,Firenze Quartieri,Porta al Prato,Alloggio Turistico / Host Airbnb,info@portaalpratovacanzerelaxhome1.it,https://www.portaalpratovacanzerelaxhome1.it,+39 334 308 9759,2026-08-17
AIRBNB-02834,Porta al Prato Vacanze Relax Home #2,Firenze Quartieri,Porta al Prato,Alloggio Turistico / Host Airbnb,info@portaalpratovacanzerelaxhome2.it,https://www.portaalpratovacanzerelaxhome2.it,+39 334 308 9759,2026-08-17
AIRBNB-02835,Porta al Prato Urban Living Loft #1,Firenze Quartieri,Porta al Prato,Alloggio Turistico / Host Airbnb,info@portaalpratourbanlivingloft1.it,https://www.portaalpratourbanlivingloft1.it,+39 334 308 9759,2026-08-17
AIRBNB-02836,Porta al Prato Urban Living Loft #2,Firenze Quartieri,Porta al Prato,Alloggio Turistico / Host Airbnb,info@portaalpratourbanlivingloft2.it,https://www.portaalpratourbanlivingloft2.it,+39 334 308 9759,2026-08-17
AIRBNB-02837,Porta al Prato Prestige Suites #1,Firenze Quartieri,Porta al Prato,Alloggio Turistico / Host Airbnb,info@portaalpratoprestigesuites1.it,https://www.portaalpratoprestigesuites1.it,+39 334 308 9759,2026-08-17
AIRBNB-02838,Porta al Prato Prestige Suites #2,Firenze Quartieri,Porta al Prato,Alloggio Turistico / Host Airbnb,info@portaalpratoprestigesuites2.it,https://www.portaalpratoprestigesuites2.it,+39 334 308 9759,2026-08-17
AIRBNB-02839,Porta al Prato Sea View Apartment #1,Firenze Quartieri,Porta al Prato,Alloggio Turistico / Host Airbnb,info@portaalpratoseaviewapartment1.it,https://www.portaalpratoseaviewapartment1.it,+39 334 308 9759,2026-08-17
AIRBNB-02840,Porta al Prato Sea View Apartment #2,Firenze Quartieri,Porta al Prato,Alloggio Turistico / Host Airbnb,info@portaalpratoseaviewapartment2.it,https://www.portaalpratoseaviewapartment2.it,+39 334 308 9759,2026-08-17
AIRBNB-02841,Porta al Prato Art & Style Flat #1,Firenze Quartieri,Porta al Prato,Alloggio Turistico / Host Airbnb,info@portaalpratoartstyleflat1.it,https://www.portaalpratoartstyleflat1.it,+39 334 308 9759,2026-08-17
AIRBNB-02842,Porta al Prato Art & Style Flat #2,Firenze Quartieri,Porta al Prato,Alloggio Turistico / Host Airbnb,info@portaalpratoartstyleflat2.it,https://www.portaalpratoartstyleflat2.it,+39 334 308 9759,2026-08-17
AIRBNB-02843,Porta al Prato Cozy Boutique Home #1,Firenze Quartieri,Porta al Prato,Alloggio Turistico / Host Airbnb,info@portaalpratocozyboutiquehome1.it,https://www.portaalpratocozyboutiquehome1.it,+39 334 308 9759,2026-08-17
AIRBNB-02844,Porta al Prato Cozy Boutique Home #2,Firenze Quartieri,Porta al Prato,Alloggio Turistico / Host Airbnb,info@portaalpratocozyboutiquehome2.it,https://www.portaalpratocozyboutiquehome2.it,+39 334 308 9759,2026-08-17
AIRBNB-02845,Novoli Luxury Apartment #1,Firenze Quartieri,Novoli,Alloggio Turistico / Host Airbnb,info@novoliluxuryapartment1.it,https://www.novoliluxuryapartment1.it,+39 334 308 9759,2026-08-17
AIRBNB-02846,Novoli Luxury Apartment #2,Firenze Quartieri,Novoli,Alloggio Turistico / Host Airbnb,info@novoliluxuryapartment2.it,https://www.novoliluxuryapartment2.it,+39 334 308 9759,2026-08-17
AIRBNB-02847,Novoli Boutique Suite #1,Firenze Quartieri,Novoli,Alloggio Turistico / Host Airbnb,info@novoliboutiquesuite1.it,https://www.novoliboutiquesuite1.it,+39 334 308 9759,2026-08-17
AIRBNB-02848,Novoli Boutique Suite #2,Firenze Quartieri,Novoli,Alloggio Turistico / Host Airbnb,info@novoliboutiquesuite2.it,https://www.novoliboutiquesuite2.it,+39 334 308 9759,2026-08-17
AIRBNB-02849,Novoli Panoramic View Home #1,Firenze Quartieri,Novoli,Alloggio Turistico / Host Airbnb,info@novolipanoramicviewhome1.it,https://www.novolipanoramicviewhome1.it,+39 334 308 9759,2026-08-17
AIRBNB-02850,Novoli Panoramic View Home #2,Firenze Quartieri,Novoli,Alloggio Turistico / Host Airbnb,info@novolipanoramicviewhome2.it,https://www.novolipanoramicviewhome2.it,+39 334 308 9759,2026-08-17
AIRBNB-02851,Novoli Charme Loft #1,Firenze Quartieri,Novoli,Alloggio Turistico / Host Airbnb,info@novolicharmeloft1.it,https://www.novolicharmeloft1.it,+39 334 308 9759,2026-08-17
AIRBNB-02852,Novoli Charme Loft #2,Firenze Quartieri,Novoli,Alloggio Turistico / Host Airbnb,info@novolicharmeloft2.it,https://www.novolicharmeloft2.it,+39 334 308 9759,2026-08-17
AIRBNB-02853,Novoli Historic Relais #1,Firenze Quartieri,Novoli,Alloggio Turistico / Host Airbnb,info@novolihistoricrelais1.it,https://www.novolihistoricrelais1.it,+39 334 308 9759,2026-08-17
AIRBNB-02854,Novoli Historic Relais #2,Firenze Quartieri,Novoli,Alloggio Turistico / Host Airbnb,info@novolihistoricrelais2.it,https://www.novolihistoricrelais2.it,+39 334 308 9759,2026-08-17
AIRBNB-02855,Novoli Design Flat #1,Firenze Quartieri,Novoli,Alloggio Turistico / Host Airbnb,info@novolidesignflat1.it,https://www.novolidesignflat1.it,+39 334 308 9759,2026-08-17
AIRBNB-02856,Novoli Design Flat #2,Firenze Quartieri,Novoli,Alloggio Turistico / Host Airbnb,info@novolidesignflat2.it,https://www.novolidesignflat2.it,+39 334 308 9759,2026-08-17
AIRBNB-02857,Novoli Exclusive Penthouse #1,Firenze Quartieri,Novoli,Alloggio Turistico / Host Airbnb,info@novoliexclusivepenthouse1.it,https://www.novoliexclusivepenthouse1.it,+39 334 308 9759,2026-08-17
AIRBNB-02858,Novoli Exclusive Penthouse #2,Firenze Quartieri,Novoli,Alloggio Turistico / Host Airbnb,info@novoliexclusivepenthouse2.it,https://www.novoliexclusivepenthouse2.it,+39 334 308 9759,2026-08-17
AIRBNB-02859,Novoli Holiday Villa #1,Firenze Quartieri,Novoli,Alloggio Turistico / Host Airbnb,info@novoliholidayvilla1.it,https://www.novoliholidayvilla1.it,+39 334 308 9759,2026-08-17
AIRBNB-02860,Novoli Holiday Villa #2,Firenze Quartieri,Novoli,Alloggio Turistico / Host Airbnb,info@novoliholidayvilla2.it,https://www.novoliholidayvilla2.it,+39 334 308 9759,2026-08-17
AIRBNB-02861,Novoli Garden House #1,Firenze Quartieri,Novoli,Alloggio Turistico / Host Airbnb,info@novoligardenhouse1.it,https://www.novoligardenhouse1.it,+39 334 308 9759,2026-08-17
AIRBNB-02862,Novoli Garden House #2,Firenze Quartieri,Novoli,Alloggio Turistico / Host Airbnb,info@novoligardenhouse2.it,https://www.novoligardenhouse2.it,+39 334 308 9759,2026-08-17
AIRBNB-02863,Novoli Maison Elegance #1,Firenze Quartieri,Novoli,Alloggio Turistico / Host Airbnb,info@novolimaisonelegance1.it,https://www.novolimaisonelegance1.it,+39 334 308 9759,2026-08-17
AIRBNB-02864,Novoli Maison Elegance #2,Firenze Quartieri,Novoli,Alloggio Turistico / Host Airbnb,info@novolimaisonelegance2.it,https://www.novolimaisonelegance2.it,+39 334 308 9759,2026-08-17
AIRBNB-02865,Novoli Dimora Tipica #1,Firenze Quartieri,Novoli,Alloggio Turistico / Host Airbnb,info@novolidimoratipica1.it,https://www.novolidimoratipica1.it,+39 334 308 9759,2026-08-17
AIRBNB-02866,Novoli Dimora Tipica #2,Firenze Quartieri,Novoli,Alloggio Turistico / Host Airbnb,info@novolidimoratipica2.it,https://www.novolidimoratipica2.it,+39 334 308 9759,2026-08-17
AIRBNB-02867,Novoli Terrace Studio #1,Firenze Quartieri,Novoli,Alloggio Turistico / Host Airbnb,info@novoliterracestudio1.it,https://www.novoliterracestudio1.it,+39 334 308 9759,2026-08-17
AIRBNB-02868,Novoli Terrace Studio #2,Firenze Quartieri,Novoli,Alloggio Turistico / Host Airbnb,info@novoliterracestudio2.it,https://www.novoliterracestudio2.it,+39 334 308 9759,2026-08-17
AIRBNB-02869,Novoli Vacanze Relax Home #1,Firenze Quartieri,Novoli,Alloggio Turistico / Host Airbnb,info@novolivacanzerelaxhome1.it,https://www.novolivacanzerelaxhome1.it,+39 334 308 9759,2026-08-17
AIRBNB-02870,Novoli Vacanze Relax Home #2,Firenze Quartieri,Novoli,Alloggio Turistico / Host Airbnb,info@novolivacanzerelaxhome2.it,https://www.novolivacanzerelaxhome2.it,+39 334 308 9759,2026-08-17
AIRBNB-02871,Novoli Urban Living Loft #1,Firenze Quartieri,Novoli,Alloggio Turistico / Host Airbnb,info@novoliurbanlivingloft1.it,https://www.novoliurbanlivingloft1.it,+39 334 308 9759,2026-08-17
AIRBNB-02872,Novoli Urban Living Loft #2,Firenze Quartieri,Novoli,Alloggio Turistico / Host Airbnb,info@novoliurbanlivingloft2.it,https://www.novoliurbanlivingloft2.it,+39 334 308 9759,2026-08-17
AIRBNB-02873,Novoli Prestige Suites #1,Firenze Quartieri,Novoli,Alloggio Turistico / Host Airbnb,info@novoliprestigesuites1.it,https://www.novoliprestigesuites1.it,+39 334 308 9759,2026-08-17
AIRBNB-02874,Novoli Prestige Suites #2,Firenze Quartieri,Novoli,Alloggio Turistico / Host Airbnb,info@novoliprestigesuites2.it,https://www.novoliprestigesuites2.it,+39 334 308 9759,2026-08-17
AIRBNB-02875,Novoli Sea View Apartment #1,Firenze Quartieri,Novoli,Alloggio Turistico / Host Airbnb,info@novoliseaviewapartment1.it,https://www.novoliseaviewapartment1.it,+39 334 308 9759,2026-08-17
AIRBNB-02876,Novoli Sea View Apartment #2,Firenze Quartieri,Novoli,Alloggio Turistico / Host Airbnb,info@novoliseaviewapartment2.it,https://www.novoliseaviewapartment2.it,+39 334 308 9759,2026-08-17
AIRBNB-02877,Novoli Art & Style Flat #1,Firenze Quartieri,Novoli,Alloggio Turistico / Host Airbnb,info@novoliartstyleflat1.it,https://www.novoliartstyleflat1.it,+39 334 308 9759,2026-08-17
AIRBNB-02878,Novoli Art & Style Flat #2,Firenze Quartieri,Novoli,Alloggio Turistico / Host Airbnb,info@novoliartstyleflat2.it,https://www.novoliartstyleflat2.it,+39 334 308 9759,2026-08-17
AIRBNB-02879,Novoli Cozy Boutique Home #1,Firenze Quartieri,Novoli,Alloggio Turistico / Host Airbnb,info@novolicozyboutiquehome1.it,https://www.novolicozyboutiquehome1.it,+39 334 308 9759,2026-08-17
AIRBNB-02880,Novoli Cozy Boutique Home #2,Firenze Quartieri,Novoli,Alloggio Turistico / Host Airbnb,info@novolicozyboutiquehome2.it,https://www.novolicozyboutiquehome2.it,+39 334 308 9759,2026-08-17
AIRBNB-02881,Piazzale Michelangelo Luxury Apartment #1,Firenze Quartieri,Piazzale Michelangelo,Alloggio Turistico / Host Airbnb,info@piazzalemichelangeloluxuryapartment1.it,https://www.piazzalemichelangeloluxuryapartment1.it,+39 334 308 9759,2026-08-17
AIRBNB-02882,Piazzale Michelangelo Luxury Apartment #2,Firenze Quartieri,Piazzale Michelangelo,Alloggio Turistico / Host Airbnb,info@piazzalemichelangeloluxuryapartment2.it,https://www.piazzalemichelangeloluxuryapartment2.it,+39 334 308 9759,2026-08-17
AIRBNB-02883,Piazzale Michelangelo Boutique Suite #1,Firenze Quartieri,Piazzale Michelangelo,Alloggio Turistico / Host Airbnb,info@piazzalemichelangeloboutiquesuite1.it,https://www.piazzalemichelangeloboutiquesuite1.it,+39 334 308 9759,2026-08-17
AIRBNB-02884,Piazzale Michelangelo Boutique Suite #2,Firenze Quartieri,Piazzale Michelangelo,Alloggio Turistico / Host Airbnb,info@piazzalemichelangeloboutiquesuite2.it,https://www.piazzalemichelangeloboutiquesuite2.it,+39 334 308 9759,2026-08-17
AIRBNB-02885,Piazzale Michelangelo Panoramic View Home #1,Firenze Quartieri,Piazzale Michelangelo,Alloggio Turistico / Host Airbnb,info@piazzalemichelangelopanoramicviewhome1.it,https://www.piazzalemichelangelopanoramicviewhome1.it,+39 334 308 9759,2026-08-17
AIRBNB-02886,Piazzale Michelangelo Panoramic View Home #2,Firenze Quartieri,Piazzale Michelangelo,Alloggio Turistico / Host Airbnb,info@piazzalemichelangelopanoramicviewhome2.it,https://www.piazzalemichelangelopanoramicviewhome2.it,+39 334 308 9759,2026-08-17
AIRBNB-02887,Piazzale Michelangelo Charme Loft #1,Firenze Quartieri,Piazzale Michelangelo,Alloggio Turistico / Host Airbnb,info@piazzalemichelangelocharmeloft1.it,https://www.piazzalemichelangelocharmeloft1.it,+39 334 308 9759,2026-08-17
AIRBNB-02888,Piazzale Michelangelo Charme Loft #2,Firenze Quartieri,Piazzale Michelangelo,Alloggio Turistico / Host Airbnb,info@piazzalemichelangelocharmeloft2.it,https://www.piazzalemichelangelocharmeloft2.it,+39 334 308 9759,2026-08-17
AIRBNB-02889,Piazzale Michelangelo Historic Relais #1,Firenze Quartieri,Piazzale Michelangelo,Alloggio Turistico / Host Airbnb,info@piazzalemichelangelohistoricrelais1.it,https://www.piazzalemichelangelohistoricrelais1.it,+39 334 308 9759,2026-08-17
AIRBNB-02890,Piazzale Michelangelo Historic Relais #2,Firenze Quartieri,Piazzale Michelangelo,Alloggio Turistico / Host Airbnb,info@piazzalemichelangelohistoricrelais2.it,https://www.piazzalemichelangelohistoricrelais2.it,+39 334 308 9759,2026-08-17
AIRBNB-02891,Piazzale Michelangelo Design Flat #1,Firenze Quartieri,Piazzale Michelangelo,Alloggio Turistico / Host Airbnb,info@piazzalemichelangelodesignflat1.it,https://www.piazzalemichelangelodesignflat1.it,+39 334 308 9759,2026-08-17
AIRBNB-02892,Piazzale Michelangelo Design Flat #2,Firenze Quartieri,Piazzale Michelangelo,Alloggio Turistico / Host Airbnb,info@piazzalemichelangelodesignflat2.it,https://www.piazzalemichelangelodesignflat2.it,+39 334 308 9759,2026-08-17
AIRBNB-02893,Piazzale Michelangelo Exclusive Penthouse #1,Firenze Quartieri,Piazzale Michelangelo,Alloggio Turistico / Host Airbnb,info@piazzalemichelangeloexclusivepenthouse1.it,https://www.piazzalemichelangeloexclusivepenthouse1.it,+39 334 308 9759,2026-08-17
AIRBNB-02894,Piazzale Michelangelo Exclusive Penthouse #2,Firenze Quartieri,Piazzale Michelangelo,Alloggio Turistico / Host Airbnb,info@piazzalemichelangeloexclusivepenthouse2.it,https://www.piazzalemichelangeloexclusivepenthouse2.it,+39 334 308 9759,2026-08-17
AIRBNB-02895,Piazzale Michelangelo Holiday Villa #1,Firenze Quartieri,Piazzale Michelangelo,Alloggio Turistico / Host Airbnb,info@piazzalemichelangeloholidayvilla1.it,https://www.piazzalemichelangeloholidayvilla1.it,+39 334 308 9759,2026-08-17
AIRBNB-02896,Piazzale Michelangelo Holiday Villa #2,Firenze Quartieri,Piazzale Michelangelo,Alloggio Turistico / Host Airbnb,info@piazzalemichelangeloholidayvilla2.it,https://www.piazzalemichelangeloholidayvilla2.it,+39 334 308 9759,2026-08-17
AIRBNB-02897,Piazzale Michelangelo Garden House #1,Firenze Quartieri,Piazzale Michelangelo,Alloggio Turistico / Host Airbnb,info@piazzalemichelangelogardenhouse1.it,https://www.piazzalemichelangelogardenhouse1.it,+39 334 308 9759,2026-08-17
AIRBNB-02898,Piazzale Michelangelo Garden House #2,Firenze Quartieri,Piazzale Michelangelo,Alloggio Turistico / Host Airbnb,info@piazzalemichelangelogardenhouse2.it,https://www.piazzalemichelangelogardenhouse2.it,+39 334 308 9759,2026-08-17
AIRBNB-02899,Piazzale Michelangelo Maison Elegance #1,Firenze Quartieri,Piazzale Michelangelo,Alloggio Turistico / Host Airbnb,info@piazzalemichelangelomaisonelegance1.it,https://www.piazzalemichelangelomaisonelegance1.it,+39 334 308 9759,2026-08-17
AIRBNB-02900,Piazzale Michelangelo Maison Elegance #2,Firenze Quartieri,Piazzale Michelangelo,Alloggio Turistico / Host Airbnb,info@piazzalemichelangelomaisonelegance2.it,https://www.piazzalemichelangelomaisonelegance2.it,+39 334 308 9759,2026-08-17
AIRBNB-02901,Piazzale Michelangelo Dimora Tipica #1,Firenze Quartieri,Piazzale Michelangelo,Alloggio Turistico / Host Airbnb,info@piazzalemichelangelodimoratipica1.it,https://www.piazzalemichelangelodimoratipica1.it,+39 334 308 9759,2026-08-17
AIRBNB-02902,Piazzale Michelangelo Dimora Tipica #2,Firenze Quartieri,Piazzale Michelangelo,Alloggio Turistico / Host Airbnb,info@piazzalemichelangelodimoratipica2.it,https://www.piazzalemichelangelodimoratipica2.it,+39 334 308 9759,2026-08-17
AIRBNB-02903,Piazzale Michelangelo Terrace Studio #1,Firenze Quartieri,Piazzale Michelangelo,Alloggio Turistico / Host Airbnb,info@piazzalemichelangeloterracestudio1.it,https://www.piazzalemichelangeloterracestudio1.it,+39 334 308 9759,2026-08-17
AIRBNB-02904,Piazzale Michelangelo Terrace Studio #2,Firenze Quartieri,Piazzale Michelangelo,Alloggio Turistico / Host Airbnb,info@piazzalemichelangeloterracestudio2.it,https://www.piazzalemichelangeloterracestudio2.it,+39 334 308 9759,2026-08-17
AIRBNB-02905,Piazzale Michelangelo Vacanze Relax Home #1,Firenze Quartieri,Piazzale Michelangelo,Alloggio Turistico / Host Airbnb,info@piazzalemichelangelovacanzerelaxhome1.it,https://www.piazzalemichelangelovacanzerelaxhome1.it,+39 334 308 9759,2026-08-17
AIRBNB-02906,Piazzale Michelangelo Vacanze Relax Home #2,Firenze Quartieri,Piazzale Michelangelo,Alloggio Turistico / Host Airbnb,info@piazzalemichelangelovacanzerelaxhome2.it,https://www.piazzalemichelangelovacanzerelaxhome2.it,+39 334 308 9759,2026-08-17
AIRBNB-02907,Piazzale Michelangelo Urban Living Loft #1,Firenze Quartieri,Piazzale Michelangelo,Alloggio Turistico / Host Airbnb,info@piazzalemichelangelourbanlivingloft1.it,https://www.piazzalemichelangelourbanlivingloft1.it,+39 334 308 9759,2026-08-17
AIRBNB-02908,Piazzale Michelangelo Urban Living Loft #2,Firenze Quartieri,Piazzale Michelangelo,Alloggio Turistico / Host Airbnb,info@piazzalemichelangelourbanlivingloft2.it,https://www.piazzalemichelangelourbanlivingloft2.it,+39 334 308 9759,2026-08-17
AIRBNB-02909,Piazzale Michelangelo Prestige Suites #1,Firenze Quartieri,Piazzale Michelangelo,Alloggio Turistico / Host Airbnb,info@piazzalemichelangeloprestigesuites1.it,https://www.piazzalemichelangeloprestigesuites1.it,+39 334 308 9759,2026-08-17
AIRBNB-02910,Piazzale Michelangelo Prestige Suites #2,Firenze Quartieri,Piazzale Michelangelo,Alloggio Turistico / Host Airbnb,info@piazzalemichelangeloprestigesuites2.it,https://www.piazzalemichelangeloprestigesuites2.it,+39 334 308 9759,2026-08-17
AIRBNB-02911,Piazzale Michelangelo Sea View Apartment #1,Firenze Quartieri,Piazzale Michelangelo,Alloggio Turistico / Host Airbnb,info@piazzalemichelangeloseaviewapartment1.it,https://www.piazzalemichelangeloseaviewapartment1.it,+39 334 308 9759,2026-08-17
AIRBNB-02912,Piazzale Michelangelo Sea View Apartment #2,Firenze Quartieri,Piazzale Michelangelo,Alloggio Turistico / Host Airbnb,info@piazzalemichelangeloseaviewapartment2.it,https://www.piazzalemichelangeloseaviewapartment2.it,+39 334 308 9759,2026-08-17
AIRBNB-02913,Piazzale Michelangelo Art & Style Flat #1,Firenze Quartieri,Piazzale Michelangelo,Alloggio Turistico / Host Airbnb,info@piazzalemichelangeloartstyleflat1.it,https://www.piazzalemichelangeloartstyleflat1.it,+39 334 308 9759,2026-08-17
AIRBNB-02914,Piazzale Michelangelo Art & Style Flat #2,Firenze Quartieri,Piazzale Michelangelo,Alloggio Turistico / Host Airbnb,info@piazzalemichelangeloartstyleflat2.it,https://www.piazzalemichelangeloartstyleflat2.it,+39 334 308 9759,2026-08-17
AIRBNB-02915,Piazzale Michelangelo Cozy Boutique Home #1,Firenze Quartieri,Piazzale Michelangelo,Alloggio Turistico / Host Airbnb,info@piazzalemichelangelocozyboutiquehome1.it,https://www.piazzalemichelangelocozyboutiquehome1.it,+39 334 308 9759,2026-08-17
AIRBNB-02916,Piazzale Michelangelo Cozy Boutique Home #2,Firenze Quartieri,Piazzale Michelangelo,Alloggio Turistico / Host Airbnb,info@piazzalemichelangelocozyboutiquehome2.it,https://www.piazzalemichelangelocozyboutiquehome2.it,+39 334 308 9759,2026-08-17
AIRBNB-02917,Fiesole Luxury Apartment #1,Firenze Provincia & Chianti,Fiesole,Alloggio Turistico / Host Airbnb,info@fiesoleluxuryapartment1.it,https://www.fiesoleluxuryapartment1.it,+39 334 308 9759,2026-08-17
AIRBNB-02918,Fiesole Luxury Apartment #2,Firenze Provincia & Chianti,Fiesole,Alloggio Turistico / Host Airbnb,info@fiesoleluxuryapartment2.it,https://www.fiesoleluxuryapartment2.it,+39 334 308 9759,2026-08-17
AIRBNB-02919,Fiesole Boutique Suite #1,Firenze Provincia & Chianti,Fiesole,Alloggio Turistico / Host Airbnb,info@fiesoleboutiquesuite1.it,https://www.fiesoleboutiquesuite1.it,+39 334 308 9759,2026-08-17
AIRBNB-02920,Fiesole Boutique Suite #2,Firenze Provincia & Chianti,Fiesole,Alloggio Turistico / Host Airbnb,info@fiesoleboutiquesuite2.it,https://www.fiesoleboutiquesuite2.it,+39 334 308 9759,2026-08-17
AIRBNB-02921,Fiesole Panoramic View Home #1,Firenze Provincia & Chianti,Fiesole,Alloggio Turistico / Host Airbnb,info@fiesolepanoramicviewhome1.it,https://www.fiesolepanoramicviewhome1.it,+39 334 308 9759,2026-08-17
AIRBNB-02922,Fiesole Panoramic View Home #2,Firenze Provincia & Chianti,Fiesole,Alloggio Turistico / Host Airbnb,info@fiesolepanoramicviewhome2.it,https://www.fiesolepanoramicviewhome2.it,+39 334 308 9759,2026-08-17
AIRBNB-02923,Fiesole Charme Loft #1,Firenze Provincia & Chianti,Fiesole,Alloggio Turistico / Host Airbnb,info@fiesolecharmeloft1.it,https://www.fiesolecharmeloft1.it,+39 334 308 9759,2026-08-17
AIRBNB-02924,Fiesole Charme Loft #2,Firenze Provincia & Chianti,Fiesole,Alloggio Turistico / Host Airbnb,info@fiesolecharmeloft2.it,https://www.fiesolecharmeloft2.it,+39 334 308 9759,2026-08-17
AIRBNB-02925,Fiesole Historic Relais #1,Firenze Provincia & Chianti,Fiesole,Alloggio Turistico / Host Airbnb,info@fiesolehistoricrelais1.it,https://www.fiesolehistoricrelais1.it,+39 334 308 9759,2026-08-17
AIRBNB-02926,Fiesole Historic Relais #2,Firenze Provincia & Chianti,Fiesole,Alloggio Turistico / Host Airbnb,info@fiesolehistoricrelais2.it,https://www.fiesolehistoricrelais2.it,+39 334 308 9759,2026-08-17
AIRBNB-02927,Fiesole Design Flat #1,Firenze Provincia & Chianti,Fiesole,Alloggio Turistico / Host Airbnb,info@fiesoledesignflat1.it,https://www.fiesoledesignflat1.it,+39 334 308 9759,2026-08-17
AIRBNB-02928,Fiesole Design Flat #2,Firenze Provincia & Chianti,Fiesole,Alloggio Turistico / Host Airbnb,info@fiesoledesignflat2.it,https://www.fiesoledesignflat2.it,+39 334 308 9759,2026-08-17
AIRBNB-02929,Fiesole Exclusive Penthouse #1,Firenze Provincia & Chianti,Fiesole,Alloggio Turistico / Host Airbnb,info@fiesoleexclusivepenthouse1.it,https://www.fiesoleexclusivepenthouse1.it,+39 334 308 9759,2026-08-17
AIRBNB-02930,Fiesole Exclusive Penthouse #2,Firenze Provincia & Chianti,Fiesole,Alloggio Turistico / Host Airbnb,info@fiesoleexclusivepenthouse2.it,https://www.fiesoleexclusivepenthouse2.it,+39 334 308 9759,2026-08-17
AIRBNB-02931,Fiesole Holiday Villa #1,Firenze Provincia & Chianti,Fiesole,Alloggio Turistico / Host Airbnb,info@fiesoleholidayvilla1.it,https://www.fiesoleholidayvilla1.it,+39 334 308 9759,2026-08-17
AIRBNB-02932,Fiesole Holiday Villa #2,Firenze Provincia & Chianti,Fiesole,Alloggio Turistico / Host Airbnb,info@fiesoleholidayvilla2.it,https://www.fiesoleholidayvilla2.it,+39 334 308 9759,2026-08-17
AIRBNB-02933,Fiesole Garden House #1,Firenze Provincia & Chianti,Fiesole,Alloggio Turistico / Host Airbnb,info@fiesolegardenhouse1.it,https://www.fiesolegardenhouse1.it,+39 334 308 9759,2026-08-17
AIRBNB-02934,Fiesole Garden House #2,Firenze Provincia & Chianti,Fiesole,Alloggio Turistico / Host Airbnb,info@fiesolegardenhouse2.it,https://www.fiesolegardenhouse2.it,+39 334 308 9759,2026-08-17
AIRBNB-02935,Fiesole Maison Elegance #1,Firenze Provincia & Chianti,Fiesole,Alloggio Turistico / Host Airbnb,info@fiesolemaisonelegance1.it,https://www.fiesolemaisonelegance1.it,+39 334 308 9759,2026-08-17
AIRBNB-02936,Fiesole Maison Elegance #2,Firenze Provincia & Chianti,Fiesole,Alloggio Turistico / Host Airbnb,info@fiesolemaisonelegance2.it,https://www.fiesolemaisonelegance2.it,+39 334 308 9759,2026-08-17
AIRBNB-02937,Fiesole Dimora Tipica #1,Firenze Provincia & Chianti,Fiesole,Alloggio Turistico / Host Airbnb,info@fiesoledimoratipica1.it,https://www.fiesoledimoratipica1.it,+39 334 308 9759,2026-08-17
AIRBNB-02938,Fiesole Dimora Tipica #2,Firenze Provincia & Chianti,Fiesole,Alloggio Turistico / Host Airbnb,info@fiesoledimoratipica2.it,https://www.fiesoledimoratipica2.it,+39 334 308 9759,2026-08-17
AIRBNB-02939,Fiesole Terrace Studio #1,Firenze Provincia & Chianti,Fiesole,Alloggio Turistico / Host Airbnb,info@fiesoleterracestudio1.it,https://www.fiesoleterracestudio1.it,+39 334 308 9759,2026-08-17
AIRBNB-02940,Fiesole Terrace Studio #2,Firenze Provincia & Chianti,Fiesole,Alloggio Turistico / Host Airbnb,info@fiesoleterracestudio2.it,https://www.fiesoleterracestudio2.it,+39 334 308 9759,2026-08-17
AIRBNB-02941,Fiesole Vacanze Relax Home #1,Firenze Provincia & Chianti,Fiesole,Alloggio Turistico / Host Airbnb,info@fiesolevacanzerelaxhome1.it,https://www.fiesolevacanzerelaxhome1.it,+39 334 308 9759,2026-08-17
AIRBNB-02942,Fiesole Vacanze Relax Home #2,Firenze Provincia & Chianti,Fiesole,Alloggio Turistico / Host Airbnb,info@fiesolevacanzerelaxhome2.it,https://www.fiesolevacanzerelaxhome2.it,+39 334 308 9759,2026-08-17
AIRBNB-02943,Fiesole Urban Living Loft #1,Firenze Provincia & Chianti,Fiesole,Alloggio Turistico / Host Airbnb,info@fiesoleurbanlivingloft1.it,https://www.fiesoleurbanlivingloft1.it,+39 334 308 9759,2026-08-17
AIRBNB-02944,Fiesole Urban Living Loft #2,Firenze Provincia & Chianti,Fiesole,Alloggio Turistico / Host Airbnb,info@fiesoleurbanlivingloft2.it,https://www.fiesoleurbanlivingloft2.it,+39 334 308 9759,2026-08-17
AIRBNB-02945,Fiesole Prestige Suites #1,Firenze Provincia & Chianti,Fiesole,Alloggio Turistico / Host Airbnb,info@fiesoleprestigesuites1.it,https://www.fiesoleprestigesuites1.it,+39 334 308 9759,2026-08-17
AIRBNB-02946,Fiesole Prestige Suites #2,Firenze Provincia & Chianti,Fiesole,Alloggio Turistico / Host Airbnb,info@fiesoleprestigesuites2.it,https://www.fiesoleprestigesuites2.it,+39 334 308 9759,2026-08-17
AIRBNB-02947,Fiesole Sea View Apartment #1,Firenze Provincia & Chianti,Fiesole,Alloggio Turistico / Host Airbnb,info@fiesoleseaviewapartment1.it,https://www.fiesoleseaviewapartment1.it,+39 334 308 9759,2026-08-17
AIRBNB-02948,Fiesole Sea View Apartment #2,Firenze Provincia & Chianti,Fiesole,Alloggio Turistico / Host Airbnb,info@fiesoleseaviewapartment2.it,https://www.fiesoleseaviewapartment2.it,+39 334 308 9759,2026-08-17
AIRBNB-02949,Fiesole Art & Style Flat #1,Firenze Provincia & Chianti,Fiesole,Alloggio Turistico / Host Airbnb,info@fiesoleartstyleflat1.it,https://www.fiesoleartstyleflat1.it,+39 334 308 9759,2026-08-17
AIRBNB-02950,Fiesole Art & Style Flat #2,Firenze Provincia & Chianti,Fiesole,Alloggio Turistico / Host Airbnb,info@fiesoleartstyleflat2.it,https://www.fiesoleartstyleflat2.it,+39 334 308 9759,2026-08-17
AIRBNB-02951,Fiesole Cozy Boutique Home #1,Firenze Provincia & Chianti,Fiesole,Alloggio Turistico / Host Airbnb,info@fiesolecozyboutiquehome1.it,https://www.fiesolecozyboutiquehome1.it,+39 334 308 9759,2026-08-17
AIRBNB-02952,Fiesole Cozy Boutique Home #2,Firenze Provincia & Chianti,Fiesole,Alloggio Turistico / Host Airbnb,info@fiesolecozyboutiquehome2.it,https://www.fiesolecozyboutiquehome2.it,+39 334 308 9759,2026-08-17
AIRBNB-02953,Greve in Chianti Luxury Apartment #1,Firenze Provincia & Chianti,Greve in Chianti,Alloggio Turistico / Host Airbnb,info@greveinchiantiluxuryapartment1.it,https://www.greveinchiantiluxuryapartment1.it,+39 334 308 9759,2026-08-17
AIRBNB-02954,Greve in Chianti Luxury Apartment #2,Firenze Provincia & Chianti,Greve in Chianti,Alloggio Turistico / Host Airbnb,info@greveinchiantiluxuryapartment2.it,https://www.greveinchiantiluxuryapartment2.it,+39 334 308 9759,2026-08-17
AIRBNB-02955,Greve in Chianti Boutique Suite #1,Firenze Provincia & Chianti,Greve in Chianti,Alloggio Turistico / Host Airbnb,info@greveinchiantiboutiquesuite1.it,https://www.greveinchiantiboutiquesuite1.it,+39 334 308 9759,2026-08-17
AIRBNB-02956,Greve in Chianti Boutique Suite #2,Firenze Provincia & Chianti,Greve in Chianti,Alloggio Turistico / Host Airbnb,info@greveinchiantiboutiquesuite2.it,https://www.greveinchiantiboutiquesuite2.it,+39 334 308 9759,2026-08-17
AIRBNB-02957,Greve in Chianti Panoramic View Home #1,Firenze Provincia & Chianti,Greve in Chianti,Alloggio Turistico / Host Airbnb,info@greveinchiantipanoramicviewhome1.it,https://www.greveinchiantipanoramicviewhome1.it,+39 334 308 9759,2026-08-17
AIRBNB-02958,Greve in Chianti Panoramic View Home #2,Firenze Provincia & Chianti,Greve in Chianti,Alloggio Turistico / Host Airbnb,info@greveinchiantipanoramicviewhome2.it,https://www.greveinchiantipanoramicviewhome2.it,+39 334 308 9759,2026-08-17
AIRBNB-02959,Greve in Chianti Charme Loft #1,Firenze Provincia & Chianti,Greve in Chianti,Alloggio Turistico / Host Airbnb,info@greveinchianticharmeloft1.it,https://www.greveinchianticharmeloft1.it,+39 334 308 9759,2026-08-17
AIRBNB-02960,Greve in Chianti Charme Loft #2,Firenze Provincia & Chianti,Greve in Chianti,Alloggio Turistico / Host Airbnb,info@greveinchianticharmeloft2.it,https://www.greveinchianticharmeloft2.it,+39 334 308 9759,2026-08-17
AIRBNB-02961,Greve in Chianti Historic Relais #1,Firenze Provincia & Chianti,Greve in Chianti,Alloggio Turistico / Host Airbnb,info@greveinchiantihistoricrelais1.it,https://www.greveinchiantihistoricrelais1.it,+39 334 308 9759,2026-08-17
AIRBNB-02962,Greve in Chianti Historic Relais #2,Firenze Provincia & Chianti,Greve in Chianti,Alloggio Turistico / Host Airbnb,info@greveinchiantihistoricrelais2.it,https://www.greveinchiantihistoricrelais2.it,+39 334 308 9759,2026-08-17
AIRBNB-02963,Greve in Chianti Design Flat #1,Firenze Provincia & Chianti,Greve in Chianti,Alloggio Turistico / Host Airbnb,info@greveinchiantidesignflat1.it,https://www.greveinchiantidesignflat1.it,+39 334 308 9759,2026-08-17
AIRBNB-02964,Greve in Chianti Design Flat #2,Firenze Provincia & Chianti,Greve in Chianti,Alloggio Turistico / Host Airbnb,info@greveinchiantidesignflat2.it,https://www.greveinchiantidesignflat2.it,+39 334 308 9759,2026-08-17
AIRBNB-02965,Greve in Chianti Exclusive Penthouse #1,Firenze Provincia & Chianti,Greve in Chianti,Alloggio Turistico / Host Airbnb,info@greveinchiantiexclusivepenthouse1.it,https://www.greveinchiantiexclusivepenthouse1.it,+39 334 308 9759,2026-08-17
AIRBNB-02966,Greve in Chianti Exclusive Penthouse #2,Firenze Provincia & Chianti,Greve in Chianti,Alloggio Turistico / Host Airbnb,info@greveinchiantiexclusivepenthouse2.it,https://www.greveinchiantiexclusivepenthouse2.it,+39 334 308 9759,2026-08-17
AIRBNB-02967,Greve in Chianti Holiday Villa #1,Firenze Provincia & Chianti,Greve in Chianti,Alloggio Turistico / Host Airbnb,info@greveinchiantiholidayvilla1.it,https://www.greveinchiantiholidayvilla1.it,+39 334 308 9759,2026-08-17
AIRBNB-02968,Greve in Chianti Holiday Villa #2,Firenze Provincia & Chianti,Greve in Chianti,Alloggio Turistico / Host Airbnb,info@greveinchiantiholidayvilla2.it,https://www.greveinchiantiholidayvilla2.it,+39 334 308 9759,2026-08-17
AIRBNB-02969,Greve in Chianti Garden House #1,Firenze Provincia & Chianti,Greve in Chianti,Alloggio Turistico / Host Airbnb,info@greveinchiantigardenhouse1.it,https://www.greveinchiantigardenhouse1.it,+39 334 308 9759,2026-08-17
AIRBNB-02970,Greve in Chianti Garden House #2,Firenze Provincia & Chianti,Greve in Chianti,Alloggio Turistico / Host Airbnb,info@greveinchiantigardenhouse2.it,https://www.greveinchiantigardenhouse2.it,+39 334 308 9759,2026-08-17
AIRBNB-02971,Greve in Chianti Maison Elegance #1,Firenze Provincia & Chianti,Greve in Chianti,Alloggio Turistico / Host Airbnb,info@greveinchiantimaisonelegance1.it,https://www.greveinchiantimaisonelegance1.it,+39 334 308 9759,2026-08-17
AIRBNB-02972,Greve in Chianti Maison Elegance #2,Firenze Provincia & Chianti,Greve in Chianti,Alloggio Turistico / Host Airbnb,info@greveinchiantimaisonelegance2.it,https://www.greveinchiantimaisonelegance2.it,+39 334 308 9759,2026-08-17
AIRBNB-02973,Greve in Chianti Dimora Tipica #1,Firenze Provincia & Chianti,Greve in Chianti,Alloggio Turistico / Host Airbnb,info@greveinchiantidimoratipica1.it,https://www.greveinchiantidimoratipica1.it,+39 334 308 9759,2026-08-17
AIRBNB-02974,Greve in Chianti Dimora Tipica #2,Firenze Provincia & Chianti,Greve in Chianti,Alloggio Turistico / Host Airbnb,info@greveinchiantidimoratipica2.it,https://www.greveinchiantidimoratipica2.it,+39 334 308 9759,2026-08-17
AIRBNB-02975,Greve in Chianti Terrace Studio #1,Firenze Provincia & Chianti,Greve in Chianti,Alloggio Turistico / Host Airbnb,info@greveinchiantiterracestudio1.it,https://www.greveinchiantiterracestudio1.it,+39 334 308 9759,2026-08-17
AIRBNB-02976,Greve in Chianti Terrace Studio #2,Firenze Provincia & Chianti,Greve in Chianti,Alloggio Turistico / Host Airbnb,info@greveinchiantiterracestudio2.it,https://www.greveinchiantiterracestudio2.it,+39 334 308 9759,2026-08-17
AIRBNB-02977,Greve in Chianti Vacanze Relax Home #1,Firenze Provincia & Chianti,Greve in Chianti,Alloggio Turistico / Host Airbnb,info@greveinchiantivacanzerelaxhome1.it,https://www.greveinchiantivacanzerelaxhome1.it,+39 334 308 9759,2026-08-17
AIRBNB-02978,Greve in Chianti Vacanze Relax Home #2,Firenze Provincia & Chianti,Greve in Chianti,Alloggio Turistico / Host Airbnb,info@greveinchiantivacanzerelaxhome2.it,https://www.greveinchiantivacanzerelaxhome2.it,+39 334 308 9759,2026-08-17
AIRBNB-02979,Greve in Chianti Urban Living Loft #1,Firenze Provincia & Chianti,Greve in Chianti,Alloggio Turistico / Host Airbnb,info@greveinchiantiurbanlivingloft1.it,https://www.greveinchiantiurbanlivingloft1.it,+39 334 308 9759,2026-08-17
AIRBNB-02980,Greve in Chianti Urban Living Loft #2,Firenze Provincia & Chianti,Greve in Chianti,Alloggio Turistico / Host Airbnb,info@greveinchiantiurbanlivingloft2.it,https://www.greveinchiantiurbanlivingloft2.it,+39 334 308 9759,2026-08-17
AIRBNB-02981,Greve in Chianti Prestige Suites #1,Firenze Provincia & Chianti,Greve in Chianti,Alloggio Turistico / Host Airbnb,info@greveinchiantiprestigesuites1.it,https://www.greveinchiantiprestigesuites1.it,+39 334 308 9759,2026-08-17
AIRBNB-02982,Greve in Chianti Prestige Suites #2,Firenze Provincia & Chianti,Greve in Chianti,Alloggio Turistico / Host Airbnb,info@greveinchiantiprestigesuites2.it,https://www.greveinchiantiprestigesuites2.it,+39 334 308 9759,2026-08-17
AIRBNB-02983,Greve in Chianti Sea View Apartment #1,Firenze Provincia & Chianti,Greve in Chianti,Alloggio Turistico / Host Airbnb,info@greveinchiantiseaviewapartment1.it,https://www.greveinchiantiseaviewapartment1.it,+39 334 308 9759,2026-08-17
AIRBNB-02984,Greve in Chianti Sea View Apartment #2,Firenze Provincia & Chianti,Greve in Chianti,Alloggio Turistico / Host Airbnb,info@greveinchiantiseaviewapartment2.it,https://www.greveinchiantiseaviewapartment2.it,+39 334 308 9759,2026-08-17
AIRBNB-02985,Greve in Chianti Art & Style Flat #1,Firenze Provincia & Chianti,Greve in Chianti,Alloggio Turistico / Host Airbnb,info@greveinchiantiartstyleflat1.it,https://www.greveinchiantiartstyleflat1.it,+39 334 308 9759,2026-08-17
AIRBNB-02986,Greve in Chianti Art & Style Flat #2,Firenze Provincia & Chianti,Greve in Chianti,Alloggio Turistico / Host Airbnb,info@greveinchiantiartstyleflat2.it,https://www.greveinchiantiartstyleflat2.it,+39 334 308 9759,2026-08-17
AIRBNB-02987,Greve in Chianti Cozy Boutique Home #1,Firenze Provincia & Chianti,Greve in Chianti,Alloggio Turistico / Host Airbnb,info@greveinchianticozyboutiquehome1.it,https://www.greveinchianticozyboutiquehome1.it,+39 334 308 9759,2026-08-17
AIRBNB-02988,Greve in Chianti Cozy Boutique Home #2,Firenze Provincia & Chianti,Greve in Chianti,Alloggio Turistico / Host Airbnb,info@greveinchianticozyboutiquehome2.it,https://www.greveinchianticozyboutiquehome2.it,+39 334 308 9759,2026-08-17
AIRBNB-02989,San Casciano Luxury Apartment #1,Firenze Provincia & Chianti,San Casciano,Alloggio Turistico / Host Airbnb,info@sancascianoluxuryapartment1.it,https://www.sancascianoluxuryapartment1.it,+39 334 308 9759,2026-08-17
AIRBNB-02990,San Casciano Luxury Apartment #2,Firenze Provincia & Chianti,San Casciano,Alloggio Turistico / Host Airbnb,info@sancascianoluxuryapartment2.it,https://www.sancascianoluxuryapartment2.it,+39 334 308 9759,2026-08-17
AIRBNB-02991,San Casciano Boutique Suite #1,Firenze Provincia & Chianti,San Casciano,Alloggio Turistico / Host Airbnb,info@sancascianoboutiquesuite1.it,https://www.sancascianoboutiquesuite1.it,+39 334 308 9759,2026-08-17
AIRBNB-02992,San Casciano Boutique Suite #2,Firenze Provincia & Chianti,San Casciano,Alloggio Turistico / Host Airbnb,info@sancascianoboutiquesuite2.it,https://www.sancascianoboutiquesuite2.it,+39 334 308 9759,2026-08-17
AIRBNB-02993,San Casciano Panoramic View Home #1,Firenze Provincia & Chianti,San Casciano,Alloggio Turistico / Host Airbnb,info@sancascianopanoramicviewhome1.it,https://www.sancascianopanoramicviewhome1.it,+39 334 308 9759,2026-08-17
AIRBNB-02994,San Casciano Panoramic View Home #2,Firenze Provincia & Chianti,San Casciano,Alloggio Turistico / Host Airbnb,info@sancascianopanoramicviewhome2.it,https://www.sancascianopanoramicviewhome2.it,+39 334 308 9759,2026-08-17
AIRBNB-02995,San Casciano Charme Loft #1,Firenze Provincia & Chianti,San Casciano,Alloggio Turistico / Host Airbnb,info@sancascianocharmeloft1.it,https://www.sancascianocharmeloft1.it,+39 334 308 9759,2026-08-17
AIRBNB-02996,San Casciano Charme Loft #2,Firenze Provincia & Chianti,San Casciano,Alloggio Turistico / Host Airbnb,info@sancascianocharmeloft2.it,https://www.sancascianocharmeloft2.it,+39 334 308 9759,2026-08-17
AIRBNB-02997,San Casciano Historic Relais #1,Firenze Provincia & Chianti,San Casciano,Alloggio Turistico / Host Airbnb,info@sancascianohistoricrelais1.it,https://www.sancascianohistoricrelais1.it,+39 334 308 9759,2026-08-17
AIRBNB-02998,San Casciano Historic Relais #2,Firenze Provincia & Chianti,San Casciano,Alloggio Turistico / Host Airbnb,info@sancascianohistoricrelais2.it,https://www.sancascianohistoricrelais2.it,+39 334 308 9759,2026-08-17
AIRBNB-02999,San Casciano Design Flat #1,Firenze Provincia & Chianti,San Casciano,Alloggio Turistico / Host Airbnb,info@sancascianodesignflat1.it,https://www.sancascianodesignflat1.it,+39 334 308 9759,2026-08-17
AIRBNB-03000,San Casciano Design Flat #2,Firenze Provincia & Chianti,San Casciano,Alloggio Turistico / Host Airbnb,info@sancascianodesignflat2.it,https://www.sancascianodesignflat2.it,+39 334 308 9759,2026-08-17
AIRBNB-03001,San Casciano Exclusive Penthouse #1,Firenze Provincia & Chianti,San Casciano,Alloggio Turistico / Host Airbnb,info@sancascianoexclusivepenthouse1.it,https://www.sancascianoexclusivepenthouse1.it,+39 334 308 9759,2026-08-17
AIRBNB-03002,San Casciano Exclusive Penthouse #2,Firenze Provincia & Chianti,San Casciano,Alloggio Turistico / Host Airbnb,info@sancascianoexclusivepenthouse2.it,https://www.sancascianoexclusivepenthouse2.it,+39 334 308 9759,2026-08-17
AIRBNB-03003,San Casciano Holiday Villa #1,Firenze Provincia & Chianti,San Casciano,Alloggio Turistico / Host Airbnb,info@sancascianoholidayvilla1.it,https://www.sancascianoholidayvilla1.it,+39 334 308 9759,2026-08-17
AIRBNB-03004,San Casciano Holiday Villa #2,Firenze Provincia & Chianti,San Casciano,Alloggio Turistico / Host Airbnb,info@sancascianoholidayvilla2.it,https://www.sancascianoholidayvilla2.it,+39 334 308 9759,2026-08-17
AIRBNB-03005,San Casciano Garden House #1,Firenze Provincia & Chianti,San Casciano,Alloggio Turistico / Host Airbnb,info@sancascianogardenhouse1.it,https://www.sancascianogardenhouse1.it,+39 334 308 9759,2026-08-17
AIRBNB-03006,San Casciano Garden House #2,Firenze Provincia & Chianti,San Casciano,Alloggio Turistico / Host Airbnb,info@sancascianogardenhouse2.it,https://www.sancascianogardenhouse2.it,+39 334 308 9759,2026-08-17
AIRBNB-03007,San Casciano Maison Elegance #1,Firenze Provincia & Chianti,San Casciano,Alloggio Turistico / Host Airbnb,info@sancascianomaisonelegance1.it,https://www.sancascianomaisonelegance1.it,+39 334 308 9759,2026-08-17
AIRBNB-03008,San Casciano Maison Elegance #2,Firenze Provincia & Chianti,San Casciano,Alloggio Turistico / Host Airbnb,info@sancascianomaisonelegance2.it,https://www.sancascianomaisonelegance2.it,+39 334 308 9759,2026-08-17
AIRBNB-03009,San Casciano Dimora Tipica #1,Firenze Provincia & Chianti,San Casciano,Alloggio Turistico / Host Airbnb,info@sancascianodimoratipica1.it,https://www.sancascianodimoratipica1.it,+39 334 308 9759,2026-08-17
AIRBNB-03010,San Casciano Dimora Tipica #2,Firenze Provincia & Chianti,San Casciano,Alloggio Turistico / Host Airbnb,info@sancascianodimoratipica2.it,https://www.sancascianodimoratipica2.it,+39 334 308 9759,2026-08-17
AIRBNB-03011,San Casciano Terrace Studio #1,Firenze Provincia & Chianti,San Casciano,Alloggio Turistico / Host Airbnb,info@sancascianoterracestudio1.it,https://www.sancascianoterracestudio1.it,+39 334 308 9759,2026-08-17
AIRBNB-03012,San Casciano Terrace Studio #2,Firenze Provincia & Chianti,San Casciano,Alloggio Turistico / Host Airbnb,info@sancascianoterracestudio2.it,https://www.sancascianoterracestudio2.it,+39 334 308 9759,2026-08-17
AIRBNB-03013,San Casciano Vacanze Relax Home #1,Firenze Provincia & Chianti,San Casciano,Alloggio Turistico / Host Airbnb,info@sancascianovacanzerelaxhome1.it,https://www.sancascianovacanzerelaxhome1.it,+39 334 308 9759,2026-08-17
AIRBNB-03014,San Casciano Vacanze Relax Home #2,Firenze Provincia & Chianti,San Casciano,Alloggio Turistico / Host Airbnb,info@sancascianovacanzerelaxhome2.it,https://www.sancascianovacanzerelaxhome2.it,+39 334 308 9759,2026-08-17
AIRBNB-03015,San Casciano Urban Living Loft #1,Firenze Provincia & Chianti,San Casciano,Alloggio Turistico / Host Airbnb,info@sancascianourbanlivingloft1.it,https://www.sancascianourbanlivingloft1.it,+39 334 308 9759,2026-08-17
AIRBNB-03016,San Casciano Urban Living Loft #2,Firenze Provincia & Chianti,San Casciano,Alloggio Turistico / Host Airbnb,info@sancascianourbanlivingloft2.it,https://www.sancascianourbanlivingloft2.it,+39 334 308 9759,2026-08-17
AIRBNB-03017,San Casciano Prestige Suites #1,Firenze Provincia & Chianti,San Casciano,Alloggio Turistico / Host Airbnb,info@sancascianoprestigesuites1.it,https://www.sancascianoprestigesuites1.it,+39 334 308 9759,2026-08-17
AIRBNB-03018,San Casciano Prestige Suites #2,Firenze Provincia & Chianti,San Casciano,Alloggio Turistico / Host Airbnb,info@sancascianoprestigesuites2.it,https://www.sancascianoprestigesuites2.it,+39 334 308 9759,2026-08-17
AIRBNB-03019,San Casciano Sea View Apartment #1,Firenze Provincia & Chianti,San Casciano,Alloggio Turistico / Host Airbnb,info@sancascianoseaviewapartment1.it,https://www.sancascianoseaviewapartment1.it,+39 334 308 9759,2026-08-17
AIRBNB-03020,San Casciano Sea View Apartment #2,Firenze Provincia & Chianti,San Casciano,Alloggio Turistico / Host Airbnb,info@sancascianoseaviewapartment2.it,https://www.sancascianoseaviewapartment2.it,+39 334 308 9759,2026-08-17
AIRBNB-03021,San Casciano Art & Style Flat #1,Firenze Provincia & Chianti,San Casciano,Alloggio Turistico / Host Airbnb,info@sancascianoartstyleflat1.it,https://www.sancascianoartstyleflat1.it,+39 334 308 9759,2026-08-17
AIRBNB-03022,San Casciano Art & Style Flat #2,Firenze Provincia & Chianti,San Casciano,Alloggio Turistico / Host Airbnb,info@sancascianoartstyleflat2.it,https://www.sancascianoartstyleflat2.it,+39 334 308 9759,2026-08-17
AIRBNB-03023,San Casciano Cozy Boutique Home #1,Firenze Provincia & Chianti,San Casciano,Alloggio Turistico / Host Airbnb,info@sancascianocozyboutiquehome1.it,https://www.sancascianocozyboutiquehome1.it,+39 334 308 9759,2026-08-17
AIRBNB-03024,San Casciano Cozy Boutique Home #2,Firenze Provincia & Chianti,San Casciano,Alloggio Turistico / Host Airbnb,info@sancascianocozyboutiquehome2.it,https://www.sancascianocozyboutiquehome2.it,+39 334 308 9759,2026-08-17
AIRBNB-03025,Tavarnelle Luxury Apartment #1,Firenze Provincia & Chianti,Tavarnelle,Alloggio Turistico / Host Airbnb,info@tavarnelleluxuryapartment1.it,https://www.tavarnelleluxuryapartment1.it,+39 334 308 9759,2026-08-17
AIRBNB-03026,Tavarnelle Luxury Apartment #2,Firenze Provincia & Chianti,Tavarnelle,Alloggio Turistico / Host Airbnb,info@tavarnelleluxuryapartment2.it,https://www.tavarnelleluxuryapartment2.it,+39 334 308 9759,2026-08-17
AIRBNB-03027,Tavarnelle Boutique Suite #1,Firenze Provincia & Chianti,Tavarnelle,Alloggio Turistico / Host Airbnb,info@tavarnelleboutiquesuite1.it,https://www.tavarnelleboutiquesuite1.it,+39 334 308 9759,2026-08-17
AIRBNB-03028,Tavarnelle Boutique Suite #2,Firenze Provincia & Chianti,Tavarnelle,Alloggio Turistico / Host Airbnb,info@tavarnelleboutiquesuite2.it,https://www.tavarnelleboutiquesuite2.it,+39 334 308 9759,2026-08-17
AIRBNB-03029,Tavarnelle Panoramic View Home #1,Firenze Provincia & Chianti,Tavarnelle,Alloggio Turistico / Host Airbnb,info@tavarnellepanoramicviewhome1.it,https://www.tavarnellepanoramicviewhome1.it,+39 334 308 9759,2026-08-17
AIRBNB-03030,Tavarnelle Panoramic View Home #2,Firenze Provincia & Chianti,Tavarnelle,Alloggio Turistico / Host Airbnb,info@tavarnellepanoramicviewhome2.it,https://www.tavarnellepanoramicviewhome2.it,+39 334 308 9759,2026-08-17
AIRBNB-03031,Tavarnelle Charme Loft #1,Firenze Provincia & Chianti,Tavarnelle,Alloggio Turistico / Host Airbnb,info@tavarnellecharmeloft1.it,https://www.tavarnellecharmeloft1.it,+39 334 308 9759,2026-08-17
AIRBNB-03032,Tavarnelle Charme Loft #2,Firenze Provincia & Chianti,Tavarnelle,Alloggio Turistico / Host Airbnb,info@tavarnellecharmeloft2.it,https://www.tavarnellecharmeloft2.it,+39 334 308 9759,2026-08-17
AIRBNB-03033,Tavarnelle Historic Relais #1,Firenze Provincia & Chianti,Tavarnelle,Alloggio Turistico / Host Airbnb,info@tavarnellehistoricrelais1.it,https://www.tavarnellehistoricrelais1.it,+39 334 308 9759,2026-08-17
AIRBNB-03034,Tavarnelle Historic Relais #2,Firenze Provincia & Chianti,Tavarnelle,Alloggio Turistico / Host Airbnb,info@tavarnellehistoricrelais2.it,https://www.tavarnellehistoricrelais2.it,+39 334 308 9759,2026-08-17
AIRBNB-03035,Tavarnelle Design Flat #1,Firenze Provincia & Chianti,Tavarnelle,Alloggio Turistico / Host Airbnb,info@tavarnelledesignflat1.it,https://www.tavarnelledesignflat1.it,+39 334 308 9759,2026-08-17
AIRBNB-03036,Tavarnelle Design Flat #2,Firenze Provincia & Chianti,Tavarnelle,Alloggio Turistico / Host Airbnb,info@tavarnelledesignflat2.it,https://www.tavarnelledesignflat2.it,+39 334 308 9759,2026-08-17
AIRBNB-03037,Tavarnelle Exclusive Penthouse #1,Firenze Provincia & Chianti,Tavarnelle,Alloggio Turistico / Host Airbnb,info@tavarnelleexclusivepenthouse1.it,https://www.tavarnelleexclusivepenthouse1.it,+39 334 308 9759,2026-08-17
AIRBNB-03038,Tavarnelle Exclusive Penthouse #2,Firenze Provincia & Chianti,Tavarnelle,Alloggio Turistico / Host Airbnb,info@tavarnelleexclusivepenthouse2.it,https://www.tavarnelleexclusivepenthouse2.it,+39 334 308 9759,2026-08-17
AIRBNB-03039,Tavarnelle Holiday Villa #1,Firenze Provincia & Chianti,Tavarnelle,Alloggio Turistico / Host Airbnb,info@tavarnelleholidayvilla1.it,https://www.tavarnelleholidayvilla1.it,+39 334 308 9759,2026-08-17
AIRBNB-03040,Tavarnelle Holiday Villa #2,Firenze Provincia & Chianti,Tavarnelle,Alloggio Turistico / Host Airbnb,info@tavarnelleholidayvilla2.it,https://www.tavarnelleholidayvilla2.it,+39 334 308 9759,2026-08-17
AIRBNB-03041,Tavarnelle Garden House #1,Firenze Provincia & Chianti,Tavarnelle,Alloggio Turistico / Host Airbnb,info@tavarnellegardenhouse1.it,https://www.tavarnellegardenhouse1.it,+39 334 308 9759,2026-08-17
AIRBNB-03042,Tavarnelle Garden House #2,Firenze Provincia & Chianti,Tavarnelle,Alloggio Turistico / Host Airbnb,info@tavarnellegardenhouse2.it,https://www.tavarnellegardenhouse2.it,+39 334 308 9759,2026-08-17
AIRBNB-03043,Tavarnelle Maison Elegance #1,Firenze Provincia & Chianti,Tavarnelle,Alloggio Turistico / Host Airbnb,info@tavarnellemaisonelegance1.it,https://www.tavarnellemaisonelegance1.it,+39 334 308 9759,2026-08-17
AIRBNB-03044,Tavarnelle Maison Elegance #2,Firenze Provincia & Chianti,Tavarnelle,Alloggio Turistico / Host Airbnb,info@tavarnellemaisonelegance2.it,https://www.tavarnellemaisonelegance2.it,+39 334 308 9759,2026-08-17
AIRBNB-03045,Tavarnelle Dimora Tipica #1,Firenze Provincia & Chianti,Tavarnelle,Alloggio Turistico / Host Airbnb,info@tavarnelledimoratipica1.it,https://www.tavarnelledimoratipica1.it,+39 334 308 9759,2026-08-17
AIRBNB-03046,Tavarnelle Dimora Tipica #2,Firenze Provincia & Chianti,Tavarnelle,Alloggio Turistico / Host Airbnb,info@tavarnelledimoratipica2.it,https://www.tavarnelledimoratipica2.it,+39 334 308 9759,2026-08-17
AIRBNB-03047,Tavarnelle Terrace Studio #1,Firenze Provincia & Chianti,Tavarnelle,Alloggio Turistico / Host Airbnb,info@tavarnelleterracestudio1.it,https://www.tavarnelleterracestudio1.it,+39 334 308 9759,2026-08-17
AIRBNB-03048,Tavarnelle Terrace Studio #2,Firenze Provincia & Chianti,Tavarnelle,Alloggio Turistico / Host Airbnb,info@tavarnelleterracestudio2.it,https://www.tavarnelleterracestudio2.it,+39 334 308 9759,2026-08-17
AIRBNB-03049,Tavarnelle Vacanze Relax Home #1,Firenze Provincia & Chianti,Tavarnelle,Alloggio Turistico / Host Airbnb,info@tavarnellevacanzerelaxhome1.it,https://www.tavarnellevacanzerelaxhome1.it,+39 334 308 9759,2026-08-17
AIRBNB-03050,Tavarnelle Vacanze Relax Home #2,Firenze Provincia & Chianti,Tavarnelle,Alloggio Turistico / Host Airbnb,info@tavarnellevacanzerelaxhome2.it,https://www.tavarnellevacanzerelaxhome2.it,+39 334 308 9759,2026-08-17
AIRBNB-03051,Tavarnelle Urban Living Loft #1,Firenze Provincia & Chianti,Tavarnelle,Alloggio Turistico / Host Airbnb,info@tavarnelleurbanlivingloft1.it,https://www.tavarnelleurbanlivingloft1.it,+39 334 308 9759,2026-08-17
AIRBNB-03052,Tavarnelle Urban Living Loft #2,Firenze Provincia & Chianti,Tavarnelle,Alloggio Turistico / Host Airbnb,info@tavarnelleurbanlivingloft2.it,https://www.tavarnelleurbanlivingloft2.it,+39 334 308 9759,2026-08-17
AIRBNB-03053,Tavarnelle Prestige Suites #1,Firenze Provincia & Chianti,Tavarnelle,Alloggio Turistico / Host Airbnb,info@tavarnelleprestigesuites1.it,https://www.tavarnelleprestigesuites1.it,+39 334 308 9759,2026-08-17
AIRBNB-03054,Tavarnelle Prestige Suites #2,Firenze Provincia & Chianti,Tavarnelle,Alloggio Turistico / Host Airbnb,info@tavarnelleprestigesuites2.it,https://www.tavarnelleprestigesuites2.it,+39 334 308 9759,2026-08-17
AIRBNB-03055,Tavarnelle Sea View Apartment #1,Firenze Provincia & Chianti,Tavarnelle,Alloggio Turistico / Host Airbnb,info@tavarnelleseaviewapartment1.it,https://www.tavarnelleseaviewapartment1.it,+39 334 308 9759,2026-08-17
AIRBNB-03056,Tavarnelle Sea View Apartment #2,Firenze Provincia & Chianti,Tavarnelle,Alloggio Turistico / Host Airbnb,info@tavarnelleseaviewapartment2.it,https://www.tavarnelleseaviewapartment2.it,+39 334 308 9759,2026-08-17
AIRBNB-03057,Tavarnelle Art & Style Flat #1,Firenze Provincia & Chianti,Tavarnelle,Alloggio Turistico / Host Airbnb,info@tavarnelleartstyleflat1.it,https://www.tavarnelleartstyleflat1.it,+39 334 308 9759,2026-08-17
AIRBNB-03058,Tavarnelle Art & Style Flat #2,Firenze Provincia & Chianti,Tavarnelle,Alloggio Turistico / Host Airbnb,info@tavarnelleartstyleflat2.it,https://www.tavarnelleartstyleflat2.it,+39 334 308 9759,2026-08-17
AIRBNB-03059,Tavarnelle Cozy Boutique Home #1,Firenze Provincia & Chianti,Tavarnelle,Alloggio Turistico / Host Airbnb,info@tavarnellecozyboutiquehome1.it,https://www.tavarnellecozyboutiquehome1.it,+39 334 308 9759,2026-08-17
AIRBNB-03060,Tavarnelle Cozy Boutique Home #2,Firenze Provincia & Chianti,Tavarnelle,Alloggio Turistico / Host Airbnb,info@tavarnellecozyboutiquehome2.it,https://www.tavarnellecozyboutiquehome2.it,+39 334 308 9759,2026-08-17
AIRBNB-03061,Bagno a Ripoli Luxury Apartment #1,Firenze Provincia & Chianti,Bagno a Ripoli,Alloggio Turistico / Host Airbnb,info@bagnoaripoliluxuryapartment1.it,https://www.bagnoaripoliluxuryapartment1.it,+39 334 308 9759,2026-08-17
AIRBNB-03062,Bagno a Ripoli Luxury Apartment #2,Firenze Provincia & Chianti,Bagno a Ripoli,Alloggio Turistico / Host Airbnb,info@bagnoaripoliluxuryapartment2.it,https://www.bagnoaripoliluxuryapartment2.it,+39 334 308 9759,2026-08-17
AIRBNB-03063,Bagno a Ripoli Boutique Suite #1,Firenze Provincia & Chianti,Bagno a Ripoli,Alloggio Turistico / Host Airbnb,info@bagnoaripoliboutiquesuite1.it,https://www.bagnoaripoliboutiquesuite1.it,+39 334 308 9759,2026-08-17
AIRBNB-03064,Bagno a Ripoli Boutique Suite #2,Firenze Provincia & Chianti,Bagno a Ripoli,Alloggio Turistico / Host Airbnb,info@bagnoaripoliboutiquesuite2.it,https://www.bagnoaripoliboutiquesuite2.it,+39 334 308 9759,2026-08-17
AIRBNB-03065,Bagno a Ripoli Panoramic View Home #1,Firenze Provincia & Chianti,Bagno a Ripoli,Alloggio Turistico / Host Airbnb,info@bagnoaripolipanoramicviewhome1.it,https://www.bagnoaripolipanoramicviewhome1.it,+39 334 308 9759,2026-08-17
AIRBNB-03066,Bagno a Ripoli Panoramic View Home #2,Firenze Provincia & Chianti,Bagno a Ripoli,Alloggio Turistico / Host Airbnb,info@bagnoaripolipanoramicviewhome2.it,https://www.bagnoaripolipanoramicviewhome2.it,+39 334 308 9759,2026-08-17
AIRBNB-03067,Bagno a Ripoli Charme Loft #1,Firenze Provincia & Chianti,Bagno a Ripoli,Alloggio Turistico / Host Airbnb,info@bagnoaripolicharmeloft1.it,https://www.bagnoaripolicharmeloft1.it,+39 334 308 9759,2026-08-17
AIRBNB-03068,Bagno a Ripoli Charme Loft #2,Firenze Provincia & Chianti,Bagno a Ripoli,Alloggio Turistico / Host Airbnb,info@bagnoaripolicharmeloft2.it,https://www.bagnoaripolicharmeloft2.it,+39 334 308 9759,2026-08-17
AIRBNB-03069,Bagno a Ripoli Historic Relais #1,Firenze Provincia & Chianti,Bagno a Ripoli,Alloggio Turistico / Host Airbnb,info@bagnoaripolihistoricrelais1.it,https://www.bagnoaripolihistoricrelais1.it,+39 334 308 9759,2026-08-17
AIRBNB-03070,Bagno a Ripoli Historic Relais #2,Firenze Provincia & Chianti,Bagno a Ripoli,Alloggio Turistico / Host Airbnb,info@bagnoaripolihistoricrelais2.it,https://www.bagnoaripolihistoricrelais2.it,+39 334 308 9759,2026-08-17
AIRBNB-03071,Bagno a Ripoli Design Flat #1,Firenze Provincia & Chianti,Bagno a Ripoli,Alloggio Turistico / Host Airbnb,info@bagnoaripolidesignflat1.it,https://www.bagnoaripolidesignflat1.it,+39 334 308 9759,2026-08-17
AIRBNB-03072,Bagno a Ripoli Design Flat #2,Firenze Provincia & Chianti,Bagno a Ripoli,Alloggio Turistico / Host Airbnb,info@bagnoaripolidesignflat2.it,https://www.bagnoaripolidesignflat2.it,+39 334 308 9759,2026-08-17
AIRBNB-03073,Bagno a Ripoli Exclusive Penthouse #1,Firenze Provincia & Chianti,Bagno a Ripoli,Alloggio Turistico / Host Airbnb,info@bagnoaripoliexclusivepenthouse1.it,https://www.bagnoaripoliexclusivepenthouse1.it,+39 334 308 9759,2026-08-17
AIRBNB-03074,Bagno a Ripoli Exclusive Penthouse #2,Firenze Provincia & Chianti,Bagno a Ripoli,Alloggio Turistico / Host Airbnb,info@bagnoaripoliexclusivepenthouse2.it,https://www.bagnoaripoliexclusivepenthouse2.it,+39 334 308 9759,2026-08-17
AIRBNB-03075,Bagno a Ripoli Holiday Villa #1,Firenze Provincia & Chianti,Bagno a Ripoli,Alloggio Turistico / Host Airbnb,info@bagnoaripoliholidayvilla1.it,https://www.bagnoaripoliholidayvilla1.it,+39 334 308 9759,2026-08-17
AIRBNB-03076,Bagno a Ripoli Holiday Villa #2,Firenze Provincia & Chianti,Bagno a Ripoli,Alloggio Turistico / Host Airbnb,info@bagnoaripoliholidayvilla2.it,https://www.bagnoaripoliholidayvilla2.it,+39 334 308 9759,2026-08-17
AIRBNB-03077,Bagno a Ripoli Garden House #1,Firenze Provincia & Chianti,Bagno a Ripoli,Alloggio Turistico / Host Airbnb,info@bagnoaripoligardenhouse1.it,https://www.bagnoaripoligardenhouse1.it,+39 334 308 9759,2026-08-17
AIRBNB-03078,Bagno a Ripoli Garden House #2,Firenze Provincia & Chianti,Bagno a Ripoli,Alloggio Turistico / Host Airbnb,info@bagnoaripoligardenhouse2.it,https://www.bagnoaripoligardenhouse2.it,+39 334 308 9759,2026-08-17
AIRBNB-03079,Bagno a Ripoli Maison Elegance #1,Firenze Provincia & Chianti,Bagno a Ripoli,Alloggio Turistico / Host Airbnb,info@bagnoaripolimaisonelegance1.it,https://www.bagnoaripolimaisonelegance1.it,+39 334 308 9759,2026-08-17
AIRBNB-03080,Bagno a Ripoli Maison Elegance #2,Firenze Provincia & Chianti,Bagno a Ripoli,Alloggio Turistico / Host Airbnb,info@bagnoaripolimaisonelegance2.it,https://www.bagnoaripolimaisonelegance2.it,+39 334 308 9759,2026-08-17
AIRBNB-03081,Bagno a Ripoli Dimora Tipica #1,Firenze Provincia & Chianti,Bagno a Ripoli,Alloggio Turistico / Host Airbnb,info@bagnoaripolidimoratipica1.it,https://www.bagnoaripolidimoratipica1.it,+39 334 308 9759,2026-08-17
AIRBNB-03082,Bagno a Ripoli Dimora Tipica #2,Firenze Provincia & Chianti,Bagno a Ripoli,Alloggio Turistico / Host Airbnb,info@bagnoaripolidimoratipica2.it,https://www.bagnoaripolidimoratipica2.it,+39 334 308 9759,2026-08-17
AIRBNB-03083,Bagno a Ripoli Terrace Studio #1,Firenze Provincia & Chianti,Bagno a Ripoli,Alloggio Turistico / Host Airbnb,info@bagnoaripoliterracestudio1.it,https://www.bagnoaripoliterracestudio1.it,+39 334 308 9759,2026-08-17
AIRBNB-03084,Bagno a Ripoli Terrace Studio #2,Firenze Provincia & Chianti,Bagno a Ripoli,Alloggio Turistico / Host Airbnb,info@bagnoaripoliterracestudio2.it,https://www.bagnoaripoliterracestudio2.it,+39 334 308 9759,2026-08-17
AIRBNB-03085,Bagno a Ripoli Vacanze Relax Home #1,Firenze Provincia & Chianti,Bagno a Ripoli,Alloggio Turistico / Host Airbnb,info@bagnoaripolivacanzerelaxhome1.it,https://www.bagnoaripolivacanzerelaxhome1.it,+39 334 308 9759,2026-08-17
AIRBNB-03086,Bagno a Ripoli Vacanze Relax Home #2,Firenze Provincia & Chianti,Bagno a Ripoli,Alloggio Turistico / Host Airbnb,info@bagnoaripolivacanzerelaxhome2.it,https://www.bagnoaripolivacanzerelaxhome2.it,+39 334 308 9759,2026-08-17
AIRBNB-03087,Bagno a Ripoli Urban Living Loft #1,Firenze Provincia & Chianti,Bagno a Ripoli,Alloggio Turistico / Host Airbnb,info@bagnoaripoliurbanlivingloft1.it,https://www.bagnoaripoliurbanlivingloft1.it,+39 334 308 9759,2026-08-17
AIRBNB-03088,Bagno a Ripoli Urban Living Loft #2,Firenze Provincia & Chianti,Bagno a Ripoli,Alloggio Turistico / Host Airbnb,info@bagnoaripoliurbanlivingloft2.it,https://www.bagnoaripoliurbanlivingloft2.it,+39 334 308 9759,2026-08-17
AIRBNB-03089,Bagno a Ripoli Prestige Suites #1,Firenze Provincia & Chianti,Bagno a Ripoli,Alloggio Turistico / Host Airbnb,info@bagnoaripoliprestigesuites1.it,https://www.bagnoaripoliprestigesuites1.it,+39 334 308 9759,2026-08-17
AIRBNB-03090,Bagno a Ripoli Prestige Suites #2,Firenze Provincia & Chianti,Bagno a Ripoli,Alloggio Turistico / Host Airbnb,info@bagnoaripoliprestigesuites2.it,https://www.bagnoaripoliprestigesuites2.it,+39 334 308 9759,2026-08-17
AIRBNB-03091,Bagno a Ripoli Sea View Apartment #1,Firenze Provincia & Chianti,Bagno a Ripoli,Alloggio Turistico / Host Airbnb,info@bagnoaripoliseaviewapartment1.it,https://www.bagnoaripoliseaviewapartment1.it,+39 334 308 9759,2026-08-17
AIRBNB-03092,Bagno a Ripoli Sea View Apartment #2,Firenze Provincia & Chianti,Bagno a Ripoli,Alloggio Turistico / Host Airbnb,info@bagnoaripoliseaviewapartment2.it,https://www.bagnoaripoliseaviewapartment2.it,+39 334 308 9759,2026-08-17
AIRBNB-03093,Bagno a Ripoli Art & Style Flat #1,Firenze Provincia & Chianti,Bagno a Ripoli,Alloggio Turistico / Host Airbnb,info@bagnoaripoliartstyleflat1.it,https://www.bagnoaripoliartstyleflat1.it,+39 334 308 9759,2026-08-17
AIRBNB-03094,Bagno a Ripoli Art & Style Flat #2,Firenze Provincia & Chianti,Bagno a Ripoli,Alloggio Turistico / Host Airbnb,info@bagnoaripoliartstyleflat2.it,https://www.bagnoaripoliartstyleflat2.it,+39 334 308 9759,2026-08-17
AIRBNB-03095,Bagno a Ripoli Cozy Boutique Home #1,Firenze Provincia & Chianti,Bagno a Ripoli,Alloggio Turistico / Host Airbnb,info@bagnoaripolicozyboutiquehome1.it,https://www.bagnoaripolicozyboutiquehome1.it,+39 334 308 9759,2026-08-17
AIRBNB-03096,Bagno a Ripoli Cozy Boutique Home #2,Firenze Provincia & Chianti,Bagno a Ripoli,Alloggio Turistico / Host Airbnb,info@bagnoaripolicozyboutiquehome2.it,https://www.bagnoaripolicozyboutiquehome2.it,+39 334 308 9759,2026-08-17
AIRBNB-03097,Scandicci Luxury Apartment #1,Firenze Provincia & Chianti,Scandicci,Alloggio Turistico / Host Airbnb,info@scandicciluxuryapartment1.it,https://www.scandicciluxuryapartment1.it,+39 334 308 9759,2026-08-17
AIRBNB-03098,Scandicci Luxury Apartment #2,Firenze Provincia & Chianti,Scandicci,Alloggio Turistico / Host Airbnb,info@scandicciluxuryapartment2.it,https://www.scandicciluxuryapartment2.it,+39 334 308 9759,2026-08-17
AIRBNB-03099,Scandicci Boutique Suite #1,Firenze Provincia & Chianti,Scandicci,Alloggio Turistico / Host Airbnb,info@scandicciboutiquesuite1.it,https://www.scandicciboutiquesuite1.it,+39 334 308 9759,2026-08-17
AIRBNB-03100,Scandicci Boutique Suite #2,Firenze Provincia & Chianti,Scandicci,Alloggio Turistico / Host Airbnb,info@scandicciboutiquesuite2.it,https://www.scandicciboutiquesuite2.it,+39 334 308 9759,2026-08-17
AIRBNB-03101,Scandicci Panoramic View Home #1,Firenze Provincia & Chianti,Scandicci,Alloggio Turistico / Host Airbnb,info@scandiccipanoramicviewhome1.it,https://www.scandiccipanoramicviewhome1.it,+39 334 308 9759,2026-08-17
AIRBNB-03102,Scandicci Panoramic View Home #2,Firenze Provincia & Chianti,Scandicci,Alloggio Turistico / Host Airbnb,info@scandiccipanoramicviewhome2.it,https://www.scandiccipanoramicviewhome2.it,+39 334 308 9759,2026-08-17
AIRBNB-03103,Scandicci Charme Loft #1,Firenze Provincia & Chianti,Scandicci,Alloggio Turistico / Host Airbnb,info@scandiccicharmeloft1.it,https://www.scandiccicharmeloft1.it,+39 334 308 9759,2026-08-17
AIRBNB-03104,Scandicci Charme Loft #2,Firenze Provincia & Chianti,Scandicci,Alloggio Turistico / Host Airbnb,info@scandiccicharmeloft2.it,https://www.scandiccicharmeloft2.it,+39 334 308 9759,2026-08-17
AIRBNB-03105,Scandicci Historic Relais #1,Firenze Provincia & Chianti,Scandicci,Alloggio Turistico / Host Airbnb,info@scandiccihistoricrelais1.it,https://www.scandiccihistoricrelais1.it,+39 334 308 9759,2026-08-17
AIRBNB-03106,Scandicci Historic Relais #2,Firenze Provincia & Chianti,Scandicci,Alloggio Turistico / Host Airbnb,info@scandiccihistoricrelais2.it,https://www.scandiccihistoricrelais2.it,+39 334 308 9759,2026-08-17
AIRBNB-03107,Scandicci Design Flat #1,Firenze Provincia & Chianti,Scandicci,Alloggio Turistico / Host Airbnb,info@scandiccidesignflat1.it,https://www.scandiccidesignflat1.it,+39 334 308 9759,2026-08-17
AIRBNB-03108,Scandicci Design Flat #2,Firenze Provincia & Chianti,Scandicci,Alloggio Turistico / Host Airbnb,info@scandiccidesignflat2.it,https://www.scandiccidesignflat2.it,+39 334 308 9759,2026-08-17
AIRBNB-03109,Scandicci Exclusive Penthouse #1,Firenze Provincia & Chianti,Scandicci,Alloggio Turistico / Host Airbnb,info@scandicciexclusivepenthouse1.it,https://www.scandicciexclusivepenthouse1.it,+39 334 308 9759,2026-08-17
AIRBNB-03110,Scandicci Exclusive Penthouse #2,Firenze Provincia & Chianti,Scandicci,Alloggio Turistico / Host Airbnb,info@scandicciexclusivepenthouse2.it,https://www.scandicciexclusivepenthouse2.it,+39 334 308 9759,2026-08-17
AIRBNB-03111,Scandicci Holiday Villa #1,Firenze Provincia & Chianti,Scandicci,Alloggio Turistico / Host Airbnb,info@scandicciholidayvilla1.it,https://www.scandicciholidayvilla1.it,+39 334 308 9759,2026-08-17
AIRBNB-03112,Scandicci Holiday Villa #2,Firenze Provincia & Chianti,Scandicci,Alloggio Turistico / Host Airbnb,info@scandicciholidayvilla2.it,https://www.scandicciholidayvilla2.it,+39 334 308 9759,2026-08-17
AIRBNB-03113,Scandicci Garden House #1,Firenze Provincia & Chianti,Scandicci,Alloggio Turistico / Host Airbnb,info@scandiccigardenhouse1.it,https://www.scandiccigardenhouse1.it,+39 334 308 9759,2026-08-17
AIRBNB-03114,Scandicci Garden House #2,Firenze Provincia & Chianti,Scandicci,Alloggio Turistico / Host Airbnb,info@scandiccigardenhouse2.it,https://www.scandiccigardenhouse2.it,+39 334 308 9759,2026-08-17
AIRBNB-03115,Scandicci Maison Elegance #1,Firenze Provincia & Chianti,Scandicci,Alloggio Turistico / Host Airbnb,info@scandiccimaisonelegance1.it,https://www.scandiccimaisonelegance1.it,+39 334 308 9759,2026-08-17
AIRBNB-03116,Scandicci Maison Elegance #2,Firenze Provincia & Chianti,Scandicci,Alloggio Turistico / Host Airbnb,info@scandiccimaisonelegance2.it,https://www.scandiccimaisonelegance2.it,+39 334 308 9759,2026-08-17
AIRBNB-03117,Scandicci Dimora Tipica #1,Firenze Provincia & Chianti,Scandicci,Alloggio Turistico / Host Airbnb,info@scandiccidimoratipica1.it,https://www.scandiccidimoratipica1.it,+39 334 308 9759,2026-08-17
AIRBNB-03118,Scandicci Dimora Tipica #2,Firenze Provincia & Chianti,Scandicci,Alloggio Turistico / Host Airbnb,info@scandiccidimoratipica2.it,https://www.scandiccidimoratipica2.it,+39 334 308 9759,2026-08-17
AIRBNB-03119,Scandicci Terrace Studio #1,Firenze Provincia & Chianti,Scandicci,Alloggio Turistico / Host Airbnb,info@scandicciterracestudio1.it,https://www.scandicciterracestudio1.it,+39 334 308 9759,2026-08-17
AIRBNB-03120,Scandicci Terrace Studio #2,Firenze Provincia & Chianti,Scandicci,Alloggio Turistico / Host Airbnb,info@scandicciterracestudio2.it,https://www.scandicciterracestudio2.it,+39 334 308 9759,2026-08-17
AIRBNB-03121,Scandicci Vacanze Relax Home #1,Firenze Provincia & Chianti,Scandicci,Alloggio Turistico / Host Airbnb,info@scandiccivacanzerelaxhome1.it,https://www.scandiccivacanzerelaxhome1.it,+39 334 308 9759,2026-08-17
AIRBNB-03122,Scandicci Vacanze Relax Home #2,Firenze Provincia & Chianti,Scandicci,Alloggio Turistico / Host Airbnb,info@scandiccivacanzerelaxhome2.it,https://www.scandiccivacanzerelaxhome2.it,+39 334 308 9759,2026-08-17
AIRBNB-03123,Scandicci Urban Living Loft #1,Firenze Provincia & Chianti,Scandicci,Alloggio Turistico / Host Airbnb,info@scandicciurbanlivingloft1.it,https://www.scandicciurbanlivingloft1.it,+39 334 308 9759,2026-08-17
AIRBNB-03124,Scandicci Urban Living Loft #2,Firenze Provincia & Chianti,Scandicci,Alloggio Turistico / Host Airbnb,info@scandicciurbanlivingloft2.it,https://www.scandicciurbanlivingloft2.it,+39 334 308 9759,2026-08-17
AIRBNB-03125,Scandicci Prestige Suites #1,Firenze Provincia & Chianti,Scandicci,Alloggio Turistico / Host Airbnb,info@scandicciprestigesuites1.it,https://www.scandicciprestigesuites1.it,+39 334 308 9759,2026-08-17
AIRBNB-03126,Scandicci Prestige Suites #2,Firenze Provincia & Chianti,Scandicci,Alloggio Turistico / Host Airbnb,info@scandicciprestigesuites2.it,https://www.scandicciprestigesuites2.it,+39 334 308 9759,2026-08-17
AIRBNB-03127,Scandicci Sea View Apartment #1,Firenze Provincia & Chianti,Scandicci,Alloggio Turistico / Host Airbnb,info@scandicciseaviewapartment1.it,https://www.scandicciseaviewapartment1.it,+39 334 308 9759,2026-08-17
AIRBNB-03128,Scandicci Sea View Apartment #2,Firenze Provincia & Chianti,Scandicci,Alloggio Turistico / Host Airbnb,info@scandicciseaviewapartment2.it,https://www.scandicciseaviewapartment2.it,+39 334 308 9759,2026-08-17
AIRBNB-03129,Scandicci Art & Style Flat #1,Firenze Provincia & Chianti,Scandicci,Alloggio Turistico / Host Airbnb,info@scandicciartstyleflat1.it,https://www.scandicciartstyleflat1.it,+39 334 308 9759,2026-08-17
AIRBNB-03130,Scandicci Art & Style Flat #2,Firenze Provincia & Chianti,Scandicci,Alloggio Turistico / Host Airbnb,info@scandicciartstyleflat2.it,https://www.scandicciartstyleflat2.it,+39 334 308 9759,2026-08-17
AIRBNB-03131,Scandicci Cozy Boutique Home #1,Firenze Provincia & Chianti,Scandicci,Alloggio Turistico / Host Airbnb,info@scandiccicozyboutiquehome1.it,https://www.scandiccicozyboutiquehome1.it,+39 334 308 9759,2026-08-17
AIRBNB-03132,Scandicci Cozy Boutique Home #2,Firenze Provincia & Chianti,Scandicci,Alloggio Turistico / Host Airbnb,info@scandiccicozyboutiquehome2.it,https://www.scandiccicozyboutiquehome2.it,+39 334 308 9759,2026-08-17
AIRBNB-03133,Sesto Fiorentino Luxury Apartment #1,Firenze Provincia & Chianti,Sesto Fiorentino,Alloggio Turistico / Host Airbnb,info@sestofiorentinoluxuryapartment1.it,https://www.sestofiorentinoluxuryapartment1.it,+39 334 308 9759,2026-08-17
AIRBNB-03134,Sesto Fiorentino Luxury Apartment #2,Firenze Provincia & Chianti,Sesto Fiorentino,Alloggio Turistico / Host Airbnb,info@sestofiorentinoluxuryapartment2.it,https://www.sestofiorentinoluxuryapartment2.it,+39 334 308 9759,2026-08-17
AIRBNB-03135,Sesto Fiorentino Boutique Suite #1,Firenze Provincia & Chianti,Sesto Fiorentino,Alloggio Turistico / Host Airbnb,info@sestofiorentinoboutiquesuite1.it,https://www.sestofiorentinoboutiquesuite1.it,+39 334 308 9759,2026-08-17
AIRBNB-03136,Sesto Fiorentino Boutique Suite #2,Firenze Provincia & Chianti,Sesto Fiorentino,Alloggio Turistico / Host Airbnb,info@sestofiorentinoboutiquesuite2.it,https://www.sestofiorentinoboutiquesuite2.it,+39 334 308 9759,2026-08-17
AIRBNB-03137,Sesto Fiorentino Panoramic View Home #1,Firenze Provincia & Chianti,Sesto Fiorentino,Alloggio Turistico / Host Airbnb,info@sestofiorentinopanoramicviewhome1.it,https://www.sestofiorentinopanoramicviewhome1.it,+39 334 308 9759,2026-08-17
AIRBNB-03138,Sesto Fiorentino Panoramic View Home #2,Firenze Provincia & Chianti,Sesto Fiorentino,Alloggio Turistico / Host Airbnb,info@sestofiorentinopanoramicviewhome2.it,https://www.sestofiorentinopanoramicviewhome2.it,+39 334 308 9759,2026-08-17
AIRBNB-03139,Sesto Fiorentino Charme Loft #1,Firenze Provincia & Chianti,Sesto Fiorentino,Alloggio Turistico / Host Airbnb,info@sestofiorentinocharmeloft1.it,https://www.sestofiorentinocharmeloft1.it,+39 334 308 9759,2026-08-17
AIRBNB-03140,Sesto Fiorentino Charme Loft #2,Firenze Provincia & Chianti,Sesto Fiorentino,Alloggio Turistico / Host Airbnb,info@sestofiorentinocharmeloft2.it,https://www.sestofiorentinocharmeloft2.it,+39 334 308 9759,2026-08-17
AIRBNB-03141,Sesto Fiorentino Historic Relais #1,Firenze Provincia & Chianti,Sesto Fiorentino,Alloggio Turistico / Host Airbnb,info@sestofiorentinohistoricrelais1.it,https://www.sestofiorentinohistoricrelais1.it,+39 334 308 9759,2026-08-17
AIRBNB-03142,Sesto Fiorentino Historic Relais #2,Firenze Provincia & Chianti,Sesto Fiorentino,Alloggio Turistico / Host Airbnb,info@sestofiorentinohistoricrelais2.it,https://www.sestofiorentinohistoricrelais2.it,+39 334 308 9759,2026-08-17
AIRBNB-03143,Sesto Fiorentino Design Flat #1,Firenze Provincia & Chianti,Sesto Fiorentino,Alloggio Turistico / Host Airbnb,info@sestofiorentinodesignflat1.it,https://www.sestofiorentinodesignflat1.it,+39 334 308 9759,2026-08-17
AIRBNB-03144,Sesto Fiorentino Design Flat #2,Firenze Provincia & Chianti,Sesto Fiorentino,Alloggio Turistico / Host Airbnb,info@sestofiorentinodesignflat2.it,https://www.sestofiorentinodesignflat2.it,+39 334 308 9759,2026-08-17
AIRBNB-03145,Sesto Fiorentino Exclusive Penthouse #1,Firenze Provincia & Chianti,Sesto Fiorentino,Alloggio Turistico / Host Airbnb,info@sestofiorentinoexclusivepenthouse1.it,https://www.sestofiorentinoexclusivepenthouse1.it,+39 334 308 9759,2026-08-17
AIRBNB-03146,Sesto Fiorentino Exclusive Penthouse #2,Firenze Provincia & Chianti,Sesto Fiorentino,Alloggio Turistico / Host Airbnb,info@sestofiorentinoexclusivepenthouse2.it,https://www.sestofiorentinoexclusivepenthouse2.it,+39 334 308 9759,2026-08-17
AIRBNB-03147,Sesto Fiorentino Holiday Villa #1,Firenze Provincia & Chianti,Sesto Fiorentino,Alloggio Turistico / Host Airbnb,info@sestofiorentinoholidayvilla1.it,https://www.sestofiorentinoholidayvilla1.it,+39 334 308 9759,2026-08-17
AIRBNB-03148,Sesto Fiorentino Holiday Villa #2,Firenze Provincia & Chianti,Sesto Fiorentino,Alloggio Turistico / Host Airbnb,info@sestofiorentinoholidayvilla2.it,https://www.sestofiorentinoholidayvilla2.it,+39 334 308 9759,2026-08-17
AIRBNB-03149,Sesto Fiorentino Garden House #1,Firenze Provincia & Chianti,Sesto Fiorentino,Alloggio Turistico / Host Airbnb,info@sestofiorentinogardenhouse1.it,https://www.sestofiorentinogardenhouse1.it,+39 334 308 9759,2026-08-17
AIRBNB-03150,Sesto Fiorentino Garden House #2,Firenze Provincia & Chianti,Sesto Fiorentino,Alloggio Turistico / Host Airbnb,info@sestofiorentinogardenhouse2.it,https://www.sestofiorentinogardenhouse2.it,+39 334 308 9759,2026-08-17
AIRBNB-03151,Sesto Fiorentino Maison Elegance #1,Firenze Provincia & Chianti,Sesto Fiorentino,Alloggio Turistico / Host Airbnb,info@sestofiorentinomaisonelegance1.it,https://www.sestofiorentinomaisonelegance1.it,+39 334 308 9759,2026-08-17
AIRBNB-03152,Sesto Fiorentino Maison Elegance #2,Firenze Provincia & Chianti,Sesto Fiorentino,Alloggio Turistico / Host Airbnb,info@sestofiorentinomaisonelegance2.it,https://www.sestofiorentinomaisonelegance2.it,+39 334 308 9759,2026-08-17
AIRBNB-03153,Sesto Fiorentino Dimora Tipica #1,Firenze Provincia & Chianti,Sesto Fiorentino,Alloggio Turistico / Host Airbnb,info@sestofiorentinodimoratipica1.it,https://www.sestofiorentinodimoratipica1.it,+39 334 308 9759,2026-08-17
AIRBNB-03154,Sesto Fiorentino Dimora Tipica #2,Firenze Provincia & Chianti,Sesto Fiorentino,Alloggio Turistico / Host Airbnb,info@sestofiorentinodimoratipica2.it,https://www.sestofiorentinodimoratipica2.it,+39 334 308 9759,2026-08-17
AIRBNB-03155,Sesto Fiorentino Terrace Studio #1,Firenze Provincia & Chianti,Sesto Fiorentino,Alloggio Turistico / Host Airbnb,info@sestofiorentinoterracestudio1.it,https://www.sestofiorentinoterracestudio1.it,+39 334 308 9759,2026-08-17
AIRBNB-03156,Sesto Fiorentino Terrace Studio #2,Firenze Provincia & Chianti,Sesto Fiorentino,Alloggio Turistico / Host Airbnb,info@sestofiorentinoterracestudio2.it,https://www.sestofiorentinoterracestudio2.it,+39 334 308 9759,2026-08-17
AIRBNB-03157,Sesto Fiorentino Vacanze Relax Home #1,Firenze Provincia & Chianti,Sesto Fiorentino,Alloggio Turistico / Host Airbnb,info@sestofiorentinovacanzerelaxhome1.it,https://www.sestofiorentinovacanzerelaxhome1.it,+39 334 308 9759,2026-08-17
AIRBNB-03158,Sesto Fiorentino Vacanze Relax Home #2,Firenze Provincia & Chianti,Sesto Fiorentino,Alloggio Turistico / Host Airbnb,info@sestofiorentinovacanzerelaxhome2.it,https://www.sestofiorentinovacanzerelaxhome2.it,+39 334 308 9759,2026-08-17
AIRBNB-03159,Sesto Fiorentino Urban Living Loft #1,Firenze Provincia & Chianti,Sesto Fiorentino,Alloggio Turistico / Host Airbnb,info@sestofiorentinourbanlivingloft1.it,https://www.sestofiorentinourbanlivingloft1.it,+39 334 308 9759,2026-08-17
AIRBNB-03160,Sesto Fiorentino Urban Living Loft #2,Firenze Provincia & Chianti,Sesto Fiorentino,Alloggio Turistico / Host Airbnb,info@sestofiorentinourbanlivingloft2.it,https://www.sestofiorentinourbanlivingloft2.it,+39 334 308 9759,2026-08-17
AIRBNB-03161,Sesto Fiorentino Prestige Suites #1,Firenze Provincia & Chianti,Sesto Fiorentino,Alloggio Turistico / Host Airbnb,info@sestofiorentinoprestigesuites1.it,https://www.sestofiorentinoprestigesuites1.it,+39 334 308 9759,2026-08-17
AIRBNB-03162,Sesto Fiorentino Prestige Suites #2,Firenze Provincia & Chianti,Sesto Fiorentino,Alloggio Turistico / Host Airbnb,info@sestofiorentinoprestigesuites2.it,https://www.sestofiorentinoprestigesuites2.it,+39 334 308 9759,2026-08-17
AIRBNB-03163,Sesto Fiorentino Sea View Apartment #1,Firenze Provincia & Chianti,Sesto Fiorentino,Alloggio Turistico / Host Airbnb,info@sestofiorentinoseaviewapartment1.it,https://www.sestofiorentinoseaviewapartment1.it,+39 334 308 9759,2026-08-17
AIRBNB-03164,Sesto Fiorentino Sea View Apartment #2,Firenze Provincia & Chianti,Sesto Fiorentino,Alloggio Turistico / Host Airbnb,info@sestofiorentinoseaviewapartment2.it,https://www.sestofiorentinoseaviewapartment2.it,+39 334 308 9759,2026-08-17
AIRBNB-03165,Sesto Fiorentino Art & Style Flat #1,Firenze Provincia & Chianti,Sesto Fiorentino,Alloggio Turistico / Host Airbnb,info@sestofiorentinoartstyleflat1.it,https://www.sestofiorentinoartstyleflat1.it,+39 334 308 9759,2026-08-17
AIRBNB-03166,Sesto Fiorentino Art & Style Flat #2,Firenze Provincia & Chianti,Sesto Fiorentino,Alloggio Turistico / Host Airbnb,info@sestofiorentinoartstyleflat2.it,https://www.sestofiorentinoartstyleflat2.it,+39 334 308 9759,2026-08-17
AIRBNB-03167,Sesto Fiorentino Cozy Boutique Home #1,Firenze Provincia & Chianti,Sesto Fiorentino,Alloggio Turistico / Host Airbnb,info@sestofiorentinocozyboutiquehome1.it,https://www.sestofiorentinocozyboutiquehome1.it,+39 334 308 9759,2026-08-17
AIRBNB-03168,Sesto Fiorentino Cozy Boutique Home #2,Firenze Provincia & Chianti,Sesto Fiorentino,Alloggio Turistico / Host Airbnb,info@sestofiorentinocozyboutiquehome2.it,https://www.sestofiorentinocozyboutiquehome2.it,+39 334 308 9759,2026-08-17
AIRBNB-03169,Empoli Luxury Apartment #1,Firenze Provincia & Chianti,Empoli,Alloggio Turistico / Host Airbnb,info@empoliluxuryapartment1.it,https://www.empoliluxuryapartment1.it,+39 334 308 9759,2026-08-17
AIRBNB-03170,Empoli Luxury Apartment #2,Firenze Provincia & Chianti,Empoli,Alloggio Turistico / Host Airbnb,info@empoliluxuryapartment2.it,https://www.empoliluxuryapartment2.it,+39 334 308 9759,2026-08-17
AIRBNB-03171,Empoli Boutique Suite #1,Firenze Provincia & Chianti,Empoli,Alloggio Turistico / Host Airbnb,info@empoliboutiquesuite1.it,https://www.empoliboutiquesuite1.it,+39 334 308 9759,2026-08-17
AIRBNB-03172,Empoli Boutique Suite #2,Firenze Provincia & Chianti,Empoli,Alloggio Turistico / Host Airbnb,info@empoliboutiquesuite2.it,https://www.empoliboutiquesuite2.it,+39 334 308 9759,2026-08-17
AIRBNB-03173,Empoli Panoramic View Home #1,Firenze Provincia & Chianti,Empoli,Alloggio Turistico / Host Airbnb,info@empolipanoramicviewhome1.it,https://www.empolipanoramicviewhome1.it,+39 334 308 9759,2026-08-17
AIRBNB-03174,Empoli Panoramic View Home #2,Firenze Provincia & Chianti,Empoli,Alloggio Turistico / Host Airbnb,info@empolipanoramicviewhome2.it,https://www.empolipanoramicviewhome2.it,+39 334 308 9759,2026-08-17
AIRBNB-03175,Empoli Charme Loft #1,Firenze Provincia & Chianti,Empoli,Alloggio Turistico / Host Airbnb,info@empolicharmeloft1.it,https://www.empolicharmeloft1.it,+39 334 308 9759,2026-08-17
AIRBNB-03176,Empoli Charme Loft #2,Firenze Provincia & Chianti,Empoli,Alloggio Turistico / Host Airbnb,info@empolicharmeloft2.it,https://www.empolicharmeloft2.it,+39 334 308 9759,2026-08-17
AIRBNB-03177,Empoli Historic Relais #1,Firenze Provincia & Chianti,Empoli,Alloggio Turistico / Host Airbnb,info@empolihistoricrelais1.it,https://www.empolihistoricrelais1.it,+39 334 308 9759,2026-08-17
AIRBNB-03178,Empoli Historic Relais #2,Firenze Provincia & Chianti,Empoli,Alloggio Turistico / Host Airbnb,info@empolihistoricrelais2.it,https://www.empolihistoricrelais2.it,+39 334 308 9759,2026-08-17
AIRBNB-03179,Empoli Design Flat #1,Firenze Provincia & Chianti,Empoli,Alloggio Turistico / Host Airbnb,info@empolidesignflat1.it,https://www.empolidesignflat1.it,+39 334 308 9759,2026-08-17
AIRBNB-03180,Empoli Design Flat #2,Firenze Provincia & Chianti,Empoli,Alloggio Turistico / Host Airbnb,info@empolidesignflat2.it,https://www.empolidesignflat2.it,+39 334 308 9759,2026-08-17
AIRBNB-03181,Empoli Exclusive Penthouse #1,Firenze Provincia & Chianti,Empoli,Alloggio Turistico / Host Airbnb,info@empoliexclusivepenthouse1.it,https://www.empoliexclusivepenthouse1.it,+39 334 308 9759,2026-08-17
AIRBNB-03182,Empoli Exclusive Penthouse #2,Firenze Provincia & Chianti,Empoli,Alloggio Turistico / Host Airbnb,info@empoliexclusivepenthouse2.it,https://www.empoliexclusivepenthouse2.it,+39 334 308 9759,2026-08-17
AIRBNB-03183,Empoli Holiday Villa #1,Firenze Provincia & Chianti,Empoli,Alloggio Turistico / Host Airbnb,info@empoliholidayvilla1.it,https://www.empoliholidayvilla1.it,+39 334 308 9759,2026-08-17
AIRBNB-03184,Empoli Holiday Villa #2,Firenze Provincia & Chianti,Empoli,Alloggio Turistico / Host Airbnb,info@empoliholidayvilla2.it,https://www.empoliholidayvilla2.it,+39 334 308 9759,2026-08-17
AIRBNB-03185,Empoli Garden House #1,Firenze Provincia & Chianti,Empoli,Alloggio Turistico / Host Airbnb,info@empoligardenhouse1.it,https://www.empoligardenhouse1.it,+39 334 308 9759,2026-08-17
AIRBNB-03186,Empoli Garden House #2,Firenze Provincia & Chianti,Empoli,Alloggio Turistico / Host Airbnb,info@empoligardenhouse2.it,https://www.empoligardenhouse2.it,+39 334 308 9759,2026-08-17
AIRBNB-03187,Empoli Maison Elegance #1,Firenze Provincia & Chianti,Empoli,Alloggio Turistico / Host Airbnb,info@empolimaisonelegance1.it,https://www.empolimaisonelegance1.it,+39 334 308 9759,2026-08-17
AIRBNB-03188,Empoli Maison Elegance #2,Firenze Provincia & Chianti,Empoli,Alloggio Turistico / Host Airbnb,info@empolimaisonelegance2.it,https://www.empolimaisonelegance2.it,+39 334 308 9759,2026-08-17
AIRBNB-03189,Empoli Dimora Tipica #1,Firenze Provincia & Chianti,Empoli,Alloggio Turistico / Host Airbnb,info@empolidimoratipica1.it,https://www.empolidimoratipica1.it,+39 334 308 9759,2026-08-17
AIRBNB-03190,Empoli Dimora Tipica #2,Firenze Provincia & Chianti,Empoli,Alloggio Turistico / Host Airbnb,info@empolidimoratipica2.it,https://www.empolidimoratipica2.it,+39 334 308 9759,2026-08-17
AIRBNB-03191,Empoli Terrace Studio #1,Firenze Provincia & Chianti,Empoli,Alloggio Turistico / Host Airbnb,info@empoliterracestudio1.it,https://www.empoliterracestudio1.it,+39 334 308 9759,2026-08-17
AIRBNB-03192,Empoli Terrace Studio #2,Firenze Provincia & Chianti,Empoli,Alloggio Turistico / Host Airbnb,info@empoliterracestudio2.it,https://www.empoliterracestudio2.it,+39 334 308 9759,2026-08-17
AIRBNB-03193,Empoli Vacanze Relax Home #1,Firenze Provincia & Chianti,Empoli,Alloggio Turistico / Host Airbnb,info@empolivacanzerelaxhome1.it,https://www.empolivacanzerelaxhome1.it,+39 334 308 9759,2026-08-17
AIRBNB-03194,Empoli Vacanze Relax Home #2,Firenze Provincia & Chianti,Empoli,Alloggio Turistico / Host Airbnb,info@empolivacanzerelaxhome2.it,https://www.empolivacanzerelaxhome2.it,+39 334 308 9759,2026-08-17
AIRBNB-03195,Empoli Urban Living Loft #1,Firenze Provincia & Chianti,Empoli,Alloggio Turistico / Host Airbnb,info@empoliurbanlivingloft1.it,https://www.empoliurbanlivingloft1.it,+39 334 308 9759,2026-08-17
AIRBNB-03196,Empoli Urban Living Loft #2,Firenze Provincia & Chianti,Empoli,Alloggio Turistico / Host Airbnb,info@empoliurbanlivingloft2.it,https://www.empoliurbanlivingloft2.it,+39 334 308 9759,2026-08-17
AIRBNB-03197,Empoli Prestige Suites #1,Firenze Provincia & Chianti,Empoli,Alloggio Turistico / Host Airbnb,info@empoliprestigesuites1.it,https://www.empoliprestigesuites1.it,+39 334 308 9759,2026-08-17
AIRBNB-03198,Empoli Prestige Suites #2,Firenze Provincia & Chianti,Empoli,Alloggio Turistico / Host Airbnb,info@empoliprestigesuites2.it,https://www.empoliprestigesuites2.it,+39 334 308 9759,2026-08-17
AIRBNB-03199,Empoli Sea View Apartment #1,Firenze Provincia & Chianti,Empoli,Alloggio Turistico / Host Airbnb,info@empoliseaviewapartment1.it,https://www.empoliseaviewapartment1.it,+39 334 308 9759,2026-08-17
AIRBNB-03200,Empoli Sea View Apartment #2,Firenze Provincia & Chianti,Empoli,Alloggio Turistico / Host Airbnb,info@empoliseaviewapartment2.it,https://www.empoliseaviewapartment2.it,+39 334 308 9759,2026-08-17
AIRBNB-03201,Empoli Art & Style Flat #1,Firenze Provincia & Chianti,Empoli,Alloggio Turistico / Host Airbnb,info@empoliartstyleflat1.it,https://www.empoliartstyleflat1.it,+39 334 308 9759,2026-08-17
AIRBNB-03202,Empoli Art & Style Flat #2,Firenze Provincia & Chianti,Empoli,Alloggio Turistico / Host Airbnb,info@empoliartstyleflat2.it,https://www.empoliartstyleflat2.it,+39 334 308 9759,2026-08-17
AIRBNB-03203,Empoli Cozy Boutique Home #1,Firenze Provincia & Chianti,Empoli,Alloggio Turistico / Host Airbnb,info@empolicozyboutiquehome1.it,https://www.empolicozyboutiquehome1.it,+39 334 308 9759,2026-08-17
AIRBNB-03204,Empoli Cozy Boutique Home #2,Firenze Provincia & Chianti,Empoli,Alloggio Turistico / Host Airbnb,info@empolicozyboutiquehome2.it,https://www.empolicozyboutiquehome2.it,+39 334 308 9759,2026-08-17
AIRBNB-03205,Gaeta Serapo Luxury Apartment #1,Golfo di Gaeta Mare,Gaeta Serapo,Alloggio Turistico / Host Airbnb,info@gaetaserapoluxuryapartment1.it,https://www.gaetaserapoluxuryapartment1.it,+39 334 308 9759,2026-08-17
AIRBNB-03206,Gaeta Serapo Luxury Apartment #2,Golfo di Gaeta Mare,Gaeta Serapo,Alloggio Turistico / Host Airbnb,info@gaetaserapoluxuryapartment2.it,https://www.gaetaserapoluxuryapartment2.it,+39 334 308 9759,2026-08-17
AIRBNB-03207,Gaeta Serapo Boutique Suite #1,Golfo di Gaeta Mare,Gaeta Serapo,Alloggio Turistico / Host Airbnb,info@gaetaserapoboutiquesuite1.it,https://www.gaetaserapoboutiquesuite1.it,+39 334 308 9759,2026-08-17
AIRBNB-03208,Gaeta Serapo Boutique Suite #2,Golfo di Gaeta Mare,Gaeta Serapo,Alloggio Turistico / Host Airbnb,info@gaetaserapoboutiquesuite2.it,https://www.gaetaserapoboutiquesuite2.it,+39 334 308 9759,2026-08-17
AIRBNB-03209,Gaeta Serapo Panoramic View Home #1,Golfo di Gaeta Mare,Gaeta Serapo,Alloggio Turistico / Host Airbnb,info@gaetaserapopanoramicviewhome1.it,https://www.gaetaserapopanoramicviewhome1.it,+39 334 308 9759,2026-08-17
AIRBNB-03210,Gaeta Serapo Panoramic View Home #2,Golfo di Gaeta Mare,Gaeta Serapo,Alloggio Turistico / Host Airbnb,info@gaetaserapopanoramicviewhome2.it,https://www.gaetaserapopanoramicviewhome2.it,+39 334 308 9759,2026-08-17
AIRBNB-03211,Gaeta Serapo Charme Loft #1,Golfo di Gaeta Mare,Gaeta Serapo,Alloggio Turistico / Host Airbnb,info@gaetaserapocharmeloft1.it,https://www.gaetaserapocharmeloft1.it,+39 334 308 9759,2026-08-17
AIRBNB-03212,Gaeta Serapo Charme Loft #2,Golfo di Gaeta Mare,Gaeta Serapo,Alloggio Turistico / Host Airbnb,info@gaetaserapocharmeloft2.it,https://www.gaetaserapocharmeloft2.it,+39 334 308 9759,2026-08-17
AIRBNB-03213,Gaeta Serapo Historic Relais #1,Golfo di Gaeta Mare,Gaeta Serapo,Alloggio Turistico / Host Airbnb,info@gaetaserapohistoricrelais1.it,https://www.gaetaserapohistoricrelais1.it,+39 334 308 9759,2026-08-17
AIRBNB-03214,Gaeta Serapo Historic Relais #2,Golfo di Gaeta Mare,Gaeta Serapo,Alloggio Turistico / Host Airbnb,info@gaetaserapohistoricrelais2.it,https://www.gaetaserapohistoricrelais2.it,+39 334 308 9759,2026-08-17
AIRBNB-03215,Gaeta Serapo Design Flat #1,Golfo di Gaeta Mare,Gaeta Serapo,Alloggio Turistico / Host Airbnb,info@gaetaserapodesignflat1.it,https://www.gaetaserapodesignflat1.it,+39 334 308 9759,2026-08-17
AIRBNB-03216,Gaeta Serapo Design Flat #2,Golfo di Gaeta Mare,Gaeta Serapo,Alloggio Turistico / Host Airbnb,info@gaetaserapodesignflat2.it,https://www.gaetaserapodesignflat2.it,+39 334 308 9759,2026-08-17
AIRBNB-03217,Gaeta Serapo Exclusive Penthouse #1,Golfo di Gaeta Mare,Gaeta Serapo,Alloggio Turistico / Host Airbnb,info@gaetaserapoexclusivepenthouse1.it,https://www.gaetaserapoexclusivepenthouse1.it,+39 334 308 9759,2026-08-17
AIRBNB-03218,Gaeta Serapo Exclusive Penthouse #2,Golfo di Gaeta Mare,Gaeta Serapo,Alloggio Turistico / Host Airbnb,info@gaetaserapoexclusivepenthouse2.it,https://www.gaetaserapoexclusivepenthouse2.it,+39 334 308 9759,2026-08-17
AIRBNB-03219,Gaeta Serapo Holiday Villa #1,Golfo di Gaeta Mare,Gaeta Serapo,Alloggio Turistico / Host Airbnb,info@gaetaserapoholidayvilla1.it,https://www.gaetaserapoholidayvilla1.it,+39 334 308 9759,2026-08-17
AIRBNB-03220,Gaeta Serapo Holiday Villa #2,Golfo di Gaeta Mare,Gaeta Serapo,Alloggio Turistico / Host Airbnb,info@gaetaserapoholidayvilla2.it,https://www.gaetaserapoholidayvilla2.it,+39 334 308 9759,2026-08-17
AIRBNB-03221,Gaeta Serapo Garden House #1,Golfo di Gaeta Mare,Gaeta Serapo,Alloggio Turistico / Host Airbnb,info@gaetaserapogardenhouse1.it,https://www.gaetaserapogardenhouse1.it,+39 334 308 9759,2026-08-17
AIRBNB-03222,Gaeta Serapo Garden House #2,Golfo di Gaeta Mare,Gaeta Serapo,Alloggio Turistico / Host Airbnb,info@gaetaserapogardenhouse2.it,https://www.gaetaserapogardenhouse2.it,+39 334 308 9759,2026-08-17
AIRBNB-03223,Gaeta Serapo Maison Elegance #1,Golfo di Gaeta Mare,Gaeta Serapo,Alloggio Turistico / Host Airbnb,info@gaetaserapomaisonelegance1.it,https://www.gaetaserapomaisonelegance1.it,+39 334 308 9759,2026-08-17
AIRBNB-03224,Gaeta Serapo Maison Elegance #2,Golfo di Gaeta Mare,Gaeta Serapo,Alloggio Turistico / Host Airbnb,info@gaetaserapomaisonelegance2.it,https://www.gaetaserapomaisonelegance2.it,+39 334 308 9759,2026-08-17
AIRBNB-03225,Gaeta Serapo Dimora Tipica #1,Golfo di Gaeta Mare,Gaeta Serapo,Alloggio Turistico / Host Airbnb,info@gaetaserapodimoratipica1.it,https://www.gaetaserapodimoratipica1.it,+39 334 308 9759,2026-08-17
AIRBNB-03226,Gaeta Serapo Dimora Tipica #2,Golfo di Gaeta Mare,Gaeta Serapo,Alloggio Turistico / Host Airbnb,info@gaetaserapodimoratipica2.it,https://www.gaetaserapodimoratipica2.it,+39 334 308 9759,2026-08-17
AIRBNB-03227,Gaeta Serapo Terrace Studio #1,Golfo di Gaeta Mare,Gaeta Serapo,Alloggio Turistico / Host Airbnb,info@gaetaserapoterracestudio1.it,https://www.gaetaserapoterracestudio1.it,+39 334 308 9759,2026-08-17
AIRBNB-03228,Gaeta Serapo Terrace Studio #2,Golfo di Gaeta Mare,Gaeta Serapo,Alloggio Turistico / Host Airbnb,info@gaetaserapoterracestudio2.it,https://www.gaetaserapoterracestudio2.it,+39 334 308 9759,2026-08-17
AIRBNB-03229,Gaeta Serapo Vacanze Relax Home #1,Golfo di Gaeta Mare,Gaeta Serapo,Alloggio Turistico / Host Airbnb,info@gaetaserapovacanzerelaxhome1.it,https://www.gaetaserapovacanzerelaxhome1.it,+39 334 308 9759,2026-08-17
AIRBNB-03230,Gaeta Serapo Vacanze Relax Home #2,Golfo di Gaeta Mare,Gaeta Serapo,Alloggio Turistico / Host Airbnb,info@gaetaserapovacanzerelaxhome2.it,https://www.gaetaserapovacanzerelaxhome2.it,+39 334 308 9759,2026-08-17
AIRBNB-03231,Gaeta Serapo Urban Living Loft #1,Golfo di Gaeta Mare,Gaeta Serapo,Alloggio Turistico / Host Airbnb,info@gaetaserapourbanlivingloft1.it,https://www.gaetaserapourbanlivingloft1.it,+39 334 308 9759,2026-08-17
AIRBNB-03232,Gaeta Serapo Urban Living Loft #2,Golfo di Gaeta Mare,Gaeta Serapo,Alloggio Turistico / Host Airbnb,info@gaetaserapourbanlivingloft2.it,https://www.gaetaserapourbanlivingloft2.it,+39 334 308 9759,2026-08-17
AIRBNB-03233,Gaeta Serapo Prestige Suites #1,Golfo di Gaeta Mare,Gaeta Serapo,Alloggio Turistico / Host Airbnb,info@gaetaserapoprestigesuites1.it,https://www.gaetaserapoprestigesuites1.it,+39 334 308 9759,2026-08-17
AIRBNB-03234,Gaeta Serapo Prestige Suites #2,Golfo di Gaeta Mare,Gaeta Serapo,Alloggio Turistico / Host Airbnb,info@gaetaserapoprestigesuites2.it,https://www.gaetaserapoprestigesuites2.it,+39 334 308 9759,2026-08-17
AIRBNB-03235,Gaeta Serapo Sea View Apartment #1,Golfo di Gaeta Mare,Gaeta Serapo,Alloggio Turistico / Host Airbnb,info@gaetaseraposeaviewapartment1.it,https://www.gaetaseraposeaviewapartment1.it,+39 334 308 9759,2026-08-17
AIRBNB-03236,Gaeta Serapo Sea View Apartment #2,Golfo di Gaeta Mare,Gaeta Serapo,Alloggio Turistico / Host Airbnb,info@gaetaseraposeaviewapartment2.it,https://www.gaetaseraposeaviewapartment2.it,+39 334 308 9759,2026-08-17
AIRBNB-03237,Gaeta Serapo Art & Style Flat #1,Golfo di Gaeta Mare,Gaeta Serapo,Alloggio Turistico / Host Airbnb,info@gaetaserapoartstyleflat1.it,https://www.gaetaserapoartstyleflat1.it,+39 334 308 9759,2026-08-17
AIRBNB-03238,Gaeta Serapo Art & Style Flat #2,Golfo di Gaeta Mare,Gaeta Serapo,Alloggio Turistico / Host Airbnb,info@gaetaserapoartstyleflat2.it,https://www.gaetaserapoartstyleflat2.it,+39 334 308 9759,2026-08-17
AIRBNB-03239,Gaeta Serapo Cozy Boutique Home #1,Golfo di Gaeta Mare,Gaeta Serapo,Alloggio Turistico / Host Airbnb,info@gaetaserapocozyboutiquehome1.it,https://www.gaetaserapocozyboutiquehome1.it,+39 334 308 9759,2026-08-17
AIRBNB-03240,Gaeta Serapo Cozy Boutique Home #2,Golfo di Gaeta Mare,Gaeta Serapo,Alloggio Turistico / Host Airbnb,info@gaetaserapocozyboutiquehome2.it,https://www.gaetaserapocozyboutiquehome2.it,+39 334 308 9759,2026-08-17
AIRBNB-03241,Gaeta Medievale Luxury Apartment #1,Golfo di Gaeta Mare,Gaeta Medievale,Alloggio Turistico / Host Airbnb,info@gaetamedievaleluxuryapartment1.it,https://www.gaetamedievaleluxuryapartment1.it,+39 334 308 9759,2026-08-17
AIRBNB-03242,Gaeta Medievale Luxury Apartment #2,Golfo di Gaeta Mare,Gaeta Medievale,Alloggio Turistico / Host Airbnb,info@gaetamedievaleluxuryapartment2.it,https://www.gaetamedievaleluxuryapartment2.it,+39 334 308 9759,2026-08-17
AIRBNB-03243,Gaeta Medievale Boutique Suite #1,Golfo di Gaeta Mare,Gaeta Medievale,Alloggio Turistico / Host Airbnb,info@gaetamedievaleboutiquesuite1.it,https://www.gaetamedievaleboutiquesuite1.it,+39 334 308 9759,2026-08-17
AIRBNB-03244,Gaeta Medievale Boutique Suite #2,Golfo di Gaeta Mare,Gaeta Medievale,Alloggio Turistico / Host Airbnb,info@gaetamedievaleboutiquesuite2.it,https://www.gaetamedievaleboutiquesuite2.it,+39 334 308 9759,2026-08-17
AIRBNB-03245,Gaeta Medievale Panoramic View Home #1,Golfo di Gaeta Mare,Gaeta Medievale,Alloggio Turistico / Host Airbnb,info@gaetamedievalepanoramicviewhome1.it,https://www.gaetamedievalepanoramicviewhome1.it,+39 334 308 9759,2026-08-17
AIRBNB-03246,Gaeta Medievale Panoramic View Home #2,Golfo di Gaeta Mare,Gaeta Medievale,Alloggio Turistico / Host Airbnb,info@gaetamedievalepanoramicviewhome2.it,https://www.gaetamedievalepanoramicviewhome2.it,+39 334 308 9759,2026-08-17
AIRBNB-03247,Gaeta Medievale Charme Loft #1,Golfo di Gaeta Mare,Gaeta Medievale,Alloggio Turistico / Host Airbnb,info@gaetamedievalecharmeloft1.it,https://www.gaetamedievalecharmeloft1.it,+39 334 308 9759,2026-08-17
AIRBNB-03248,Gaeta Medievale Charme Loft #2,Golfo di Gaeta Mare,Gaeta Medievale,Alloggio Turistico / Host Airbnb,info@gaetamedievalecharmeloft2.it,https://www.gaetamedievalecharmeloft2.it,+39 334 308 9759,2026-08-17
AIRBNB-03249,Gaeta Medievale Historic Relais #1,Golfo di Gaeta Mare,Gaeta Medievale,Alloggio Turistico / Host Airbnb,info@gaetamedievalehistoricrelais1.it,https://www.gaetamedievalehistoricrelais1.it,+39 334 308 9759,2026-08-17
AIRBNB-03250,Gaeta Medievale Historic Relais #2,Golfo di Gaeta Mare,Gaeta Medievale,Alloggio Turistico / Host Airbnb,info@gaetamedievalehistoricrelais2.it,https://www.gaetamedievalehistoricrelais2.it,+39 334 308 9759,2026-08-17
AIRBNB-03251,Gaeta Medievale Design Flat #1,Golfo di Gaeta Mare,Gaeta Medievale,Alloggio Turistico / Host Airbnb,info@gaetamedievaledesignflat1.it,https://www.gaetamedievaledesignflat1.it,+39 334 308 9759,2026-08-17
AIRBNB-03252,Gaeta Medievale Design Flat #2,Golfo di Gaeta Mare,Gaeta Medievale,Alloggio Turistico / Host Airbnb,info@gaetamedievaledesignflat2.it,https://www.gaetamedievaledesignflat2.it,+39 334 308 9759,2026-08-17
AIRBNB-03253,Gaeta Medievale Exclusive Penthouse #1,Golfo di Gaeta Mare,Gaeta Medievale,Alloggio Turistico / Host Airbnb,info@gaetamedievaleexclusivepenthouse1.it,https://www.gaetamedievaleexclusivepenthouse1.it,+39 334 308 9759,2026-08-17
AIRBNB-03254,Gaeta Medievale Exclusive Penthouse #2,Golfo di Gaeta Mare,Gaeta Medievale,Alloggio Turistico / Host Airbnb,info@gaetamedievaleexclusivepenthouse2.it,https://www.gaetamedievaleexclusivepenthouse2.it,+39 334 308 9759,2026-08-17
AIRBNB-03255,Gaeta Medievale Holiday Villa #1,Golfo di Gaeta Mare,Gaeta Medievale,Alloggio Turistico / Host Airbnb,info@gaetamedievaleholidayvilla1.it,https://www.gaetamedievaleholidayvilla1.it,+39 334 308 9759,2026-08-17
AIRBNB-03256,Gaeta Medievale Holiday Villa #2,Golfo di Gaeta Mare,Gaeta Medievale,Alloggio Turistico / Host Airbnb,info@gaetamedievaleholidayvilla2.it,https://www.gaetamedievaleholidayvilla2.it,+39 334 308 9759,2026-08-17
AIRBNB-03257,Gaeta Medievale Garden House #1,Golfo di Gaeta Mare,Gaeta Medievale,Alloggio Turistico / Host Airbnb,info@gaetamedievalegardenhouse1.it,https://www.gaetamedievalegardenhouse1.it,+39 334 308 9759,2026-08-17
AIRBNB-03258,Gaeta Medievale Garden House #2,Golfo di Gaeta Mare,Gaeta Medievale,Alloggio Turistico / Host Airbnb,info@gaetamedievalegardenhouse2.it,https://www.gaetamedievalegardenhouse2.it,+39 334 308 9759,2026-08-17
AIRBNB-03259,Gaeta Medievale Maison Elegance #1,Golfo di Gaeta Mare,Gaeta Medievale,Alloggio Turistico / Host Airbnb,info@gaetamedievalemaisonelegance1.it,https://www.gaetamedievalemaisonelegance1.it,+39 334 308 9759,2026-08-17
AIRBNB-03260,Gaeta Medievale Maison Elegance #2,Golfo di Gaeta Mare,Gaeta Medievale,Alloggio Turistico / Host Airbnb,info@gaetamedievalemaisonelegance2.it,https://www.gaetamedievalemaisonelegance2.it,+39 334 308 9759,2026-08-17
AIRBNB-03261,Gaeta Medievale Dimora Tipica #1,Golfo di Gaeta Mare,Gaeta Medievale,Alloggio Turistico / Host Airbnb,info@gaetamedievaledimoratipica1.it,https://www.gaetamedievaledimoratipica1.it,+39 334 308 9759,2026-08-17
AIRBNB-03262,Gaeta Medievale Dimora Tipica #2,Golfo di Gaeta Mare,Gaeta Medievale,Alloggio Turistico / Host Airbnb,info@gaetamedievaledimoratipica2.it,https://www.gaetamedievaledimoratipica2.it,+39 334 308 9759,2026-08-17
AIRBNB-03263,Gaeta Medievale Terrace Studio #1,Golfo di Gaeta Mare,Gaeta Medievale,Alloggio Turistico / Host Airbnb,info@gaetamedievaleterracestudio1.it,https://www.gaetamedievaleterracestudio1.it,+39 334 308 9759,2026-08-17
AIRBNB-03264,Gaeta Medievale Terrace Studio #2,Golfo di Gaeta Mare,Gaeta Medievale,Alloggio Turistico / Host Airbnb,info@gaetamedievaleterracestudio2.it,https://www.gaetamedievaleterracestudio2.it,+39 334 308 9759,2026-08-17
AIRBNB-03265,Gaeta Medievale Vacanze Relax Home #1,Golfo di Gaeta Mare,Gaeta Medievale,Alloggio Turistico / Host Airbnb,info@gaetamedievalevacanzerelaxhome1.it,https://www.gaetamedievalevacanzerelaxhome1.it,+39 334 308 9759,2026-08-17
AIRBNB-03266,Gaeta Medievale Vacanze Relax Home #2,Golfo di Gaeta Mare,Gaeta Medievale,Alloggio Turistico / Host Airbnb,info@gaetamedievalevacanzerelaxhome2.it,https://www.gaetamedievalevacanzerelaxhome2.it,+39 334 308 9759,2026-08-17
AIRBNB-03267,Gaeta Medievale Urban Living Loft #1,Golfo di Gaeta Mare,Gaeta Medievale,Alloggio Turistico / Host Airbnb,info@gaetamedievaleurbanlivingloft1.it,https://www.gaetamedievaleurbanlivingloft1.it,+39 334 308 9759,2026-08-17
AIRBNB-03268,Gaeta Medievale Urban Living Loft #2,Golfo di Gaeta Mare,Gaeta Medievale,Alloggio Turistico / Host Airbnb,info@gaetamedievaleurbanlivingloft2.it,https://www.gaetamedievaleurbanlivingloft2.it,+39 334 308 9759,2026-08-17
AIRBNB-03269,Gaeta Medievale Prestige Suites #1,Golfo di Gaeta Mare,Gaeta Medievale,Alloggio Turistico / Host Airbnb,info@gaetamedievaleprestigesuites1.it,https://www.gaetamedievaleprestigesuites1.it,+39 334 308 9759,2026-08-17
AIRBNB-03270,Gaeta Medievale Prestige Suites #2,Golfo di Gaeta Mare,Gaeta Medievale,Alloggio Turistico / Host Airbnb,info@gaetamedievaleprestigesuites2.it,https://www.gaetamedievaleprestigesuites2.it,+39 334 308 9759,2026-08-17
AIRBNB-03271,Gaeta Medievale Sea View Apartment #1,Golfo di Gaeta Mare,Gaeta Medievale,Alloggio Turistico / Host Airbnb,info@gaetamedievaleseaviewapartment1.it,https://www.gaetamedievaleseaviewapartment1.it,+39 334 308 9759,2026-08-17
AIRBNB-03272,Gaeta Medievale Sea View Apartment #2,Golfo di Gaeta Mare,Gaeta Medievale,Alloggio Turistico / Host Airbnb,info@gaetamedievaleseaviewapartment2.it,https://www.gaetamedievaleseaviewapartment2.it,+39 334 308 9759,2026-08-17
AIRBNB-03273,Gaeta Medievale Art & Style Flat #1,Golfo di Gaeta Mare,Gaeta Medievale,Alloggio Turistico / Host Airbnb,info@gaetamedievaleartstyleflat1.it,https://www.gaetamedievaleartstyleflat1.it,+39 334 308 9759,2026-08-17
AIRBNB-03274,Gaeta Medievale Art & Style Flat #2,Golfo di Gaeta Mare,Gaeta Medievale,Alloggio Turistico / Host Airbnb,info@gaetamedievaleartstyleflat2.it,https://www.gaetamedievaleartstyleflat2.it,+39 334 308 9759,2026-08-17
AIRBNB-03275,Gaeta Medievale Cozy Boutique Home #1,Golfo di Gaeta Mare,Gaeta Medievale,Alloggio Turistico / Host Airbnb,info@gaetamedievalecozyboutiquehome1.it,https://www.gaetamedievalecozyboutiquehome1.it,+39 334 308 9759,2026-08-17
AIRBNB-03276,Gaeta Medievale Cozy Boutique Home #2,Golfo di Gaeta Mare,Gaeta Medievale,Alloggio Turistico / Host Airbnb,info@gaetamedievalecozyboutiquehome2.it,https://www.gaetamedievalecozyboutiquehome2.it,+39 334 308 9759,2026-08-17
AIRBNB-03277,Gaeta Caboto Luxury Apartment #1,Golfo di Gaeta Mare,Gaeta Caboto,Alloggio Turistico / Host Airbnb,info@gaetacabotoluxuryapartment1.it,https://www.gaetacabotoluxuryapartment1.it,+39 334 308 9759,2026-08-17
AIRBNB-03278,Gaeta Caboto Luxury Apartment #2,Golfo di Gaeta Mare,Gaeta Caboto,Alloggio Turistico / Host Airbnb,info@gaetacabotoluxuryapartment2.it,https://www.gaetacabotoluxuryapartment2.it,+39 334 308 9759,2026-08-17
AIRBNB-03279,Gaeta Caboto Boutique Suite #1,Golfo di Gaeta Mare,Gaeta Caboto,Alloggio Turistico / Host Airbnb,info@gaetacabotoboutiquesuite1.it,https://www.gaetacabotoboutiquesuite1.it,+39 334 308 9759,2026-08-17
AIRBNB-03280,Gaeta Caboto Boutique Suite #2,Golfo di Gaeta Mare,Gaeta Caboto,Alloggio Turistico / Host Airbnb,info@gaetacabotoboutiquesuite2.it,https://www.gaetacabotoboutiquesuite2.it,+39 334 308 9759,2026-08-17
AIRBNB-03281,Gaeta Caboto Panoramic View Home #1,Golfo di Gaeta Mare,Gaeta Caboto,Alloggio Turistico / Host Airbnb,info@gaetacabotopanoramicviewhome1.it,https://www.gaetacabotopanoramicviewhome1.it,+39 334 308 9759,2026-08-17
AIRBNB-03282,Gaeta Caboto Panoramic View Home #2,Golfo di Gaeta Mare,Gaeta Caboto,Alloggio Turistico / Host Airbnb,info@gaetacabotopanoramicviewhome2.it,https://www.gaetacabotopanoramicviewhome2.it,+39 334 308 9759,2026-08-17
AIRBNB-03283,Gaeta Caboto Charme Loft #1,Golfo di Gaeta Mare,Gaeta Caboto,Alloggio Turistico / Host Airbnb,info@gaetacabotocharmeloft1.it,https://www.gaetacabotocharmeloft1.it,+39 334 308 9759,2026-08-17
AIRBNB-03284,Gaeta Caboto Charme Loft #2,Golfo di Gaeta Mare,Gaeta Caboto,Alloggio Turistico / Host Airbnb,info@gaetacabotocharmeloft2.it,https://www.gaetacabotocharmeloft2.it,+39 334 308 9759,2026-08-17
AIRBNB-03285,Gaeta Caboto Historic Relais #1,Golfo di Gaeta Mare,Gaeta Caboto,Alloggio Turistico / Host Airbnb,info@gaetacabotohistoricrelais1.it,https://www.gaetacabotohistoricrelais1.it,+39 334 308 9759,2026-08-17
AIRBNB-03286,Gaeta Caboto Historic Relais #2,Golfo di Gaeta Mare,Gaeta Caboto,Alloggio Turistico / Host Airbnb,info@gaetacabotohistoricrelais2.it,https://www.gaetacabotohistoricrelais2.it,+39 334 308 9759,2026-08-17
AIRBNB-03287,Gaeta Caboto Design Flat #1,Golfo di Gaeta Mare,Gaeta Caboto,Alloggio Turistico / Host Airbnb,info@gaetacabotodesignflat1.it,https://www.gaetacabotodesignflat1.it,+39 334 308 9759,2026-08-17
AIRBNB-03288,Gaeta Caboto Design Flat #2,Golfo di Gaeta Mare,Gaeta Caboto,Alloggio Turistico / Host Airbnb,info@gaetacabotodesignflat2.it,https://www.gaetacabotodesignflat2.it,+39 334 308 9759,2026-08-17
AIRBNB-03289,Gaeta Caboto Exclusive Penthouse #1,Golfo di Gaeta Mare,Gaeta Caboto,Alloggio Turistico / Host Airbnb,info@gaetacabotoexclusivepenthouse1.it,https://www.gaetacabotoexclusivepenthouse1.it,+39 334 308 9759,2026-08-17
AIRBNB-03290,Gaeta Caboto Exclusive Penthouse #2,Golfo di Gaeta Mare,Gaeta Caboto,Alloggio Turistico / Host Airbnb,info@gaetacabotoexclusivepenthouse2.it,https://www.gaetacabotoexclusivepenthouse2.it,+39 334 308 9759,2026-08-17
AIRBNB-03291,Gaeta Caboto Holiday Villa #1,Golfo di Gaeta Mare,Gaeta Caboto,Alloggio Turistico / Host Airbnb,info@gaetacabotoholidayvilla1.it,https://www.gaetacabotoholidayvilla1.it,+39 334 308 9759,2026-08-17
AIRBNB-03292,Gaeta Caboto Holiday Villa #2,Golfo di Gaeta Mare,Gaeta Caboto,Alloggio Turistico / Host Airbnb,info@gaetacabotoholidayvilla2.it,https://www.gaetacabotoholidayvilla2.it,+39 334 308 9759,2026-08-17
AIRBNB-03293,Gaeta Caboto Garden House #1,Golfo di Gaeta Mare,Gaeta Caboto,Alloggio Turistico / Host Airbnb,info@gaetacabotogardenhouse1.it,https://www.gaetacabotogardenhouse1.it,+39 334 308 9759,2026-08-17
AIRBNB-03294,Gaeta Caboto Garden House #2,Golfo di Gaeta Mare,Gaeta Caboto,Alloggio Turistico / Host Airbnb,info@gaetacabotogardenhouse2.it,https://www.gaetacabotogardenhouse2.it,+39 334 308 9759,2026-08-17
AIRBNB-03295,Gaeta Caboto Maison Elegance #1,Golfo di Gaeta Mare,Gaeta Caboto,Alloggio Turistico / Host Airbnb,info@gaetacabotomaisonelegance1.it,https://www.gaetacabotomaisonelegance1.it,+39 334 308 9759,2026-08-17
AIRBNB-03296,Gaeta Caboto Maison Elegance #2,Golfo di Gaeta Mare,Gaeta Caboto,Alloggio Turistico / Host Airbnb,info@gaetacabotomaisonelegance2.it,https://www.gaetacabotomaisonelegance2.it,+39 334 308 9759,2026-08-17
AIRBNB-03297,Gaeta Caboto Dimora Tipica #1,Golfo di Gaeta Mare,Gaeta Caboto,Alloggio Turistico / Host Airbnb,info@gaetacabotodimoratipica1.it,https://www.gaetacabotodimoratipica1.it,+39 334 308 9759,2026-08-17
AIRBNB-03298,Gaeta Caboto Dimora Tipica #2,Golfo di Gaeta Mare,Gaeta Caboto,Alloggio Turistico / Host Airbnb,info@gaetacabotodimoratipica2.it,https://www.gaetacabotodimoratipica2.it,+39 334 308 9759,2026-08-17
AIRBNB-03299,Gaeta Caboto Terrace Studio #1,Golfo di Gaeta Mare,Gaeta Caboto,Alloggio Turistico / Host Airbnb,info@gaetacabototerracestudio1.it,https://www.gaetacabototerracestudio1.it,+39 334 308 9759,2026-08-17
AIRBNB-03300,Gaeta Caboto Terrace Studio #2,Golfo di Gaeta Mare,Gaeta Caboto,Alloggio Turistico / Host Airbnb,info@gaetacabototerracestudio2.it,https://www.gaetacabototerracestudio2.it,+39 334 308 9759,2026-08-17
AIRBNB-03301,Gaeta Caboto Vacanze Relax Home #1,Golfo di Gaeta Mare,Gaeta Caboto,Alloggio Turistico / Host Airbnb,info@gaetacabotovacanzerelaxhome1.it,https://www.gaetacabotovacanzerelaxhome1.it,+39 334 308 9759,2026-08-17
AIRBNB-03302,Gaeta Caboto Vacanze Relax Home #2,Golfo di Gaeta Mare,Gaeta Caboto,Alloggio Turistico / Host Airbnb,info@gaetacabotovacanzerelaxhome2.it,https://www.gaetacabotovacanzerelaxhome2.it,+39 334 308 9759,2026-08-17
AIRBNB-03303,Gaeta Caboto Urban Living Loft #1,Golfo di Gaeta Mare,Gaeta Caboto,Alloggio Turistico / Host Airbnb,info@gaetacabotourbanlivingloft1.it,https://www.gaetacabotourbanlivingloft1.it,+39 334 308 9759,2026-08-17
AIRBNB-03304,Gaeta Caboto Urban Living Loft #2,Golfo di Gaeta Mare,Gaeta Caboto,Alloggio Turistico / Host Airbnb,info@gaetacabotourbanlivingloft2.it,https://www.gaetacabotourbanlivingloft2.it,+39 334 308 9759,2026-08-17
AIRBNB-03305,Gaeta Caboto Prestige Suites #1,Golfo di Gaeta Mare,Gaeta Caboto,Alloggio Turistico / Host Airbnb,info@gaetacabotoprestigesuites1.it,https://www.gaetacabotoprestigesuites1.it,+39 334 308 9759,2026-08-17
AIRBNB-03306,Gaeta Caboto Prestige Suites #2,Golfo di Gaeta Mare,Gaeta Caboto,Alloggio Turistico / Host Airbnb,info@gaetacabotoprestigesuites2.it,https://www.gaetacabotoprestigesuites2.it,+39 334 308 9759,2026-08-17
AIRBNB-03307,Gaeta Caboto Sea View Apartment #1,Golfo di Gaeta Mare,Gaeta Caboto,Alloggio Turistico / Host Airbnb,info@gaetacabotoseaviewapartment1.it,https://www.gaetacabotoseaviewapartment1.it,+39 334 308 9759,2026-08-17
AIRBNB-03308,Gaeta Caboto Sea View Apartment #2,Golfo di Gaeta Mare,Gaeta Caboto,Alloggio Turistico / Host Airbnb,info@gaetacabotoseaviewapartment2.it,https://www.gaetacabotoseaviewapartment2.it,+39 334 308 9759,2026-08-17
AIRBNB-03309,Gaeta Caboto Art & Style Flat #1,Golfo di Gaeta Mare,Gaeta Caboto,Alloggio Turistico / Host Airbnb,info@gaetacabotoartstyleflat1.it,https://www.gaetacabotoartstyleflat1.it,+39 334 308 9759,2026-08-17
AIRBNB-03310,Gaeta Caboto Art & Style Flat #2,Golfo di Gaeta Mare,Gaeta Caboto,Alloggio Turistico / Host Airbnb,info@gaetacabotoartstyleflat2.it,https://www.gaetacabotoartstyleflat2.it,+39 334 308 9759,2026-08-17
AIRBNB-03311,Gaeta Caboto Cozy Boutique Home #1,Golfo di Gaeta Mare,Gaeta Caboto,Alloggio Turistico / Host Airbnb,info@gaetacabotocozyboutiquehome1.it,https://www.gaetacabotocozyboutiquehome1.it,+39 334 308 9759,2026-08-17
AIRBNB-03312,Gaeta Caboto Cozy Boutique Home #2,Golfo di Gaeta Mare,Gaeta Caboto,Alloggio Turistico / Host Airbnb,info@gaetacabotocozyboutiquehome2.it,https://www.gaetacabotocozyboutiquehome2.it,+39 334 308 9759,2026-08-17
AIRBNB-03313,Formia Vindicio Luxury Apartment #1,Golfo di Gaeta Mare,Formia Vindicio,Alloggio Turistico / Host Airbnb,info@formiavindicioluxuryapartment1.it,https://www.formiavindicioluxuryapartment1.it,+39 334 308 9759,2026-08-17
AIRBNB-03314,Formia Vindicio Luxury Apartment #2,Golfo di Gaeta Mare,Formia Vindicio,Alloggio Turistico / Host Airbnb,info@formiavindicioluxuryapartment2.it,https://www.formiavindicioluxuryapartment2.it,+39 334 308 9759,2026-08-17
AIRBNB-03315,Formia Vindicio Boutique Suite #1,Golfo di Gaeta Mare,Formia Vindicio,Alloggio Turistico / Host Airbnb,info@formiavindicioboutiquesuite1.it,https://www.formiavindicioboutiquesuite1.it,+39 334 308 9759,2026-08-17
AIRBNB-03316,Formia Vindicio Boutique Suite #2,Golfo di Gaeta Mare,Formia Vindicio,Alloggio Turistico / Host Airbnb,info@formiavindicioboutiquesuite2.it,https://www.formiavindicioboutiquesuite2.it,+39 334 308 9759,2026-08-17
AIRBNB-03317,Formia Vindicio Panoramic View Home #1,Golfo di Gaeta Mare,Formia Vindicio,Alloggio Turistico / Host Airbnb,info@formiavindiciopanoramicviewhome1.it,https://www.formiavindiciopanoramicviewhome1.it,+39 334 308 9759,2026-08-17
AIRBNB-03318,Formia Vindicio Panoramic View Home #2,Golfo di Gaeta Mare,Formia Vindicio,Alloggio Turistico / Host Airbnb,info@formiavindiciopanoramicviewhome2.it,https://www.formiavindiciopanoramicviewhome2.it,+39 334 308 9759,2026-08-17
AIRBNB-03319,Formia Vindicio Charme Loft #1,Golfo di Gaeta Mare,Formia Vindicio,Alloggio Turistico / Host Airbnb,info@formiavindiciocharmeloft1.it,https://www.formiavindiciocharmeloft1.it,+39 334 308 9759,2026-08-17
AIRBNB-03320,Formia Vindicio Charme Loft #2,Golfo di Gaeta Mare,Formia Vindicio,Alloggio Turistico / Host Airbnb,info@formiavindiciocharmeloft2.it,https://www.formiavindiciocharmeloft2.it,+39 334 308 9759,2026-08-17
AIRBNB-03321,Formia Vindicio Historic Relais #1,Golfo di Gaeta Mare,Formia Vindicio,Alloggio Turistico / Host Airbnb,info@formiavindiciohistoricrelais1.it,https://www.formiavindiciohistoricrelais1.it,+39 334 308 9759,2026-08-17
AIRBNB-03322,Formia Vindicio Historic Relais #2,Golfo di Gaeta Mare,Formia Vindicio,Alloggio Turistico / Host Airbnb,info@formiavindiciohistoricrelais2.it,https://www.formiavindiciohistoricrelais2.it,+39 334 308 9759,2026-08-17
AIRBNB-03323,Formia Vindicio Design Flat #1,Golfo di Gaeta Mare,Formia Vindicio,Alloggio Turistico / Host Airbnb,info@formiavindiciodesignflat1.it,https://www.formiavindiciodesignflat1.it,+39 334 308 9759,2026-08-17
AIRBNB-03324,Formia Vindicio Design Flat #2,Golfo di Gaeta Mare,Formia Vindicio,Alloggio Turistico / Host Airbnb,info@formiavindiciodesignflat2.it,https://www.formiavindiciodesignflat2.it,+39 334 308 9759,2026-08-17
AIRBNB-03325,Formia Vindicio Exclusive Penthouse #1,Golfo di Gaeta Mare,Formia Vindicio,Alloggio Turistico / Host Airbnb,info@formiavindicioexclusivepenthouse1.it,https://www.formiavindicioexclusivepenthouse1.it,+39 334 308 9759,2026-08-17
AIRBNB-03326,Formia Vindicio Exclusive Penthouse #2,Golfo di Gaeta Mare,Formia Vindicio,Alloggio Turistico / Host Airbnb,info@formiavindicioexclusivepenthouse2.it,https://www.formiavindicioexclusivepenthouse2.it,+39 334 308 9759,2026-08-17
AIRBNB-03327,Formia Vindicio Holiday Villa #1,Golfo di Gaeta Mare,Formia Vindicio,Alloggio Turistico / Host Airbnb,info@formiavindicioholidayvilla1.it,https://www.formiavindicioholidayvilla1.it,+39 334 308 9759,2026-08-17
AIRBNB-03328,Formia Vindicio Holiday Villa #2,Golfo di Gaeta Mare,Formia Vindicio,Alloggio Turistico / Host Airbnb,info@formiavindicioholidayvilla2.it,https://www.formiavindicioholidayvilla2.it,+39 334 308 9759,2026-08-17
AIRBNB-03329,Formia Vindicio Garden House #1,Golfo di Gaeta Mare,Formia Vindicio,Alloggio Turistico / Host Airbnb,info@formiavindiciogardenhouse1.it,https://www.formiavindiciogardenhouse1.it,+39 334 308 9759,2026-08-17
AIRBNB-03330,Formia Vindicio Garden House #2,Golfo di Gaeta Mare,Formia Vindicio,Alloggio Turistico / Host Airbnb,info@formiavindiciogardenhouse2.it,https://www.formiavindiciogardenhouse2.it,+39 334 308 9759,2026-08-17
AIRBNB-03331,Formia Vindicio Maison Elegance #1,Golfo di Gaeta Mare,Formia Vindicio,Alloggio Turistico / Host Airbnb,info@formiavindiciomaisonelegance1.it,https://www.formiavindiciomaisonelegance1.it,+39 334 308 9759,2026-08-17
AIRBNB-03332,Formia Vindicio Maison Elegance #2,Golfo di Gaeta Mare,Formia Vindicio,Alloggio Turistico / Host Airbnb,info@formiavindiciomaisonelegance2.it,https://www.formiavindiciomaisonelegance2.it,+39 334 308 9759,2026-08-17
AIRBNB-03333,Formia Vindicio Dimora Tipica #1,Golfo di Gaeta Mare,Formia Vindicio,Alloggio Turistico / Host Airbnb,info@formiavindiciodimoratipica1.it,https://www.formiavindiciodimoratipica1.it,+39 334 308 9759,2026-08-17
AIRBNB-03334,Formia Vindicio Dimora Tipica #2,Golfo di Gaeta Mare,Formia Vindicio,Alloggio Turistico / Host Airbnb,info@formiavindiciodimoratipica2.it,https://www.formiavindiciodimoratipica2.it,+39 334 308 9759,2026-08-17
AIRBNB-03335,Formia Vindicio Terrace Studio #1,Golfo di Gaeta Mare,Formia Vindicio,Alloggio Turistico / Host Airbnb,info@formiavindicioterracestudio1.it,https://www.formiavindicioterracestudio1.it,+39 334 308 9759,2026-08-17
AIRBNB-03336,Formia Vindicio Terrace Studio #2,Golfo di Gaeta Mare,Formia Vindicio,Alloggio Turistico / Host Airbnb,info@formiavindicioterracestudio2.it,https://www.formiavindicioterracestudio2.it,+39 334 308 9759,2026-08-17
AIRBNB-03337,Formia Vindicio Vacanze Relax Home #1,Golfo di Gaeta Mare,Formia Vindicio,Alloggio Turistico / Host Airbnb,info@formiavindiciovacanzerelaxhome1.it,https://www.formiavindiciovacanzerelaxhome1.it,+39 334 308 9759,2026-08-17
AIRBNB-03338,Formia Vindicio Vacanze Relax Home #2,Golfo di Gaeta Mare,Formia Vindicio,Alloggio Turistico / Host Airbnb,info@formiavindiciovacanzerelaxhome2.it,https://www.formiavindiciovacanzerelaxhome2.it,+39 334 308 9759,2026-08-17
AIRBNB-03339,Formia Vindicio Urban Living Loft #1,Golfo di Gaeta Mare,Formia Vindicio,Alloggio Turistico / Host Airbnb,info@formiavindiciourbanlivingloft1.it,https://www.formiavindiciourbanlivingloft1.it,+39 334 308 9759,2026-08-17
AIRBNB-03340,Formia Vindicio Urban Living Loft #2,Golfo di Gaeta Mare,Formia Vindicio,Alloggio Turistico / Host Airbnb,info@formiavindiciourbanlivingloft2.it,https://www.formiavindiciourbanlivingloft2.it,+39 334 308 9759,2026-08-17
AIRBNB-03341,Formia Vindicio Prestige Suites #1,Golfo di Gaeta Mare,Formia Vindicio,Alloggio Turistico / Host Airbnb,info@formiavindicioprestigesuites1.it,https://www.formiavindicioprestigesuites1.it,+39 334 308 9759,2026-08-17
AIRBNB-03342,Formia Vindicio Prestige Suites #2,Golfo di Gaeta Mare,Formia Vindicio,Alloggio Turistico / Host Airbnb,info@formiavindicioprestigesuites2.it,https://www.formiavindicioprestigesuites2.it,+39 334 308 9759,2026-08-17
AIRBNB-03343,Formia Vindicio Sea View Apartment #1,Golfo di Gaeta Mare,Formia Vindicio,Alloggio Turistico / Host Airbnb,info@formiavindicioseaviewapartment1.it,https://www.formiavindicioseaviewapartment1.it,+39 334 308 9759,2026-08-17
AIRBNB-03344,Formia Vindicio Sea View Apartment #2,Golfo di Gaeta Mare,Formia Vindicio,Alloggio Turistico / Host Airbnb,info@formiavindicioseaviewapartment2.it,https://www.formiavindicioseaviewapartment2.it,+39 334 308 9759,2026-08-17
AIRBNB-03345,Formia Vindicio Art & Style Flat #1,Golfo di Gaeta Mare,Formia Vindicio,Alloggio Turistico / Host Airbnb,info@formiavindicioartstyleflat1.it,https://www.formiavindicioartstyleflat1.it,+39 334 308 9759,2026-08-17
AIRBNB-03346,Formia Vindicio Art & Style Flat #2,Golfo di Gaeta Mare,Formia Vindicio,Alloggio Turistico / Host Airbnb,info@formiavindicioartstyleflat2.it,https://www.formiavindicioartstyleflat2.it,+39 334 308 9759,2026-08-17
AIRBNB-03347,Formia Vindicio Cozy Boutique Home #1,Golfo di Gaeta Mare,Formia Vindicio,Alloggio Turistico / Host Airbnb,info@formiavindiciocozyboutiquehome1.it,https://www.formiavindiciocozyboutiquehome1.it,+39 334 308 9759,2026-08-17
AIRBNB-03348,Formia Vindicio Cozy Boutique Home #2,Golfo di Gaeta Mare,Formia Vindicio,Alloggio Turistico / Host Airbnb,info@formiavindiciocozyboutiquehome2.it,https://www.formiavindiciocozyboutiquehome2.it,+39 334 308 9759,2026-08-17
AIRBNB-03349,Formia Gianola Luxury Apartment #1,Golfo di Gaeta Mare,Formia Gianola,Alloggio Turistico / Host Airbnb,info@formiagianolaluxuryapartment1.it,https://www.formiagianolaluxuryapartment1.it,+39 334 308 9759,2026-08-17
AIRBNB-03350,Formia Gianola Luxury Apartment #2,Golfo di Gaeta Mare,Formia Gianola,Alloggio Turistico / Host Airbnb,info@formiagianolaluxuryapartment2.it,https://www.formiagianolaluxuryapartment2.it,+39 334 308 9759,2026-08-17
AIRBNB-03351,Formia Gianola Boutique Suite #1,Golfo di Gaeta Mare,Formia Gianola,Alloggio Turistico / Host Airbnb,info@formiagianolaboutiquesuite1.it,https://www.formiagianolaboutiquesuite1.it,+39 334 308 9759,2026-08-17
AIRBNB-03352,Formia Gianola Boutique Suite #2,Golfo di Gaeta Mare,Formia Gianola,Alloggio Turistico / Host Airbnb,info@formiagianolaboutiquesuite2.it,https://www.formiagianolaboutiquesuite2.it,+39 334 308 9759,2026-08-17
AIRBNB-03353,Formia Gianola Panoramic View Home #1,Golfo di Gaeta Mare,Formia Gianola,Alloggio Turistico / Host Airbnb,info@formiagianolapanoramicviewhome1.it,https://www.formiagianolapanoramicviewhome1.it,+39 334 308 9759,2026-08-17
AIRBNB-03354,Formia Gianola Panoramic View Home #2,Golfo di Gaeta Mare,Formia Gianola,Alloggio Turistico / Host Airbnb,info@formiagianolapanoramicviewhome2.it,https://www.formiagianolapanoramicviewhome2.it,+39 334 308 9759,2026-08-17
AIRBNB-03355,Formia Gianola Charme Loft #1,Golfo di Gaeta Mare,Formia Gianola,Alloggio Turistico / Host Airbnb,info@formiagianolacharmeloft1.it,https://www.formiagianolacharmeloft1.it,+39 334 308 9759,2026-08-17
AIRBNB-03356,Formia Gianola Charme Loft #2,Golfo di Gaeta Mare,Formia Gianola,Alloggio Turistico / Host Airbnb,info@formiagianolacharmeloft2.it,https://www.formiagianolacharmeloft2.it,+39 334 308 9759,2026-08-17
AIRBNB-03357,Formia Gianola Historic Relais #1,Golfo di Gaeta Mare,Formia Gianola,Alloggio Turistico / Host Airbnb,info@formiagianolahistoricrelais1.it,https://www.formiagianolahistoricrelais1.it,+39 334 308 9759,2026-08-17
AIRBNB-03358,Formia Gianola Historic Relais #2,Golfo di Gaeta Mare,Formia Gianola,Alloggio Turistico / Host Airbnb,info@formiagianolahistoricrelais2.it,https://www.formiagianolahistoricrelais2.it,+39 334 308 9759,2026-08-17
AIRBNB-03359,Formia Gianola Design Flat #1,Golfo di Gaeta Mare,Formia Gianola,Alloggio Turistico / Host Airbnb,info@formiagianoladesignflat1.it,https://www.formiagianoladesignflat1.it,+39 334 308 9759,2026-08-17
AIRBNB-03360,Formia Gianola Design Flat #2,Golfo di Gaeta Mare,Formia Gianola,Alloggio Turistico / Host Airbnb,info@formiagianoladesignflat2.it,https://www.formiagianoladesignflat2.it,+39 334 308 9759,2026-08-17
AIRBNB-03361,Formia Gianola Exclusive Penthouse #1,Golfo di Gaeta Mare,Formia Gianola,Alloggio Turistico / Host Airbnb,info@formiagianolaexclusivepenthouse1.it,https://www.formiagianolaexclusivepenthouse1.it,+39 334 308 9759,2026-08-17
AIRBNB-03362,Formia Gianola Exclusive Penthouse #2,Golfo di Gaeta Mare,Formia Gianola,Alloggio Turistico / Host Airbnb,info@formiagianolaexclusivepenthouse2.it,https://www.formiagianolaexclusivepenthouse2.it,+39 334 308 9759,2026-08-17
AIRBNB-03363,Formia Gianola Holiday Villa #1,Golfo di Gaeta Mare,Formia Gianola,Alloggio Turistico / Host Airbnb,info@formiagianolaholidayvilla1.it,https://www.formiagianolaholidayvilla1.it,+39 334 308 9759,2026-08-17
AIRBNB-03364,Formia Gianola Holiday Villa #2,Golfo di Gaeta Mare,Formia Gianola,Alloggio Turistico / Host Airbnb,info@formiagianolaholidayvilla2.it,https://www.formiagianolaholidayvilla2.it,+39 334 308 9759,2026-08-17
AIRBNB-03365,Formia Gianola Garden House #1,Golfo di Gaeta Mare,Formia Gianola,Alloggio Turistico / Host Airbnb,info@formiagianolagardenhouse1.it,https://www.formiagianolagardenhouse1.it,+39 334 308 9759,2026-08-17
AIRBNB-03366,Formia Gianola Garden House #2,Golfo di Gaeta Mare,Formia Gianola,Alloggio Turistico / Host Airbnb,info@formiagianolagardenhouse2.it,https://www.formiagianolagardenhouse2.it,+39 334 308 9759,2026-08-17
AIRBNB-03367,Formia Gianola Maison Elegance #1,Golfo di Gaeta Mare,Formia Gianola,Alloggio Turistico / Host Airbnb,info@formiagianolamaisonelegance1.it,https://www.formiagianolamaisonelegance1.it,+39 334 308 9759,2026-08-17
AIRBNB-03368,Formia Gianola Maison Elegance #2,Golfo di Gaeta Mare,Formia Gianola,Alloggio Turistico / Host Airbnb,info@formiagianolamaisonelegance2.it,https://www.formiagianolamaisonelegance2.it,+39 334 308 9759,2026-08-17
AIRBNB-03369,Formia Gianola Dimora Tipica #1,Golfo di Gaeta Mare,Formia Gianola,Alloggio Turistico / Host Airbnb,info@formiagianoladimoratipica1.it,https://www.formiagianoladimoratipica1.it,+39 334 308 9759,2026-08-17
AIRBNB-03370,Formia Gianola Dimora Tipica #2,Golfo di Gaeta Mare,Formia Gianola,Alloggio Turistico / Host Airbnb,info@formiagianoladimoratipica2.it,https://www.formiagianoladimoratipica2.it,+39 334 308 9759,2026-08-17
AIRBNB-03371,Formia Gianola Terrace Studio #1,Golfo di Gaeta Mare,Formia Gianola,Alloggio Turistico / Host Airbnb,info@formiagianolaterracestudio1.it,https://www.formiagianolaterracestudio1.it,+39 334 308 9759,2026-08-17
AIRBNB-03372,Formia Gianola Terrace Studio #2,Golfo di Gaeta Mare,Formia Gianola,Alloggio Turistico / Host Airbnb,info@formiagianolaterracestudio2.it,https://www.formiagianolaterracestudio2.it,+39 334 308 9759,2026-08-17
AIRBNB-03373,Formia Gianola Vacanze Relax Home #1,Golfo di Gaeta Mare,Formia Gianola,Alloggio Turistico / Host Airbnb,info@formiagianolavacanzerelaxhome1.it,https://www.formiagianolavacanzerelaxhome1.it,+39 334 308 9759,2026-08-17
AIRBNB-03374,Formia Gianola Vacanze Relax Home #2,Golfo di Gaeta Mare,Formia Gianola,Alloggio Turistico / Host Airbnb,info@formiagianolavacanzerelaxhome2.it,https://www.formiagianolavacanzerelaxhome2.it,+39 334 308 9759,2026-08-17
AIRBNB-03375,Formia Gianola Urban Living Loft #1,Golfo di Gaeta Mare,Formia Gianola,Alloggio Turistico / Host Airbnb,info@formiagianolaurbanlivingloft1.it,https://www.formiagianolaurbanlivingloft1.it,+39 334 308 9759,2026-08-17
AIRBNB-03376,Formia Gianola Urban Living Loft #2,Golfo di Gaeta Mare,Formia Gianola,Alloggio Turistico / Host Airbnb,info@formiagianolaurbanlivingloft2.it,https://www.formiagianolaurbanlivingloft2.it,+39 334 308 9759,2026-08-17
AIRBNB-03377,Formia Gianola Prestige Suites #1,Golfo di Gaeta Mare,Formia Gianola,Alloggio Turistico / Host Airbnb,info@formiagianolaprestigesuites1.it,https://www.formiagianolaprestigesuites1.it,+39 334 308 9759,2026-08-17
AIRBNB-03378,Formia Gianola Prestige Suites #2,Golfo di Gaeta Mare,Formia Gianola,Alloggio Turistico / Host Airbnb,info@formiagianolaprestigesuites2.it,https://www.formiagianolaprestigesuites2.it,+39 334 308 9759,2026-08-17
AIRBNB-03379,Formia Gianola Sea View Apartment #1,Golfo di Gaeta Mare,Formia Gianola,Alloggio Turistico / Host Airbnb,info@formiagianolaseaviewapartment1.it,https://www.formiagianolaseaviewapartment1.it,+39 334 308 9759,2026-08-17
AIRBNB-03380,Formia Gianola Sea View Apartment #2,Golfo di Gaeta Mare,Formia Gianola,Alloggio Turistico / Host Airbnb,info@formiagianolaseaviewapartment2.it,https://www.formiagianolaseaviewapartment2.it,+39 334 308 9759,2026-08-17
AIRBNB-03381,Formia Gianola Art & Style Flat #1,Golfo di Gaeta Mare,Formia Gianola,Alloggio Turistico / Host Airbnb,info@formiagianolaartstyleflat1.it,https://www.formiagianolaartstyleflat1.it,+39 334 308 9759,2026-08-17
AIRBNB-03382,Formia Gianola Art & Style Flat #2,Golfo di Gaeta Mare,Formia Gianola,Alloggio Turistico / Host Airbnb,info@formiagianolaartstyleflat2.it,https://www.formiagianolaartstyleflat2.it,+39 334 308 9759,2026-08-17
AIRBNB-03383,Formia Gianola Cozy Boutique Home #1,Golfo di Gaeta Mare,Formia Gianola,Alloggio Turistico / Host Airbnb,info@formiagianolacozyboutiquehome1.it,https://www.formiagianolacozyboutiquehome1.it,+39 334 308 9759,2026-08-17
AIRBNB-03384,Formia Gianola Cozy Boutique Home #2,Golfo di Gaeta Mare,Formia Gianola,Alloggio Turistico / Host Airbnb,info@formiagianolacozyboutiquehome2.it,https://www.formiagianolacozyboutiquehome2.it,+39 334 308 9759,2026-08-17
AIRBNB-03385,Formia Centro Luxury Apartment #1,Golfo di Gaeta Mare,Formia Centro,Alloggio Turistico / Host Airbnb,info@formiacentroluxuryapartment1.it,https://www.formiacentroluxuryapartment1.it,+39 334 308 9759,2026-08-17
AIRBNB-03386,Formia Centro Luxury Apartment #2,Golfo di Gaeta Mare,Formia Centro,Alloggio Turistico / Host Airbnb,info@formiacentroluxuryapartment2.it,https://www.formiacentroluxuryapartment2.it,+39 334 308 9759,2026-08-17
AIRBNB-03387,Formia Centro Boutique Suite #1,Golfo di Gaeta Mare,Formia Centro,Alloggio Turistico / Host Airbnb,info@formiacentroboutiquesuite1.it,https://www.formiacentroboutiquesuite1.it,+39 334 308 9759,2026-08-17
AIRBNB-03388,Formia Centro Boutique Suite #2,Golfo di Gaeta Mare,Formia Centro,Alloggio Turistico / Host Airbnb,info@formiacentroboutiquesuite2.it,https://www.formiacentroboutiquesuite2.it,+39 334 308 9759,2026-08-17
AIRBNB-03389,Formia Centro Panoramic View Home #1,Golfo di Gaeta Mare,Formia Centro,Alloggio Turistico / Host Airbnb,info@formiacentropanoramicviewhome1.it,https://www.formiacentropanoramicviewhome1.it,+39 334 308 9759,2026-08-17
AIRBNB-03390,Formia Centro Panoramic View Home #2,Golfo di Gaeta Mare,Formia Centro,Alloggio Turistico / Host Airbnb,info@formiacentropanoramicviewhome2.it,https://www.formiacentropanoramicviewhome2.it,+39 334 308 9759,2026-08-17
AIRBNB-03391,Formia Centro Charme Loft #1,Golfo di Gaeta Mare,Formia Centro,Alloggio Turistico / Host Airbnb,info@formiacentrocharmeloft1.it,https://www.formiacentrocharmeloft1.it,+39 334 308 9759,2026-08-17
AIRBNB-03392,Formia Centro Charme Loft #2,Golfo di Gaeta Mare,Formia Centro,Alloggio Turistico / Host Airbnb,info@formiacentrocharmeloft2.it,https://www.formiacentrocharmeloft2.it,+39 334 308 9759,2026-08-17
AIRBNB-03393,Formia Centro Historic Relais #1,Golfo di Gaeta Mare,Formia Centro,Alloggio Turistico / Host Airbnb,info@formiacentrohistoricrelais1.it,https://www.formiacentrohistoricrelais1.it,+39 334 308 9759,2026-08-17
AIRBNB-03394,Formia Centro Historic Relais #2,Golfo di Gaeta Mare,Formia Centro,Alloggio Turistico / Host Airbnb,info@formiacentrohistoricrelais2.it,https://www.formiacentrohistoricrelais2.it,+39 334 308 9759,2026-08-17
AIRBNB-03395,Formia Centro Design Flat #1,Golfo di Gaeta Mare,Formia Centro,Alloggio Turistico / Host Airbnb,info@formiacentrodesignflat1.it,https://www.formiacentrodesignflat1.it,+39 334 308 9759,2026-08-17
AIRBNB-03396,Formia Centro Design Flat #2,Golfo di Gaeta Mare,Formia Centro,Alloggio Turistico / Host Airbnb,info@formiacentrodesignflat2.it,https://www.formiacentrodesignflat2.it,+39 334 308 9759,2026-08-17
AIRBNB-03397,Formia Centro Exclusive Penthouse #1,Golfo di Gaeta Mare,Formia Centro,Alloggio Turistico / Host Airbnb,info@formiacentroexclusivepenthouse1.it,https://www.formiacentroexclusivepenthouse1.it,+39 334 308 9759,2026-08-17
AIRBNB-03398,Formia Centro Exclusive Penthouse #2,Golfo di Gaeta Mare,Formia Centro,Alloggio Turistico / Host Airbnb,info@formiacentroexclusivepenthouse2.it,https://www.formiacentroexclusivepenthouse2.it,+39 334 308 9759,2026-08-17
AIRBNB-03399,Formia Centro Holiday Villa #1,Golfo di Gaeta Mare,Formia Centro,Alloggio Turistico / Host Airbnb,info@formiacentroholidayvilla1.it,https://www.formiacentroholidayvilla1.it,+39 334 308 9759,2026-08-17
AIRBNB-03400,Formia Centro Holiday Villa #2,Golfo di Gaeta Mare,Formia Centro,Alloggio Turistico / Host Airbnb,info@formiacentroholidayvilla2.it,https://www.formiacentroholidayvilla2.it,+39 334 308 9759,2026-08-17
AIRBNB-03401,Formia Centro Garden House #1,Golfo di Gaeta Mare,Formia Centro,Alloggio Turistico / Host Airbnb,info@formiacentrogardenhouse1.it,https://www.formiacentrogardenhouse1.it,+39 334 308 9759,2026-08-17
AIRBNB-03402,Formia Centro Garden House #2,Golfo di Gaeta Mare,Formia Centro,Alloggio Turistico / Host Airbnb,info@formiacentrogardenhouse2.it,https://www.formiacentrogardenhouse2.it,+39 334 308 9759,2026-08-17
AIRBNB-03403,Formia Centro Maison Elegance #1,Golfo di Gaeta Mare,Formia Centro,Alloggio Turistico / Host Airbnb,info@formiacentromaisonelegance1.it,https://www.formiacentromaisonelegance1.it,+39 334 308 9759,2026-08-17
AIRBNB-03404,Formia Centro Maison Elegance #2,Golfo di Gaeta Mare,Formia Centro,Alloggio Turistico / Host Airbnb,info@formiacentromaisonelegance2.it,https://www.formiacentromaisonelegance2.it,+39 334 308 9759,2026-08-17
AIRBNB-03405,Formia Centro Dimora Tipica #1,Golfo di Gaeta Mare,Formia Centro,Alloggio Turistico / Host Airbnb,info@formiacentrodimoratipica1.it,https://www.formiacentrodimoratipica1.it,+39 334 308 9759,2026-08-17
AIRBNB-03406,Formia Centro Dimora Tipica #2,Golfo di Gaeta Mare,Formia Centro,Alloggio Turistico / Host Airbnb,info@formiacentrodimoratipica2.it,https://www.formiacentrodimoratipica2.it,+39 334 308 9759,2026-08-17
AIRBNB-03407,Formia Centro Terrace Studio #1,Golfo di Gaeta Mare,Formia Centro,Alloggio Turistico / Host Airbnb,info@formiacentroterracestudio1.it,https://www.formiacentroterracestudio1.it,+39 334 308 9759,2026-08-17
AIRBNB-03408,Formia Centro Terrace Studio #2,Golfo di Gaeta Mare,Formia Centro,Alloggio Turistico / Host Airbnb,info@formiacentroterracestudio2.it,https://www.formiacentroterracestudio2.it,+39 334 308 9759,2026-08-17
AIRBNB-03409,Formia Centro Vacanze Relax Home #1,Golfo di Gaeta Mare,Formia Centro,Alloggio Turistico / Host Airbnb,info@formiacentrovacanzerelaxhome1.it,https://www.formiacentrovacanzerelaxhome1.it,+39 334 308 9759,2026-08-17
AIRBNB-03410,Formia Centro Vacanze Relax Home #2,Golfo di Gaeta Mare,Formia Centro,Alloggio Turistico / Host Airbnb,info@formiacentrovacanzerelaxhome2.it,https://www.formiacentrovacanzerelaxhome2.it,+39 334 308 9759,2026-08-17
AIRBNB-03411,Formia Centro Urban Living Loft #1,Golfo di Gaeta Mare,Formia Centro,Alloggio Turistico / Host Airbnb,info@formiacentrourbanlivingloft1.it,https://www.formiacentrourbanlivingloft1.it,+39 334 308 9759,2026-08-17
AIRBNB-03412,Formia Centro Urban Living Loft #2,Golfo di Gaeta Mare,Formia Centro,Alloggio Turistico / Host Airbnb,info@formiacentrourbanlivingloft2.it,https://www.formiacentrourbanlivingloft2.it,+39 334 308 9759,2026-08-17
AIRBNB-03413,Formia Centro Prestige Suites #1,Golfo di Gaeta Mare,Formia Centro,Alloggio Turistico / Host Airbnb,info@formiacentroprestigesuites1.it,https://www.formiacentroprestigesuites1.it,+39 334 308 9759,2026-08-17
AIRBNB-03414,Formia Centro Prestige Suites #2,Golfo di Gaeta Mare,Formia Centro,Alloggio Turistico / Host Airbnb,info@formiacentroprestigesuites2.it,https://www.formiacentroprestigesuites2.it,+39 334 308 9759,2026-08-17
AIRBNB-03415,Formia Centro Sea View Apartment #1,Golfo di Gaeta Mare,Formia Centro,Alloggio Turistico / Host Airbnb,info@formiacentroseaviewapartment1.it,https://www.formiacentroseaviewapartment1.it,+39 334 308 9759,2026-08-17
AIRBNB-03416,Formia Centro Sea View Apartment #2,Golfo di Gaeta Mare,Formia Centro,Alloggio Turistico / Host Airbnb,info@formiacentroseaviewapartment2.it,https://www.formiacentroseaviewapartment2.it,+39 334 308 9759,2026-08-17
AIRBNB-03417,Formia Centro Art & Style Flat #1,Golfo di Gaeta Mare,Formia Centro,Alloggio Turistico / Host Airbnb,info@formiacentroartstyleflat1.it,https://www.formiacentroartstyleflat1.it,+39 334 308 9759,2026-08-17
AIRBNB-03418,Formia Centro Art & Style Flat #2,Golfo di Gaeta Mare,Formia Centro,Alloggio Turistico / Host Airbnb,info@formiacentroartstyleflat2.it,https://www.formiacentroartstyleflat2.it,+39 334 308 9759,2026-08-17
AIRBNB-03419,Formia Centro Cozy Boutique Home #1,Golfo di Gaeta Mare,Formia Centro,Alloggio Turistico / Host Airbnb,info@formiacentrocozyboutiquehome1.it,https://www.formiacentrocozyboutiquehome1.it,+39 334 308 9759,2026-08-17
AIRBNB-03420,Formia Centro Cozy Boutique Home #2,Golfo di Gaeta Mare,Formia Centro,Alloggio Turistico / Host Airbnb,info@formiacentrocozyboutiquehome2.it,https://www.formiacentrocozyboutiquehome2.it,+39 334 308 9759,2026-08-17
AIRBNB-03421,Sperlonga Centro Luxury Apartment #1,Golfo di Gaeta Mare,Sperlonga Centro,Alloggio Turistico / Host Airbnb,info@sperlongacentroluxuryapartment1.it,https://www.sperlongacentroluxuryapartment1.it,+39 334 308 9759,2026-08-17
AIRBNB-03422,Sperlonga Centro Luxury Apartment #2,Golfo di Gaeta Mare,Sperlonga Centro,Alloggio Turistico / Host Airbnb,info@sperlongacentroluxuryapartment2.it,https://www.sperlongacentroluxuryapartment2.it,+39 334 308 9759,2026-08-17
AIRBNB-03423,Sperlonga Centro Boutique Suite #1,Golfo di Gaeta Mare,Sperlonga Centro,Alloggio Turistico / Host Airbnb,info@sperlongacentroboutiquesuite1.it,https://www.sperlongacentroboutiquesuite1.it,+39 334 308 9759,2026-08-17
AIRBNB-03424,Sperlonga Centro Boutique Suite #2,Golfo di Gaeta Mare,Sperlonga Centro,Alloggio Turistico / Host Airbnb,info@sperlongacentroboutiquesuite2.it,https://www.sperlongacentroboutiquesuite2.it,+39 334 308 9759,2026-08-17
AIRBNB-03425,Sperlonga Centro Panoramic View Home #1,Golfo di Gaeta Mare,Sperlonga Centro,Alloggio Turistico / Host Airbnb,info@sperlongacentropanoramicviewhome1.it,https://www.sperlongacentropanoramicviewhome1.it,+39 334 308 9759,2026-08-17
AIRBNB-03426,Sperlonga Centro Panoramic View Home #2,Golfo di Gaeta Mare,Sperlonga Centro,Alloggio Turistico / Host Airbnb,info@sperlongacentropanoramicviewhome2.it,https://www.sperlongacentropanoramicviewhome2.it,+39 334 308 9759,2026-08-17
AIRBNB-03427,Sperlonga Centro Charme Loft #1,Golfo di Gaeta Mare,Sperlonga Centro,Alloggio Turistico / Host Airbnb,info@sperlongacentrocharmeloft1.it,https://www.sperlongacentrocharmeloft1.it,+39 334 308 9759,2026-08-17
AIRBNB-03428,Sperlonga Centro Charme Loft #2,Golfo di Gaeta Mare,Sperlonga Centro,Alloggio Turistico / Host Airbnb,info@sperlongacentrocharmeloft2.it,https://www.sperlongacentrocharmeloft2.it,+39 334 308 9759,2026-08-17
AIRBNB-03429,Sperlonga Centro Historic Relais #1,Golfo di Gaeta Mare,Sperlonga Centro,Alloggio Turistico / Host Airbnb,info@sperlongacentrohistoricrelais1.it,https://www.sperlongacentrohistoricrelais1.it,+39 334 308 9759,2026-08-17
AIRBNB-03430,Sperlonga Centro Historic Relais #2,Golfo di Gaeta Mare,Sperlonga Centro,Alloggio Turistico / Host Airbnb,info@sperlongacentrohistoricrelais2.it,https://www.sperlongacentrohistoricrelais2.it,+39 334 308 9759,2026-08-17
AIRBNB-03431,Sperlonga Centro Design Flat #1,Golfo di Gaeta Mare,Sperlonga Centro,Alloggio Turistico / Host Airbnb,info@sperlongacentrodesignflat1.it,https://www.sperlongacentrodesignflat1.it,+39 334 308 9759,2026-08-17
AIRBNB-03432,Sperlonga Centro Design Flat #2,Golfo di Gaeta Mare,Sperlonga Centro,Alloggio Turistico / Host Airbnb,info@sperlongacentrodesignflat2.it,https://www.sperlongacentrodesignflat2.it,+39 334 308 9759,2026-08-17
AIRBNB-03433,Sperlonga Centro Exclusive Penthouse #1,Golfo di Gaeta Mare,Sperlonga Centro,Alloggio Turistico / Host Airbnb,info@sperlongacentroexclusivepenthouse1.it,https://www.sperlongacentroexclusivepenthouse1.it,+39 334 308 9759,2026-08-17
AIRBNB-03434,Sperlonga Centro Exclusive Penthouse #2,Golfo di Gaeta Mare,Sperlonga Centro,Alloggio Turistico / Host Airbnb,info@sperlongacentroexclusivepenthouse2.it,https://www.sperlongacentroexclusivepenthouse2.it,+39 334 308 9759,2026-08-17
AIRBNB-03435,Sperlonga Centro Holiday Villa #1,Golfo di Gaeta Mare,Sperlonga Centro,Alloggio Turistico / Host Airbnb,info@sperlongacentroholidayvilla1.it,https://www.sperlongacentroholidayvilla1.it,+39 334 308 9759,2026-08-17
AIRBNB-03436,Sperlonga Centro Holiday Villa #2,Golfo di Gaeta Mare,Sperlonga Centro,Alloggio Turistico / Host Airbnb,info@sperlongacentroholidayvilla2.it,https://www.sperlongacentroholidayvilla2.it,+39 334 308 9759,2026-08-17
AIRBNB-03437,Sperlonga Centro Garden House #1,Golfo di Gaeta Mare,Sperlonga Centro,Alloggio Turistico / Host Airbnb,info@sperlongacentrogardenhouse1.it,https://www.sperlongacentrogardenhouse1.it,+39 334 308 9759,2026-08-17
AIRBNB-03438,Sperlonga Centro Garden House #2,Golfo di Gaeta Mare,Sperlonga Centro,Alloggio Turistico / Host Airbnb,info@sperlongacentrogardenhouse2.it,https://www.sperlongacentrogardenhouse2.it,+39 334 308 9759,2026-08-17
AIRBNB-03439,Sperlonga Centro Maison Elegance #1,Golfo di Gaeta Mare,Sperlonga Centro,Alloggio Turistico / Host Airbnb,info@sperlongacentromaisonelegance1.it,https://www.sperlongacentromaisonelegance1.it,+39 334 308 9759,2026-08-17
AIRBNB-03440,Sperlonga Centro Maison Elegance #2,Golfo di Gaeta Mare,Sperlonga Centro,Alloggio Turistico / Host Airbnb,info@sperlongacentromaisonelegance2.it,https://www.sperlongacentromaisonelegance2.it,+39 334 308 9759,2026-08-17
AIRBNB-03441,Sperlonga Centro Dimora Tipica #1,Golfo di Gaeta Mare,Sperlonga Centro,Alloggio Turistico / Host Airbnb,info@sperlongacentrodimoratipica1.it,https://www.sperlongacentrodimoratipica1.it,+39 334 308 9759,2026-08-17
AIRBNB-03442,Sperlonga Centro Dimora Tipica #2,Golfo di Gaeta Mare,Sperlonga Centro,Alloggio Turistico / Host Airbnb,info@sperlongacentrodimoratipica2.it,https://www.sperlongacentrodimoratipica2.it,+39 334 308 9759,2026-08-17
AIRBNB-03443,Sperlonga Centro Terrace Studio #1,Golfo di Gaeta Mare,Sperlonga Centro,Alloggio Turistico / Host Airbnb,info@sperlongacentroterracestudio1.it,https://www.sperlongacentroterracestudio1.it,+39 334 308 9759,2026-08-17
AIRBNB-03444,Sperlonga Centro Terrace Studio #2,Golfo di Gaeta Mare,Sperlonga Centro,Alloggio Turistico / Host Airbnb,info@sperlongacentroterracestudio2.it,https://www.sperlongacentroterracestudio2.it,+39 334 308 9759,2026-08-17
AIRBNB-03445,Sperlonga Centro Vacanze Relax Home #1,Golfo di Gaeta Mare,Sperlonga Centro,Alloggio Turistico / Host Airbnb,info@sperlongacentrovacanzerelaxhome1.it,https://www.sperlongacentrovacanzerelaxhome1.it,+39 334 308 9759,2026-08-17
AIRBNB-03446,Sperlonga Centro Vacanze Relax Home #2,Golfo di Gaeta Mare,Sperlonga Centro,Alloggio Turistico / Host Airbnb,info@sperlongacentrovacanzerelaxhome2.it,https://www.sperlongacentrovacanzerelaxhome2.it,+39 334 308 9759,2026-08-17
AIRBNB-03447,Sperlonga Centro Urban Living Loft #1,Golfo di Gaeta Mare,Sperlonga Centro,Alloggio Turistico / Host Airbnb,info@sperlongacentrourbanlivingloft1.it,https://www.sperlongacentrourbanlivingloft1.it,+39 334 308 9759,2026-08-17
AIRBNB-03448,Sperlonga Centro Urban Living Loft #2,Golfo di Gaeta Mare,Sperlonga Centro,Alloggio Turistico / Host Airbnb,info@sperlongacentrourbanlivingloft2.it,https://www.sperlongacentrourbanlivingloft2.it,+39 334 308 9759,2026-08-17
AIRBNB-03449,Sperlonga Centro Prestige Suites #1,Golfo di Gaeta Mare,Sperlonga Centro,Alloggio Turistico / Host Airbnb,info@sperlongacentroprestigesuites1.it,https://www.sperlongacentroprestigesuites1.it,+39 334 308 9759,2026-08-17
AIRBNB-03450,Sperlonga Centro Prestige Suites #2,Golfo di Gaeta Mare,Sperlonga Centro,Alloggio Turistico / Host Airbnb,info@sperlongacentroprestigesuites2.it,https://www.sperlongacentroprestigesuites2.it,+39 334 308 9759,2026-08-17
AIRBNB-03451,Sperlonga Centro Sea View Apartment #1,Golfo di Gaeta Mare,Sperlonga Centro,Alloggio Turistico / Host Airbnb,info@sperlongacentroseaviewapartment1.it,https://www.sperlongacentroseaviewapartment1.it,+39 334 308 9759,2026-08-17
AIRBNB-03452,Sperlonga Centro Sea View Apartment #2,Golfo di Gaeta Mare,Sperlonga Centro,Alloggio Turistico / Host Airbnb,info@sperlongacentroseaviewapartment2.it,https://www.sperlongacentroseaviewapartment2.it,+39 334 308 9759,2026-08-17
AIRBNB-03453,Sperlonga Centro Art & Style Flat #1,Golfo di Gaeta Mare,Sperlonga Centro,Alloggio Turistico / Host Airbnb,info@sperlongacentroartstyleflat1.it,https://www.sperlongacentroartstyleflat1.it,+39 334 308 9759,2026-08-17
AIRBNB-03454,Sperlonga Centro Art & Style Flat #2,Golfo di Gaeta Mare,Sperlonga Centro,Alloggio Turistico / Host Airbnb,info@sperlongacentroartstyleflat2.it,https://www.sperlongacentroartstyleflat2.it,+39 334 308 9759,2026-08-17
AIRBNB-03455,Sperlonga Centro Cozy Boutique Home #1,Golfo di Gaeta Mare,Sperlonga Centro,Alloggio Turistico / Host Airbnb,info@sperlongacentrocozyboutiquehome1.it,https://www.sperlongacentrocozyboutiquehome1.it,+39 334 308 9759,2026-08-17
AIRBNB-03456,Sperlonga Centro Cozy Boutique Home #2,Golfo di Gaeta Mare,Sperlonga Centro,Alloggio Turistico / Host Airbnb,info@sperlongacentrocozyboutiquehome2.it,https://www.sperlongacentrocozyboutiquehome2.it,+39 334 308 9759,2026-08-17
AIRBNB-03457,Sperlonga Mare Luxury Apartment #1,Golfo di Gaeta Mare,Sperlonga Mare,Alloggio Turistico / Host Airbnb,info@sperlongamareluxuryapartment1.it,https://www.sperlongamareluxuryapartment1.it,+39 334 308 9759,2026-08-17
AIRBNB-03458,Sperlonga Mare Luxury Apartment #2,Golfo di Gaeta Mare,Sperlonga Mare,Alloggio Turistico / Host Airbnb,info@sperlongamareluxuryapartment2.it,https://www.sperlongamareluxuryapartment2.it,+39 334 308 9759,2026-08-17
AIRBNB-03459,Sperlonga Mare Boutique Suite #1,Golfo di Gaeta Mare,Sperlonga Mare,Alloggio Turistico / Host Airbnb,info@sperlongamareboutiquesuite1.it,https://www.sperlongamareboutiquesuite1.it,+39 334 308 9759,2026-08-17
AIRBNB-03460,Sperlonga Mare Boutique Suite #2,Golfo di Gaeta Mare,Sperlonga Mare,Alloggio Turistico / Host Airbnb,info@sperlongamareboutiquesuite2.it,https://www.sperlongamareboutiquesuite2.it,+39 334 308 9759,2026-08-17
AIRBNB-03461,Sperlonga Mare Panoramic View Home #1,Golfo di Gaeta Mare,Sperlonga Mare,Alloggio Turistico / Host Airbnb,info@sperlongamarepanoramicviewhome1.it,https://www.sperlongamarepanoramicviewhome1.it,+39 334 308 9759,2026-08-17
AIRBNB-03462,Sperlonga Mare Panoramic View Home #2,Golfo di Gaeta Mare,Sperlonga Mare,Alloggio Turistico / Host Airbnb,info@sperlongamarepanoramicviewhome2.it,https://www.sperlongamarepanoramicviewhome2.it,+39 334 308 9759,2026-08-17
AIRBNB-03463,Sperlonga Mare Charme Loft #1,Golfo di Gaeta Mare,Sperlonga Mare,Alloggio Turistico / Host Airbnb,info@sperlongamarecharmeloft1.it,https://www.sperlongamarecharmeloft1.it,+39 334 308 9759,2026-08-17
AIRBNB-03464,Sperlonga Mare Charme Loft #2,Golfo di Gaeta Mare,Sperlonga Mare,Alloggio Turistico / Host Airbnb,info@sperlongamarecharmeloft2.it,https://www.sperlongamarecharmeloft2.it,+39 334 308 9759,2026-08-17
AIRBNB-03465,Sperlonga Mare Historic Relais #1,Golfo di Gaeta Mare,Sperlonga Mare,Alloggio Turistico / Host Airbnb,info@sperlongamarehistoricrelais1.it,https://www.sperlongamarehistoricrelais1.it,+39 334 308 9759,2026-08-17
AIRBNB-03466,Sperlonga Mare Historic Relais #2,Golfo di Gaeta Mare,Sperlonga Mare,Alloggio Turistico / Host Airbnb,info@sperlongamarehistoricrelais2.it,https://www.sperlongamarehistoricrelais2.it,+39 334 308 9759,2026-08-17
AIRBNB-03467,Sperlonga Mare Design Flat #1,Golfo di Gaeta Mare,Sperlonga Mare,Alloggio Turistico / Host Airbnb,info@sperlongamaredesignflat1.it,https://www.sperlongamaredesignflat1.it,+39 334 308 9759,2026-08-17
AIRBNB-03468,Sperlonga Mare Design Flat #2,Golfo di Gaeta Mare,Sperlonga Mare,Alloggio Turistico / Host Airbnb,info@sperlongamaredesignflat2.it,https://www.sperlongamaredesignflat2.it,+39 334 308 9759,2026-08-17
AIRBNB-03469,Sperlonga Mare Exclusive Penthouse #1,Golfo di Gaeta Mare,Sperlonga Mare,Alloggio Turistico / Host Airbnb,info@sperlongamareexclusivepenthouse1.it,https://www.sperlongamareexclusivepenthouse1.it,+39 334 308 9759,2026-08-17
AIRBNB-03470,Sperlonga Mare Exclusive Penthouse #2,Golfo di Gaeta Mare,Sperlonga Mare,Alloggio Turistico / Host Airbnb,info@sperlongamareexclusivepenthouse2.it,https://www.sperlongamareexclusivepenthouse2.it,+39 334 308 9759,2026-08-17
AIRBNB-03471,Sperlonga Mare Holiday Villa #1,Golfo di Gaeta Mare,Sperlonga Mare,Alloggio Turistico / Host Airbnb,info@sperlongamareholidayvilla1.it,https://www.sperlongamareholidayvilla1.it,+39 334 308 9759,2026-08-17
AIRBNB-03472,Sperlonga Mare Holiday Villa #2,Golfo di Gaeta Mare,Sperlonga Mare,Alloggio Turistico / Host Airbnb,info@sperlongamareholidayvilla2.it,https://www.sperlongamareholidayvilla2.it,+39 334 308 9759,2026-08-17
AIRBNB-03473,Sperlonga Mare Garden House #1,Golfo di Gaeta Mare,Sperlonga Mare,Alloggio Turistico / Host Airbnb,info@sperlongamaregardenhouse1.it,https://www.sperlongamaregardenhouse1.it,+39 334 308 9759,2026-08-17
AIRBNB-03474,Sperlonga Mare Garden House #2,Golfo di Gaeta Mare,Sperlonga Mare,Alloggio Turistico / Host Airbnb,info@sperlongamaregardenhouse2.it,https://www.sperlongamaregardenhouse2.it,+39 334 308 9759,2026-08-17
AIRBNB-03475,Sperlonga Mare Maison Elegance #1,Golfo di Gaeta Mare,Sperlonga Mare,Alloggio Turistico / Host Airbnb,info@sperlongamaremaisonelegance1.it,https://www.sperlongamaremaisonelegance1.it,+39 334 308 9759,2026-08-17
AIRBNB-03476,Sperlonga Mare Maison Elegance #2,Golfo di Gaeta Mare,Sperlonga Mare,Alloggio Turistico / Host Airbnb,info@sperlongamaremaisonelegance2.it,https://www.sperlongamaremaisonelegance2.it,+39 334 308 9759,2026-08-17
AIRBNB-03477,Sperlonga Mare Dimora Tipica #1,Golfo di Gaeta Mare,Sperlonga Mare,Alloggio Turistico / Host Airbnb,info@sperlongamaredimoratipica1.it,https://www.sperlongamaredimoratipica1.it,+39 334 308 9759,2026-08-17
AIRBNB-03478,Sperlonga Mare Dimora Tipica #2,Golfo di Gaeta Mare,Sperlonga Mare,Alloggio Turistico / Host Airbnb,info@sperlongamaredimoratipica2.it,https://www.sperlongamaredimoratipica2.it,+39 334 308 9759,2026-08-17
AIRBNB-03479,Sperlonga Mare Terrace Studio #1,Golfo di Gaeta Mare,Sperlonga Mare,Alloggio Turistico / Host Airbnb,info@sperlongamareterracestudio1.it,https://www.sperlongamareterracestudio1.it,+39 334 308 9759,2026-08-17
AIRBNB-03480,Sperlonga Mare Terrace Studio #2,Golfo di Gaeta Mare,Sperlonga Mare,Alloggio Turistico / Host Airbnb,info@sperlongamareterracestudio2.it,https://www.sperlongamareterracestudio2.it,+39 334 308 9759,2026-08-17
AIRBNB-03481,Sperlonga Mare Vacanze Relax Home #1,Golfo di Gaeta Mare,Sperlonga Mare,Alloggio Turistico / Host Airbnb,info@sperlongamarevacanzerelaxhome1.it,https://www.sperlongamarevacanzerelaxhome1.it,+39 334 308 9759,2026-08-17
AIRBNB-03482,Sperlonga Mare Vacanze Relax Home #2,Golfo di Gaeta Mare,Sperlonga Mare,Alloggio Turistico / Host Airbnb,info@sperlongamarevacanzerelaxhome2.it,https://www.sperlongamarevacanzerelaxhome2.it,+39 334 308 9759,2026-08-17
AIRBNB-03483,Sperlonga Mare Urban Living Loft #1,Golfo di Gaeta Mare,Sperlonga Mare,Alloggio Turistico / Host Airbnb,info@sperlongamareurbanlivingloft1.it,https://www.sperlongamareurbanlivingloft1.it,+39 334 308 9759,2026-08-17
AIRBNB-03484,Sperlonga Mare Urban Living Loft #2,Golfo di Gaeta Mare,Sperlonga Mare,Alloggio Turistico / Host Airbnb,info@sperlongamareurbanlivingloft2.it,https://www.sperlongamareurbanlivingloft2.it,+39 334 308 9759,2026-08-17
AIRBNB-03485,Sperlonga Mare Prestige Suites #1,Golfo di Gaeta Mare,Sperlonga Mare,Alloggio Turistico / Host Airbnb,info@sperlongamareprestigesuites1.it,https://www.sperlongamareprestigesuites1.it,+39 334 308 9759,2026-08-17
AIRBNB-03486,Sperlonga Mare Prestige Suites #2,Golfo di Gaeta Mare,Sperlonga Mare,Alloggio Turistico / Host Airbnb,info@sperlongamareprestigesuites2.it,https://www.sperlongamareprestigesuites2.it,+39 334 308 9759,2026-08-17
AIRBNB-03487,Sperlonga Mare Sea View Apartment #1,Golfo di Gaeta Mare,Sperlonga Mare,Alloggio Turistico / Host Airbnb,info@sperlongamareseaviewapartment1.it,https://www.sperlongamareseaviewapartment1.it,+39 334 308 9759,2026-08-17
AIRBNB-03488,Sperlonga Mare Sea View Apartment #2,Golfo di Gaeta Mare,Sperlonga Mare,Alloggio Turistico / Host Airbnb,info@sperlongamareseaviewapartment2.it,https://www.sperlongamareseaviewapartment2.it,+39 334 308 9759,2026-08-17
AIRBNB-03489,Sperlonga Mare Art & Style Flat #1,Golfo di Gaeta Mare,Sperlonga Mare,Alloggio Turistico / Host Airbnb,info@sperlongamareartstyleflat1.it,https://www.sperlongamareartstyleflat1.it,+39 334 308 9759,2026-08-17
AIRBNB-03490,Sperlonga Mare Art & Style Flat #2,Golfo di Gaeta Mare,Sperlonga Mare,Alloggio Turistico / Host Airbnb,info@sperlongamareartstyleflat2.it,https://www.sperlongamareartstyleflat2.it,+39 334 308 9759,2026-08-17
AIRBNB-03491,Sperlonga Mare Cozy Boutique Home #1,Golfo di Gaeta Mare,Sperlonga Mare,Alloggio Turistico / Host Airbnb,info@sperlongamarecozyboutiquehome1.it,https://www.sperlongamarecozyboutiquehome1.it,+39 334 308 9759,2026-08-17
AIRBNB-03492,Sperlonga Mare Cozy Boutique Home #2,Golfo di Gaeta Mare,Sperlonga Mare,Alloggio Turistico / Host Airbnb,info@sperlongamarecozyboutiquehome2.it,https://www.sperlongamarecozyboutiquehome2.it,+39 334 308 9759,2026-08-17
AIRBNB-03493,Minturno Luxury Apartment #1,Litorale Sud & Isole,Minturno,Alloggio Turistico / Host Airbnb,info@minturnoluxuryapartment1.it,https://www.minturnoluxuryapartment1.it,+39 334 308 9759,2026-08-17
AIRBNB-03494,Minturno Luxury Apartment #2,Litorale Sud & Isole,Minturno,Alloggio Turistico / Host Airbnb,info@minturnoluxuryapartment2.it,https://www.minturnoluxuryapartment2.it,+39 334 308 9759,2026-08-17
AIRBNB-03495,Minturno Boutique Suite #1,Litorale Sud & Isole,Minturno,Alloggio Turistico / Host Airbnb,info@minturnoboutiquesuite1.it,https://www.minturnoboutiquesuite1.it,+39 334 308 9759,2026-08-17
AIRBNB-03496,Minturno Boutique Suite #2,Litorale Sud & Isole,Minturno,Alloggio Turistico / Host Airbnb,info@minturnoboutiquesuite2.it,https://www.minturnoboutiquesuite2.it,+39 334 308 9759,2026-08-17
AIRBNB-03497,Minturno Panoramic View Home #1,Litorale Sud & Isole,Minturno,Alloggio Turistico / Host Airbnb,info@minturnopanoramicviewhome1.it,https://www.minturnopanoramicviewhome1.it,+39 334 308 9759,2026-08-17
AIRBNB-03498,Minturno Panoramic View Home #2,Litorale Sud & Isole,Minturno,Alloggio Turistico / Host Airbnb,info@minturnopanoramicviewhome2.it,https://www.minturnopanoramicviewhome2.it,+39 334 308 9759,2026-08-17
AIRBNB-03499,Minturno Charme Loft #1,Litorale Sud & Isole,Minturno,Alloggio Turistico / Host Airbnb,info@minturnocharmeloft1.it,https://www.minturnocharmeloft1.it,+39 334 308 9759,2026-08-17
AIRBNB-03500,Minturno Charme Loft #2,Litorale Sud & Isole,Minturno,Alloggio Turistico / Host Airbnb,info@minturnocharmeloft2.it,https://www.minturnocharmeloft2.it,+39 334 308 9759,2026-08-17
AIRBNB-03501,Minturno Historic Relais #1,Litorale Sud & Isole,Minturno,Alloggio Turistico / Host Airbnb,info@minturnohistoricrelais1.it,https://www.minturnohistoricrelais1.it,+39 334 308 9759,2026-08-17
AIRBNB-03502,Minturno Historic Relais #2,Litorale Sud & Isole,Minturno,Alloggio Turistico / Host Airbnb,info@minturnohistoricrelais2.it,https://www.minturnohistoricrelais2.it,+39 334 308 9759,2026-08-17
AIRBNB-03503,Minturno Design Flat #1,Litorale Sud & Isole,Minturno,Alloggio Turistico / Host Airbnb,info@minturnodesignflat1.it,https://www.minturnodesignflat1.it,+39 334 308 9759,2026-08-17
AIRBNB-03504,Minturno Design Flat #2,Litorale Sud & Isole,Minturno,Alloggio Turistico / Host Airbnb,info@minturnodesignflat2.it,https://www.minturnodesignflat2.it,+39 334 308 9759,2026-08-17
AIRBNB-03505,Minturno Exclusive Penthouse #1,Litorale Sud & Isole,Minturno,Alloggio Turistico / Host Airbnb,info@minturnoexclusivepenthouse1.it,https://www.minturnoexclusivepenthouse1.it,+39 334 308 9759,2026-08-17
AIRBNB-03506,Minturno Exclusive Penthouse #2,Litorale Sud & Isole,Minturno,Alloggio Turistico / Host Airbnb,info@minturnoexclusivepenthouse2.it,https://www.minturnoexclusivepenthouse2.it,+39 334 308 9759,2026-08-17
AIRBNB-03507,Minturno Holiday Villa #1,Litorale Sud & Isole,Minturno,Alloggio Turistico / Host Airbnb,info@minturnoholidayvilla1.it,https://www.minturnoholidayvilla1.it,+39 334 308 9759,2026-08-17
AIRBNB-03508,Minturno Holiday Villa #2,Litorale Sud & Isole,Minturno,Alloggio Turistico / Host Airbnb,info@minturnoholidayvilla2.it,https://www.minturnoholidayvilla2.it,+39 334 308 9759,2026-08-17
AIRBNB-03509,Minturno Garden House #1,Litorale Sud & Isole,Minturno,Alloggio Turistico / Host Airbnb,info@minturnogardenhouse1.it,https://www.minturnogardenhouse1.it,+39 334 308 9759,2026-08-17
AIRBNB-03510,Minturno Garden House #2,Litorale Sud & Isole,Minturno,Alloggio Turistico / Host Airbnb,info@minturnogardenhouse2.it,https://www.minturnogardenhouse2.it,+39 334 308 9759,2026-08-17
AIRBNB-03511,Minturno Maison Elegance #1,Litorale Sud & Isole,Minturno,Alloggio Turistico / Host Airbnb,info@minturnomaisonelegance1.it,https://www.minturnomaisonelegance1.it,+39 334 308 9759,2026-08-17
AIRBNB-03512,Minturno Maison Elegance #2,Litorale Sud & Isole,Minturno,Alloggio Turistico / Host Airbnb,info@minturnomaisonelegance2.it,https://www.minturnomaisonelegance2.it,+39 334 308 9759,2026-08-17
AIRBNB-03513,Minturno Dimora Tipica #1,Litorale Sud & Isole,Minturno,Alloggio Turistico / Host Airbnb,info@minturnodimoratipica1.it,https://www.minturnodimoratipica1.it,+39 334 308 9759,2026-08-17
AIRBNB-03514,Minturno Dimora Tipica #2,Litorale Sud & Isole,Minturno,Alloggio Turistico / Host Airbnb,info@minturnodimoratipica2.it,https://www.minturnodimoratipica2.it,+39 334 308 9759,2026-08-17
AIRBNB-03515,Minturno Terrace Studio #1,Litorale Sud & Isole,Minturno,Alloggio Turistico / Host Airbnb,info@minturnoterracestudio1.it,https://www.minturnoterracestudio1.it,+39 334 308 9759,2026-08-17
AIRBNB-03516,Minturno Terrace Studio #2,Litorale Sud & Isole,Minturno,Alloggio Turistico / Host Airbnb,info@minturnoterracestudio2.it,https://www.minturnoterracestudio2.it,+39 334 308 9759,2026-08-17
AIRBNB-03517,Minturno Vacanze Relax Home #1,Litorale Sud & Isole,Minturno,Alloggio Turistico / Host Airbnb,info@minturnovacanzerelaxhome1.it,https://www.minturnovacanzerelaxhome1.it,+39 334 308 9759,2026-08-17
AIRBNB-03518,Minturno Vacanze Relax Home #2,Litorale Sud & Isole,Minturno,Alloggio Turistico / Host Airbnb,info@minturnovacanzerelaxhome2.it,https://www.minturnovacanzerelaxhome2.it,+39 334 308 9759,2026-08-17
AIRBNB-03519,Minturno Urban Living Loft #1,Litorale Sud & Isole,Minturno,Alloggio Turistico / Host Airbnb,info@minturnourbanlivingloft1.it,https://www.minturnourbanlivingloft1.it,+39 334 308 9759,2026-08-17
AIRBNB-03520,Minturno Urban Living Loft #2,Litorale Sud & Isole,Minturno,Alloggio Turistico / Host Airbnb,info@minturnourbanlivingloft2.it,https://www.minturnourbanlivingloft2.it,+39 334 308 9759,2026-08-17
AIRBNB-03521,Minturno Prestige Suites #1,Litorale Sud & Isole,Minturno,Alloggio Turistico / Host Airbnb,info@minturnoprestigesuites1.it,https://www.minturnoprestigesuites1.it,+39 334 308 9759,2026-08-17
AIRBNB-03522,Minturno Prestige Suites #2,Litorale Sud & Isole,Minturno,Alloggio Turistico / Host Airbnb,info@minturnoprestigesuites2.it,https://www.minturnoprestigesuites2.it,+39 334 308 9759,2026-08-17
AIRBNB-03523,Minturno Sea View Apartment #1,Litorale Sud & Isole,Minturno,Alloggio Turistico / Host Airbnb,info@minturnoseaviewapartment1.it,https://www.minturnoseaviewapartment1.it,+39 334 308 9759,2026-08-17
AIRBNB-03524,Minturno Sea View Apartment #2,Litorale Sud & Isole,Minturno,Alloggio Turistico / Host Airbnb,info@minturnoseaviewapartment2.it,https://www.minturnoseaviewapartment2.it,+39 334 308 9759,2026-08-17
AIRBNB-03525,Minturno Art & Style Flat #1,Litorale Sud & Isole,Minturno,Alloggio Turistico / Host Airbnb,info@minturnoartstyleflat1.it,https://www.minturnoartstyleflat1.it,+39 334 308 9759,2026-08-17
AIRBNB-03526,Minturno Art & Style Flat #2,Litorale Sud & Isole,Minturno,Alloggio Turistico / Host Airbnb,info@minturnoartstyleflat2.it,https://www.minturnoartstyleflat2.it,+39 334 308 9759,2026-08-17
AIRBNB-03527,Minturno Cozy Boutique Home #1,Litorale Sud & Isole,Minturno,Alloggio Turistico / Host Airbnb,info@minturnocozyboutiquehome1.it,https://www.minturnocozyboutiquehome1.it,+39 334 308 9759,2026-08-17
AIRBNB-03528,Minturno Cozy Boutique Home #2,Litorale Sud & Isole,Minturno,Alloggio Turistico / Host Airbnb,info@minturnocozyboutiquehome2.it,https://www.minturnocozyboutiquehome2.it,+39 334 308 9759,2026-08-17
AIRBNB-03529,Scauri Mare Luxury Apartment #1,Litorale Sud & Isole,Scauri Mare,Alloggio Turistico / Host Airbnb,info@scaurimareluxuryapartment1.it,https://www.scaurimareluxuryapartment1.it,+39 334 308 9759,2026-08-17
AIRBNB-03530,Scauri Mare Luxury Apartment #2,Litorale Sud & Isole,Scauri Mare,Alloggio Turistico / Host Airbnb,info@scaurimareluxuryapartment2.it,https://www.scaurimareluxuryapartment2.it,+39 334 308 9759,2026-08-17
AIRBNB-03531,Scauri Mare Boutique Suite #1,Litorale Sud & Isole,Scauri Mare,Alloggio Turistico / Host Airbnb,info@scaurimareboutiquesuite1.it,https://www.scaurimareboutiquesuite1.it,+39 334 308 9759,2026-08-17
AIRBNB-03532,Scauri Mare Boutique Suite #2,Litorale Sud & Isole,Scauri Mare,Alloggio Turistico / Host Airbnb,info@scaurimareboutiquesuite2.it,https://www.scaurimareboutiquesuite2.it,+39 334 308 9759,2026-08-17
AIRBNB-03533,Scauri Mare Panoramic View Home #1,Litorale Sud & Isole,Scauri Mare,Alloggio Turistico / Host Airbnb,info@scaurimarepanoramicviewhome1.it,https://www.scaurimarepanoramicviewhome1.it,+39 334 308 9759,2026-08-17
AIRBNB-03534,Scauri Mare Panoramic View Home #2,Litorale Sud & Isole,Scauri Mare,Alloggio Turistico / Host Airbnb,info@scaurimarepanoramicviewhome2.it,https://www.scaurimarepanoramicviewhome2.it,+39 334 308 9759,2026-08-17
AIRBNB-03535,Scauri Mare Charme Loft #1,Litorale Sud & Isole,Scauri Mare,Alloggio Turistico / Host Airbnb,info@scaurimarecharmeloft1.it,https://www.scaurimarecharmeloft1.it,+39 334 308 9759,2026-08-17
AIRBNB-03536,Scauri Mare Charme Loft #2,Litorale Sud & Isole,Scauri Mare,Alloggio Turistico / Host Airbnb,info@scaurimarecharmeloft2.it,https://www.scaurimarecharmeloft2.it,+39 334 308 9759,2026-08-17
AIRBNB-03537,Scauri Mare Historic Relais #1,Litorale Sud & Isole,Scauri Mare,Alloggio Turistico / Host Airbnb,info@scaurimarehistoricrelais1.it,https://www.scaurimarehistoricrelais1.it,+39 334 308 9759,2026-08-17
AIRBNB-03538,Scauri Mare Historic Relais #2,Litorale Sud & Isole,Scauri Mare,Alloggio Turistico / Host Airbnb,info@scaurimarehistoricrelais2.it,https://www.scaurimarehistoricrelais2.it,+39 334 308 9759,2026-08-17
AIRBNB-03539,Scauri Mare Design Flat #1,Litorale Sud & Isole,Scauri Mare,Alloggio Turistico / Host Airbnb,info@scaurimaredesignflat1.it,https://www.scaurimaredesignflat1.it,+39 334 308 9759,2026-08-17
AIRBNB-03540,Scauri Mare Design Flat #2,Litorale Sud & Isole,Scauri Mare,Alloggio Turistico / Host Airbnb,info@scaurimaredesignflat2.it,https://www.scaurimaredesignflat2.it,+39 334 308 9759,2026-08-17
AIRBNB-03541,Scauri Mare Exclusive Penthouse #1,Litorale Sud & Isole,Scauri Mare,Alloggio Turistico / Host Airbnb,info@scaurimareexclusivepenthouse1.it,https://www.scaurimareexclusivepenthouse1.it,+39 334 308 9759,2026-08-17
AIRBNB-03542,Scauri Mare Exclusive Penthouse #2,Litorale Sud & Isole,Scauri Mare,Alloggio Turistico / Host Airbnb,info@scaurimareexclusivepenthouse2.it,https://www.scaurimareexclusivepenthouse2.it,+39 334 308 9759,2026-08-17
AIRBNB-03543,Scauri Mare Holiday Villa #1,Litorale Sud & Isole,Scauri Mare,Alloggio Turistico / Host Airbnb,info@scaurimareholidayvilla1.it,https://www.scaurimareholidayvilla1.it,+39 334 308 9759,2026-08-17
AIRBNB-03544,Scauri Mare Holiday Villa #2,Litorale Sud & Isole,Scauri Mare,Alloggio Turistico / Host Airbnb,info@scaurimareholidayvilla2.it,https://www.scaurimareholidayvilla2.it,+39 334 308 9759,2026-08-17
AIRBNB-03545,Scauri Mare Garden House #1,Litorale Sud & Isole,Scauri Mare,Alloggio Turistico / Host Airbnb,info@scaurimaregardenhouse1.it,https://www.scaurimaregardenhouse1.it,+39 334 308 9759,2026-08-17
AIRBNB-03546,Scauri Mare Garden House #2,Litorale Sud & Isole,Scauri Mare,Alloggio Turistico / Host Airbnb,info@scaurimaregardenhouse2.it,https://www.scaurimaregardenhouse2.it,+39 334 308 9759,2026-08-17
AIRBNB-03547,Scauri Mare Maison Elegance #1,Litorale Sud & Isole,Scauri Mare,Alloggio Turistico / Host Airbnb,info@scaurimaremaisonelegance1.it,https://www.scaurimaremaisonelegance1.it,+39 334 308 9759,2026-08-17
AIRBNB-03548,Scauri Mare Maison Elegance #2,Litorale Sud & Isole,Scauri Mare,Alloggio Turistico / Host Airbnb,info@scaurimaremaisonelegance2.it,https://www.scaurimaremaisonelegance2.it,+39 334 308 9759,2026-08-17
AIRBNB-03549,Scauri Mare Dimora Tipica #1,Litorale Sud & Isole,Scauri Mare,Alloggio Turistico / Host Airbnb,info@scaurimaredimoratipica1.it,https://www.scaurimaredimoratipica1.it,+39 334 308 9759,2026-08-17
AIRBNB-03550,Scauri Mare Dimora Tipica #2,Litorale Sud & Isole,Scauri Mare,Alloggio Turistico / Host Airbnb,info@scaurimaredimoratipica2.it,https://www.scaurimaredimoratipica2.it,+39 334 308 9759,2026-08-17
AIRBNB-03551,Scauri Mare Terrace Studio #1,Litorale Sud & Isole,Scauri Mare,Alloggio Turistico / Host Airbnb,info@scaurimareterracestudio1.it,https://www.scaurimareterracestudio1.it,+39 334 308 9759,2026-08-17
AIRBNB-03552,Scauri Mare Terrace Studio #2,Litorale Sud & Isole,Scauri Mare,Alloggio Turistico / Host Airbnb,info@scaurimareterracestudio2.it,https://www.scaurimareterracestudio2.it,+39 334 308 9759,2026-08-17
AIRBNB-03553,Scauri Mare Vacanze Relax Home #1,Litorale Sud & Isole,Scauri Mare,Alloggio Turistico / Host Airbnb,info@scaurimarevacanzerelaxhome1.it,https://www.scaurimarevacanzerelaxhome1.it,+39 334 308 9759,2026-08-17
AIRBNB-03554,Scauri Mare Vacanze Relax Home #2,Litorale Sud & Isole,Scauri Mare,Alloggio Turistico / Host Airbnb,info@scaurimarevacanzerelaxhome2.it,https://www.scaurimarevacanzerelaxhome2.it,+39 334 308 9759,2026-08-17
AIRBNB-03555,Scauri Mare Urban Living Loft #1,Litorale Sud & Isole,Scauri Mare,Alloggio Turistico / Host Airbnb,info@scaurimareurbanlivingloft1.it,https://www.scaurimareurbanlivingloft1.it,+39 334 308 9759,2026-08-17
AIRBNB-03556,Scauri Mare Urban Living Loft #2,Litorale Sud & Isole,Scauri Mare,Alloggio Turistico / Host Airbnb,info@scaurimareurbanlivingloft2.it,https://www.scaurimareurbanlivingloft2.it,+39 334 308 9759,2026-08-17
AIRBNB-03557,Scauri Mare Prestige Suites #1,Litorale Sud & Isole,Scauri Mare,Alloggio Turistico / Host Airbnb,info@scaurimareprestigesuites1.it,https://www.scaurimareprestigesuites1.it,+39 334 308 9759,2026-08-17
AIRBNB-03558,Scauri Mare Prestige Suites #2,Litorale Sud & Isole,Scauri Mare,Alloggio Turistico / Host Airbnb,info@scaurimareprestigesuites2.it,https://www.scaurimareprestigesuites2.it,+39 334 308 9759,2026-08-17
AIRBNB-03559,Scauri Mare Sea View Apartment #1,Litorale Sud & Isole,Scauri Mare,Alloggio Turistico / Host Airbnb,info@scaurimareseaviewapartment1.it,https://www.scaurimareseaviewapartment1.it,+39 334 308 9759,2026-08-17
AIRBNB-03560,Scauri Mare Sea View Apartment #2,Litorale Sud & Isole,Scauri Mare,Alloggio Turistico / Host Airbnb,info@scaurimareseaviewapartment2.it,https://www.scaurimareseaviewapartment2.it,+39 334 308 9759,2026-08-17
AIRBNB-03561,Scauri Mare Art & Style Flat #1,Litorale Sud & Isole,Scauri Mare,Alloggio Turistico / Host Airbnb,info@scaurimareartstyleflat1.it,https://www.scaurimareartstyleflat1.it,+39 334 308 9759,2026-08-17
AIRBNB-03562,Scauri Mare Art & Style Flat #2,Litorale Sud & Isole,Scauri Mare,Alloggio Turistico / Host Airbnb,info@scaurimareartstyleflat2.it,https://www.scaurimareartstyleflat2.it,+39 334 308 9759,2026-08-17
AIRBNB-03563,Scauri Mare Cozy Boutique Home #1,Litorale Sud & Isole,Scauri Mare,Alloggio Turistico / Host Airbnb,info@scaurimarecozyboutiquehome1.it,https://www.scaurimarecozyboutiquehome1.it,+39 334 308 9759,2026-08-17
AIRBNB-03564,Scauri Mare Cozy Boutique Home #2,Litorale Sud & Isole,Scauri Mare,Alloggio Turistico / Host Airbnb,info@scaurimarecozyboutiquehome2.it,https://www.scaurimarecozyboutiquehome2.it,+39 334 308 9759,2026-08-17
AIRBNB-03565,Marina di Minturno Luxury Apartment #1,Litorale Sud & Isole,Marina di Minturno,Alloggio Turistico / Host Airbnb,info@marinadiminturnoluxuryapartment1.it,https://www.marinadiminturnoluxuryapartment1.it,+39 334 308 9759,2026-08-17
AIRBNB-03566,Marina di Minturno Luxury Apartment #2,Litorale Sud & Isole,Marina di Minturno,Alloggio Turistico / Host Airbnb,info@marinadiminturnoluxuryapartment2.it,https://www.marinadiminturnoluxuryapartment2.it,+39 334 308 9759,2026-08-17
AIRBNB-03567,Marina di Minturno Boutique Suite #1,Litorale Sud & Isole,Marina di Minturno,Alloggio Turistico / Host Airbnb,info@marinadiminturnoboutiquesuite1.it,https://www.marinadiminturnoboutiquesuite1.it,+39 334 308 9759,2026-08-17
AIRBNB-03568,Marina di Minturno Boutique Suite #2,Litorale Sud & Isole,Marina di Minturno,Alloggio Turistico / Host Airbnb,info@marinadiminturnoboutiquesuite2.it,https://www.marinadiminturnoboutiquesuite2.it,+39 334 308 9759,2026-08-17
AIRBNB-03569,Marina di Minturno Panoramic View Home #1,Litorale Sud & Isole,Marina di Minturno,Alloggio Turistico / Host Airbnb,info@marinadiminturnopanoramicviewhome1.it,https://www.marinadiminturnopanoramicviewhome1.it,+39 334 308 9759,2026-08-17
AIRBNB-03570,Marina di Minturno Panoramic View Home #2,Litorale Sud & Isole,Marina di Minturno,Alloggio Turistico / Host Airbnb,info@marinadiminturnopanoramicviewhome2.it,https://www.marinadiminturnopanoramicviewhome2.it,+39 334 308 9759,2026-08-17
AIRBNB-03571,Marina di Minturno Charme Loft #1,Litorale Sud & Isole,Marina di Minturno,Alloggio Turistico / Host Airbnb,info@marinadiminturnocharmeloft1.it,https://www.marinadiminturnocharmeloft1.it,+39 334 308 9759,2026-08-17
AIRBNB-03572,Marina di Minturno Charme Loft #2,Litorale Sud & Isole,Marina di Minturno,Alloggio Turistico / Host Airbnb,info@marinadiminturnocharmeloft2.it,https://www.marinadiminturnocharmeloft2.it,+39 334 308 9759,2026-08-17
AIRBNB-03573,Marina di Minturno Historic Relais #1,Litorale Sud & Isole,Marina di Minturno,Alloggio Turistico / Host Airbnb,info@marinadiminturnohistoricrelais1.it,https://www.marinadiminturnohistoricrelais1.it,+39 334 308 9759,2026-08-17
AIRBNB-03574,Marina di Minturno Historic Relais #2,Litorale Sud & Isole,Marina di Minturno,Alloggio Turistico / Host Airbnb,info@marinadiminturnohistoricrelais2.it,https://www.marinadiminturnohistoricrelais2.it,+39 334 308 9759,2026-08-17
AIRBNB-03575,Marina di Minturno Design Flat #1,Litorale Sud & Isole,Marina di Minturno,Alloggio Turistico / Host Airbnb,info@marinadiminturnodesignflat1.it,https://www.marinadiminturnodesignflat1.it,+39 334 308 9759,2026-08-17
AIRBNB-03576,Marina di Minturno Design Flat #2,Litorale Sud & Isole,Marina di Minturno,Alloggio Turistico / Host Airbnb,info@marinadiminturnodesignflat2.it,https://www.marinadiminturnodesignflat2.it,+39 334 308 9759,2026-08-17
AIRBNB-03577,Marina di Minturno Exclusive Penthouse #1,Litorale Sud & Isole,Marina di Minturno,Alloggio Turistico / Host Airbnb,info@marinadiminturnoexclusivepenthouse1.it,https://www.marinadiminturnoexclusivepenthouse1.it,+39 334 308 9759,2026-08-17
AIRBNB-03578,Marina di Minturno Exclusive Penthouse #2,Litorale Sud & Isole,Marina di Minturno,Alloggio Turistico / Host Airbnb,info@marinadiminturnoexclusivepenthouse2.it,https://www.marinadiminturnoexclusivepenthouse2.it,+39 334 308 9759,2026-08-17
AIRBNB-03579,Marina di Minturno Holiday Villa #1,Litorale Sud & Isole,Marina di Minturno,Alloggio Turistico / Host Airbnb,info@marinadiminturnoholidayvilla1.it,https://www.marinadiminturnoholidayvilla1.it,+39 334 308 9759,2026-08-17
AIRBNB-03580,Marina di Minturno Holiday Villa #2,Litorale Sud & Isole,Marina di Minturno,Alloggio Turistico / Host Airbnb,info@marinadiminturnoholidayvilla2.it,https://www.marinadiminturnoholidayvilla2.it,+39 334 308 9759,2026-08-17
AIRBNB-03581,Marina di Minturno Garden House #1,Litorale Sud & Isole,Marina di Minturno,Alloggio Turistico / Host Airbnb,info@marinadiminturnogardenhouse1.it,https://www.marinadiminturnogardenhouse1.it,+39 334 308 9759,2026-08-17
AIRBNB-03582,Marina di Minturno Garden House #2,Litorale Sud & Isole,Marina di Minturno,Alloggio Turistico / Host Airbnb,info@marinadiminturnogardenhouse2.it,https://www.marinadiminturnogardenhouse2.it,+39 334 308 9759,2026-08-17
AIRBNB-03583,Marina di Minturno Maison Elegance #1,Litorale Sud & Isole,Marina di Minturno,Alloggio Turistico / Host Airbnb,info@marinadiminturnomaisonelegance1.it,https://www.marinadiminturnomaisonelegance1.it,+39 334 308 9759,2026-08-17
AIRBNB-03584,Marina di Minturno Maison Elegance #2,Litorale Sud & Isole,Marina di Minturno,Alloggio Turistico / Host Airbnb,info@marinadiminturnomaisonelegance2.it,https://www.marinadiminturnomaisonelegance2.it,+39 334 308 9759,2026-08-17
AIRBNB-03585,Marina di Minturno Dimora Tipica #1,Litorale Sud & Isole,Marina di Minturno,Alloggio Turistico / Host Airbnb,info@marinadiminturnodimoratipica1.it,https://www.marinadiminturnodimoratipica1.it,+39 334 308 9759,2026-08-17
AIRBNB-03586,Marina di Minturno Dimora Tipica #2,Litorale Sud & Isole,Marina di Minturno,Alloggio Turistico / Host Airbnb,info@marinadiminturnodimoratipica2.it,https://www.marinadiminturnodimoratipica2.it,+39 334 308 9759,2026-08-17
AIRBNB-03587,Marina di Minturno Terrace Studio #1,Litorale Sud & Isole,Marina di Minturno,Alloggio Turistico / Host Airbnb,info@marinadiminturnoterracestudio1.it,https://www.marinadiminturnoterracestudio1.it,+39 334 308 9759,2026-08-17
AIRBNB-03588,Marina di Minturno Terrace Studio #2,Litorale Sud & Isole,Marina di Minturno,Alloggio Turistico / Host Airbnb,info@marinadiminturnoterracestudio2.it,https://www.marinadiminturnoterracestudio2.it,+39 334 308 9759,2026-08-17
AIRBNB-03589,Marina di Minturno Vacanze Relax Home #1,Litorale Sud & Isole,Marina di Minturno,Alloggio Turistico / Host Airbnb,info@marinadiminturnovacanzerelaxhome1.it,https://www.marinadiminturnovacanzerelaxhome1.it,+39 334 308 9759,2026-08-17
AIRBNB-03590,Marina di Minturno Vacanze Relax Home #2,Litorale Sud & Isole,Marina di Minturno,Alloggio Turistico / Host Airbnb,info@marinadiminturnovacanzerelaxhome2.it,https://www.marinadiminturnovacanzerelaxhome2.it,+39 334 308 9759,2026-08-17
AIRBNB-03591,Marina di Minturno Urban Living Loft #1,Litorale Sud & Isole,Marina di Minturno,Alloggio Turistico / Host Airbnb,info@marinadiminturnourbanlivingloft1.it,https://www.marinadiminturnourbanlivingloft1.it,+39 334 308 9759,2026-08-17
AIRBNB-03592,Marina di Minturno Urban Living Loft #2,Litorale Sud & Isole,Marina di Minturno,Alloggio Turistico / Host Airbnb,info@marinadiminturnourbanlivingloft2.it,https://www.marinadiminturnourbanlivingloft2.it,+39 334 308 9759,2026-08-17
AIRBNB-03593,Marina di Minturno Prestige Suites #1,Litorale Sud & Isole,Marina di Minturno,Alloggio Turistico / Host Airbnb,info@marinadiminturnoprestigesuites1.it,https://www.marinadiminturnoprestigesuites1.it,+39 334 308 9759,2026-08-17
AIRBNB-03594,Marina di Minturno Prestige Suites #2,Litorale Sud & Isole,Marina di Minturno,Alloggio Turistico / Host Airbnb,info@marinadiminturnoprestigesuites2.it,https://www.marinadiminturnoprestigesuites2.it,+39 334 308 9759,2026-08-17
AIRBNB-03595,Marina di Minturno Sea View Apartment #1,Litorale Sud & Isole,Marina di Minturno,Alloggio Turistico / Host Airbnb,info@marinadiminturnoseaviewapartment1.it,https://www.marinadiminturnoseaviewapartment1.it,+39 334 308 9759,2026-08-17
AIRBNB-03596,Marina di Minturno Sea View Apartment #2,Litorale Sud & Isole,Marina di Minturno,Alloggio Turistico / Host Airbnb,info@marinadiminturnoseaviewapartment2.it,https://www.marinadiminturnoseaviewapartment2.it,+39 334 308 9759,2026-08-17
AIRBNB-03597,Marina di Minturno Art & Style Flat #1,Litorale Sud & Isole,Marina di Minturno,Alloggio Turistico / Host Airbnb,info@marinadiminturnoartstyleflat1.it,https://www.marinadiminturnoartstyleflat1.it,+39 334 308 9759,2026-08-17
AIRBNB-03598,Marina di Minturno Art & Style Flat #2,Litorale Sud & Isole,Marina di Minturno,Alloggio Turistico / Host Airbnb,info@marinadiminturnoartstyleflat2.it,https://www.marinadiminturnoartstyleflat2.it,+39 334 308 9759,2026-08-17
AIRBNB-03599,Marina di Minturno Cozy Boutique Home #1,Litorale Sud & Isole,Marina di Minturno,Alloggio Turistico / Host Airbnb,info@marinadiminturnocozyboutiquehome1.it,https://www.marinadiminturnocozyboutiquehome1.it,+39 334 308 9759,2026-08-17
AIRBNB-03600,Marina di Minturno Cozy Boutique Home #2,Litorale Sud & Isole,Marina di Minturno,Alloggio Turistico / Host Airbnb,info@marinadiminturnocozyboutiquehome2.it,https://www.marinadiminturnocozyboutiquehome2.it,+39 334 308 9759,2026-08-17
AIRBNB-03601,Terracina Lungomare Luxury Apartment #1,Litorale Sud & Isole,Terracina Lungomare,Alloggio Turistico / Host Airbnb,info@terracinalungomareluxuryapartment1.it,https://www.terracinalungomareluxuryapartment1.it,+39 334 308 9759,2026-08-17
AIRBNB-03602,Terracina Lungomare Luxury Apartment #2,Litorale Sud & Isole,Terracina Lungomare,Alloggio Turistico / Host Airbnb,info@terracinalungomareluxuryapartment2.it,https://www.terracinalungomareluxuryapartment2.it,+39 334 308 9759,2026-08-17
AIRBNB-03603,Terracina Lungomare Boutique Suite #1,Litorale Sud & Isole,Terracina Lungomare,Alloggio Turistico / Host Airbnb,info@terracinalungomareboutiquesuite1.it,https://www.terracinalungomareboutiquesuite1.it,+39 334 308 9759,2026-08-17
AIRBNB-03604,Terracina Lungomare Boutique Suite #2,Litorale Sud & Isole,Terracina Lungomare,Alloggio Turistico / Host Airbnb,info@terracinalungomareboutiquesuite2.it,https://www.terracinalungomareboutiquesuite2.it,+39 334 308 9759,2026-08-17
AIRBNB-03605,Terracina Lungomare Panoramic View Home #1,Litorale Sud & Isole,Terracina Lungomare,Alloggio Turistico / Host Airbnb,info@terracinalungomarepanoramicviewhome1.it,https://www.terracinalungomarepanoramicviewhome1.it,+39 334 308 9759,2026-08-17
AIRBNB-03606,Terracina Lungomare Panoramic View Home #2,Litorale Sud & Isole,Terracina Lungomare,Alloggio Turistico / Host Airbnb,info@terracinalungomarepanoramicviewhome2.it,https://www.terracinalungomarepanoramicviewhome2.it,+39 334 308 9759,2026-08-17
AIRBNB-03607,Terracina Lungomare Charme Loft #1,Litorale Sud & Isole,Terracina Lungomare,Alloggio Turistico / Host Airbnb,info@terracinalungomarecharmeloft1.it,https://www.terracinalungomarecharmeloft1.it,+39 334 308 9759,2026-08-17
AIRBNB-03608,Terracina Lungomare Charme Loft #2,Litorale Sud & Isole,Terracina Lungomare,Alloggio Turistico / Host Airbnb,info@terracinalungomarecharmeloft2.it,https://www.terracinalungomarecharmeloft2.it,+39 334 308 9759,2026-08-17
AIRBNB-03609,Terracina Lungomare Historic Relais #1,Litorale Sud & Isole,Terracina Lungomare,Alloggio Turistico / Host Airbnb,info@terracinalungomarehistoricrelais1.it,https://www.terracinalungomarehistoricrelais1.it,+39 334 308 9759,2026-08-17
AIRBNB-03610,Terracina Lungomare Historic Relais #2,Litorale Sud & Isole,Terracina Lungomare,Alloggio Turistico / Host Airbnb,info@terracinalungomarehistoricrelais2.it,https://www.terracinalungomarehistoricrelais2.it,+39 334 308 9759,2026-08-17
AIRBNB-03611,Terracina Lungomare Design Flat #1,Litorale Sud & Isole,Terracina Lungomare,Alloggio Turistico / Host Airbnb,info@terracinalungomaredesignflat1.it,https://www.terracinalungomaredesignflat1.it,+39 334 308 9759,2026-08-17
AIRBNB-03612,Terracina Lungomare Design Flat #2,Litorale Sud & Isole,Terracina Lungomare,Alloggio Turistico / Host Airbnb,info@terracinalungomaredesignflat2.it,https://www.terracinalungomaredesignflat2.it,+39 334 308 9759,2026-08-17
AIRBNB-03613,Terracina Lungomare Exclusive Penthouse #1,Litorale Sud & Isole,Terracina Lungomare,Alloggio Turistico / Host Airbnb,info@terracinalungomareexclusivepenthouse1.it,https://www.terracinalungomareexclusivepenthouse1.it,+39 334 308 9759,2026-08-17
AIRBNB-03614,Terracina Lungomare Exclusive Penthouse #2,Litorale Sud & Isole,Terracina Lungomare,Alloggio Turistico / Host Airbnb,info@terracinalungomareexclusivepenthouse2.it,https://www.terracinalungomareexclusivepenthouse2.it,+39 334 308 9759,2026-08-17
AIRBNB-03615,Terracina Lungomare Holiday Villa #1,Litorale Sud & Isole,Terracina Lungomare,Alloggio Turistico / Host Airbnb,info@terracinalungomareholidayvilla1.it,https://www.terracinalungomareholidayvilla1.it,+39 334 308 9759,2026-08-17
AIRBNB-03616,Terracina Lungomare Holiday Villa #2,Litorale Sud & Isole,Terracina Lungomare,Alloggio Turistico / Host Airbnb,info@terracinalungomareholidayvilla2.it,https://www.terracinalungomareholidayvilla2.it,+39 334 308 9759,2026-08-17
AIRBNB-03617,Terracina Lungomare Garden House #1,Litorale Sud & Isole,Terracina Lungomare,Alloggio Turistico / Host Airbnb,info@terracinalungomaregardenhouse1.it,https://www.terracinalungomaregardenhouse1.it,+39 334 308 9759,2026-08-17
AIRBNB-03618,Terracina Lungomare Garden House #2,Litorale Sud & Isole,Terracina Lungomare,Alloggio Turistico / Host Airbnb,info@terracinalungomaregardenhouse2.it,https://www.terracinalungomaregardenhouse2.it,+39 334 308 9759,2026-08-17
AIRBNB-03619,Terracina Lungomare Maison Elegance #1,Litorale Sud & Isole,Terracina Lungomare,Alloggio Turistico / Host Airbnb,info@terracinalungomaremaisonelegance1.it,https://www.terracinalungomaremaisonelegance1.it,+39 334 308 9759,2026-08-17
AIRBNB-03620,Terracina Lungomare Maison Elegance #2,Litorale Sud & Isole,Terracina Lungomare,Alloggio Turistico / Host Airbnb,info@terracinalungomaremaisonelegance2.it,https://www.terracinalungomaremaisonelegance2.it,+39 334 308 9759,2026-08-17
AIRBNB-03621,Terracina Lungomare Dimora Tipica #1,Litorale Sud & Isole,Terracina Lungomare,Alloggio Turistico / Host Airbnb,info@terracinalungomaredimoratipica1.it,https://www.terracinalungomaredimoratipica1.it,+39 334 308 9759,2026-08-17
AIRBNB-03622,Terracina Lungomare Dimora Tipica #2,Litorale Sud & Isole,Terracina Lungomare,Alloggio Turistico / Host Airbnb,info@terracinalungomaredimoratipica2.it,https://www.terracinalungomaredimoratipica2.it,+39 334 308 9759,2026-08-17
AIRBNB-03623,Terracina Lungomare Terrace Studio #1,Litorale Sud & Isole,Terracina Lungomare,Alloggio Turistico / Host Airbnb,info@terracinalungomareterracestudio1.it,https://www.terracinalungomareterracestudio1.it,+39 334 308 9759,2026-08-17
AIRBNB-03624,Terracina Lungomare Terrace Studio #2,Litorale Sud & Isole,Terracina Lungomare,Alloggio Turistico / Host Airbnb,info@terracinalungomareterracestudio2.it,https://www.terracinalungomareterracestudio2.it,+39 334 308 9759,2026-08-17
AIRBNB-03625,Terracina Lungomare Vacanze Relax Home #1,Litorale Sud & Isole,Terracina Lungomare,Alloggio Turistico / Host Airbnb,info@terracinalungomarevacanzerelaxhome1.it,https://www.terracinalungomarevacanzerelaxhome1.it,+39 334 308 9759,2026-08-17
AIRBNB-03626,Terracina Lungomare Vacanze Relax Home #2,Litorale Sud & Isole,Terracina Lungomare,Alloggio Turistico / Host Airbnb,info@terracinalungomarevacanzerelaxhome2.it,https://www.terracinalungomarevacanzerelaxhome2.it,+39 334 308 9759,2026-08-17
AIRBNB-03627,Terracina Lungomare Urban Living Loft #1,Litorale Sud & Isole,Terracina Lungomare,Alloggio Turistico / Host Airbnb,info@terracinalungomareurbanlivingloft1.it,https://www.terracinalungomareurbanlivingloft1.it,+39 334 308 9759,2026-08-17
AIRBNB-03628,Terracina Lungomare Urban Living Loft #2,Litorale Sud & Isole,Terracina Lungomare,Alloggio Turistico / Host Airbnb,info@terracinalungomareurbanlivingloft2.it,https://www.terracinalungomareurbanlivingloft2.it,+39 334 308 9759,2026-08-17
AIRBNB-03629,Terracina Lungomare Prestige Suites #1,Litorale Sud & Isole,Terracina Lungomare,Alloggio Turistico / Host Airbnb,info@terracinalungomareprestigesuites1.it,https://www.terracinalungomareprestigesuites1.it,+39 334 308 9759,2026-08-17
AIRBNB-03630,Terracina Lungomare Prestige Suites #2,Litorale Sud & Isole,Terracina Lungomare,Alloggio Turistico / Host Airbnb,info@terracinalungomareprestigesuites2.it,https://www.terracinalungomareprestigesuites2.it,+39 334 308 9759,2026-08-17
AIRBNB-03631,Terracina Lungomare Sea View Apartment #1,Litorale Sud & Isole,Terracina Lungomare,Alloggio Turistico / Host Airbnb,info@terracinalungomareseaviewapartment1.it,https://www.terracinalungomareseaviewapartment1.it,+39 334 308 9759,2026-08-17
AIRBNB-03632,Terracina Lungomare Sea View Apartment #2,Litorale Sud & Isole,Terracina Lungomare,Alloggio Turistico / Host Airbnb,info@terracinalungomareseaviewapartment2.it,https://www.terracinalungomareseaviewapartment2.it,+39 334 308 9759,2026-08-17
AIRBNB-03633,Terracina Lungomare Art & Style Flat #1,Litorale Sud & Isole,Terracina Lungomare,Alloggio Turistico / Host Airbnb,info@terracinalungomareartstyleflat1.it,https://www.terracinalungomareartstyleflat1.it,+39 334 308 9759,2026-08-17
AIRBNB-03634,Terracina Lungomare Art & Style Flat #2,Litorale Sud & Isole,Terracina Lungomare,Alloggio Turistico / Host Airbnb,info@terracinalungomareartstyleflat2.it,https://www.terracinalungomareartstyleflat2.it,+39 334 308 9759,2026-08-17
AIRBNB-03635,Terracina Lungomare Cozy Boutique Home #1,Litorale Sud & Isole,Terracina Lungomare,Alloggio Turistico / Host Airbnb,info@terracinalungomarecozyboutiquehome1.it,https://www.terracinalungomarecozyboutiquehome1.it,+39 334 308 9759,2026-08-17
AIRBNB-03636,Terracina Lungomare Cozy Boutique Home #2,Litorale Sud & Isole,Terracina Lungomare,Alloggio Turistico / Host Airbnb,info@terracinalungomarecozyboutiquehome2.it,https://www.terracinalungomarecozyboutiquehome2.it,+39 334 308 9759,2026-08-17
AIRBNB-03637,Terracina Centro Luxury Apartment #1,Litorale Sud & Isole,Terracina Centro,Alloggio Turistico / Host Airbnb,info@terracinacentroluxuryapartment1.it,https://www.terracinacentroluxuryapartment1.it,+39 334 308 9759,2026-08-17
AIRBNB-03638,Terracina Centro Luxury Apartment #2,Litorale Sud & Isole,Terracina Centro,Alloggio Turistico / Host Airbnb,info@terracinacentroluxuryapartment2.it,https://www.terracinacentroluxuryapartment2.it,+39 334 308 9759,2026-08-17
AIRBNB-03639,Terracina Centro Boutique Suite #1,Litorale Sud & Isole,Terracina Centro,Alloggio Turistico / Host Airbnb,info@terracinacentroboutiquesuite1.it,https://www.terracinacentroboutiquesuite1.it,+39 334 308 9759,2026-08-17
AIRBNB-03640,Terracina Centro Boutique Suite #2,Litorale Sud & Isole,Terracina Centro,Alloggio Turistico / Host Airbnb,info@terracinacentroboutiquesuite2.it,https://www.terracinacentroboutiquesuite2.it,+39 334 308 9759,2026-08-17
AIRBNB-03641,Terracina Centro Panoramic View Home #1,Litorale Sud & Isole,Terracina Centro,Alloggio Turistico / Host Airbnb,info@terracinacentropanoramicviewhome1.it,https://www.terracinacentropanoramicviewhome1.it,+39 334 308 9759,2026-08-17
AIRBNB-03642,Terracina Centro Panoramic View Home #2,Litorale Sud & Isole,Terracina Centro,Alloggio Turistico / Host Airbnb,info@terracinacentropanoramicviewhome2.it,https://www.terracinacentropanoramicviewhome2.it,+39 334 308 9759,2026-08-17
AIRBNB-03643,Terracina Centro Charme Loft #1,Litorale Sud & Isole,Terracina Centro,Alloggio Turistico / Host Airbnb,info@terracinacentrocharmeloft1.it,https://www.terracinacentrocharmeloft1.it,+39 334 308 9759,2026-08-17
AIRBNB-03644,Terracina Centro Charme Loft #2,Litorale Sud & Isole,Terracina Centro,Alloggio Turistico / Host Airbnb,info@terracinacentrocharmeloft2.it,https://www.terracinacentrocharmeloft2.it,+39 334 308 9759,2026-08-17
AIRBNB-03645,Terracina Centro Historic Relais #1,Litorale Sud & Isole,Terracina Centro,Alloggio Turistico / Host Airbnb,info@terracinacentrohistoricrelais1.it,https://www.terracinacentrohistoricrelais1.it,+39 334 308 9759,2026-08-17
AIRBNB-03646,Terracina Centro Historic Relais #2,Litorale Sud & Isole,Terracina Centro,Alloggio Turistico / Host Airbnb,info@terracinacentrohistoricrelais2.it,https://www.terracinacentrohistoricrelais2.it,+39 334 308 9759,2026-08-17
AIRBNB-03647,Terracina Centro Design Flat #1,Litorale Sud & Isole,Terracina Centro,Alloggio Turistico / Host Airbnb,info@terracinacentrodesignflat1.it,https://www.terracinacentrodesignflat1.it,+39 334 308 9759,2026-08-17
AIRBNB-03648,Terracina Centro Design Flat #2,Litorale Sud & Isole,Terracina Centro,Alloggio Turistico / Host Airbnb,info@terracinacentrodesignflat2.it,https://www.terracinacentrodesignflat2.it,+39 334 308 9759,2026-08-17
AIRBNB-03649,Terracina Centro Exclusive Penthouse #1,Litorale Sud & Isole,Terracina Centro,Alloggio Turistico / Host Airbnb,info@terracinacentroexclusivepenthouse1.it,https://www.terracinacentroexclusivepenthouse1.it,+39 334 308 9759,2026-08-17
AIRBNB-03650,Terracina Centro Exclusive Penthouse #2,Litorale Sud & Isole,Terracina Centro,Alloggio Turistico / Host Airbnb,info@terracinacentroexclusivepenthouse2.it,https://www.terracinacentroexclusivepenthouse2.it,+39 334 308 9759,2026-08-17
AIRBNB-03651,Terracina Centro Holiday Villa #1,Litorale Sud & Isole,Terracina Centro,Alloggio Turistico / Host Airbnb,info@terracinacentroholidayvilla1.it,https://www.terracinacentroholidayvilla1.it,+39 334 308 9759,2026-08-17
AIRBNB-03652,Terracina Centro Holiday Villa #2,Litorale Sud & Isole,Terracina Centro,Alloggio Turistico / Host Airbnb,info@terracinacentroholidayvilla2.it,https://www.terracinacentroholidayvilla2.it,+39 334 308 9759,2026-08-17
AIRBNB-03653,Terracina Centro Garden House #1,Litorale Sud & Isole,Terracina Centro,Alloggio Turistico / Host Airbnb,info@terracinacentrogardenhouse1.it,https://www.terracinacentrogardenhouse1.it,+39 334 308 9759,2026-08-17
AIRBNB-03654,Terracina Centro Garden House #2,Litorale Sud & Isole,Terracina Centro,Alloggio Turistico / Host Airbnb,info@terracinacentrogardenhouse2.it,https://www.terracinacentrogardenhouse2.it,+39 334 308 9759,2026-08-17
AIRBNB-03655,Terracina Centro Maison Elegance #1,Litorale Sud & Isole,Terracina Centro,Alloggio Turistico / Host Airbnb,info@terracinacentromaisonelegance1.it,https://www.terracinacentromaisonelegance1.it,+39 334 308 9759,2026-08-17
AIRBNB-03656,Terracina Centro Maison Elegance #2,Litorale Sud & Isole,Terracina Centro,Alloggio Turistico / Host Airbnb,info@terracinacentromaisonelegance2.it,https://www.terracinacentromaisonelegance2.it,+39 334 308 9759,2026-08-17
AIRBNB-03657,Terracina Centro Dimora Tipica #1,Litorale Sud & Isole,Terracina Centro,Alloggio Turistico / Host Airbnb,info@terracinacentrodimoratipica1.it,https://www.terracinacentrodimoratipica1.it,+39 334 308 9759,2026-08-17
AIRBNB-03658,Terracina Centro Dimora Tipica #2,Litorale Sud & Isole,Terracina Centro,Alloggio Turistico / Host Airbnb,info@terracinacentrodimoratipica2.it,https://www.terracinacentrodimoratipica2.it,+39 334 308 9759,2026-08-17
AIRBNB-03659,Terracina Centro Terrace Studio #1,Litorale Sud & Isole,Terracina Centro,Alloggio Turistico / Host Airbnb,info@terracinacentroterracestudio1.it,https://www.terracinacentroterracestudio1.it,+39 334 308 9759,2026-08-17
AIRBNB-03660,Terracina Centro Terrace Studio #2,Litorale Sud & Isole,Terracina Centro,Alloggio Turistico / Host Airbnb,info@terracinacentroterracestudio2.it,https://www.terracinacentroterracestudio2.it,+39 334 308 9759,2026-08-17
AIRBNB-03661,Terracina Centro Vacanze Relax Home #1,Litorale Sud & Isole,Terracina Centro,Alloggio Turistico / Host Airbnb,info@terracinacentrovacanzerelaxhome1.it,https://www.terracinacentrovacanzerelaxhome1.it,+39 334 308 9759,2026-08-17
AIRBNB-03662,Terracina Centro Vacanze Relax Home #2,Litorale Sud & Isole,Terracina Centro,Alloggio Turistico / Host Airbnb,info@terracinacentrovacanzerelaxhome2.it,https://www.terracinacentrovacanzerelaxhome2.it,+39 334 308 9759,2026-08-17
AIRBNB-03663,Terracina Centro Urban Living Loft #1,Litorale Sud & Isole,Terracina Centro,Alloggio Turistico / Host Airbnb,info@terracinacentrourbanlivingloft1.it,https://www.terracinacentrourbanlivingloft1.it,+39 334 308 9759,2026-08-17
AIRBNB-03664,Terracina Centro Urban Living Loft #2,Litorale Sud & Isole,Terracina Centro,Alloggio Turistico / Host Airbnb,info@terracinacentrourbanlivingloft2.it,https://www.terracinacentrourbanlivingloft2.it,+39 334 308 9759,2026-08-17
AIRBNB-03665,Terracina Centro Prestige Suites #1,Litorale Sud & Isole,Terracina Centro,Alloggio Turistico / Host Airbnb,info@terracinacentroprestigesuites1.it,https://www.terracinacentroprestigesuites1.it,+39 334 308 9759,2026-08-17
AIRBNB-03666,Terracina Centro Prestige Suites #2,Litorale Sud & Isole,Terracina Centro,Alloggio Turistico / Host Airbnb,info@terracinacentroprestigesuites2.it,https://www.terracinacentroprestigesuites2.it,+39 334 308 9759,2026-08-17
AIRBNB-03667,Terracina Centro Sea View Apartment #1,Litorale Sud & Isole,Terracina Centro,Alloggio Turistico / Host Airbnb,info@terracinacentroseaviewapartment1.it,https://www.terracinacentroseaviewapartment1.it,+39 334 308 9759,2026-08-17
AIRBNB-03668,Terracina Centro Sea View Apartment #2,Litorale Sud & Isole,Terracina Centro,Alloggio Turistico / Host Airbnb,info@terracinacentroseaviewapartment2.it,https://www.terracinacentroseaviewapartment2.it,+39 334 308 9759,2026-08-17
AIRBNB-03669,Terracina Centro Art & Style Flat #1,Litorale Sud & Isole,Terracina Centro,Alloggio Turistico / Host Airbnb,info@terracinacentroartstyleflat1.it,https://www.terracinacentroartstyleflat1.it,+39 334 308 9759,2026-08-17
AIRBNB-03670,Terracina Centro Art & Style Flat #2,Litorale Sud & Isole,Terracina Centro,Alloggio Turistico / Host Airbnb,info@terracinacentroartstyleflat2.it,https://www.terracinacentroartstyleflat2.it,+39 334 308 9759,2026-08-17
AIRBNB-03671,Terracina Centro Cozy Boutique Home #1,Litorale Sud & Isole,Terracina Centro,Alloggio Turistico / Host Airbnb,info@terracinacentrocozyboutiquehome1.it,https://www.terracinacentrocozyboutiquehome1.it,+39 334 308 9759,2026-08-17
AIRBNB-03672,Terracina Centro Cozy Boutique Home #2,Litorale Sud & Isole,Terracina Centro,Alloggio Turistico / Host Airbnb,info@terracinacentrocozyboutiquehome2.it,https://www.terracinacentrocozyboutiquehome2.it,+39 334 308 9759,2026-08-17
AIRBNB-03673,Fondi Centro Luxury Apartment #1,Litorale Sud & Isole,Fondi Centro,Alloggio Turistico / Host Airbnb,info@fondicentroluxuryapartment1.it,https://www.fondicentroluxuryapartment1.it,+39 334 308 9759,2026-08-17
AIRBNB-03674,Fondi Centro Luxury Apartment #2,Litorale Sud & Isole,Fondi Centro,Alloggio Turistico / Host Airbnb,info@fondicentroluxuryapartment2.it,https://www.fondicentroluxuryapartment2.it,+39 334 308 9759,2026-08-17
AIRBNB-03675,Fondi Centro Boutique Suite #1,Litorale Sud & Isole,Fondi Centro,Alloggio Turistico / Host Airbnb,info@fondicentroboutiquesuite1.it,https://www.fondicentroboutiquesuite1.it,+39 334 308 9759,2026-08-17
AIRBNB-03676,Fondi Centro Boutique Suite #2,Litorale Sud & Isole,Fondi Centro,Alloggio Turistico / Host Airbnb,info@fondicentroboutiquesuite2.it,https://www.fondicentroboutiquesuite2.it,+39 334 308 9759,2026-08-17
AIRBNB-03677,Fondi Centro Panoramic View Home #1,Litorale Sud & Isole,Fondi Centro,Alloggio Turistico / Host Airbnb,info@fondicentropanoramicviewhome1.it,https://www.fondicentropanoramicviewhome1.it,+39 334 308 9759,2026-08-17
AIRBNB-03678,Fondi Centro Panoramic View Home #2,Litorale Sud & Isole,Fondi Centro,Alloggio Turistico / Host Airbnb,info@fondicentropanoramicviewhome2.it,https://www.fondicentropanoramicviewhome2.it,+39 334 308 9759,2026-08-17
AIRBNB-03679,Fondi Centro Charme Loft #1,Litorale Sud & Isole,Fondi Centro,Alloggio Turistico / Host Airbnb,info@fondicentrocharmeloft1.it,https://www.fondicentrocharmeloft1.it,+39 334 308 9759,2026-08-17
AIRBNB-03680,Fondi Centro Charme Loft #2,Litorale Sud & Isole,Fondi Centro,Alloggio Turistico / Host Airbnb,info@fondicentrocharmeloft2.it,https://www.fondicentrocharmeloft2.it,+39 334 308 9759,2026-08-17
AIRBNB-03681,Fondi Centro Historic Relais #1,Litorale Sud & Isole,Fondi Centro,Alloggio Turistico / Host Airbnb,info@fondicentrohistoricrelais1.it,https://www.fondicentrohistoricrelais1.it,+39 334 308 9759,2026-08-17
AIRBNB-03682,Fondi Centro Historic Relais #2,Litorale Sud & Isole,Fondi Centro,Alloggio Turistico / Host Airbnb,info@fondicentrohistoricrelais2.it,https://www.fondicentrohistoricrelais2.it,+39 334 308 9759,2026-08-17
AIRBNB-03683,Fondi Centro Design Flat #1,Litorale Sud & Isole,Fondi Centro,Alloggio Turistico / Host Airbnb,info@fondicentrodesignflat1.it,https://www.fondicentrodesignflat1.it,+39 334 308 9759,2026-08-17
AIRBNB-03684,Fondi Centro Design Flat #2,Litorale Sud & Isole,Fondi Centro,Alloggio Turistico / Host Airbnb,info@fondicentrodesignflat2.it,https://www.fondicentrodesignflat2.it,+39 334 308 9759,2026-08-17
AIRBNB-03685,Fondi Centro Exclusive Penthouse #1,Litorale Sud & Isole,Fondi Centro,Alloggio Turistico / Host Airbnb,info@fondicentroexclusivepenthouse1.it,https://www.fondicentroexclusivepenthouse1.it,+39 334 308 9759,2026-08-17
AIRBNB-03686,Fondi Centro Exclusive Penthouse #2,Litorale Sud & Isole,Fondi Centro,Alloggio Turistico / Host Airbnb,info@fondicentroexclusivepenthouse2.it,https://www.fondicentroexclusivepenthouse2.it,+39 334 308 9759,2026-08-17
AIRBNB-03687,Fondi Centro Holiday Villa #1,Litorale Sud & Isole,Fondi Centro,Alloggio Turistico / Host Airbnb,info@fondicentroholidayvilla1.it,https://www.fondicentroholidayvilla1.it,+39 334 308 9759,2026-08-17
AIRBNB-03688,Fondi Centro Holiday Villa #2,Litorale Sud & Isole,Fondi Centro,Alloggio Turistico / Host Airbnb,info@fondicentroholidayvilla2.it,https://www.fondicentroholidayvilla2.it,+39 334 308 9759,2026-08-17
AIRBNB-03689,Fondi Centro Garden House #1,Litorale Sud & Isole,Fondi Centro,Alloggio Turistico / Host Airbnb,info@fondicentrogardenhouse1.it,https://www.fondicentrogardenhouse1.it,+39 334 308 9759,2026-08-17
AIRBNB-03690,Fondi Centro Garden House #2,Litorale Sud & Isole,Fondi Centro,Alloggio Turistico / Host Airbnb,info@fondicentrogardenhouse2.it,https://www.fondicentrogardenhouse2.it,+39 334 308 9759,2026-08-17
AIRBNB-03691,Fondi Centro Maison Elegance #1,Litorale Sud & Isole,Fondi Centro,Alloggio Turistico / Host Airbnb,info@fondicentromaisonelegance1.it,https://www.fondicentromaisonelegance1.it,+39 334 308 9759,2026-08-17
AIRBNB-03692,Fondi Centro Maison Elegance #2,Litorale Sud & Isole,Fondi Centro,Alloggio Turistico / Host Airbnb,info@fondicentromaisonelegance2.it,https://www.fondicentromaisonelegance2.it,+39 334 308 9759,2026-08-17
AIRBNB-03693,Fondi Centro Dimora Tipica #1,Litorale Sud & Isole,Fondi Centro,Alloggio Turistico / Host Airbnb,info@fondicentrodimoratipica1.it,https://www.fondicentrodimoratipica1.it,+39 334 308 9759,2026-08-17
AIRBNB-03694,Fondi Centro Dimora Tipica #2,Litorale Sud & Isole,Fondi Centro,Alloggio Turistico / Host Airbnb,info@fondicentrodimoratipica2.it,https://www.fondicentrodimoratipica2.it,+39 334 308 9759,2026-08-17
AIRBNB-03695,Fondi Centro Terrace Studio #1,Litorale Sud & Isole,Fondi Centro,Alloggio Turistico / Host Airbnb,info@fondicentroterracestudio1.it,https://www.fondicentroterracestudio1.it,+39 334 308 9759,2026-08-17
AIRBNB-03696,Fondi Centro Terrace Studio #2,Litorale Sud & Isole,Fondi Centro,Alloggio Turistico / Host Airbnb,info@fondicentroterracestudio2.it,https://www.fondicentroterracestudio2.it,+39 334 308 9759,2026-08-17
AIRBNB-03697,Fondi Centro Vacanze Relax Home #1,Litorale Sud & Isole,Fondi Centro,Alloggio Turistico / Host Airbnb,info@fondicentrovacanzerelaxhome1.it,https://www.fondicentrovacanzerelaxhome1.it,+39 334 308 9759,2026-08-17
AIRBNB-03698,Fondi Centro Vacanze Relax Home #2,Litorale Sud & Isole,Fondi Centro,Alloggio Turistico / Host Airbnb,info@fondicentrovacanzerelaxhome2.it,https://www.fondicentrovacanzerelaxhome2.it,+39 334 308 9759,2026-08-17
AIRBNB-03699,Fondi Centro Urban Living Loft #1,Litorale Sud & Isole,Fondi Centro,Alloggio Turistico / Host Airbnb,info@fondicentrourbanlivingloft1.it,https://www.fondicentrourbanlivingloft1.it,+39 334 308 9759,2026-08-17
AIRBNB-03700,Fondi Centro Urban Living Loft #2,Litorale Sud & Isole,Fondi Centro,Alloggio Turistico / Host Airbnb,info@fondicentrourbanlivingloft2.it,https://www.fondicentrourbanlivingloft2.it,+39 334 308 9759,2026-08-17
AIRBNB-03701,Fondi Centro Prestige Suites #1,Litorale Sud & Isole,Fondi Centro,Alloggio Turistico / Host Airbnb,info@fondicentroprestigesuites1.it,https://www.fondicentroprestigesuites1.it,+39 334 308 9759,2026-08-17
AIRBNB-03702,Fondi Centro Prestige Suites #2,Litorale Sud & Isole,Fondi Centro,Alloggio Turistico / Host Airbnb,info@fondicentroprestigesuites2.it,https://www.fondicentroprestigesuites2.it,+39 334 308 9759,2026-08-17
AIRBNB-03703,Fondi Centro Sea View Apartment #1,Litorale Sud & Isole,Fondi Centro,Alloggio Turistico / Host Airbnb,info@fondicentroseaviewapartment1.it,https://www.fondicentroseaviewapartment1.it,+39 334 308 9759,2026-08-17
AIRBNB-03704,Fondi Centro Sea View Apartment #2,Litorale Sud & Isole,Fondi Centro,Alloggio Turistico / Host Airbnb,info@fondicentroseaviewapartment2.it,https://www.fondicentroseaviewapartment2.it,+39 334 308 9759,2026-08-17
AIRBNB-03705,Fondi Centro Art & Style Flat #1,Litorale Sud & Isole,Fondi Centro,Alloggio Turistico / Host Airbnb,info@fondicentroartstyleflat1.it,https://www.fondicentroartstyleflat1.it,+39 334 308 9759,2026-08-17
AIRBNB-03706,Fondi Centro Art & Style Flat #2,Litorale Sud & Isole,Fondi Centro,Alloggio Turistico / Host Airbnb,info@fondicentroartstyleflat2.it,https://www.fondicentroartstyleflat2.it,+39 334 308 9759,2026-08-17
AIRBNB-03707,Fondi Centro Cozy Boutique Home #1,Litorale Sud & Isole,Fondi Centro,Alloggio Turistico / Host Airbnb,info@fondicentrocozyboutiquehome1.it,https://www.fondicentrocozyboutiquehome1.it,+39 334 308 9759,2026-08-17
AIRBNB-03708,Fondi Centro Cozy Boutique Home #2,Litorale Sud & Isole,Fondi Centro,Alloggio Turistico / Host Airbnb,info@fondicentrocozyboutiquehome2.it,https://www.fondicentrocozyboutiquehome2.it,+39 334 308 9759,2026-08-17
AIRBNB-03709,Fondi Litorale Luxury Apartment #1,Litorale Sud & Isole,Fondi Litorale,Alloggio Turistico / Host Airbnb,info@fondilitoraleluxuryapartment1.it,https://www.fondilitoraleluxuryapartment1.it,+39 334 308 9759,2026-08-17
AIRBNB-03710,Fondi Litorale Luxury Apartment #2,Litorale Sud & Isole,Fondi Litorale,Alloggio Turistico / Host Airbnb,info@fondilitoraleluxuryapartment2.it,https://www.fondilitoraleluxuryapartment2.it,+39 334 308 9759,2026-08-17
AIRBNB-03711,Fondi Litorale Boutique Suite #1,Litorale Sud & Isole,Fondi Litorale,Alloggio Turistico / Host Airbnb,info@fondilitoraleboutiquesuite1.it,https://www.fondilitoraleboutiquesuite1.it,+39 334 308 9759,2026-08-17
AIRBNB-03712,Fondi Litorale Boutique Suite #2,Litorale Sud & Isole,Fondi Litorale,Alloggio Turistico / Host Airbnb,info@fondilitoraleboutiquesuite2.it,https://www.fondilitoraleboutiquesuite2.it,+39 334 308 9759,2026-08-17
AIRBNB-03713,Fondi Litorale Panoramic View Home #1,Litorale Sud & Isole,Fondi Litorale,Alloggio Turistico / Host Airbnb,info@fondilitoralepanoramicviewhome1.it,https://www.fondilitoralepanoramicviewhome1.it,+39 334 308 9759,2026-08-17
AIRBNB-03714,Fondi Litorale Panoramic View Home #2,Litorale Sud & Isole,Fondi Litorale,Alloggio Turistico / Host Airbnb,info@fondilitoralepanoramicviewhome2.it,https://www.fondilitoralepanoramicviewhome2.it,+39 334 308 9759,2026-08-17
AIRBNB-03715,Fondi Litorale Charme Loft #1,Litorale Sud & Isole,Fondi Litorale,Alloggio Turistico / Host Airbnb,info@fondilitoralecharmeloft1.it,https://www.fondilitoralecharmeloft1.it,+39 334 308 9759,2026-08-17
AIRBNB-03716,Fondi Litorale Charme Loft #2,Litorale Sud & Isole,Fondi Litorale,Alloggio Turistico / Host Airbnb,info@fondilitoralecharmeloft2.it,https://www.fondilitoralecharmeloft2.it,+39 334 308 9759,2026-08-17
AIRBNB-03717,Fondi Litorale Historic Relais #1,Litorale Sud & Isole,Fondi Litorale,Alloggio Turistico / Host Airbnb,info@fondilitoralehistoricrelais1.it,https://www.fondilitoralehistoricrelais1.it,+39 334 308 9759,2026-08-17
AIRBNB-03718,Fondi Litorale Historic Relais #2,Litorale Sud & Isole,Fondi Litorale,Alloggio Turistico / Host Airbnb,info@fondilitoralehistoricrelais2.it,https://www.fondilitoralehistoricrelais2.it,+39 334 308 9759,2026-08-17
AIRBNB-03719,Fondi Litorale Design Flat #1,Litorale Sud & Isole,Fondi Litorale,Alloggio Turistico / Host Airbnb,info@fondilitoraledesignflat1.it,https://www.fondilitoraledesignflat1.it,+39 334 308 9759,2026-08-17
AIRBNB-03720,Fondi Litorale Design Flat #2,Litorale Sud & Isole,Fondi Litorale,Alloggio Turistico / Host Airbnb,info@fondilitoraledesignflat2.it,https://www.fondilitoraledesignflat2.it,+39 334 308 9759,2026-08-17
AIRBNB-03721,Fondi Litorale Exclusive Penthouse #1,Litorale Sud & Isole,Fondi Litorale,Alloggio Turistico / Host Airbnb,info@fondilitoraleexclusivepenthouse1.it,https://www.fondilitoraleexclusivepenthouse1.it,+39 334 308 9759,2026-08-17
AIRBNB-03722,Fondi Litorale Exclusive Penthouse #2,Litorale Sud & Isole,Fondi Litorale,Alloggio Turistico / Host Airbnb,info@fondilitoraleexclusivepenthouse2.it,https://www.fondilitoraleexclusivepenthouse2.it,+39 334 308 9759,2026-08-17
AIRBNB-03723,Fondi Litorale Holiday Villa #1,Litorale Sud & Isole,Fondi Litorale,Alloggio Turistico / Host Airbnb,info@fondilitoraleholidayvilla1.it,https://www.fondilitoraleholidayvilla1.it,+39 334 308 9759,2026-08-17
AIRBNB-03724,Fondi Litorale Holiday Villa #2,Litorale Sud & Isole,Fondi Litorale,Alloggio Turistico / Host Airbnb,info@fondilitoraleholidayvilla2.it,https://www.fondilitoraleholidayvilla2.it,+39 334 308 9759,2026-08-17
AIRBNB-03725,Fondi Litorale Garden House #1,Litorale Sud & Isole,Fondi Litorale,Alloggio Turistico / Host Airbnb,info@fondilitoralegardenhouse1.it,https://www.fondilitoralegardenhouse1.it,+39 334 308 9759,2026-08-17
AIRBNB-03726,Fondi Litorale Garden House #2,Litorale Sud & Isole,Fondi Litorale,Alloggio Turistico / Host Airbnb,info@fondilitoralegardenhouse2.it,https://www.fondilitoralegardenhouse2.it,+39 334 308 9759,2026-08-17
AIRBNB-03727,Fondi Litorale Maison Elegance #1,Litorale Sud & Isole,Fondi Litorale,Alloggio Turistico / Host Airbnb,info@fondilitoralemaisonelegance1.it,https://www.fondilitoralemaisonelegance1.it,+39 334 308 9759,2026-08-17
AIRBNB-03728,Fondi Litorale Maison Elegance #2,Litorale Sud & Isole,Fondi Litorale,Alloggio Turistico / Host Airbnb,info@fondilitoralemaisonelegance2.it,https://www.fondilitoralemaisonelegance2.it,+39 334 308 9759,2026-08-17
AIRBNB-03729,Fondi Litorale Dimora Tipica #1,Litorale Sud & Isole,Fondi Litorale,Alloggio Turistico / Host Airbnb,info@fondilitoraledimoratipica1.it,https://www.fondilitoraledimoratipica1.it,+39 334 308 9759,2026-08-17
AIRBNB-03730,Fondi Litorale Dimora Tipica #2,Litorale Sud & Isole,Fondi Litorale,Alloggio Turistico / Host Airbnb,info@fondilitoraledimoratipica2.it,https://www.fondilitoraledimoratipica2.it,+39 334 308 9759,2026-08-17
AIRBNB-03731,Fondi Litorale Terrace Studio #1,Litorale Sud & Isole,Fondi Litorale,Alloggio Turistico / Host Airbnb,info@fondilitoraleterracestudio1.it,https://www.fondilitoraleterracestudio1.it,+39 334 308 9759,2026-08-17
AIRBNB-03732,Fondi Litorale Terrace Studio #2,Litorale Sud & Isole,Fondi Litorale,Alloggio Turistico / Host Airbnb,info@fondilitoraleterracestudio2.it,https://www.fondilitoraleterracestudio2.it,+39 334 308 9759,2026-08-17
AIRBNB-03733,Fondi Litorale Vacanze Relax Home #1,Litorale Sud & Isole,Fondi Litorale,Alloggio Turistico / Host Airbnb,info@fondilitoralevacanzerelaxhome1.it,https://www.fondilitoralevacanzerelaxhome1.it,+39 334 308 9759,2026-08-17
AIRBNB-03734,Fondi Litorale Vacanze Relax Home #2,Litorale Sud & Isole,Fondi Litorale,Alloggio Turistico / Host Airbnb,info@fondilitoralevacanzerelaxhome2.it,https://www.fondilitoralevacanzerelaxhome2.it,+39 334 308 9759,2026-08-17
AIRBNB-03735,Fondi Litorale Urban Living Loft #1,Litorale Sud & Isole,Fondi Litorale,Alloggio Turistico / Host Airbnb,info@fondilitoraleurbanlivingloft1.it,https://www.fondilitoraleurbanlivingloft1.it,+39 334 308 9759,2026-08-17
AIRBNB-03736,Fondi Litorale Urban Living Loft #2,Litorale Sud & Isole,Fondi Litorale,Alloggio Turistico / Host Airbnb,info@fondilitoraleurbanlivingloft2.it,https://www.fondilitoraleurbanlivingloft2.it,+39 334 308 9759,2026-08-17
AIRBNB-03737,Fondi Litorale Prestige Suites #1,Litorale Sud & Isole,Fondi Litorale,Alloggio Turistico / Host Airbnb,info@fondilitoraleprestigesuites1.it,https://www.fondilitoraleprestigesuites1.it,+39 334 308 9759,2026-08-17
AIRBNB-03738,Fondi Litorale Prestige Suites #2,Litorale Sud & Isole,Fondi Litorale,Alloggio Turistico / Host Airbnb,info@fondilitoraleprestigesuites2.it,https://www.fondilitoraleprestigesuites2.it,+39 334 308 9759,2026-08-17
AIRBNB-03739,Fondi Litorale Sea View Apartment #1,Litorale Sud & Isole,Fondi Litorale,Alloggio Turistico / Host Airbnb,info@fondilitoraleseaviewapartment1.it,https://www.fondilitoraleseaviewapartment1.it,+39 334 308 9759,2026-08-17
AIRBNB-03740,Fondi Litorale Sea View Apartment #2,Litorale Sud & Isole,Fondi Litorale,Alloggio Turistico / Host Airbnb,info@fondilitoraleseaviewapartment2.it,https://www.fondilitoraleseaviewapartment2.it,+39 334 308 9759,2026-08-17
AIRBNB-03741,Fondi Litorale Art & Style Flat #1,Litorale Sud & Isole,Fondi Litorale,Alloggio Turistico / Host Airbnb,info@fondilitoraleartstyleflat1.it,https://www.fondilitoraleartstyleflat1.it,+39 334 308 9759,2026-08-17
AIRBNB-03742,Fondi Litorale Art & Style Flat #2,Litorale Sud & Isole,Fondi Litorale,Alloggio Turistico / Host Airbnb,info@fondilitoraleartstyleflat2.it,https://www.fondilitoraleartstyleflat2.it,+39 334 308 9759,2026-08-17
AIRBNB-03743,Fondi Litorale Cozy Boutique Home #1,Litorale Sud & Isole,Fondi Litorale,Alloggio Turistico / Host Airbnb,info@fondilitoralecozyboutiquehome1.it,https://www.fondilitoralecozyboutiquehome1.it,+39 334 308 9759,2026-08-17
AIRBNB-03744,Fondi Litorale Cozy Boutique Home #2,Litorale Sud & Isole,Fondi Litorale,Alloggio Turistico / Host Airbnb,info@fondilitoralecozyboutiquehome2.it,https://www.fondilitoralecozyboutiquehome2.it,+39 334 308 9759,2026-08-17
AIRBNB-03745,Itri Luxury Apartment #1,Litorale Sud & Isole,Itri,Alloggio Turistico / Host Airbnb,info@itriluxuryapartment1.it,https://www.itriluxuryapartment1.it,+39 334 308 9759,2026-08-17
AIRBNB-03746,Itri Luxury Apartment #2,Litorale Sud & Isole,Itri,Alloggio Turistico / Host Airbnb,info@itriluxuryapartment2.it,https://www.itriluxuryapartment2.it,+39 334 308 9759,2026-08-17
AIRBNB-03747,Itri Boutique Suite #1,Litorale Sud & Isole,Itri,Alloggio Turistico / Host Airbnb,info@itriboutiquesuite1.it,https://www.itriboutiquesuite1.it,+39 334 308 9759,2026-08-17
AIRBNB-03748,Itri Boutique Suite #2,Litorale Sud & Isole,Itri,Alloggio Turistico / Host Airbnb,info@itriboutiquesuite2.it,https://www.itriboutiquesuite2.it,+39 334 308 9759,2026-08-17
AIRBNB-03749,Itri Panoramic View Home #1,Litorale Sud & Isole,Itri,Alloggio Turistico / Host Airbnb,info@itripanoramicviewhome1.it,https://www.itripanoramicviewhome1.it,+39 334 308 9759,2026-08-17
AIRBNB-03750,Itri Panoramic View Home #2,Litorale Sud & Isole,Itri,Alloggio Turistico / Host Airbnb,info@itripanoramicviewhome2.it,https://www.itripanoramicviewhome2.it,+39 334 308 9759,2026-08-17
AIRBNB-03751,Itri Charme Loft #1,Litorale Sud & Isole,Itri,Alloggio Turistico / Host Airbnb,info@itricharmeloft1.it,https://www.itricharmeloft1.it,+39 334 308 9759,2026-08-17
AIRBNB-03752,Itri Charme Loft #2,Litorale Sud & Isole,Itri,Alloggio Turistico / Host Airbnb,info@itricharmeloft2.it,https://www.itricharmeloft2.it,+39 334 308 9759,2026-08-17
AIRBNB-03753,Itri Historic Relais #1,Litorale Sud & Isole,Itri,Alloggio Turistico / Host Airbnb,info@itrihistoricrelais1.it,https://www.itrihistoricrelais1.it,+39 334 308 9759,2026-08-17
AIRBNB-03754,Itri Historic Relais #2,Litorale Sud & Isole,Itri,Alloggio Turistico / Host Airbnb,info@itrihistoricrelais2.it,https://www.itrihistoricrelais2.it,+39 334 308 9759,2026-08-17
AIRBNB-03755,Itri Design Flat #1,Litorale Sud & Isole,Itri,Alloggio Turistico / Host Airbnb,info@itridesignflat1.it,https://www.itridesignflat1.it,+39 334 308 9759,2026-08-17
AIRBNB-03756,Itri Design Flat #2,Litorale Sud & Isole,Itri,Alloggio Turistico / Host Airbnb,info@itridesignflat2.it,https://www.itridesignflat2.it,+39 334 308 9759,2026-08-17
AIRBNB-03757,Itri Exclusive Penthouse #1,Litorale Sud & Isole,Itri,Alloggio Turistico / Host Airbnb,info@itriexclusivepenthouse1.it,https://www.itriexclusivepenthouse1.it,+39 334 308 9759,2026-08-17
AIRBNB-03758,Itri Exclusive Penthouse #2,Litorale Sud & Isole,Itri,Alloggio Turistico / Host Airbnb,info@itriexclusivepenthouse2.it,https://www.itriexclusivepenthouse2.it,+39 334 308 9759,2026-08-17
AIRBNB-03759,Itri Holiday Villa #1,Litorale Sud & Isole,Itri,Alloggio Turistico / Host Airbnb,info@itriholidayvilla1.it,https://www.itriholidayvilla1.it,+39 334 308 9759,2026-08-17
AIRBNB-03760,Itri Holiday Villa #2,Litorale Sud & Isole,Itri,Alloggio Turistico / Host Airbnb,info@itriholidayvilla2.it,https://www.itriholidayvilla2.it,+39 334 308 9759,2026-08-17
AIRBNB-03761,Itri Garden House #1,Litorale Sud & Isole,Itri,Alloggio Turistico / Host Airbnb,info@itrigardenhouse1.it,https://www.itrigardenhouse1.it,+39 334 308 9759,2026-08-17
AIRBNB-03762,Itri Garden House #2,Litorale Sud & Isole,Itri,Alloggio Turistico / Host Airbnb,info@itrigardenhouse2.it,https://www.itrigardenhouse2.it,+39 334 308 9759,2026-08-17
AIRBNB-03763,Itri Maison Elegance #1,Litorale Sud & Isole,Itri,Alloggio Turistico / Host Airbnb,info@itrimaisonelegance1.it,https://www.itrimaisonelegance1.it,+39 334 308 9759,2026-08-17
AIRBNB-03764,Itri Maison Elegance #2,Litorale Sud & Isole,Itri,Alloggio Turistico / Host Airbnb,info@itrimaisonelegance2.it,https://www.itrimaisonelegance2.it,+39 334 308 9759,2026-08-17
AIRBNB-03765,Itri Dimora Tipica #1,Litorale Sud & Isole,Itri,Alloggio Turistico / Host Airbnb,info@itridimoratipica1.it,https://www.itridimoratipica1.it,+39 334 308 9759,2026-08-17
AIRBNB-03766,Itri Dimora Tipica #2,Litorale Sud & Isole,Itri,Alloggio Turistico / Host Airbnb,info@itridimoratipica2.it,https://www.itridimoratipica2.it,+39 334 308 9759,2026-08-17
AIRBNB-03767,Itri Terrace Studio #1,Litorale Sud & Isole,Itri,Alloggio Turistico / Host Airbnb,info@itriterracestudio1.it,https://www.itriterracestudio1.it,+39 334 308 9759,2026-08-17
AIRBNB-03768,Itri Terrace Studio #2,Litorale Sud & Isole,Itri,Alloggio Turistico / Host Airbnb,info@itriterracestudio2.it,https://www.itriterracestudio2.it,+39 334 308 9759,2026-08-17
AIRBNB-03769,Itri Vacanze Relax Home #1,Litorale Sud & Isole,Itri,Alloggio Turistico / Host Airbnb,info@itrivacanzerelaxhome1.it,https://www.itrivacanzerelaxhome1.it,+39 334 308 9759,2026-08-17
AIRBNB-03770,Itri Vacanze Relax Home #2,Litorale Sud & Isole,Itri,Alloggio Turistico / Host Airbnb,info@itrivacanzerelaxhome2.it,https://www.itrivacanzerelaxhome2.it,+39 334 308 9759,2026-08-17
AIRBNB-03771,Itri Urban Living Loft #1,Litorale Sud & Isole,Itri,Alloggio Turistico / Host Airbnb,info@itriurbanlivingloft1.it,https://www.itriurbanlivingloft1.it,+39 334 308 9759,2026-08-17
AIRBNB-03772,Itri Urban Living Loft #2,Litorale Sud & Isole,Itri,Alloggio Turistico / Host Airbnb,info@itriurbanlivingloft2.it,https://www.itriurbanlivingloft2.it,+39 334 308 9759,2026-08-17
AIRBNB-03773,Itri Prestige Suites #1,Litorale Sud & Isole,Itri,Alloggio Turistico / Host Airbnb,info@itriprestigesuites1.it,https://www.itriprestigesuites1.it,+39 334 308 9759,2026-08-17
AIRBNB-03774,Itri Prestige Suites #2,Litorale Sud & Isole,Itri,Alloggio Turistico / Host Airbnb,info@itriprestigesuites2.it,https://www.itriprestigesuites2.it,+39 334 308 9759,2026-08-17
AIRBNB-03775,Itri Sea View Apartment #1,Litorale Sud & Isole,Itri,Alloggio Turistico / Host Airbnb,info@itriseaviewapartment1.it,https://www.itriseaviewapartment1.it,+39 334 308 9759,2026-08-17
AIRBNB-03776,Itri Sea View Apartment #2,Litorale Sud & Isole,Itri,Alloggio Turistico / Host Airbnb,info@itriseaviewapartment2.it,https://www.itriseaviewapartment2.it,+39 334 308 9759,2026-08-17
AIRBNB-03777,Itri Art & Style Flat #1,Litorale Sud & Isole,Itri,Alloggio Turistico / Host Airbnb,info@itriartstyleflat1.it,https://www.itriartstyleflat1.it,+39 334 308 9759,2026-08-17
AIRBNB-03778,Itri Art & Style Flat #2,Litorale Sud & Isole,Itri,Alloggio Turistico / Host Airbnb,info@itriartstyleflat2.it,https://www.itriartstyleflat2.it,+39 334 308 9759,2026-08-17
AIRBNB-03779,Itri Cozy Boutique Home #1,Litorale Sud & Isole,Itri,Alloggio Turistico / Host Airbnb,info@itricozyboutiquehome1.it,https://www.itricozyboutiquehome1.it,+39 334 308 9759,2026-08-17
AIRBNB-03780,Itri Cozy Boutique Home #2,Litorale Sud & Isole,Itri,Alloggio Turistico / Host Airbnb,info@itricozyboutiquehome2.it,https://www.itricozyboutiquehome2.it,+39 334 308 9759,2026-08-17
AIRBNB-03781,Cassino Centro Luxury Apartment #1,Cassino & Valle del Liri,Cassino Centro,Alloggio Turistico / Host Airbnb,info@cassinocentroluxuryapartment1.it,https://www.cassinocentroluxuryapartment1.it,+39 334 308 9759,2026-08-17
AIRBNB-03782,Cassino Centro Luxury Apartment #2,Cassino & Valle del Liri,Cassino Centro,Alloggio Turistico / Host Airbnb,info@cassinocentroluxuryapartment2.it,https://www.cassinocentroluxuryapartment2.it,+39 334 308 9759,2026-08-17
AIRBNB-03783,Cassino Centro Boutique Suite #1,Cassino & Valle del Liri,Cassino Centro,Alloggio Turistico / Host Airbnb,info@cassinocentroboutiquesuite1.it,https://www.cassinocentroboutiquesuite1.it,+39 334 308 9759,2026-08-17
AIRBNB-03784,Cassino Centro Boutique Suite #2,Cassino & Valle del Liri,Cassino Centro,Alloggio Turistico / Host Airbnb,info@cassinocentroboutiquesuite2.it,https://www.cassinocentroboutiquesuite2.it,+39 334 308 9759,2026-08-17
AIRBNB-03785,Cassino Centro Panoramic View Home #1,Cassino & Valle del Liri,Cassino Centro,Alloggio Turistico / Host Airbnb,info@cassinocentropanoramicviewhome1.it,https://www.cassinocentropanoramicviewhome1.it,+39 334 308 9759,2026-08-17
AIRBNB-03786,Cassino Centro Panoramic View Home #2,Cassino & Valle del Liri,Cassino Centro,Alloggio Turistico / Host Airbnb,info@cassinocentropanoramicviewhome2.it,https://www.cassinocentropanoramicviewhome2.it,+39 334 308 9759,2026-08-17
AIRBNB-03787,Cassino Centro Charme Loft #1,Cassino & Valle del Liri,Cassino Centro,Alloggio Turistico / Host Airbnb,info@cassinocentrocharmeloft1.it,https://www.cassinocentrocharmeloft1.it,+39 334 308 9759,2026-08-17
AIRBNB-03788,Cassino Centro Charme Loft #2,Cassino & Valle del Liri,Cassino Centro,Alloggio Turistico / Host Airbnb,info@cassinocentrocharmeloft2.it,https://www.cassinocentrocharmeloft2.it,+39 334 308 9759,2026-08-17
AIRBNB-03789,Cassino Centro Historic Relais #1,Cassino & Valle del Liri,Cassino Centro,Alloggio Turistico / Host Airbnb,info@cassinocentrohistoricrelais1.it,https://www.cassinocentrohistoricrelais1.it,+39 334 308 9759,2026-08-17
AIRBNB-03790,Cassino Centro Historic Relais #2,Cassino & Valle del Liri,Cassino Centro,Alloggio Turistico / Host Airbnb,info@cassinocentrohistoricrelais2.it,https://www.cassinocentrohistoricrelais2.it,+39 334 308 9759,2026-08-17
AIRBNB-03791,Cassino Centro Design Flat #1,Cassino & Valle del Liri,Cassino Centro,Alloggio Turistico / Host Airbnb,info@cassinocentrodesignflat1.it,https://www.cassinocentrodesignflat1.it,+39 334 308 9759,2026-08-17
AIRBNB-03792,Cassino Centro Design Flat #2,Cassino & Valle del Liri,Cassino Centro,Alloggio Turistico / Host Airbnb,info@cassinocentrodesignflat2.it,https://www.cassinocentrodesignflat2.it,+39 334 308 9759,2026-08-17
AIRBNB-03793,Cassino Centro Exclusive Penthouse #1,Cassino & Valle del Liri,Cassino Centro,Alloggio Turistico / Host Airbnb,info@cassinocentroexclusivepenthouse1.it,https://www.cassinocentroexclusivepenthouse1.it,+39 334 308 9759,2026-08-17
AIRBNB-03794,Cassino Centro Exclusive Penthouse #2,Cassino & Valle del Liri,Cassino Centro,Alloggio Turistico / Host Airbnb,info@cassinocentroexclusivepenthouse2.it,https://www.cassinocentroexclusivepenthouse2.it,+39 334 308 9759,2026-08-17
AIRBNB-03795,Cassino Centro Holiday Villa #1,Cassino & Valle del Liri,Cassino Centro,Alloggio Turistico / Host Airbnb,info@cassinocentroholidayvilla1.it,https://www.cassinocentroholidayvilla1.it,+39 334 308 9759,2026-08-17
AIRBNB-03796,Cassino Centro Holiday Villa #2,Cassino & Valle del Liri,Cassino Centro,Alloggio Turistico / Host Airbnb,info@cassinocentroholidayvilla2.it,https://www.cassinocentroholidayvilla2.it,+39 334 308 9759,2026-08-17
AIRBNB-03797,Cassino Centro Garden House #1,Cassino & Valle del Liri,Cassino Centro,Alloggio Turistico / Host Airbnb,info@cassinocentrogardenhouse1.it,https://www.cassinocentrogardenhouse1.it,+39 334 308 9759,2026-08-17
AIRBNB-03798,Cassino Centro Garden House #2,Cassino & Valle del Liri,Cassino Centro,Alloggio Turistico / Host Airbnb,info@cassinocentrogardenhouse2.it,https://www.cassinocentrogardenhouse2.it,+39 334 308 9759,2026-08-17
AIRBNB-03799,Cassino Centro Maison Elegance #1,Cassino & Valle del Liri,Cassino Centro,Alloggio Turistico / Host Airbnb,info@cassinocentromaisonelegance1.it,https://www.cassinocentromaisonelegance1.it,+39 334 308 9759,2026-08-17
AIRBNB-03800,Cassino Centro Maison Elegance #2,Cassino & Valle del Liri,Cassino Centro,Alloggio Turistico / Host Airbnb,info@cassinocentromaisonelegance2.it,https://www.cassinocentromaisonelegance2.it,+39 334 308 9759,2026-08-17
AIRBNB-03801,Cassino Centro Dimora Tipica #1,Cassino & Valle del Liri,Cassino Centro,Alloggio Turistico / Host Airbnb,info@cassinocentrodimoratipica1.it,https://www.cassinocentrodimoratipica1.it,+39 334 308 9759,2026-08-17
AIRBNB-03802,Cassino Centro Dimora Tipica #2,Cassino & Valle del Liri,Cassino Centro,Alloggio Turistico / Host Airbnb,info@cassinocentrodimoratipica2.it,https://www.cassinocentrodimoratipica2.it,+39 334 308 9759,2026-08-17
AIRBNB-03803,Cassino Centro Terrace Studio #1,Cassino & Valle del Liri,Cassino Centro,Alloggio Turistico / Host Airbnb,info@cassinocentroterracestudio1.it,https://www.cassinocentroterracestudio1.it,+39 334 308 9759,2026-08-17
AIRBNB-03804,Cassino Centro Terrace Studio #2,Cassino & Valle del Liri,Cassino Centro,Alloggio Turistico / Host Airbnb,info@cassinocentroterracestudio2.it,https://www.cassinocentroterracestudio2.it,+39 334 308 9759,2026-08-17
AIRBNB-03805,Cassino Centro Vacanze Relax Home #1,Cassino & Valle del Liri,Cassino Centro,Alloggio Turistico / Host Airbnb,info@cassinocentrovacanzerelaxhome1.it,https://www.cassinocentrovacanzerelaxhome1.it,+39 334 308 9759,2026-08-17
AIRBNB-03806,Cassino Centro Vacanze Relax Home #2,Cassino & Valle del Liri,Cassino Centro,Alloggio Turistico / Host Airbnb,info@cassinocentrovacanzerelaxhome2.it,https://www.cassinocentrovacanzerelaxhome2.it,+39 334 308 9759,2026-08-17
AIRBNB-03807,Cassino Centro Urban Living Loft #1,Cassino & Valle del Liri,Cassino Centro,Alloggio Turistico / Host Airbnb,info@cassinocentrourbanlivingloft1.it,https://www.cassinocentrourbanlivingloft1.it,+39 334 308 9759,2026-08-17
AIRBNB-03808,Cassino Centro Urban Living Loft #2,Cassino & Valle del Liri,Cassino Centro,Alloggio Turistico / Host Airbnb,info@cassinocentrourbanlivingloft2.it,https://www.cassinocentrourbanlivingloft2.it,+39 334 308 9759,2026-08-17
AIRBNB-03809,Cassino Centro Prestige Suites #1,Cassino & Valle del Liri,Cassino Centro,Alloggio Turistico / Host Airbnb,info@cassinocentroprestigesuites1.it,https://www.cassinocentroprestigesuites1.it,+39 334 308 9759,2026-08-17
AIRBNB-03810,Cassino Centro Prestige Suites #2,Cassino & Valle del Liri,Cassino Centro,Alloggio Turistico / Host Airbnb,info@cassinocentroprestigesuites2.it,https://www.cassinocentroprestigesuites2.it,+39 334 308 9759,2026-08-17
AIRBNB-03811,Cassino Centro Sea View Apartment #1,Cassino & Valle del Liri,Cassino Centro,Alloggio Turistico / Host Airbnb,info@cassinocentroseaviewapartment1.it,https://www.cassinocentroseaviewapartment1.it,+39 334 308 9759,2026-08-17
AIRBNB-03812,Cassino Centro Sea View Apartment #2,Cassino & Valle del Liri,Cassino Centro,Alloggio Turistico / Host Airbnb,info@cassinocentroseaviewapartment2.it,https://www.cassinocentroseaviewapartment2.it,+39 334 308 9759,2026-08-17
AIRBNB-03813,Cassino Centro Art & Style Flat #1,Cassino & Valle del Liri,Cassino Centro,Alloggio Turistico / Host Airbnb,info@cassinocentroartstyleflat1.it,https://www.cassinocentroartstyleflat1.it,+39 334 308 9759,2026-08-17
AIRBNB-03814,Cassino Centro Art & Style Flat #2,Cassino & Valle del Liri,Cassino Centro,Alloggio Turistico / Host Airbnb,info@cassinocentroartstyleflat2.it,https://www.cassinocentroartstyleflat2.it,+39 334 308 9759,2026-08-17
AIRBNB-03815,Cassino Centro Cozy Boutique Home #1,Cassino & Valle del Liri,Cassino Centro,Alloggio Turistico / Host Airbnb,info@cassinocentrocozyboutiquehome1.it,https://www.cassinocentrocozyboutiquehome1.it,+39 334 308 9759,2026-08-17
AIRBNB-03816,Cassino Centro Cozy Boutique Home #2,Cassino & Valle del Liri,Cassino Centro,Alloggio Turistico / Host Airbnb,info@cassinocentrocozyboutiquehome2.it,https://www.cassinocentrocozyboutiquehome2.it,+39 334 308 9759,2026-08-17
AIRBNB-03817,Cassino Corso Luxury Apartment #1,Cassino & Valle del Liri,Cassino Corso,Alloggio Turistico / Host Airbnb,info@cassinocorsoluxuryapartment1.it,https://www.cassinocorsoluxuryapartment1.it,+39 334 308 9759,2026-08-17
AIRBNB-03818,Cassino Corso Luxury Apartment #2,Cassino & Valle del Liri,Cassino Corso,Alloggio Turistico / Host Airbnb,info@cassinocorsoluxuryapartment2.it,https://www.cassinocorsoluxuryapartment2.it,+39 334 308 9759,2026-08-17
AIRBNB-03819,Cassino Corso Boutique Suite #1,Cassino & Valle del Liri,Cassino Corso,Alloggio Turistico / Host Airbnb,info@cassinocorsoboutiquesuite1.it,https://www.cassinocorsoboutiquesuite1.it,+39 334 308 9759,2026-08-17
AIRBNB-03820,Cassino Corso Boutique Suite #2,Cassino & Valle del Liri,Cassino Corso,Alloggio Turistico / Host Airbnb,info@cassinocorsoboutiquesuite2.it,https://www.cassinocorsoboutiquesuite2.it,+39 334 308 9759,2026-08-17
AIRBNB-03821,Cassino Corso Panoramic View Home #1,Cassino & Valle del Liri,Cassino Corso,Alloggio Turistico / Host Airbnb,info@cassinocorsopanoramicviewhome1.it,https://www.cassinocorsopanoramicviewhome1.it,+39 334 308 9759,2026-08-17
AIRBNB-03822,Cassino Corso Panoramic View Home #2,Cassino & Valle del Liri,Cassino Corso,Alloggio Turistico / Host Airbnb,info@cassinocorsopanoramicviewhome2.it,https://www.cassinocorsopanoramicviewhome2.it,+39 334 308 9759,2026-08-17
AIRBNB-03823,Cassino Corso Charme Loft #1,Cassino & Valle del Liri,Cassino Corso,Alloggio Turistico / Host Airbnb,info@cassinocorsocharmeloft1.it,https://www.cassinocorsocharmeloft1.it,+39 334 308 9759,2026-08-17
AIRBNB-03824,Cassino Corso Charme Loft #2,Cassino & Valle del Liri,Cassino Corso,Alloggio Turistico / Host Airbnb,info@cassinocorsocharmeloft2.it,https://www.cassinocorsocharmeloft2.it,+39 334 308 9759,2026-08-17
AIRBNB-03825,Cassino Corso Historic Relais #1,Cassino & Valle del Liri,Cassino Corso,Alloggio Turistico / Host Airbnb,info@cassinocorsohistoricrelais1.it,https://www.cassinocorsohistoricrelais1.it,+39 334 308 9759,2026-08-17
AIRBNB-03826,Cassino Corso Historic Relais #2,Cassino & Valle del Liri,Cassino Corso,Alloggio Turistico / Host Airbnb,info@cassinocorsohistoricrelais2.it,https://www.cassinocorsohistoricrelais2.it,+39 334 308 9759,2026-08-17
AIRBNB-03827,Cassino Corso Design Flat #1,Cassino & Valle del Liri,Cassino Corso,Alloggio Turistico / Host Airbnb,info@cassinocorsodesignflat1.it,https://www.cassinocorsodesignflat1.it,+39 334 308 9759,2026-08-17
AIRBNB-03828,Cassino Corso Design Flat #2,Cassino & Valle del Liri,Cassino Corso,Alloggio Turistico / Host Airbnb,info@cassinocorsodesignflat2.it,https://www.cassinocorsodesignflat2.it,+39 334 308 9759,2026-08-17
AIRBNB-03829,Cassino Corso Exclusive Penthouse #1,Cassino & Valle del Liri,Cassino Corso,Alloggio Turistico / Host Airbnb,info@cassinocorsoexclusivepenthouse1.it,https://www.cassinocorsoexclusivepenthouse1.it,+39 334 308 9759,2026-08-17
AIRBNB-03830,Cassino Corso Exclusive Penthouse #2,Cassino & Valle del Liri,Cassino Corso,Alloggio Turistico / Host Airbnb,info@cassinocorsoexclusivepenthouse2.it,https://www.cassinocorsoexclusivepenthouse2.it,+39 334 308 9759,2026-08-17
AIRBNB-03831,Cassino Corso Holiday Villa #1,Cassino & Valle del Liri,Cassino Corso,Alloggio Turistico / Host Airbnb,info@cassinocorsoholidayvilla1.it,https://www.cassinocorsoholidayvilla1.it,+39 334 308 9759,2026-08-17
AIRBNB-03832,Cassino Corso Holiday Villa #2,Cassino & Valle del Liri,Cassino Corso,Alloggio Turistico / Host Airbnb,info@cassinocorsoholidayvilla2.it,https://www.cassinocorsoholidayvilla2.it,+39 334 308 9759,2026-08-17
AIRBNB-03833,Cassino Corso Garden House #1,Cassino & Valle del Liri,Cassino Corso,Alloggio Turistico / Host Airbnb,info@cassinocorsogardenhouse1.it,https://www.cassinocorsogardenhouse1.it,+39 334 308 9759,2026-08-17
AIRBNB-03834,Cassino Corso Garden House #2,Cassino & Valle del Liri,Cassino Corso,Alloggio Turistico / Host Airbnb,info@cassinocorsogardenhouse2.it,https://www.cassinocorsogardenhouse2.it,+39 334 308 9759,2026-08-17
AIRBNB-03835,Cassino Corso Maison Elegance #1,Cassino & Valle del Liri,Cassino Corso,Alloggio Turistico / Host Airbnb,info@cassinocorsomaisonelegance1.it,https://www.cassinocorsomaisonelegance1.it,+39 334 308 9759,2026-08-17
AIRBNB-03836,Cassino Corso Maison Elegance #2,Cassino & Valle del Liri,Cassino Corso,Alloggio Turistico / Host Airbnb,info@cassinocorsomaisonelegance2.it,https://www.cassinocorsomaisonelegance2.it,+39 334 308 9759,2026-08-17
AIRBNB-03837,Cassino Corso Dimora Tipica #1,Cassino & Valle del Liri,Cassino Corso,Alloggio Turistico / Host Airbnb,info@cassinocorsodimoratipica1.it,https://www.cassinocorsodimoratipica1.it,+39 334 308 9759,2026-08-17
AIRBNB-03838,Cassino Corso Dimora Tipica #2,Cassino & Valle del Liri,Cassino Corso,Alloggio Turistico / Host Airbnb,info@cassinocorsodimoratipica2.it,https://www.cassinocorsodimoratipica2.it,+39 334 308 9759,2026-08-17
AIRBNB-03839,Cassino Corso Terrace Studio #1,Cassino & Valle del Liri,Cassino Corso,Alloggio Turistico / Host Airbnb,info@cassinocorsoterracestudio1.it,https://www.cassinocorsoterracestudio1.it,+39 334 308 9759,2026-08-17
AIRBNB-03840,Cassino Corso Terrace Studio #2,Cassino & Valle del Liri,Cassino Corso,Alloggio Turistico / Host Airbnb,info@cassinocorsoterracestudio2.it,https://www.cassinocorsoterracestudio2.it,+39 334 308 9759,2026-08-17
AIRBNB-03841,Cassino Corso Vacanze Relax Home #1,Cassino & Valle del Liri,Cassino Corso,Alloggio Turistico / Host Airbnb,info@cassinocorsovacanzerelaxhome1.it,https://www.cassinocorsovacanzerelaxhome1.it,+39 334 308 9759,2026-08-17
AIRBNB-03842,Cassino Corso Vacanze Relax Home #2,Cassino & Valle del Liri,Cassino Corso,Alloggio Turistico / Host Airbnb,info@cassinocorsovacanzerelaxhome2.it,https://www.cassinocorsovacanzerelaxhome2.it,+39 334 308 9759,2026-08-17
AIRBNB-03843,Cassino Corso Urban Living Loft #1,Cassino & Valle del Liri,Cassino Corso,Alloggio Turistico / Host Airbnb,info@cassinocorsourbanlivingloft1.it,https://www.cassinocorsourbanlivingloft1.it,+39 334 308 9759,2026-08-17
AIRBNB-03844,Cassino Corso Urban Living Loft #2,Cassino & Valle del Liri,Cassino Corso,Alloggio Turistico / Host Airbnb,info@cassinocorsourbanlivingloft2.it,https://www.cassinocorsourbanlivingloft2.it,+39 334 308 9759,2026-08-17
AIRBNB-03845,Cassino Corso Prestige Suites #1,Cassino & Valle del Liri,Cassino Corso,Alloggio Turistico / Host Airbnb,info@cassinocorsoprestigesuites1.it,https://www.cassinocorsoprestigesuites1.it,+39 334 308 9759,2026-08-17
AIRBNB-03846,Cassino Corso Prestige Suites #2,Cassino & Valle del Liri,Cassino Corso,Alloggio Turistico / Host Airbnb,info@cassinocorsoprestigesuites2.it,https://www.cassinocorsoprestigesuites2.it,+39 334 308 9759,2026-08-17
AIRBNB-03847,Cassino Corso Sea View Apartment #1,Cassino & Valle del Liri,Cassino Corso,Alloggio Turistico / Host Airbnb,info@cassinocorsoseaviewapartment1.it,https://www.cassinocorsoseaviewapartment1.it,+39 334 308 9759,2026-08-17
AIRBNB-03848,Cassino Corso Sea View Apartment #2,Cassino & Valle del Liri,Cassino Corso,Alloggio Turistico / Host Airbnb,info@cassinocorsoseaviewapartment2.it,https://www.cassinocorsoseaviewapartment2.it,+39 334 308 9759,2026-08-17
AIRBNB-03849,Cassino Corso Art & Style Flat #1,Cassino & Valle del Liri,Cassino Corso,Alloggio Turistico / Host Airbnb,info@cassinocorsoartstyleflat1.it,https://www.cassinocorsoartstyleflat1.it,+39 334 308 9759,2026-08-17
AIRBNB-03850,Cassino Corso Art & Style Flat #2,Cassino & Valle del Liri,Cassino Corso,Alloggio Turistico / Host Airbnb,info@cassinocorsoartstyleflat2.it,https://www.cassinocorsoartstyleflat2.it,+39 334 308 9759,2026-08-17
AIRBNB-03851,Cassino Corso Cozy Boutique Home #1,Cassino & Valle del Liri,Cassino Corso,Alloggio Turistico / Host Airbnb,info@cassinocorsocozyboutiquehome1.it,https://www.cassinocorsocozyboutiquehome1.it,+39 334 308 9759,2026-08-17
AIRBNB-03852,Cassino Corso Cozy Boutique Home #2,Cassino & Valle del Liri,Cassino Corso,Alloggio Turistico / Host Airbnb,info@cassinocorsocozyboutiquehome2.it,https://www.cassinocorsocozyboutiquehome2.it,+39 334 308 9759,2026-08-17
AIRBNB-03853,Pontecorvo Centro Luxury Apartment #1,Cassino & Valle del Liri,Pontecorvo Centro,Alloggio Turistico / Host Airbnb,info@pontecorvocentroluxuryapartment1.it,https://www.pontecorvocentroluxuryapartment1.it,+39 334 308 9759,2026-08-17
AIRBNB-03854,Pontecorvo Centro Luxury Apartment #2,Cassino & Valle del Liri,Pontecorvo Centro,Alloggio Turistico / Host Airbnb,info@pontecorvocentroluxuryapartment2.it,https://www.pontecorvocentroluxuryapartment2.it,+39 334 308 9759,2026-08-17
AIRBNB-03855,Pontecorvo Centro Boutique Suite #1,Cassino & Valle del Liri,Pontecorvo Centro,Alloggio Turistico / Host Airbnb,info@pontecorvocentroboutiquesuite1.it,https://www.pontecorvocentroboutiquesuite1.it,+39 334 308 9759,2026-08-17
AIRBNB-03856,Pontecorvo Centro Boutique Suite #2,Cassino & Valle del Liri,Pontecorvo Centro,Alloggio Turistico / Host Airbnb,info@pontecorvocentroboutiquesuite2.it,https://www.pontecorvocentroboutiquesuite2.it,+39 334 308 9759,2026-08-17
AIRBNB-03857,Pontecorvo Centro Panoramic View Home #1,Cassino & Valle del Liri,Pontecorvo Centro,Alloggio Turistico / Host Airbnb,info@pontecorvocentropanoramicviewhome1.it,https://www.pontecorvocentropanoramicviewhome1.it,+39 334 308 9759,2026-08-17
AIRBNB-03858,Pontecorvo Centro Panoramic View Home #2,Cassino & Valle del Liri,Pontecorvo Centro,Alloggio Turistico / Host Airbnb,info@pontecorvocentropanoramicviewhome2.it,https://www.pontecorvocentropanoramicviewhome2.it,+39 334 308 9759,2026-08-17
AIRBNB-03859,Pontecorvo Centro Charme Loft #1,Cassino & Valle del Liri,Pontecorvo Centro,Alloggio Turistico / Host Airbnb,info@pontecorvocentrocharmeloft1.it,https://www.pontecorvocentrocharmeloft1.it,+39 334 308 9759,2026-08-17
AIRBNB-03860,Pontecorvo Centro Charme Loft #2,Cassino & Valle del Liri,Pontecorvo Centro,Alloggio Turistico / Host Airbnb,info@pontecorvocentrocharmeloft2.it,https://www.pontecorvocentrocharmeloft2.it,+39 334 308 9759,2026-08-17
AIRBNB-03861,Pontecorvo Centro Historic Relais #1,Cassino & Valle del Liri,Pontecorvo Centro,Alloggio Turistico / Host Airbnb,info@pontecorvocentrohistoricrelais1.it,https://www.pontecorvocentrohistoricrelais1.it,+39 334 308 9759,2026-08-17
AIRBNB-03862,Pontecorvo Centro Historic Relais #2,Cassino & Valle del Liri,Pontecorvo Centro,Alloggio Turistico / Host Airbnb,info@pontecorvocentrohistoricrelais2.it,https://www.pontecorvocentrohistoricrelais2.it,+39 334 308 9759,2026-08-17
AIRBNB-03863,Pontecorvo Centro Design Flat #1,Cassino & Valle del Liri,Pontecorvo Centro,Alloggio Turistico / Host Airbnb,info@pontecorvocentrodesignflat1.it,https://www.pontecorvocentrodesignflat1.it,+39 334 308 9759,2026-08-17
AIRBNB-03864,Pontecorvo Centro Design Flat #2,Cassino & Valle del Liri,Pontecorvo Centro,Alloggio Turistico / Host Airbnb,info@pontecorvocentrodesignflat2.it,https://www.pontecorvocentrodesignflat2.it,+39 334 308 9759,2026-08-17
AIRBNB-03865,Pontecorvo Centro Exclusive Penthouse #1,Cassino & Valle del Liri,Pontecorvo Centro,Alloggio Turistico / Host Airbnb,info@pontecorvocentroexclusivepenthouse1.it,https://www.pontecorvocentroexclusivepenthouse1.it,+39 334 308 9759,2026-08-17
AIRBNB-03866,Pontecorvo Centro Exclusive Penthouse #2,Cassino & Valle del Liri,Pontecorvo Centro,Alloggio Turistico / Host Airbnb,info@pontecorvocentroexclusivepenthouse2.it,https://www.pontecorvocentroexclusivepenthouse2.it,+39 334 308 9759,2026-08-17
AIRBNB-03867,Pontecorvo Centro Holiday Villa #1,Cassino & Valle del Liri,Pontecorvo Centro,Alloggio Turistico / Host Airbnb,info@pontecorvocentroholidayvilla1.it,https://www.pontecorvocentroholidayvilla1.it,+39 334 308 9759,2026-08-17
AIRBNB-03868,Pontecorvo Centro Holiday Villa #2,Cassino & Valle del Liri,Pontecorvo Centro,Alloggio Turistico / Host Airbnb,info@pontecorvocentroholidayvilla2.it,https://www.pontecorvocentroholidayvilla2.it,+39 334 308 9759,2026-08-17
AIRBNB-03869,Pontecorvo Centro Garden House #1,Cassino & Valle del Liri,Pontecorvo Centro,Alloggio Turistico / Host Airbnb,info@pontecorvocentrogardenhouse1.it,https://www.pontecorvocentrogardenhouse1.it,+39 334 308 9759,2026-08-17
AIRBNB-03870,Pontecorvo Centro Garden House #2,Cassino & Valle del Liri,Pontecorvo Centro,Alloggio Turistico / Host Airbnb,info@pontecorvocentrogardenhouse2.it,https://www.pontecorvocentrogardenhouse2.it,+39 334 308 9759,2026-08-17
AIRBNB-03871,Pontecorvo Centro Maison Elegance #1,Cassino & Valle del Liri,Pontecorvo Centro,Alloggio Turistico / Host Airbnb,info@pontecorvocentromaisonelegance1.it,https://www.pontecorvocentromaisonelegance1.it,+39 334 308 9759,2026-08-17
AIRBNB-03872,Pontecorvo Centro Maison Elegance #2,Cassino & Valle del Liri,Pontecorvo Centro,Alloggio Turistico / Host Airbnb,info@pontecorvocentromaisonelegance2.it,https://www.pontecorvocentromaisonelegance2.it,+39 334 308 9759,2026-08-17
AIRBNB-03873,Pontecorvo Centro Dimora Tipica #1,Cassino & Valle del Liri,Pontecorvo Centro,Alloggio Turistico / Host Airbnb,info@pontecorvocentrodimoratipica1.it,https://www.pontecorvocentrodimoratipica1.it,+39 334 308 9759,2026-08-17
AIRBNB-03874,Pontecorvo Centro Dimora Tipica #2,Cassino & Valle del Liri,Pontecorvo Centro,Alloggio Turistico / Host Airbnb,info@pontecorvocentrodimoratipica2.it,https://www.pontecorvocentrodimoratipica2.it,+39 334 308 9759,2026-08-17
AIRBNB-03875,Pontecorvo Centro Terrace Studio #1,Cassino & Valle del Liri,Pontecorvo Centro,Alloggio Turistico / Host Airbnb,info@pontecorvocentroterracestudio1.it,https://www.pontecorvocentroterracestudio1.it,+39 334 308 9759,2026-08-17
AIRBNB-03876,Pontecorvo Centro Terrace Studio #2,Cassino & Valle del Liri,Pontecorvo Centro,Alloggio Turistico / Host Airbnb,info@pontecorvocentroterracestudio2.it,https://www.pontecorvocentroterracestudio2.it,+39 334 308 9759,2026-08-17
AIRBNB-03877,Pontecorvo Centro Vacanze Relax Home #1,Cassino & Valle del Liri,Pontecorvo Centro,Alloggio Turistico / Host Airbnb,info@pontecorvocentrovacanzerelaxhome1.it,https://www.pontecorvocentrovacanzerelaxhome1.it,+39 334 308 9759,2026-08-17
AIRBNB-03878,Pontecorvo Centro Vacanze Relax Home #2,Cassino & Valle del Liri,Pontecorvo Centro,Alloggio Turistico / Host Airbnb,info@pontecorvocentrovacanzerelaxhome2.it,https://www.pontecorvocentrovacanzerelaxhome2.it,+39 334 308 9759,2026-08-17
AIRBNB-03879,Pontecorvo Centro Urban Living Loft #1,Cassino & Valle del Liri,Pontecorvo Centro,Alloggio Turistico / Host Airbnb,info@pontecorvocentrourbanlivingloft1.it,https://www.pontecorvocentrourbanlivingloft1.it,+39 334 308 9759,2026-08-17
AIRBNB-03880,Pontecorvo Centro Urban Living Loft #2,Cassino & Valle del Liri,Pontecorvo Centro,Alloggio Turistico / Host Airbnb,info@pontecorvocentrourbanlivingloft2.it,https://www.pontecorvocentrourbanlivingloft2.it,+39 334 308 9759,2026-08-17
AIRBNB-03881,Pontecorvo Centro Prestige Suites #1,Cassino & Valle del Liri,Pontecorvo Centro,Alloggio Turistico / Host Airbnb,info@pontecorvocentroprestigesuites1.it,https://www.pontecorvocentroprestigesuites1.it,+39 334 308 9759,2026-08-17
AIRBNB-03882,Pontecorvo Centro Prestige Suites #2,Cassino & Valle del Liri,Pontecorvo Centro,Alloggio Turistico / Host Airbnb,info@pontecorvocentroprestigesuites2.it,https://www.pontecorvocentroprestigesuites2.it,+39 334 308 9759,2026-08-17
AIRBNB-03883,Pontecorvo Centro Sea View Apartment #1,Cassino & Valle del Liri,Pontecorvo Centro,Alloggio Turistico / Host Airbnb,info@pontecorvocentroseaviewapartment1.it,https://www.pontecorvocentroseaviewapartment1.it,+39 334 308 9759,2026-08-17
AIRBNB-03884,Pontecorvo Centro Sea View Apartment #2,Cassino & Valle del Liri,Pontecorvo Centro,Alloggio Turistico / Host Airbnb,info@pontecorvocentroseaviewapartment2.it,https://www.pontecorvocentroseaviewapartment2.it,+39 334 308 9759,2026-08-17
AIRBNB-03885,Pontecorvo Centro Art & Style Flat #1,Cassino & Valle del Liri,Pontecorvo Centro,Alloggio Turistico / Host Airbnb,info@pontecorvocentroartstyleflat1.it,https://www.pontecorvocentroartstyleflat1.it,+39 334 308 9759,2026-08-17
AIRBNB-03886,Pontecorvo Centro Art & Style Flat #2,Cassino & Valle del Liri,Pontecorvo Centro,Alloggio Turistico / Host Airbnb,info@pontecorvocentroartstyleflat2.it,https://www.pontecorvocentroartstyleflat2.it,+39 334 308 9759,2026-08-17
AIRBNB-03887,Pontecorvo Centro Cozy Boutique Home #1,Cassino & Valle del Liri,Pontecorvo Centro,Alloggio Turistico / Host Airbnb,info@pontecorvocentrocozyboutiquehome1.it,https://www.pontecorvocentrocozyboutiquehome1.it,+39 334 308 9759,2026-08-17
AIRBNB-03888,Pontecorvo Centro Cozy Boutique Home #2,Cassino & Valle del Liri,Pontecorvo Centro,Alloggio Turistico / Host Airbnb,info@pontecorvocentrocozyboutiquehome2.it,https://www.pontecorvocentrocozyboutiquehome2.it,+39 334 308 9759,2026-08-17
AIRBNB-03889,Pontecorvo San Rocco Luxury Apartment #1,Cassino & Valle del Liri,Pontecorvo San Rocco,Alloggio Turistico / Host Airbnb,info@pontecorvosanroccoluxuryapartment1.it,https://www.pontecorvosanroccoluxuryapartment1.it,+39 334 308 9759,2026-08-17
AIRBNB-03890,Pontecorvo San Rocco Luxury Apartment #2,Cassino & Valle del Liri,Pontecorvo San Rocco,Alloggio Turistico / Host Airbnb,info@pontecorvosanroccoluxuryapartment2.it,https://www.pontecorvosanroccoluxuryapartment2.it,+39 334 308 9759,2026-08-17
AIRBNB-03891,Pontecorvo San Rocco Boutique Suite #1,Cassino & Valle del Liri,Pontecorvo San Rocco,Alloggio Turistico / Host Airbnb,info@pontecorvosanroccoboutiquesuite1.it,https://www.pontecorvosanroccoboutiquesuite1.it,+39 334 308 9759,2026-08-17
AIRBNB-03892,Pontecorvo San Rocco Boutique Suite #2,Cassino & Valle del Liri,Pontecorvo San Rocco,Alloggio Turistico / Host Airbnb,info@pontecorvosanroccoboutiquesuite2.it,https://www.pontecorvosanroccoboutiquesuite2.it,+39 334 308 9759,2026-08-17
AIRBNB-03893,Pontecorvo San Rocco Panoramic View Home #1,Cassino & Valle del Liri,Pontecorvo San Rocco,Alloggio Turistico / Host Airbnb,info@pontecorvosanroccopanoramicviewhome1.it,https://www.pontecorvosanroccopanoramicviewhome1.it,+39 334 308 9759,2026-08-17
AIRBNB-03894,Pontecorvo San Rocco Panoramic View Home #2,Cassino & Valle del Liri,Pontecorvo San Rocco,Alloggio Turistico / Host Airbnb,info@pontecorvosanroccopanoramicviewhome2.it,https://www.pontecorvosanroccopanoramicviewhome2.it,+39 334 308 9759,2026-08-17
AIRBNB-03895,Pontecorvo San Rocco Charme Loft #1,Cassino & Valle del Liri,Pontecorvo San Rocco,Alloggio Turistico / Host Airbnb,info@pontecorvosanroccocharmeloft1.it,https://www.pontecorvosanroccocharmeloft1.it,+39 334 308 9759,2026-08-17
AIRBNB-03896,Pontecorvo San Rocco Charme Loft #2,Cassino & Valle del Liri,Pontecorvo San Rocco,Alloggio Turistico / Host Airbnb,info@pontecorvosanroccocharmeloft2.it,https://www.pontecorvosanroccocharmeloft2.it,+39 334 308 9759,2026-08-17
AIRBNB-03897,Pontecorvo San Rocco Historic Relais #1,Cassino & Valle del Liri,Pontecorvo San Rocco,Alloggio Turistico / Host Airbnb,info@pontecorvosanroccohistoricrelais1.it,https://www.pontecorvosanroccohistoricrelais1.it,+39 334 308 9759,2026-08-17
AIRBNB-03898,Pontecorvo San Rocco Historic Relais #2,Cassino & Valle del Liri,Pontecorvo San Rocco,Alloggio Turistico / Host Airbnb,info@pontecorvosanroccohistoricrelais2.it,https://www.pontecorvosanroccohistoricrelais2.it,+39 334 308 9759,2026-08-17
AIRBNB-03899,Pontecorvo San Rocco Design Flat #1,Cassino & Valle del Liri,Pontecorvo San Rocco,Alloggio Turistico / Host Airbnb,info@pontecorvosanroccodesignflat1.it,https://www.pontecorvosanroccodesignflat1.it,+39 334 308 9759,2026-08-17
AIRBNB-03900,Pontecorvo San Rocco Design Flat #2,Cassino & Valle del Liri,Pontecorvo San Rocco,Alloggio Turistico / Host Airbnb,info@pontecorvosanroccodesignflat2.it,https://www.pontecorvosanroccodesignflat2.it,+39 334 308 9759,2026-08-17
AIRBNB-03901,Pontecorvo San Rocco Exclusive Penthouse #1,Cassino & Valle del Liri,Pontecorvo San Rocco,Alloggio Turistico / Host Airbnb,info@pontecorvosanroccoexclusivepenthouse1.it,https://www.pontecorvosanroccoexclusivepenthouse1.it,+39 334 308 9759,2026-08-17
AIRBNB-03902,Pontecorvo San Rocco Exclusive Penthouse #2,Cassino & Valle del Liri,Pontecorvo San Rocco,Alloggio Turistico / Host Airbnb,info@pontecorvosanroccoexclusivepenthouse2.it,https://www.pontecorvosanroccoexclusivepenthouse2.it,+39 334 308 9759,2026-08-17
AIRBNB-03903,Pontecorvo San Rocco Holiday Villa #1,Cassino & Valle del Liri,Pontecorvo San Rocco,Alloggio Turistico / Host Airbnb,info@pontecorvosanroccoholidayvilla1.it,https://www.pontecorvosanroccoholidayvilla1.it,+39 334 308 9759,2026-08-17
AIRBNB-03904,Pontecorvo San Rocco Holiday Villa #2,Cassino & Valle del Liri,Pontecorvo San Rocco,Alloggio Turistico / Host Airbnb,info@pontecorvosanroccoholidayvilla2.it,https://www.pontecorvosanroccoholidayvilla2.it,+39 334 308 9759,2026-08-17
AIRBNB-03905,Pontecorvo San Rocco Garden House #1,Cassino & Valle del Liri,Pontecorvo San Rocco,Alloggio Turistico / Host Airbnb,info@pontecorvosanroccogardenhouse1.it,https://www.pontecorvosanroccogardenhouse1.it,+39 334 308 9759,2026-08-17
AIRBNB-03906,Pontecorvo San Rocco Garden House #2,Cassino & Valle del Liri,Pontecorvo San Rocco,Alloggio Turistico / Host Airbnb,info@pontecorvosanroccogardenhouse2.it,https://www.pontecorvosanroccogardenhouse2.it,+39 334 308 9759,2026-08-17
AIRBNB-03907,Pontecorvo San Rocco Maison Elegance #1,Cassino & Valle del Liri,Pontecorvo San Rocco,Alloggio Turistico / Host Airbnb,info@pontecorvosanroccomaisonelegance1.it,https://www.pontecorvosanroccomaisonelegance1.it,+39 334 308 9759,2026-08-17
AIRBNB-03908,Pontecorvo San Rocco Maison Elegance #2,Cassino & Valle del Liri,Pontecorvo San Rocco,Alloggio Turistico / Host Airbnb,info@pontecorvosanroccomaisonelegance2.it,https://www.pontecorvosanroccomaisonelegance2.it,+39 334 308 9759,2026-08-17
AIRBNB-03909,Pontecorvo San Rocco Dimora Tipica #1,Cassino & Valle del Liri,Pontecorvo San Rocco,Alloggio Turistico / Host Airbnb,info@pontecorvosanroccodimoratipica1.it,https://www.pontecorvosanroccodimoratipica1.it,+39 334 308 9759,2026-08-17
AIRBNB-03910,Pontecorvo San Rocco Dimora Tipica #2,Cassino & Valle del Liri,Pontecorvo San Rocco,Alloggio Turistico / Host Airbnb,info@pontecorvosanroccodimoratipica2.it,https://www.pontecorvosanroccodimoratipica2.it,+39 334 308 9759,2026-08-17
AIRBNB-03911,Pontecorvo San Rocco Terrace Studio #1,Cassino & Valle del Liri,Pontecorvo San Rocco,Alloggio Turistico / Host Airbnb,info@pontecorvosanroccoterracestudio1.it,https://www.pontecorvosanroccoterracestudio1.it,+39 334 308 9759,2026-08-17
AIRBNB-03912,Pontecorvo San Rocco Terrace Studio #2,Cassino & Valle del Liri,Pontecorvo San Rocco,Alloggio Turistico / Host Airbnb,info@pontecorvosanroccoterracestudio2.it,https://www.pontecorvosanroccoterracestudio2.it,+39 334 308 9759,2026-08-17
AIRBNB-03913,Pontecorvo San Rocco Vacanze Relax Home #1,Cassino & Valle del Liri,Pontecorvo San Rocco,Alloggio Turistico / Host Airbnb,info@pontecorvosanroccovacanzerelaxhome1.it,https://www.pontecorvosanroccovacanzerelaxhome1.it,+39 334 308 9759,2026-08-17
AIRBNB-03914,Pontecorvo San Rocco Vacanze Relax Home #2,Cassino & Valle del Liri,Pontecorvo San Rocco,Alloggio Turistico / Host Airbnb,info@pontecorvosanroccovacanzerelaxhome2.it,https://www.pontecorvosanroccovacanzerelaxhome2.it,+39 334 308 9759,2026-08-17
AIRBNB-03915,Pontecorvo San Rocco Urban Living Loft #1,Cassino & Valle del Liri,Pontecorvo San Rocco,Alloggio Turistico / Host Airbnb,info@pontecorvosanroccourbanlivingloft1.it,https://www.pontecorvosanroccourbanlivingloft1.it,+39 334 308 9759,2026-08-17
AIRBNB-03916,Pontecorvo San Rocco Urban Living Loft #2,Cassino & Valle del Liri,Pontecorvo San Rocco,Alloggio Turistico / Host Airbnb,info@pontecorvosanroccourbanlivingloft2.it,https://www.pontecorvosanroccourbanlivingloft2.it,+39 334 308 9759,2026-08-17
AIRBNB-03917,Pontecorvo San Rocco Prestige Suites #1,Cassino & Valle del Liri,Pontecorvo San Rocco,Alloggio Turistico / Host Airbnb,info@pontecorvosanroccoprestigesuites1.it,https://www.pontecorvosanroccoprestigesuites1.it,+39 334 308 9759,2026-08-17
AIRBNB-03918,Pontecorvo San Rocco Prestige Suites #2,Cassino & Valle del Liri,Pontecorvo San Rocco,Alloggio Turistico / Host Airbnb,info@pontecorvosanroccoprestigesuites2.it,https://www.pontecorvosanroccoprestigesuites2.it,+39 334 308 9759,2026-08-17
AIRBNB-03919,Pontecorvo San Rocco Sea View Apartment #1,Cassino & Valle del Liri,Pontecorvo San Rocco,Alloggio Turistico / Host Airbnb,info@pontecorvosanroccoseaviewapartment1.it,https://www.pontecorvosanroccoseaviewapartment1.it,+39 334 308 9759,2026-08-17
AIRBNB-03920,Pontecorvo San Rocco Sea View Apartment #2,Cassino & Valle del Liri,Pontecorvo San Rocco,Alloggio Turistico / Host Airbnb,info@pontecorvosanroccoseaviewapartment2.it,https://www.pontecorvosanroccoseaviewapartment2.it,+39 334 308 9759,2026-08-17
AIRBNB-03921,Pontecorvo San Rocco Art & Style Flat #1,Cassino & Valle del Liri,Pontecorvo San Rocco,Alloggio Turistico / Host Airbnb,info@pontecorvosanroccoartstyleflat1.it,https://www.pontecorvosanroccoartstyleflat1.it,+39 334 308 9759,2026-08-17
AIRBNB-03922,Pontecorvo San Rocco Art & Style Flat #2,Cassino & Valle del Liri,Pontecorvo San Rocco,Alloggio Turistico / Host Airbnb,info@pontecorvosanroccoartstyleflat2.it,https://www.pontecorvosanroccoartstyleflat2.it,+39 334 308 9759,2026-08-17
AIRBNB-03923,Pontecorvo San Rocco Cozy Boutique Home #1,Cassino & Valle del Liri,Pontecorvo San Rocco,Alloggio Turistico / Host Airbnb,info@pontecorvosanroccocozyboutiquehome1.it,https://www.pontecorvosanroccocozyboutiquehome1.it,+39 334 308 9759,2026-08-17
AIRBNB-03924,Pontecorvo San Rocco Cozy Boutique Home #2,Cassino & Valle del Liri,Pontecorvo San Rocco,Alloggio Turistico / Host Airbnb,info@pontecorvosanroccocozyboutiquehome2.it,https://www.pontecorvosanroccocozyboutiquehome2.it,+39 334 308 9759,2026-08-17
AIRBNB-03925,Aquino Luxury Apartment #1,Cassino & Valle del Liri,Aquino,Alloggio Turistico / Host Airbnb,info@aquinoluxuryapartment1.it,https://www.aquinoluxuryapartment1.it,+39 334 308 9759,2026-08-17
AIRBNB-03926,Aquino Luxury Apartment #2,Cassino & Valle del Liri,Aquino,Alloggio Turistico / Host Airbnb,info@aquinoluxuryapartment2.it,https://www.aquinoluxuryapartment2.it,+39 334 308 9759,2026-08-17
AIRBNB-03927,Aquino Boutique Suite #1,Cassino & Valle del Liri,Aquino,Alloggio Turistico / Host Airbnb,info@aquinoboutiquesuite1.it,https://www.aquinoboutiquesuite1.it,+39 334 308 9759,2026-08-17
AIRBNB-03928,Aquino Boutique Suite #2,Cassino & Valle del Liri,Aquino,Alloggio Turistico / Host Airbnb,info@aquinoboutiquesuite2.it,https://www.aquinoboutiquesuite2.it,+39 334 308 9759,2026-08-17
AIRBNB-03929,Aquino Panoramic View Home #1,Cassino & Valle del Liri,Aquino,Alloggio Turistico / Host Airbnb,info@aquinopanoramicviewhome1.it,https://www.aquinopanoramicviewhome1.it,+39 334 308 9759,2026-08-17
AIRBNB-03930,Aquino Panoramic View Home #2,Cassino & Valle del Liri,Aquino,Alloggio Turistico / Host Airbnb,info@aquinopanoramicviewhome2.it,https://www.aquinopanoramicviewhome2.it,+39 334 308 9759,2026-08-17
AIRBNB-03931,Aquino Charme Loft #1,Cassino & Valle del Liri,Aquino,Alloggio Turistico / Host Airbnb,info@aquinocharmeloft1.it,https://www.aquinocharmeloft1.it,+39 334 308 9759,2026-08-17
AIRBNB-03932,Aquino Charme Loft #2,Cassino & Valle del Liri,Aquino,Alloggio Turistico / Host Airbnb,info@aquinocharmeloft2.it,https://www.aquinocharmeloft2.it,+39 334 308 9759,2026-08-17
AIRBNB-03933,Aquino Historic Relais #1,Cassino & Valle del Liri,Aquino,Alloggio Turistico / Host Airbnb,info@aquinohistoricrelais1.it,https://www.aquinohistoricrelais1.it,+39 334 308 9759,2026-08-17
AIRBNB-03934,Aquino Historic Relais #2,Cassino & Valle del Liri,Aquino,Alloggio Turistico / Host Airbnb,info@aquinohistoricrelais2.it,https://www.aquinohistoricrelais2.it,+39 334 308 9759,2026-08-17
AIRBNB-03935,Aquino Design Flat #1,Cassino & Valle del Liri,Aquino,Alloggio Turistico / Host Airbnb,info@aquinodesignflat1.it,https://www.aquinodesignflat1.it,+39 334 308 9759,2026-08-17
AIRBNB-03936,Aquino Design Flat #2,Cassino & Valle del Liri,Aquino,Alloggio Turistico / Host Airbnb,info@aquinodesignflat2.it,https://www.aquinodesignflat2.it,+39 334 308 9759,2026-08-17
AIRBNB-03937,Aquino Exclusive Penthouse #1,Cassino & Valle del Liri,Aquino,Alloggio Turistico / Host Airbnb,info@aquinoexclusivepenthouse1.it,https://www.aquinoexclusivepenthouse1.it,+39 334 308 9759,2026-08-17
AIRBNB-03938,Aquino Exclusive Penthouse #2,Cassino & Valle del Liri,Aquino,Alloggio Turistico / Host Airbnb,info@aquinoexclusivepenthouse2.it,https://www.aquinoexclusivepenthouse2.it,+39 334 308 9759,2026-08-17
AIRBNB-03939,Aquino Holiday Villa #1,Cassino & Valle del Liri,Aquino,Alloggio Turistico / Host Airbnb,info@aquinoholidayvilla1.it,https://www.aquinoholidayvilla1.it,+39 334 308 9759,2026-08-17
AIRBNB-03940,Aquino Holiday Villa #2,Cassino & Valle del Liri,Aquino,Alloggio Turistico / Host Airbnb,info@aquinoholidayvilla2.it,https://www.aquinoholidayvilla2.it,+39 334 308 9759,2026-08-17
AIRBNB-03941,Aquino Garden House #1,Cassino & Valle del Liri,Aquino,Alloggio Turistico / Host Airbnb,info@aquinogardenhouse1.it,https://www.aquinogardenhouse1.it,+39 334 308 9759,2026-08-17
AIRBNB-03942,Aquino Garden House #2,Cassino & Valle del Liri,Aquino,Alloggio Turistico / Host Airbnb,info@aquinogardenhouse2.it,https://www.aquinogardenhouse2.it,+39 334 308 9759,2026-08-17
AIRBNB-03943,Aquino Maison Elegance #1,Cassino & Valle del Liri,Aquino,Alloggio Turistico / Host Airbnb,info@aquinomaisonelegance1.it,https://www.aquinomaisonelegance1.it,+39 334 308 9759,2026-08-17
AIRBNB-03944,Aquino Maison Elegance #2,Cassino & Valle del Liri,Aquino,Alloggio Turistico / Host Airbnb,info@aquinomaisonelegance2.it,https://www.aquinomaisonelegance2.it,+39 334 308 9759,2026-08-17
AIRBNB-03945,Aquino Dimora Tipica #1,Cassino & Valle del Liri,Aquino,Alloggio Turistico / Host Airbnb,info@aquinodimoratipica1.it,https://www.aquinodimoratipica1.it,+39 334 308 9759,2026-08-17
AIRBNB-03946,Aquino Dimora Tipica #2,Cassino & Valle del Liri,Aquino,Alloggio Turistico / Host Airbnb,info@aquinodimoratipica2.it,https://www.aquinodimoratipica2.it,+39 334 308 9759,2026-08-17
AIRBNB-03947,Aquino Terrace Studio #1,Cassino & Valle del Liri,Aquino,Alloggio Turistico / Host Airbnb,info@aquinoterracestudio1.it,https://www.aquinoterracestudio1.it,+39 334 308 9759,2026-08-17
AIRBNB-03948,Aquino Terrace Studio #2,Cassino & Valle del Liri,Aquino,Alloggio Turistico / Host Airbnb,info@aquinoterracestudio2.it,https://www.aquinoterracestudio2.it,+39 334 308 9759,2026-08-17
AIRBNB-03949,Aquino Vacanze Relax Home #1,Cassino & Valle del Liri,Aquino,Alloggio Turistico / Host Airbnb,info@aquinovacanzerelaxhome1.it,https://www.aquinovacanzerelaxhome1.it,+39 334 308 9759,2026-08-17
AIRBNB-03950,Aquino Vacanze Relax Home #2,Cassino & Valle del Liri,Aquino,Alloggio Turistico / Host Airbnb,info@aquinovacanzerelaxhome2.it,https://www.aquinovacanzerelaxhome2.it,+39 334 308 9759,2026-08-17
AIRBNB-03951,Aquino Urban Living Loft #1,Cassino & Valle del Liri,Aquino,Alloggio Turistico / Host Airbnb,info@aquinourbanlivingloft1.it,https://www.aquinourbanlivingloft1.it,+39 334 308 9759,2026-08-17
AIRBNB-03952,Aquino Urban Living Loft #2,Cassino & Valle del Liri,Aquino,Alloggio Turistico / Host Airbnb,info@aquinourbanlivingloft2.it,https://www.aquinourbanlivingloft2.it,+39 334 308 9759,2026-08-17
AIRBNB-03953,Aquino Prestige Suites #1,Cassino & Valle del Liri,Aquino,Alloggio Turistico / Host Airbnb,info@aquinoprestigesuites1.it,https://www.aquinoprestigesuites1.it,+39 334 308 9759,2026-08-17
AIRBNB-03954,Aquino Prestige Suites #2,Cassino & Valle del Liri,Aquino,Alloggio Turistico / Host Airbnb,info@aquinoprestigesuites2.it,https://www.aquinoprestigesuites2.it,+39 334 308 9759,2026-08-17
AIRBNB-03955,Aquino Sea View Apartment #1,Cassino & Valle del Liri,Aquino,Alloggio Turistico / Host Airbnb,info@aquinoseaviewapartment1.it,https://www.aquinoseaviewapartment1.it,+39 334 308 9759,2026-08-17
AIRBNB-03956,Aquino Sea View Apartment #2,Cassino & Valle del Liri,Aquino,Alloggio Turistico / Host Airbnb,info@aquinoseaviewapartment2.it,https://www.aquinoseaviewapartment2.it,+39 334 308 9759,2026-08-17
AIRBNB-03957,Aquino Art & Style Flat #1,Cassino & Valle del Liri,Aquino,Alloggio Turistico / Host Airbnb,info@aquinoartstyleflat1.it,https://www.aquinoartstyleflat1.it,+39 334 308 9759,2026-08-17
AIRBNB-03958,Aquino Art & Style Flat #2,Cassino & Valle del Liri,Aquino,Alloggio Turistico / Host Airbnb,info@aquinoartstyleflat2.it,https://www.aquinoartstyleflat2.it,+39 334 308 9759,2026-08-17
AIRBNB-03959,Aquino Cozy Boutique Home #1,Cassino & Valle del Liri,Aquino,Alloggio Turistico / Host Airbnb,info@aquinocozyboutiquehome1.it,https://www.aquinocozyboutiquehome1.it,+39 334 308 9759,2026-08-17
AIRBNB-03960,Aquino Cozy Boutique Home #2,Cassino & Valle del Liri,Aquino,Alloggio Turistico / Host Airbnb,info@aquinocozyboutiquehome2.it,https://www.aquinocozyboutiquehome2.it,+39 334 308 9759,2026-08-17
AIRBNB-03961,Piedimonte San Germano Luxury Apartment #1,Cassino & Valle del Liri,Piedimonte San Germano,Alloggio Turistico / Host Airbnb,info@piedimontesangermanoluxuryapartment1.it,https://www.piedimontesangermanoluxuryapartment1.it,+39 334 308 9759,2026-08-17
AIRBNB-03962,Piedimonte San Germano Luxury Apartment #2,Cassino & Valle del Liri,Piedimonte San Germano,Alloggio Turistico / Host Airbnb,info@piedimontesangermanoluxuryapartment2.it,https://www.piedimontesangermanoluxuryapartment2.it,+39 334 308 9759,2026-08-17
AIRBNB-03963,Piedimonte San Germano Boutique Suite #1,Cassino & Valle del Liri,Piedimonte San Germano,Alloggio Turistico / Host Airbnb,info@piedimontesangermanoboutiquesuite1.it,https://www.piedimontesangermanoboutiquesuite1.it,+39 334 308 9759,2026-08-17
AIRBNB-03964,Piedimonte San Germano Boutique Suite #2,Cassino & Valle del Liri,Piedimonte San Germano,Alloggio Turistico / Host Airbnb,info@piedimontesangermanoboutiquesuite2.it,https://www.piedimontesangermanoboutiquesuite2.it,+39 334 308 9759,2026-08-17
AIRBNB-03965,Piedimonte San Germano Panoramic View Home #1,Cassino & Valle del Liri,Piedimonte San Germano,Alloggio Turistico / Host Airbnb,info@piedimontesangermanopanoramicviewhome1.it,https://www.piedimontesangermanopanoramicviewhome1.it,+39 334 308 9759,2026-08-17
AIRBNB-03966,Piedimonte San Germano Panoramic View Home #2,Cassino & Valle del Liri,Piedimonte San Germano,Alloggio Turistico / Host Airbnb,info@piedimontesangermanopanoramicviewhome2.it,https://www.piedimontesangermanopanoramicviewhome2.it,+39 334 308 9759,2026-08-17
AIRBNB-03967,Piedimonte San Germano Charme Loft #1,Cassino & Valle del Liri,Piedimonte San Germano,Alloggio Turistico / Host Airbnb,info@piedimontesangermanocharmeloft1.it,https://www.piedimontesangermanocharmeloft1.it,+39 334 308 9759,2026-08-17
AIRBNB-03968,Piedimonte San Germano Charme Loft #2,Cassino & Valle del Liri,Piedimonte San Germano,Alloggio Turistico / Host Airbnb,info@piedimontesangermanocharmeloft2.it,https://www.piedimontesangermanocharmeloft2.it,+39 334 308 9759,2026-08-17
AIRBNB-03969,Piedimonte San Germano Historic Relais #1,Cassino & Valle del Liri,Piedimonte San Germano,Alloggio Turistico / Host Airbnb,info@piedimontesangermanohistoricrelais1.it,https://www.piedimontesangermanohistoricrelais1.it,+39 334 308 9759,2026-08-17
AIRBNB-03970,Piedimonte San Germano Historic Relais #2,Cassino & Valle del Liri,Piedimonte San Germano,Alloggio Turistico / Host Airbnb,info@piedimontesangermanohistoricrelais2.it,https://www.piedimontesangermanohistoricrelais2.it,+39 334 308 9759,2026-08-17
AIRBNB-03971,Piedimonte San Germano Design Flat #1,Cassino & Valle del Liri,Piedimonte San Germano,Alloggio Turistico / Host Airbnb,info@piedimontesangermanodesignflat1.it,https://www.piedimontesangermanodesignflat1.it,+39 334 308 9759,2026-08-17
AIRBNB-03972,Piedimonte San Germano Design Flat #2,Cassino & Valle del Liri,Piedimonte San Germano,Alloggio Turistico / Host Airbnb,info@piedimontesangermanodesignflat2.it,https://www.piedimontesangermanodesignflat2.it,+39 334 308 9759,2026-08-17
AIRBNB-03973,Piedimonte San Germano Exclusive Penthouse #1,Cassino & Valle del Liri,Piedimonte San Germano,Alloggio Turistico / Host Airbnb,info@piedimontesangermanoexclusivepenthouse1.it,https://www.piedimontesangermanoexclusivepenthouse1.it,+39 334 308 9759,2026-08-17
AIRBNB-03974,Piedimonte San Germano Exclusive Penthouse #2,Cassino & Valle del Liri,Piedimonte San Germano,Alloggio Turistico / Host Airbnb,info@piedimontesangermanoexclusivepenthouse2.it,https://www.piedimontesangermanoexclusivepenthouse2.it,+39 334 308 9759,2026-08-17
AIRBNB-03975,Piedimonte San Germano Holiday Villa #1,Cassino & Valle del Liri,Piedimonte San Germano,Alloggio Turistico / Host Airbnb,info@piedimontesangermanoholidayvilla1.it,https://www.piedimontesangermanoholidayvilla1.it,+39 334 308 9759,2026-08-17
AIRBNB-03976,Piedimonte San Germano Holiday Villa #2,Cassino & Valle del Liri,Piedimonte San Germano,Alloggio Turistico / Host Airbnb,info@piedimontesangermanoholidayvilla2.it,https://www.piedimontesangermanoholidayvilla2.it,+39 334 308 9759,2026-08-17
AIRBNB-03977,Piedimonte San Germano Garden House #1,Cassino & Valle del Liri,Piedimonte San Germano,Alloggio Turistico / Host Airbnb,info@piedimontesangermanogardenhouse1.it,https://www.piedimontesangermanogardenhouse1.it,+39 334 308 9759,2026-08-17
AIRBNB-03978,Piedimonte San Germano Garden House #2,Cassino & Valle del Liri,Piedimonte San Germano,Alloggio Turistico / Host Airbnb,info@piedimontesangermanogardenhouse2.it,https://www.piedimontesangermanogardenhouse2.it,+39 334 308 9759,2026-08-17
AIRBNB-03979,Piedimonte San Germano Maison Elegance #1,Cassino & Valle del Liri,Piedimonte San Germano,Alloggio Turistico / Host Airbnb,info@piedimontesangermanomaisonelegance1.it,https://www.piedimontesangermanomaisonelegance1.it,+39 334 308 9759,2026-08-17
AIRBNB-03980,Piedimonte San Germano Maison Elegance #2,Cassino & Valle del Liri,Piedimonte San Germano,Alloggio Turistico / Host Airbnb,info@piedimontesangermanomaisonelegance2.it,https://www.piedimontesangermanomaisonelegance2.it,+39 334 308 9759,2026-08-17
AIRBNB-03981,Piedimonte San Germano Dimora Tipica #1,Cassino & Valle del Liri,Piedimonte San Germano,Alloggio Turistico / Host Airbnb,info@piedimontesangermanodimoratipica1.it,https://www.piedimontesangermanodimoratipica1.it,+39 334 308 9759,2026-08-17
AIRBNB-03982,Piedimonte San Germano Dimora Tipica #2,Cassino & Valle del Liri,Piedimonte San Germano,Alloggio Turistico / Host Airbnb,info@piedimontesangermanodimoratipica2.it,https://www.piedimontesangermanodimoratipica2.it,+39 334 308 9759,2026-08-17
AIRBNB-03983,Piedimonte San Germano Terrace Studio #1,Cassino & Valle del Liri,Piedimonte San Germano,Alloggio Turistico / Host Airbnb,info@piedimontesangermanoterracestudio1.it,https://www.piedimontesangermanoterracestudio1.it,+39 334 308 9759,2026-08-17
AIRBNB-03984,Piedimonte San Germano Terrace Studio #2,Cassino & Valle del Liri,Piedimonte San Germano,Alloggio Turistico / Host Airbnb,info@piedimontesangermanoterracestudio2.it,https://www.piedimontesangermanoterracestudio2.it,+39 334 308 9759,2026-08-17
AIRBNB-03985,Piedimonte San Germano Vacanze Relax Home #1,Cassino & Valle del Liri,Piedimonte San Germano,Alloggio Turistico / Host Airbnb,info@piedimontesangermanovacanzerelaxhome1.it,https://www.piedimontesangermanovacanzerelaxhome1.it,+39 334 308 9759,2026-08-17
AIRBNB-03986,Piedimonte San Germano Vacanze Relax Home #2,Cassino & Valle del Liri,Piedimonte San Germano,Alloggio Turistico / Host Airbnb,info@piedimontesangermanovacanzerelaxhome2.it,https://www.piedimontesangermanovacanzerelaxhome2.it,+39 334 308 9759,2026-08-17
AIRBNB-03987,Piedimonte San Germano Urban Living Loft #1,Cassino & Valle del Liri,Piedimonte San Germano,Alloggio Turistico / Host Airbnb,info@piedimontesangermanourbanlivingloft1.it,https://www.piedimontesangermanourbanlivingloft1.it,+39 334 308 9759,2026-08-17
AIRBNB-03988,Piedimonte San Germano Urban Living Loft #2,Cassino & Valle del Liri,Piedimonte San Germano,Alloggio Turistico / Host Airbnb,info@piedimontesangermanourbanlivingloft2.it,https://www.piedimontesangermanourbanlivingloft2.it,+39 334 308 9759,2026-08-17
AIRBNB-03989,Piedimonte San Germano Prestige Suites #1,Cassino & Valle del Liri,Piedimonte San Germano,Alloggio Turistico / Host Airbnb,info@piedimontesangermanoprestigesuites1.it,https://www.piedimontesangermanoprestigesuites1.it,+39 334 308 9759,2026-08-17
AIRBNB-03990,Piedimonte San Germano Prestige Suites #2,Cassino & Valle del Liri,Piedimonte San Germano,Alloggio Turistico / Host Airbnb,info@piedimontesangermanoprestigesuites2.it,https://www.piedimontesangermanoprestigesuites2.it,+39 334 308 9759,2026-08-17
AIRBNB-03991,Piedimonte San Germano Sea View Apartment #1,Cassino & Valle del Liri,Piedimonte San Germano,Alloggio Turistico / Host Airbnb,info@piedimontesangermanoseaviewapartment1.it,https://www.piedimontesangermanoseaviewapartment1.it,+39 334 308 9759,2026-08-17
AIRBNB-03992,Piedimonte San Germano Sea View Apartment #2,Cassino & Valle del Liri,Piedimonte San Germano,Alloggio Turistico / Host Airbnb,info@piedimontesangermanoseaviewapartment2.it,https://www.piedimontesangermanoseaviewapartment2.it,+39 334 308 9759,2026-08-17
AIRBNB-03993,Piedimonte San Germano Art & Style Flat #1,Cassino & Valle del Liri,Piedimonte San Germano,Alloggio Turistico / Host Airbnb,info@piedimontesangermanoartstyleflat1.it,https://www.piedimontesangermanoartstyleflat1.it,+39 334 308 9759,2026-08-17
AIRBNB-03994,Piedimonte San Germano Art & Style Flat #2,Cassino & Valle del Liri,Piedimonte San Germano,Alloggio Turistico / Host Airbnb,info@piedimontesangermanoartstyleflat2.it,https://www.piedimontesangermanoartstyleflat2.it,+39 334 308 9759,2026-08-17
AIRBNB-03995,Piedimonte San Germano Cozy Boutique Home #1,Cassino & Valle del Liri,Piedimonte San Germano,Alloggio Turistico / Host Airbnb,info@piedimontesangermanocozyboutiquehome1.it,https://www.piedimontesangermanocozyboutiquehome1.it,+39 334 308 9759,2026-08-17
AIRBNB-03996,Piedimonte San Germano Cozy Boutique Home #2,Cassino & Valle del Liri,Piedimonte San Germano,Alloggio Turistico / Host Airbnb,info@piedimontesangermanocozyboutiquehome2.it,https://www.piedimontesangermanocozyboutiquehome2.it,+39 334 308 9759,2026-08-17
AIRBNB-03997,San Giorgio a Liri Luxury Apartment #1,Cassino & Valle del Liri,San Giorgio a Liri,Alloggio Turistico / Host Airbnb,info@sangiorgioaliriluxuryapartment1.it,https://www.sangiorgioaliriluxuryapartment1.it,+39 334 308 9759,2026-08-17
AIRBNB-03998,San Giorgio a Liri Luxury Apartment #2,Cassino & Valle del Liri,San Giorgio a Liri,Alloggio Turistico / Host Airbnb,info@sangiorgioaliriluxuryapartment2.it,https://www.sangiorgioaliriluxuryapartment2.it,+39 334 308 9759,2026-08-17
AIRBNB-03999,San Giorgio a Liri Boutique Suite #1,Cassino & Valle del Liri,San Giorgio a Liri,Alloggio Turistico / Host Airbnb,info@sangiorgioaliriboutiquesuite1.it,https://www.sangiorgioaliriboutiquesuite1.it,+39 334 308 9759,2026-08-17
AIRBNB-04000,San Giorgio a Liri Boutique Suite #2,Cassino & Valle del Liri,San Giorgio a Liri,Alloggio Turistico / Host Airbnb,info@sangiorgioaliriboutiquesuite2.it,https://www.sangiorgioaliriboutiquesuite2.it,+39 334 308 9759,2026-08-17
AIRBNB-04001,San Giorgio a Liri Panoramic View Home #1,Cassino & Valle del Liri,San Giorgio a Liri,Alloggio Turistico / Host Airbnb,info@sangiorgioaliripanoramicviewhome1.it,https://www.sangiorgioaliripanoramicviewhome1.it,+39 334 308 9759,2026-08-17
AIRBNB-04002,San Giorgio a Liri Panoramic View Home #2,Cassino & Valle del Liri,San Giorgio a Liri,Alloggio Turistico / Host Airbnb,info@sangiorgioaliripanoramicviewhome2.it,https://www.sangiorgioaliripanoramicviewhome2.it,+39 334 308 9759,2026-08-17
AIRBNB-04003,San Giorgio a Liri Charme Loft #1,Cassino & Valle del Liri,San Giorgio a Liri,Alloggio Turistico / Host Airbnb,info@sangiorgioaliricharmeloft1.it,https://www.sangiorgioaliricharmeloft1.it,+39 334 308 9759,2026-08-17
AIRBNB-04004,San Giorgio a Liri Charme Loft #2,Cassino & Valle del Liri,San Giorgio a Liri,Alloggio Turistico / Host Airbnb,info@sangiorgioaliricharmeloft2.it,https://www.sangiorgioaliricharmeloft2.it,+39 334 308 9759,2026-08-17
AIRBNB-04005,San Giorgio a Liri Historic Relais #1,Cassino & Valle del Liri,San Giorgio a Liri,Alloggio Turistico / Host Airbnb,info@sangiorgioalirihistoricrelais1.it,https://www.sangiorgioalirihistoricrelais1.it,+39 334 308 9759,2026-08-17
AIRBNB-04006,San Giorgio a Liri Historic Relais #2,Cassino & Valle del Liri,San Giorgio a Liri,Alloggio Turistico / Host Airbnb,info@sangiorgioalirihistoricrelais2.it,https://www.sangiorgioalirihistoricrelais2.it,+39 334 308 9759,2026-08-17
AIRBNB-04007,San Giorgio a Liri Design Flat #1,Cassino & Valle del Liri,San Giorgio a Liri,Alloggio Turistico / Host Airbnb,info@sangiorgioaliridesignflat1.it,https://www.sangiorgioaliridesignflat1.it,+39 334 308 9759,2026-08-17
AIRBNB-04008,San Giorgio a Liri Design Flat #2,Cassino & Valle del Liri,San Giorgio a Liri,Alloggio Turistico / Host Airbnb,info@sangiorgioaliridesignflat2.it,https://www.sangiorgioaliridesignflat2.it,+39 334 308 9759,2026-08-17
AIRBNB-04009,San Giorgio a Liri Exclusive Penthouse #1,Cassino & Valle del Liri,San Giorgio a Liri,Alloggio Turistico / Host Airbnb,info@sangiorgioaliriexclusivepenthouse1.it,https://www.sangiorgioaliriexclusivepenthouse1.it,+39 334 308 9759,2026-08-17
AIRBNB-04010,San Giorgio a Liri Exclusive Penthouse #2,Cassino & Valle del Liri,San Giorgio a Liri,Alloggio Turistico / Host Airbnb,info@sangiorgioaliriexclusivepenthouse2.it,https://www.sangiorgioaliriexclusivepenthouse2.it,+39 334 308 9759,2026-08-17
AIRBNB-04011,San Giorgio a Liri Holiday Villa #1,Cassino & Valle del Liri,San Giorgio a Liri,Alloggio Turistico / Host Airbnb,info@sangiorgioaliriholidayvilla1.it,https://www.sangiorgioaliriholidayvilla1.it,+39 334 308 9759,2026-08-17
AIRBNB-04012,San Giorgio a Liri Holiday Villa #2,Cassino & Valle del Liri,San Giorgio a Liri,Alloggio Turistico / Host Airbnb,info@sangiorgioaliriholidayvilla2.it,https://www.sangiorgioaliriholidayvilla2.it,+39 334 308 9759,2026-08-17
AIRBNB-04013,San Giorgio a Liri Garden House #1,Cassino & Valle del Liri,San Giorgio a Liri,Alloggio Turistico / Host Airbnb,info@sangiorgioalirigardenhouse1.it,https://www.sangiorgioalirigardenhouse1.it,+39 334 308 9759,2026-08-17
AIRBNB-04014,San Giorgio a Liri Garden House #2,Cassino & Valle del Liri,San Giorgio a Liri,Alloggio Turistico / Host Airbnb,info@sangiorgioalirigardenhouse2.it,https://www.sangiorgioalirigardenhouse2.it,+39 334 308 9759,2026-08-17
AIRBNB-04015,San Giorgio a Liri Maison Elegance #1,Cassino & Valle del Liri,San Giorgio a Liri,Alloggio Turistico / Host Airbnb,info@sangiorgioalirimaisonelegance1.it,https://www.sangiorgioalirimaisonelegance1.it,+39 334 308 9759,2026-08-17
AIRBNB-04016,San Giorgio a Liri Maison Elegance #2,Cassino & Valle del Liri,San Giorgio a Liri,Alloggio Turistico / Host Airbnb,info@sangiorgioalirimaisonelegance2.it,https://www.sangiorgioalirimaisonelegance2.it,+39 334 308 9759,2026-08-17
AIRBNB-04017,San Giorgio a Liri Dimora Tipica #1,Cassino & Valle del Liri,San Giorgio a Liri,Alloggio Turistico / Host Airbnb,info@sangiorgioaliridimoratipica1.it,https://www.sangiorgioaliridimoratipica1.it,+39 334 308 9759,2026-08-17
AIRBNB-04018,San Giorgio a Liri Dimora Tipica #2,Cassino & Valle del Liri,San Giorgio a Liri,Alloggio Turistico / Host Airbnb,info@sangiorgioaliridimoratipica2.it,https://www.sangiorgioaliridimoratipica2.it,+39 334 308 9759,2026-08-17
AIRBNB-04019,San Giorgio a Liri Terrace Studio #1,Cassino & Valle del Liri,San Giorgio a Liri,Alloggio Turistico / Host Airbnb,info@sangiorgioaliriterracestudio1.it,https://www.sangiorgioaliriterracestudio1.it,+39 334 308 9759,2026-08-17
AIRBNB-04020,San Giorgio a Liri Terrace Studio #2,Cassino & Valle del Liri,San Giorgio a Liri,Alloggio Turistico / Host Airbnb,info@sangiorgioaliriterracestudio2.it,https://www.sangiorgioaliriterracestudio2.it,+39 334 308 9759,2026-08-17
AIRBNB-04021,San Giorgio a Liri Vacanze Relax Home #1,Cassino & Valle del Liri,San Giorgio a Liri,Alloggio Turistico / Host Airbnb,info@sangiorgioalirivacanzerelaxhome1.it,https://www.sangiorgioalirivacanzerelaxhome1.it,+39 334 308 9759,2026-08-17
AIRBNB-04022,San Giorgio a Liri Vacanze Relax Home #2,Cassino & Valle del Liri,San Giorgio a Liri,Alloggio Turistico / Host Airbnb,info@sangiorgioalirivacanzerelaxhome2.it,https://www.sangiorgioalirivacanzerelaxhome2.it,+39 334 308 9759,2026-08-17
AIRBNB-04023,San Giorgio a Liri Urban Living Loft #1,Cassino & Valle del Liri,San Giorgio a Liri,Alloggio Turistico / Host Airbnb,info@sangiorgioaliriurbanlivingloft1.it,https://www.sangiorgioaliriurbanlivingloft1.it,+39 334 308 9759,2026-08-17
AIRBNB-04024,San Giorgio a Liri Urban Living Loft #2,Cassino & Valle del Liri,San Giorgio a Liri,Alloggio Turistico / Host Airbnb,info@sangiorgioaliriurbanlivingloft2.it,https://www.sangiorgioaliriurbanlivingloft2.it,+39 334 308 9759,2026-08-17
AIRBNB-04025,San Giorgio a Liri Prestige Suites #1,Cassino & Valle del Liri,San Giorgio a Liri,Alloggio Turistico / Host Airbnb,info@sangiorgioaliriprestigesuites1.it,https://www.sangiorgioaliriprestigesuites1.it,+39 334 308 9759,2026-08-17
AIRBNB-04026,San Giorgio a Liri Prestige Suites #2,Cassino & Valle del Liri,San Giorgio a Liri,Alloggio Turistico / Host Airbnb,info@sangiorgioaliriprestigesuites2.it,https://www.sangiorgioaliriprestigesuites2.it,+39 334 308 9759,2026-08-17
AIRBNB-04027,San Giorgio a Liri Sea View Apartment #1,Cassino & Valle del Liri,San Giorgio a Liri,Alloggio Turistico / Host Airbnb,info@sangiorgioaliriseaviewapartment1.it,https://www.sangiorgioaliriseaviewapartment1.it,+39 334 308 9759,2026-08-17
AIRBNB-04028,San Giorgio a Liri Sea View Apartment #2,Cassino & Valle del Liri,San Giorgio a Liri,Alloggio Turistico / Host Airbnb,info@sangiorgioaliriseaviewapartment2.it,https://www.sangiorgioaliriseaviewapartment2.it,+39 334 308 9759,2026-08-17
AIRBNB-04029,San Giorgio a Liri Art & Style Flat #1,Cassino & Valle del Liri,San Giorgio a Liri,Alloggio Turistico / Host Airbnb,info@sangiorgioaliriartstyleflat1.it,https://www.sangiorgioaliriartstyleflat1.it,+39 334 308 9759,2026-08-17
AIRBNB-04030,San Giorgio a Liri Art & Style Flat #2,Cassino & Valle del Liri,San Giorgio a Liri,Alloggio Turistico / Host Airbnb,info@sangiorgioaliriartstyleflat2.it,https://www.sangiorgioaliriartstyleflat2.it,+39 334 308 9759,2026-08-17
AIRBNB-04031,San Giorgio a Liri Cozy Boutique Home #1,Cassino & Valle del Liri,San Giorgio a Liri,Alloggio Turistico / Host Airbnb,info@sangiorgioaliricozyboutiquehome1.it,https://www.sangiorgioaliricozyboutiquehome1.it,+39 334 308 9759,2026-08-17
AIRBNB-04032,San Giorgio a Liri Cozy Boutique Home #2,Cassino & Valle del Liri,San Giorgio a Liri,Alloggio Turistico / Host Airbnb,info@sangiorgioaliricozyboutiquehome2.it,https://www.sangiorgioaliricozyboutiquehome2.it,+39 334 308 9759,2026-08-17
AIRBNB-04033,Cervaro Luxury Apartment #1,Cassino & Valle del Liri,Cervaro,Alloggio Turistico / Host Airbnb,info@cervaroluxuryapartment1.it,https://www.cervaroluxuryapartment1.it,+39 334 308 9759,2026-08-17
AIRBNB-04034,Cervaro Luxury Apartment #2,Cassino & Valle del Liri,Cervaro,Alloggio Turistico / Host Airbnb,info@cervaroluxuryapartment2.it,https://www.cervaroluxuryapartment2.it,+39 334 308 9759,2026-08-17
AIRBNB-04035,Cervaro Boutique Suite #1,Cassino & Valle del Liri,Cervaro,Alloggio Turistico / Host Airbnb,info@cervaroboutiquesuite1.it,https://www.cervaroboutiquesuite1.it,+39 334 308 9759,2026-08-17
AIRBNB-04036,Cervaro Boutique Suite #2,Cassino & Valle del Liri,Cervaro,Alloggio Turistico / Host Airbnb,info@cervaroboutiquesuite2.it,https://www.cervaroboutiquesuite2.it,+39 334 308 9759,2026-08-17
AIRBNB-04037,Cervaro Panoramic View Home #1,Cassino & Valle del Liri,Cervaro,Alloggio Turistico / Host Airbnb,info@cervaropanoramicviewhome1.it,https://www.cervaropanoramicviewhome1.it,+39 334 308 9759,2026-08-17
AIRBNB-04038,Cervaro Panoramic View Home #2,Cassino & Valle del Liri,Cervaro,Alloggio Turistico / Host Airbnb,info@cervaropanoramicviewhome2.it,https://www.cervaropanoramicviewhome2.it,+39 334 308 9759,2026-08-17
AIRBNB-04039,Cervaro Charme Loft #1,Cassino & Valle del Liri,Cervaro,Alloggio Turistico / Host Airbnb,info@cervarocharmeloft1.it,https://www.cervarocharmeloft1.it,+39 334 308 9759,2026-08-17
AIRBNB-04040,Cervaro Charme Loft #2,Cassino & Valle del Liri,Cervaro,Alloggio Turistico / Host Airbnb,info@cervarocharmeloft2.it,https://www.cervarocharmeloft2.it,+39 334 308 9759,2026-08-17
AIRBNB-04041,Cervaro Historic Relais #1,Cassino & Valle del Liri,Cervaro,Alloggio Turistico / Host Airbnb,info@cervarohistoricrelais1.it,https://www.cervarohistoricrelais1.it,+39 334 308 9759,2026-08-17
AIRBNB-04042,Cervaro Historic Relais #2,Cassino & Valle del Liri,Cervaro,Alloggio Turistico / Host Airbnb,info@cervarohistoricrelais2.it,https://www.cervarohistoricrelais2.it,+39 334 308 9759,2026-08-17
AIRBNB-04043,Cervaro Design Flat #1,Cassino & Valle del Liri,Cervaro,Alloggio Turistico / Host Airbnb,info@cervarodesignflat1.it,https://www.cervarodesignflat1.it,+39 334 308 9759,2026-08-17
AIRBNB-04044,Cervaro Design Flat #2,Cassino & Valle del Liri,Cervaro,Alloggio Turistico / Host Airbnb,info@cervarodesignflat2.it,https://www.cervarodesignflat2.it,+39 334 308 9759,2026-08-17
AIRBNB-04045,Cervaro Exclusive Penthouse #1,Cassino & Valle del Liri,Cervaro,Alloggio Turistico / Host Airbnb,info@cervaroexclusivepenthouse1.it,https://www.cervaroexclusivepenthouse1.it,+39 334 308 9759,2026-08-17
AIRBNB-04046,Cervaro Exclusive Penthouse #2,Cassino & Valle del Liri,Cervaro,Alloggio Turistico / Host Airbnb,info@cervaroexclusivepenthouse2.it,https://www.cervaroexclusivepenthouse2.it,+39 334 308 9759,2026-08-17
AIRBNB-04047,Cervaro Holiday Villa #1,Cassino & Valle del Liri,Cervaro,Alloggio Turistico / Host Airbnb,info@cervaroholidayvilla1.it,https://www.cervaroholidayvilla1.it,+39 334 308 9759,2026-08-17
AIRBNB-04048,Cervaro Holiday Villa #2,Cassino & Valle del Liri,Cervaro,Alloggio Turistico / Host Airbnb,info@cervaroholidayvilla2.it,https://www.cervaroholidayvilla2.it,+39 334 308 9759,2026-08-17
AIRBNB-04049,Cervaro Garden House #1,Cassino & Valle del Liri,Cervaro,Alloggio Turistico / Host Airbnb,info@cervarogardenhouse1.it,https://www.cervarogardenhouse1.it,+39 334 308 9759,2026-08-17
AIRBNB-04050,Cervaro Garden House #2,Cassino & Valle del Liri,Cervaro,Alloggio Turistico / Host Airbnb,info@cervarogardenhouse2.it,https://www.cervarogardenhouse2.it,+39 334 308 9759,2026-08-17
AIRBNB-04051,Cervaro Maison Elegance #1,Cassino & Valle del Liri,Cervaro,Alloggio Turistico / Host Airbnb,info@cervaromaisonelegance1.it,https://www.cervaromaisonelegance1.it,+39 334 308 9759,2026-08-17
AIRBNB-04052,Cervaro Maison Elegance #2,Cassino & Valle del Liri,Cervaro,Alloggio Turistico / Host Airbnb,info@cervaromaisonelegance2.it,https://www.cervaromaisonelegance2.it,+39 334 308 9759,2026-08-17
AIRBNB-04053,Cervaro Dimora Tipica #1,Cassino & Valle del Liri,Cervaro,Alloggio Turistico / Host Airbnb,info@cervarodimoratipica1.it,https://www.cervarodimoratipica1.it,+39 334 308 9759,2026-08-17
AIRBNB-04054,Cervaro Dimora Tipica #2,Cassino & Valle del Liri,Cervaro,Alloggio Turistico / Host Airbnb,info@cervarodimoratipica2.it,https://www.cervarodimoratipica2.it,+39 334 308 9759,2026-08-17
AIRBNB-04055,Cervaro Terrace Studio #1,Cassino & Valle del Liri,Cervaro,Alloggio Turistico / Host Airbnb,info@cervaroterracestudio1.it,https://www.cervaroterracestudio1.it,+39 334 308 9759,2026-08-17
AIRBNB-04056,Cervaro Terrace Studio #2,Cassino & Valle del Liri,Cervaro,Alloggio Turistico / Host Airbnb,info@cervaroterracestudio2.it,https://www.cervaroterracestudio2.it,+39 334 308 9759,2026-08-17
AIRBNB-04057,Cervaro Vacanze Relax Home #1,Cassino & Valle del Liri,Cervaro,Alloggio Turistico / Host Airbnb,info@cervarovacanzerelaxhome1.it,https://www.cervarovacanzerelaxhome1.it,+39 334 308 9759,2026-08-17
AIRBNB-04058,Cervaro Vacanze Relax Home #2,Cassino & Valle del Liri,Cervaro,Alloggio Turistico / Host Airbnb,info@cervarovacanzerelaxhome2.it,https://www.cervarovacanzerelaxhome2.it,+39 334 308 9759,2026-08-17
AIRBNB-04059,Cervaro Urban Living Loft #1,Cassino & Valle del Liri,Cervaro,Alloggio Turistico / Host Airbnb,info@cervarourbanlivingloft1.it,https://www.cervarourbanlivingloft1.it,+39 334 308 9759,2026-08-17
AIRBNB-04060,Cervaro Urban Living Loft #2,Cassino & Valle del Liri,Cervaro,Alloggio Turistico / Host Airbnb,info@cervarourbanlivingloft2.it,https://www.cervarourbanlivingloft2.it,+39 334 308 9759,2026-08-17
AIRBNB-04061,Cervaro Prestige Suites #1,Cassino & Valle del Liri,Cervaro,Alloggio Turistico / Host Airbnb,info@cervaroprestigesuites1.it,https://www.cervaroprestigesuites1.it,+39 334 308 9759,2026-08-17
AIRBNB-04062,Cervaro Prestige Suites #2,Cassino & Valle del Liri,Cervaro,Alloggio Turistico / Host Airbnb,info@cervaroprestigesuites2.it,https://www.cervaroprestigesuites2.it,+39 334 308 9759,2026-08-17
AIRBNB-04063,Cervaro Sea View Apartment #1,Cassino & Valle del Liri,Cervaro,Alloggio Turistico / Host Airbnb,info@cervaroseaviewapartment1.it,https://www.cervaroseaviewapartment1.it,+39 334 308 9759,2026-08-17
AIRBNB-04064,Cervaro Sea View Apartment #2,Cassino & Valle del Liri,Cervaro,Alloggio Turistico / Host Airbnb,info@cervaroseaviewapartment2.it,https://www.cervaroseaviewapartment2.it,+39 334 308 9759,2026-08-17
AIRBNB-04065,Cervaro Art & Style Flat #1,Cassino & Valle del Liri,Cervaro,Alloggio Turistico / Host Airbnb,info@cervaroartstyleflat1.it,https://www.cervaroartstyleflat1.it,+39 334 308 9759,2026-08-17
AIRBNB-04066,Cervaro Art & Style Flat #2,Cassino & Valle del Liri,Cervaro,Alloggio Turistico / Host Airbnb,info@cervaroartstyleflat2.it,https://www.cervaroartstyleflat2.it,+39 334 308 9759,2026-08-17
AIRBNB-04067,Cervaro Cozy Boutique Home #1,Cassino & Valle del Liri,Cervaro,Alloggio Turistico / Host Airbnb,info@cervarocozyboutiquehome1.it,https://www.cervarocozyboutiquehome1.it,+39 334 308 9759,2026-08-17
AIRBNB-04068,Cervaro Cozy Boutique Home #2,Cassino & Valle del Liri,Cervaro,Alloggio Turistico / Host Airbnb,info@cervarocozyboutiquehome2.it,https://www.cervarocozyboutiquehome2.it,+39 334 308 9759,2026-08-17
