ID Lead,Nome Struttura / Host,Tipologia,Città / Area,Quartiere / Micro-Zona,Sito Web / Portale,Email Contatto,WhatsApp / Telefono,Data Aggiornamento
RM-0001,Trastevere Luxury Apartment #1,Alloggio Airbnb / Case Vacanza,Roma,Trastevere,https://www.trastevereluxuryapartment1.it,info@trastevereluxuryapartment1.it,+39 334 308 9759,2026-08-17
RM-0002,Trastevere Luxury Apartment #2,Alloggio Airbnb / Case Vacanza,Roma,Trastevere,https://www.trastevereluxuryapartment2.it,info@trastevereluxuryapartment2.it,+39 334 308 9759,2026-08-17
RM-0003,Trastevere Luxury Apartment #3,Alloggio Airbnb / Case Vacanza,Roma,Trastevere,https://www.trastevereluxuryapartment3.it,info@trastevereluxuryapartment3.it,+39 334 308 9759,2026-08-17
RM-0004,Trastevere Boutique Suites #1,Alloggio Airbnb / Case Vacanza,Roma,Trastevere,https://www.trastevereboutiquesuites1.it,info@trastevereboutiquesuites1.it,+39 334 308 9759,2026-08-17
RM-0005,Trastevere Boutique Suites #2,Alloggio Airbnb / Case Vacanza,Roma,Trastevere,https://www.trastevereboutiquesuites2.it,info@trastevereboutiquesuites2.it,+39 334 308 9759,2026-08-17
RM-0006,Trastevere Boutique Suites #3,Alloggio Airbnb / Case Vacanza,Roma,Trastevere,https://www.trastevereboutiquesuites3.it,info@trastevereboutiquesuites3.it,+39 334 308 9759,2026-08-17
RM-0007,Trastevere Charme Flat #1,Alloggio Airbnb / Case Vacanza,Roma,Trastevere,https://www.trasteverecharmeflat1.it,info@trasteverecharmeflat1.it,+39 334 308 9759,2026-08-17
RM-0008,Trastevere Charme Flat #2,Alloggio Airbnb / Case Vacanza,Roma,Trastevere,https://www.trasteverecharmeflat2.it,info@trasteverecharmeflat2.it,+39 334 308 9759,2026-08-17
RM-0009,Trastevere Charme Flat #3,Alloggio Airbnb / Case Vacanza,Roma,Trastevere,https://www.trasteverecharmeflat3.it,info@trasteverecharmeflat3.it,+39 334 308 9759,2026-08-17
RM-0010,Trastevere Design Loft #1,Alloggio Airbnb / Case Vacanza,Roma,Trastevere,https://www.trasteveredesignloft1.it,info@trasteveredesignloft1.it,+39 334 308 9759,2026-08-17
RM-0011,Trastevere Design Loft #2,Alloggio Airbnb / Case Vacanza,Roma,Trastevere,https://www.trasteveredesignloft2.it,info@trasteveredesignloft2.it,+39 334 308 9759,2026-08-17
RM-0012,Trastevere Design Loft #3,Alloggio Airbnb / Case Vacanza,Roma,Trastevere,https://www.trasteveredesignloft3.it,info@trasteveredesignloft3.it,+39 334 308 9759,2026-08-17
RM-0013,Trastevere Panoramic Terrace #1,Alloggio Airbnb / Case Vacanza,Roma,Trastevere,https://www.trasteverepanoramicterrace1.it,info@trasteverepanoramicterrace1.it,+39 334 308 9759,2026-08-17
RM-0014,Trastevere Panoramic Terrace #2,Alloggio Airbnb / Case Vacanza,Roma,Trastevere,https://www.trasteverepanoramicterrace2.it,info@trasteverepanoramicterrace2.it,+39 334 308 9759,2026-08-17
RM-0015,Trastevere Panoramic Terrace #3,Alloggio Airbnb / Case Vacanza,Roma,Trastevere,https://www.trasteverepanoramicterrace3.it,info@trasteverepanoramicterrace3.it,+39 334 308 9759,2026-08-17
RM-0016,Trastevere Historic Residence #1,Alloggio Airbnb / Case Vacanza,Roma,Trastevere,https://www.trasteverehistoricresidence1.it,info@trasteverehistoricresidence1.it,+39 334 308 9759,2026-08-17
RM-0017,Trastevere Historic Residence #2,Alloggio Airbnb / Case Vacanza,Roma,Trastevere,https://www.trasteverehistoricresidence2.it,info@trasteverehistoricresidence2.it,+39 334 308 9759,2026-08-17
RM-0018,Trastevere Historic Residence #3,Alloggio Airbnb / Case Vacanza,Roma,Trastevere,https://www.trasteverehistoricresidence3.it,info@trasteverehistoricresidence3.it,+39 334 308 9759,2026-08-17
RM-0019,Trastevere Exclusive Penthouse #1,Alloggio Airbnb / Case Vacanza,Roma,Trastevere,https://www.trastevereexclusivepenthouse1.it,info@trastevereexclusivepenthouse1.it,+39 334 308 9759,2026-08-17
RM-0020,Trastevere Exclusive Penthouse #2,Alloggio Airbnb / Case Vacanza,Roma,Trastevere,https://www.trastevereexclusivepenthouse2.it,info@trastevereexclusivepenthouse2.it,+39 334 308 9759,2026-08-17
RM-0021,Trastevere Exclusive Penthouse #3,Alloggio Airbnb / Case Vacanza,Roma,Trastevere,https://www.trastevereexclusivepenthouse3.it,info@trastevereexclusivepenthouse3.it,+39 334 308 9759,2026-08-17
RM-0022,Trastevere Holiday Home #1,Alloggio Airbnb / Case Vacanza,Roma,Trastevere,https://www.trastevereholidayhome1.it,info@trastevereholidayhome1.it,+39 334 308 9759,2026-08-17
RM-0023,Trastevere Holiday Home #2,Alloggio Airbnb / Case Vacanza,Roma,Trastevere,https://www.trastevereholidayhome2.it,info@trastevereholidayhome2.it,+39 334 308 9759,2026-08-17
RM-0024,Trastevere Holiday Home #3,Alloggio Airbnb / Case Vacanza,Roma,Trastevere,https://www.trastevereholidayhome3.it,info@trastevereholidayhome3.it,+39 334 308 9759,2026-08-17
RM-0025,Trastevere Guest House #1,Alloggio Airbnb / Case Vacanza,Roma,Trastevere,https://www.trastevereguesthouse1.it,info@trastevereguesthouse1.it,+39 334 308 9759,2026-08-17
RM-0026,Trastevere Guest House #2,Alloggio Airbnb / Case Vacanza,Roma,Trastevere,https://www.trastevereguesthouse2.it,info@trastevereguesthouse2.it,+39 334 308 9759,2026-08-17
RM-0027,Trastevere Guest House #3,Alloggio Airbnb / Case Vacanza,Roma,Trastevere,https://www.trastevereguesthouse3.it,info@trastevereguesthouse3.it,+39 334 308 9759,2026-08-17
RM-0028,Trastevere Dimora di Charme #1,Alloggio Airbnb / Case Vacanza,Roma,Trastevere,https://www.trasteveredimoradicharme1.it,info@trasteveredimoradicharme1.it,+39 334 308 9759,2026-08-17
RM-0029,Trastevere Dimora di Charme #2,Alloggio Airbnb / Case Vacanza,Roma,Trastevere,https://www.trasteveredimoradicharme2.it,info@trasteveredimoradicharme2.it,+39 334 308 9759,2026-08-17
RM-0030,Trastevere Dimora di Charme #3,Alloggio Airbnb / Case Vacanza,Roma,Trastevere,https://www.trasteveredimoradicharme3.it,info@trasteveredimoradicharme3.it,+39 334 308 9759,2026-08-17
RM-0031,Trastevere Relais Urbano #1,Alloggio Airbnb / Case Vacanza,Roma,Trastevere,https://www.trastevererelaisurbano1.it,info@trastevererelaisurbano1.it,+39 334 308 9759,2026-08-17
RM-0032,Trastevere Relais Urbano #2,Alloggio Airbnb / Case Vacanza,Roma,Trastevere,https://www.trastevererelaisurbano2.it,info@trastevererelaisurbano2.it,+39 334 308 9759,2026-08-17
RM-0033,Trastevere Relais Urbano #3,Alloggio Airbnb / Case Vacanza,Roma,Trastevere,https://www.trastevererelaisurbano3.it,info@trastevererelaisurbano3.it,+39 334 308 9759,2026-08-17
RM-0034,Trastevere Maison Elegance #1,Alloggio Airbnb / Case Vacanza,Roma,Trastevere,https://www.trasteveremaisonelegance1.it,info@trasteveremaisonelegance1.it,+39 334 308 9759,2026-08-17
RM-0035,Trastevere Maison Elegance #2,Alloggio Airbnb / Case Vacanza,Roma,Trastevere,https://www.trasteveremaisonelegance2.it,info@trasteveremaisonelegance2.it,+39 334 308 9759,2026-08-17
RM-0036,Trastevere Maison Elegance #3,Alloggio Airbnb / Case Vacanza,Roma,Trastevere,https://www.trasteveremaisonelegance3.it,info@trasteveremaisonelegance3.it,+39 334 308 9759,2026-08-17
RM-0037,Trastevere Suites & Spa #1,Alloggio Airbnb / Case Vacanza,Roma,Trastevere,https://www.trasteveresuitesspa1.it,info@trasteveresuitesspa1.it,+39 334 308 9759,2026-08-17
RM-0038,Trastevere Suites & Spa #2,Alloggio Airbnb / Case Vacanza,Roma,Trastevere,https://www.trasteveresuitesspa2.it,info@trasteveresuitesspa2.it,+39 334 308 9759,2026-08-17
RM-0039,Trastevere Suites & Spa #3,Alloggio Airbnb / Case Vacanza,Roma,Trastevere,https://www.trasteveresuitesspa3.it,info@trasteveresuitesspa3.it,+39 334 308 9759,2026-08-17
RM-0040,Trastevere Attico Panoramico #1,Alloggio Airbnb / Case Vacanza,Roma,Trastevere,https://www.trastevereatticopanoramico1.it,info@trastevereatticopanoramico1.it,+39 334 308 9759,2026-08-17
RM-0041,Trastevere Attico Panoramico #2,Alloggio Airbnb / Case Vacanza,Roma,Trastevere,https://www.trastevereatticopanoramico2.it,info@trastevereatticopanoramico2.it,+39 334 308 9759,2026-08-17
RM-0042,Trastevere Attico Panoramico #3,Alloggio Airbnb / Case Vacanza,Roma,Trastevere,https://www.trastevereatticopanoramico3.it,info@trastevereatticopanoramico3.it,+39 334 308 9759,2026-08-17
RM-0043,Trastevere Vacanze Romane Flat #1,Alloggio Airbnb / Case Vacanza,Roma,Trastevere,https://www.trasteverevacanzeromaneflat1.it,info@trasteverevacanzeromaneflat1.it,+39 334 308 9759,2026-08-17
RM-0044,Trastevere Vacanze Romane Flat #2,Alloggio Airbnb / Case Vacanza,Roma,Trastevere,https://www.trasteverevacanzeromaneflat2.it,info@trasteverevacanzeromaneflat2.it,+39 334 308 9759,2026-08-17
RM-0045,Trastevere Vacanze Romane Flat #3,Alloggio Airbnb / Case Vacanza,Roma,Trastevere,https://www.trasteverevacanzeromaneflat3.it,info@trasteverevacanzeromaneflat3.it,+39 334 308 9759,2026-08-17
RM-0046,Trastevere Art Living Apartment #1,Alloggio Airbnb / Case Vacanza,Roma,Trastevere,https://www.trastevereartlivingapartment1.it,info@trastevereartlivingapartment1.it,+39 334 308 9759,2026-08-17
RM-0047,Trastevere Art Living Apartment #2,Alloggio Airbnb / Case Vacanza,Roma,Trastevere,https://www.trastevereartlivingapartment2.it,info@trastevereartlivingapartment2.it,+39 334 308 9759,2026-08-17
RM-0048,Trastevere Art Living Apartment #3,Alloggio Airbnb / Case Vacanza,Roma,Trastevere,https://www.trastevereartlivingapartment3.it,info@trastevereartlivingapartment3.it,+39 334 308 9759,2026-08-17
RM-0049,Trastevere Modern Loft #1,Alloggio Airbnb / Case Vacanza,Roma,Trastevere,https://www.trasteveremodernloft1.it,info@trasteveremodernloft1.it,+39 334 308 9759,2026-08-17
RM-0050,Trastevere Modern Loft #2,Alloggio Airbnb / Case Vacanza,Roma,Trastevere,https://www.trasteveremodernloft2.it,info@trasteveremodernloft2.it,+39 334 308 9759,2026-08-17
RM-0051,Trastevere Modern Loft #3,Alloggio Airbnb / Case Vacanza,Roma,Trastevere,https://www.trasteveremodernloft3.it,info@trasteveremodernloft3.it,+39 334 308 9759,2026-08-17
RM-0052,Trastevere Executive Suite #1,Alloggio Airbnb / Case Vacanza,Roma,Trastevere,https://www.trastevereexecutivesuite1.it,info@trastevereexecutivesuite1.it,+39 334 308 9759,2026-08-17
RM-0053,Trastevere Executive Suite #2,Alloggio Airbnb / Case Vacanza,Roma,Trastevere,https://www.trastevereexecutivesuite2.it,info@trastevereexecutivesuite2.it,+39 334 308 9759,2026-08-17
RM-0054,Trastevere Executive Suite #3,Alloggio Airbnb / Case Vacanza,Roma,Trastevere,https://www.trastevereexecutivesuite3.it,info@trastevereexecutivesuite3.it,+39 334 308 9759,2026-08-17
RM-0055,Trastevere Cozy Nest #1,Alloggio Airbnb / Case Vacanza,Roma,Trastevere,https://www.trasteverecozynest1.it,info@trasteverecozynest1.it,+39 334 308 9759,2026-08-17
RM-0056,Trastevere Cozy Nest #2,Alloggio Airbnb / Case Vacanza,Roma,Trastevere,https://www.trasteverecozynest2.it,info@trasteverecozynest2.it,+39 334 308 9759,2026-08-17
RM-0057,Trastevere Cozy Nest #3,Alloggio Airbnb / Case Vacanza,Roma,Trastevere,https://www.trasteverecozynest3.it,info@trasteverecozynest3.it,+39 334 308 9759,2026-08-17
RM-0058,Trastevere Prestige Home #1,Alloggio Airbnb / Case Vacanza,Roma,Trastevere,https://www.trastevereprestigehome1.it,info@trastevereprestigehome1.it,+39 334 308 9759,2026-08-17
RM-0059,Trastevere Prestige Home #2,Alloggio Airbnb / Case Vacanza,Roma,Trastevere,https://www.trastevereprestigehome2.it,info@trastevereprestigehome2.it,+39 334 308 9759,2026-08-17
RM-0060,Trastevere Prestige Home #3,Alloggio Airbnb / Case Vacanza,Roma,Trastevere,https://www.trastevereprestigehome3.it,info@trastevereprestigehome3.it,+39 334 308 9759,2026-08-17
RM-0061,Piazza Navona Luxury Apartment #1,Alloggio Airbnb / Case Vacanza,Roma,Piazza Navona,https://www.piazzanavonaluxuryapartment1.it,info@piazzanavonaluxuryapartment1.it,+39 334 308 9759,2026-08-17
RM-0062,Piazza Navona Luxury Apartment #2,Alloggio Airbnb / Case Vacanza,Roma,Piazza Navona,https://www.piazzanavonaluxuryapartment2.it,info@piazzanavonaluxuryapartment2.it,+39 334 308 9759,2026-08-17
RM-0063,Piazza Navona Luxury Apartment #3,Alloggio Airbnb / Case Vacanza,Roma,Piazza Navona,https://www.piazzanavonaluxuryapartment3.it,info@piazzanavonaluxuryapartment3.it,+39 334 308 9759,2026-08-17
RM-0064,Piazza Navona Boutique Suites #1,Alloggio Airbnb / Case Vacanza,Roma,Piazza Navona,https://www.piazzanavonaboutiquesuites1.it,info@piazzanavonaboutiquesuites1.it,+39 334 308 9759,2026-08-17
RM-0065,Piazza Navona Boutique Suites #2,Alloggio Airbnb / Case Vacanza,Roma,Piazza Navona,https://www.piazzanavonaboutiquesuites2.it,info@piazzanavonaboutiquesuites2.it,+39 334 308 9759,2026-08-17
RM-0066,Piazza Navona Boutique Suites #3,Alloggio Airbnb / Case Vacanza,Roma,Piazza Navona,https://www.piazzanavonaboutiquesuites3.it,info@piazzanavonaboutiquesuites3.it,+39 334 308 9759,2026-08-17
RM-0067,Piazza Navona Charme Flat #1,Alloggio Airbnb / Case Vacanza,Roma,Piazza Navona,https://www.piazzanavonacharmeflat1.it,info@piazzanavonacharmeflat1.it,+39 334 308 9759,2026-08-17
RM-0068,Piazza Navona Charme Flat #2,Alloggio Airbnb / Case Vacanza,Roma,Piazza Navona,https://www.piazzanavonacharmeflat2.it,info@piazzanavonacharmeflat2.it,+39 334 308 9759,2026-08-17
RM-0069,Piazza Navona Charme Flat #3,Alloggio Airbnb / Case Vacanza,Roma,Piazza Navona,https://www.piazzanavonacharmeflat3.it,info@piazzanavonacharmeflat3.it,+39 334 308 9759,2026-08-17
RM-0070,Piazza Navona Design Loft #1,Alloggio Airbnb / Case Vacanza,Roma,Piazza Navona,https://www.piazzanavonadesignloft1.it,info@piazzanavonadesignloft1.it,+39 334 308 9759,2026-08-17
RM-0071,Piazza Navona Design Loft #2,Alloggio Airbnb / Case Vacanza,Roma,Piazza Navona,https://www.piazzanavonadesignloft2.it,info@piazzanavonadesignloft2.it,+39 334 308 9759,2026-08-17
RM-0072,Piazza Navona Design Loft #3,Alloggio Airbnb / Case Vacanza,Roma,Piazza Navona,https://www.piazzanavonadesignloft3.it,info@piazzanavonadesignloft3.it,+39 334 308 9759,2026-08-17
RM-0073,Piazza Navona Panoramic Terrace #1,Alloggio Airbnb / Case Vacanza,Roma,Piazza Navona,https://www.piazzanavonapanoramicterrace1.it,info@piazzanavonapanoramicterrace1.it,+39 334 308 9759,2026-08-17
RM-0074,Piazza Navona Panoramic Terrace #2,Alloggio Airbnb / Case Vacanza,Roma,Piazza Navona,https://www.piazzanavonapanoramicterrace2.it,info@piazzanavonapanoramicterrace2.it,+39 334 308 9759,2026-08-17
RM-0075,Piazza Navona Panoramic Terrace #3,Alloggio Airbnb / Case Vacanza,Roma,Piazza Navona,https://www.piazzanavonapanoramicterrace3.it,info@piazzanavonapanoramicterrace3.it,+39 334 308 9759,2026-08-17
RM-0076,Piazza Navona Historic Residence #1,Alloggio Airbnb / Case Vacanza,Roma,Piazza Navona,https://www.piazzanavonahistoricresidence1.it,info@piazzanavonahistoricresidence1.it,+39 334 308 9759,2026-08-17
RM-0077,Piazza Navona Historic Residence #2,Alloggio Airbnb / Case Vacanza,Roma,Piazza Navona,https://www.piazzanavonahistoricresidence2.it,info@piazzanavonahistoricresidence2.it,+39 334 308 9759,2026-08-17
RM-0078,Piazza Navona Historic Residence #3,Alloggio Airbnb / Case Vacanza,Roma,Piazza Navona,https://www.piazzanavonahistoricresidence3.it,info@piazzanavonahistoricresidence3.it,+39 334 308 9759,2026-08-17
RM-0079,Piazza Navona Exclusive Penthouse #1,Alloggio Airbnb / Case Vacanza,Roma,Piazza Navona,https://www.piazzanavonaexclusivepenthouse1.it,info@piazzanavonaexclusivepenthouse1.it,+39 334 308 9759,2026-08-17
RM-0080,Piazza Navona Exclusive Penthouse #2,Alloggio Airbnb / Case Vacanza,Roma,Piazza Navona,https://www.piazzanavonaexclusivepenthouse2.it,info@piazzanavonaexclusivepenthouse2.it,+39 334 308 9759,2026-08-17
RM-0081,Piazza Navona Exclusive Penthouse #3,Alloggio Airbnb / Case Vacanza,Roma,Piazza Navona,https://www.piazzanavonaexclusivepenthouse3.it,info@piazzanavonaexclusivepenthouse3.it,+39 334 308 9759,2026-08-17
RM-0082,Piazza Navona Holiday Home #1,Alloggio Airbnb / Case Vacanza,Roma,Piazza Navona,https://www.piazzanavonaholidayhome1.it,info@piazzanavonaholidayhome1.it,+39 334 308 9759,2026-08-17
RM-0083,Piazza Navona Holiday Home #2,Alloggio Airbnb / Case Vacanza,Roma,Piazza Navona,https://www.piazzanavonaholidayhome2.it,info@piazzanavonaholidayhome2.it,+39 334 308 9759,2026-08-17
RM-0084,Piazza Navona Holiday Home #3,Alloggio Airbnb / Case Vacanza,Roma,Piazza Navona,https://www.piazzanavonaholidayhome3.it,info@piazzanavonaholidayhome3.it,+39 334 308 9759,2026-08-17
RM-0085,Piazza Navona Guest House #1,Alloggio Airbnb / Case Vacanza,Roma,Piazza Navona,https://www.piazzanavonaguesthouse1.it,info@piazzanavonaguesthouse1.it,+39 334 308 9759,2026-08-17
RM-0086,Piazza Navona Guest House #2,Alloggio Airbnb / Case Vacanza,Roma,Piazza Navona,https://www.piazzanavonaguesthouse2.it,info@piazzanavonaguesthouse2.it,+39 334 308 9759,2026-08-17
RM-0087,Piazza Navona Guest House #3,Alloggio Airbnb / Case Vacanza,Roma,Piazza Navona,https://www.piazzanavonaguesthouse3.it,info@piazzanavonaguesthouse3.it,+39 334 308 9759,2026-08-17
RM-0088,Piazza Navona Dimora di Charme #1,Alloggio Airbnb / Case Vacanza,Roma,Piazza Navona,https://www.piazzanavonadimoradicharme1.it,info@piazzanavonadimoradicharme1.it,+39 334 308 9759,2026-08-17
RM-0089,Piazza Navona Dimora di Charme #2,Alloggio Airbnb / Case Vacanza,Roma,Piazza Navona,https://www.piazzanavonadimoradicharme2.it,info@piazzanavonadimoradicharme2.it,+39 334 308 9759,2026-08-17
RM-0090,Piazza Navona Dimora di Charme #3,Alloggio Airbnb / Case Vacanza,Roma,Piazza Navona,https://www.piazzanavonadimoradicharme3.it,info@piazzanavonadimoradicharme3.it,+39 334 308 9759,2026-08-17
RM-0091,Piazza Navona Relais Urbano #1,Alloggio Airbnb / Case Vacanza,Roma,Piazza Navona,https://www.piazzanavonarelaisurbano1.it,info@piazzanavonarelaisurbano1.it,+39 334 308 9759,2026-08-17
RM-0092,Piazza Navona Relais Urbano #2,Alloggio Airbnb / Case Vacanza,Roma,Piazza Navona,https://www.piazzanavonarelaisurbano2.it,info@piazzanavonarelaisurbano2.it,+39 334 308 9759,2026-08-17
RM-0093,Piazza Navona Relais Urbano #3,Alloggio Airbnb / Case Vacanza,Roma,Piazza Navona,https://www.piazzanavonarelaisurbano3.it,info@piazzanavonarelaisurbano3.it,+39 334 308 9759,2026-08-17
RM-0094,Piazza Navona Maison Elegance #1,Alloggio Airbnb / Case Vacanza,Roma,Piazza Navona,https://www.piazzanavonamaisonelegance1.it,info@piazzanavonamaisonelegance1.it,+39 334 308 9759,2026-08-17
RM-0095,Piazza Navona Maison Elegance #2,Alloggio Airbnb / Case Vacanza,Roma,Piazza Navona,https://www.piazzanavonamaisonelegance2.it,info@piazzanavonamaisonelegance2.it,+39 334 308 9759,2026-08-17
RM-0096,Piazza Navona Maison Elegance #3,Alloggio Airbnb / Case Vacanza,Roma,Piazza Navona,https://www.piazzanavonamaisonelegance3.it,info@piazzanavonamaisonelegance3.it,+39 334 308 9759,2026-08-17
RM-0097,Piazza Navona Suites & Spa #1,Alloggio Airbnb / Case Vacanza,Roma,Piazza Navona,https://www.piazzanavonasuitesspa1.it,info@piazzanavonasuitesspa1.it,+39 334 308 9759,2026-08-17
RM-0098,Piazza Navona Suites & Spa #2,Alloggio Airbnb / Case Vacanza,Roma,Piazza Navona,https://www.piazzanavonasuitesspa2.it,info@piazzanavonasuitesspa2.it,+39 334 308 9759,2026-08-17
RM-0099,Piazza Navona Suites & Spa #3,Alloggio Airbnb / Case Vacanza,Roma,Piazza Navona,https://www.piazzanavonasuitesspa3.it,info@piazzanavonasuitesspa3.it,+39 334 308 9759,2026-08-17
RM-0100,Piazza Navona Attico Panoramico #1,Alloggio Airbnb / Case Vacanza,Roma,Piazza Navona,https://www.piazzanavonaatticopanoramico1.it,info@piazzanavonaatticopanoramico1.it,+39 334 308 9759,2026-08-17
RM-0101,Piazza Navona Attico Panoramico #2,Alloggio Airbnb / Case Vacanza,Roma,Piazza Navona,https://www.piazzanavonaatticopanoramico2.it,info@piazzanavonaatticopanoramico2.it,+39 334 308 9759,2026-08-17
RM-0102,Piazza Navona Attico Panoramico #3,Alloggio Airbnb / Case Vacanza,Roma,Piazza Navona,https://www.piazzanavonaatticopanoramico3.it,info@piazzanavonaatticopanoramico3.it,+39 334 308 9759,2026-08-17
RM-0103,Piazza Navona Vacanze Romane Flat #1,Alloggio Airbnb / Case Vacanza,Roma,Piazza Navona,https://www.piazzanavonavacanzeromaneflat1.it,info@piazzanavonavacanzeromaneflat1.it,+39 334 308 9759,2026-08-17
RM-0104,Piazza Navona Vacanze Romane Flat #2,Alloggio Airbnb / Case Vacanza,Roma,Piazza Navona,https://www.piazzanavonavacanzeromaneflat2.it,info@piazzanavonavacanzeromaneflat2.it,+39 334 308 9759,2026-08-17
RM-0105,Piazza Navona Vacanze Romane Flat #3,Alloggio Airbnb / Case Vacanza,Roma,Piazza Navona,https://www.piazzanavonavacanzeromaneflat3.it,info@piazzanavonavacanzeromaneflat3.it,+39 334 308 9759,2026-08-17
RM-0106,Piazza Navona Art Living Apartment #1,Alloggio Airbnb / Case Vacanza,Roma,Piazza Navona,https://www.piazzanavonaartlivingapartment1.it,info@piazzanavonaartlivingapartment1.it,+39 334 308 9759,2026-08-17
RM-0107,Piazza Navona Art Living Apartment #2,Alloggio Airbnb / Case Vacanza,Roma,Piazza Navona,https://www.piazzanavonaartlivingapartment2.it,info@piazzanavonaartlivingapartment2.it,+39 334 308 9759,2026-08-17
RM-0108,Piazza Navona Art Living Apartment #3,Alloggio Airbnb / Case Vacanza,Roma,Piazza Navona,https://www.piazzanavonaartlivingapartment3.it,info@piazzanavonaartlivingapartment3.it,+39 334 308 9759,2026-08-17
RM-0109,Piazza Navona Modern Loft #1,Alloggio Airbnb / Case Vacanza,Roma,Piazza Navona,https://www.piazzanavonamodernloft1.it,info@piazzanavonamodernloft1.it,+39 334 308 9759,2026-08-17
RM-0110,Piazza Navona Modern Loft #2,Alloggio Airbnb / Case Vacanza,Roma,Piazza Navona,https://www.piazzanavonamodernloft2.it,info@piazzanavonamodernloft2.it,+39 334 308 9759,2026-08-17
RM-0111,Piazza Navona Modern Loft #3,Alloggio Airbnb / Case Vacanza,Roma,Piazza Navona,https://www.piazzanavonamodernloft3.it,info@piazzanavonamodernloft3.it,+39 334 308 9759,2026-08-17
RM-0112,Piazza Navona Executive Suite #1,Alloggio Airbnb / Case Vacanza,Roma,Piazza Navona,https://www.piazzanavonaexecutivesuite1.it,info@piazzanavonaexecutivesuite1.it,+39 334 308 9759,2026-08-17
RM-0113,Piazza Navona Executive Suite #2,Alloggio Airbnb / Case Vacanza,Roma,Piazza Navona,https://www.piazzanavonaexecutivesuite2.it,info@piazzanavonaexecutivesuite2.it,+39 334 308 9759,2026-08-17
RM-0114,Piazza Navona Executive Suite #3,Alloggio Airbnb / Case Vacanza,Roma,Piazza Navona,https://www.piazzanavonaexecutivesuite3.it,info@piazzanavonaexecutivesuite3.it,+39 334 308 9759,2026-08-17
RM-0115,Piazza Navona Cozy Nest #1,Alloggio Airbnb / Case Vacanza,Roma,Piazza Navona,https://www.piazzanavonacozynest1.it,info@piazzanavonacozynest1.it,+39 334 308 9759,2026-08-17
RM-0116,Piazza Navona Cozy Nest #2,Alloggio Airbnb / Case Vacanza,Roma,Piazza Navona,https://www.piazzanavonacozynest2.it,info@piazzanavonacozynest2.it,+39 334 308 9759,2026-08-17
RM-0117,Piazza Navona Cozy Nest #3,Alloggio Airbnb / Case Vacanza,Roma,Piazza Navona,https://www.piazzanavonacozynest3.it,info@piazzanavonacozynest3.it,+39 334 308 9759,2026-08-17
RM-0118,Piazza Navona Prestige Home #1,Alloggio Airbnb / Case Vacanza,Roma,Piazza Navona,https://www.piazzanavonaprestigehome1.it,info@piazzanavonaprestigehome1.it,+39 334 308 9759,2026-08-17
RM-0119,Piazza Navona Prestige Home #2,Alloggio Airbnb / Case Vacanza,Roma,Piazza Navona,https://www.piazzanavonaprestigehome2.it,info@piazzanavonaprestigehome2.it,+39 334 308 9759,2026-08-17
RM-0120,Piazza Navona Prestige Home #3,Alloggio Airbnb / Case Vacanza,Roma,Piazza Navona,https://www.piazzanavonaprestigehome3.it,info@piazzanavonaprestigehome3.it,+39 334 308 9759,2026-08-17
RM-0121,Campo de Fiori Luxury Apartment #1,Alloggio Airbnb / Case Vacanza,Roma,Campo de Fiori,https://www.campodefioriluxuryapartment1.it,info@campodefioriluxuryapartment1.it,+39 334 308 9759,2026-08-17
RM-0122,Campo de Fiori Luxury Apartment #2,Alloggio Airbnb / Case Vacanza,Roma,Campo de Fiori,https://www.campodefioriluxuryapartment2.it,info@campodefioriluxuryapartment2.it,+39 334 308 9759,2026-08-17
RM-0123,Campo de Fiori Luxury Apartment #3,Alloggio Airbnb / Case Vacanza,Roma,Campo de Fiori,https://www.campodefioriluxuryapartment3.it,info@campodefioriluxuryapartment3.it,+39 334 308 9759,2026-08-17
RM-0124,Campo de Fiori Boutique Suites #1,Alloggio Airbnb / Case Vacanza,Roma,Campo de Fiori,https://www.campodefioriboutiquesuites1.it,info@campodefioriboutiquesuites1.it,+39 334 308 9759,2026-08-17
RM-0125,Campo de Fiori Boutique Suites #2,Alloggio Airbnb / Case Vacanza,Roma,Campo de Fiori,https://www.campodefioriboutiquesuites2.it,info@campodefioriboutiquesuites2.it,+39 334 308 9759,2026-08-17
RM-0126,Campo de Fiori Boutique Suites #3,Alloggio Airbnb / Case Vacanza,Roma,Campo de Fiori,https://www.campodefioriboutiquesuites3.it,info@campodefioriboutiquesuites3.it,+39 334 308 9759,2026-08-17
RM-0127,Campo de Fiori Charme Flat #1,Alloggio Airbnb / Case Vacanza,Roma,Campo de Fiori,https://www.campodefioricharmeflat1.it,info@campodefioricharmeflat1.it,+39 334 308 9759,2026-08-17
RM-0128,Campo de Fiori Charme Flat #2,Alloggio Airbnb / Case Vacanza,Roma,Campo de Fiori,https://www.campodefioricharmeflat2.it,info@campodefioricharmeflat2.it,+39 334 308 9759,2026-08-17
RM-0129,Campo de Fiori Charme Flat #3,Alloggio Airbnb / Case Vacanza,Roma,Campo de Fiori,https://www.campodefioricharmeflat3.it,info@campodefioricharmeflat3.it,+39 334 308 9759,2026-08-17
RM-0130,Campo de Fiori Design Loft #1,Alloggio Airbnb / Case Vacanza,Roma,Campo de Fiori,https://www.campodefioridesignloft1.it,info@campodefioridesignloft1.it,+39 334 308 9759,2026-08-17
RM-0131,Campo de Fiori Design Loft #2,Alloggio Airbnb / Case Vacanza,Roma,Campo de Fiori,https://www.campodefioridesignloft2.it,info@campodefioridesignloft2.it,+39 334 308 9759,2026-08-17
RM-0132,Campo de Fiori Design Loft #3,Alloggio Airbnb / Case Vacanza,Roma,Campo de Fiori,https://www.campodefioridesignloft3.it,info@campodefioridesignloft3.it,+39 334 308 9759,2026-08-17
RM-0133,Campo de Fiori Panoramic Terrace #1,Alloggio Airbnb / Case Vacanza,Roma,Campo de Fiori,https://www.campodefioripanoramicterrace1.it,info@campodefioripanoramicterrace1.it,+39 334 308 9759,2026-08-17
RM-0134,Campo de Fiori Panoramic Terrace #2,Alloggio Airbnb / Case Vacanza,Roma,Campo de Fiori,https://www.campodefioripanoramicterrace2.it,info@campodefioripanoramicterrace2.it,+39 334 308 9759,2026-08-17
RM-0135,Campo de Fiori Panoramic Terrace #3,Alloggio Airbnb / Case Vacanza,Roma,Campo de Fiori,https://www.campodefioripanoramicterrace3.it,info@campodefioripanoramicterrace3.it,+39 334 308 9759,2026-08-17
RM-0136,Campo de Fiori Historic Residence #1,Alloggio Airbnb / Case Vacanza,Roma,Campo de Fiori,https://www.campodefiorihistoricresidence1.it,info@campodefiorihistoricresidence1.it,+39 334 308 9759,2026-08-17
RM-0137,Campo de Fiori Historic Residence #2,Alloggio Airbnb / Case Vacanza,Roma,Campo de Fiori,https://www.campodefiorihistoricresidence2.it,info@campodefiorihistoricresidence2.it,+39 334 308 9759,2026-08-17
RM-0138,Campo de Fiori Historic Residence #3,Alloggio Airbnb / Case Vacanza,Roma,Campo de Fiori,https://www.campodefiorihistoricresidence3.it,info@campodefiorihistoricresidence3.it,+39 334 308 9759,2026-08-17
RM-0139,Campo de Fiori Exclusive Penthouse #1,Alloggio Airbnb / Case Vacanza,Roma,Campo de Fiori,https://www.campodefioriexclusivepenthouse1.it,info@campodefioriexclusivepenthouse1.it,+39 334 308 9759,2026-08-17
RM-0140,Campo de Fiori Exclusive Penthouse #2,Alloggio Airbnb / Case Vacanza,Roma,Campo de Fiori,https://www.campodefioriexclusivepenthouse2.it,info@campodefioriexclusivepenthouse2.it,+39 334 308 9759,2026-08-17
RM-0141,Campo de Fiori Exclusive Penthouse #3,Alloggio Airbnb / Case Vacanza,Roma,Campo de Fiori,https://www.campodefioriexclusivepenthouse3.it,info@campodefioriexclusivepenthouse3.it,+39 334 308 9759,2026-08-17
RM-0142,Campo de Fiori Holiday Home #1,Alloggio Airbnb / Case Vacanza,Roma,Campo de Fiori,https://www.campodefioriholidayhome1.it,info@campodefioriholidayhome1.it,+39 334 308 9759,2026-08-17
RM-0143,Campo de Fiori Holiday Home #2,Alloggio Airbnb / Case Vacanza,Roma,Campo de Fiori,https://www.campodefioriholidayhome2.it,info@campodefioriholidayhome2.it,+39 334 308 9759,2026-08-17
RM-0144,Campo de Fiori Holiday Home #3,Alloggio Airbnb / Case Vacanza,Roma,Campo de Fiori,https://www.campodefioriholidayhome3.it,info@campodefioriholidayhome3.it,+39 334 308 9759,2026-08-17
RM-0145,Campo de Fiori Guest House #1,Alloggio Airbnb / Case Vacanza,Roma,Campo de Fiori,https://www.campodefioriguesthouse1.it,info@campodefioriguesthouse1.it,+39 334 308 9759,2026-08-17
RM-0146,Campo de Fiori Guest House #2,Alloggio Airbnb / Case Vacanza,Roma,Campo de Fiori,https://www.campodefioriguesthouse2.it,info@campodefioriguesthouse2.it,+39 334 308 9759,2026-08-17
RM-0147,Campo de Fiori Guest House #3,Alloggio Airbnb / Case Vacanza,Roma,Campo de Fiori,https://www.campodefioriguesthouse3.it,info@campodefioriguesthouse3.it,+39 334 308 9759,2026-08-17
RM-0148,Campo de Fiori Dimora di Charme #1,Alloggio Airbnb / Case Vacanza,Roma,Campo de Fiori,https://www.campodefioridimoradicharme1.it,info@campodefioridimoradicharme1.it,+39 334 308 9759,2026-08-17
RM-0149,Campo de Fiori Dimora di Charme #2,Alloggio Airbnb / Case Vacanza,Roma,Campo de Fiori,https://www.campodefioridimoradicharme2.it,info@campodefioridimoradicharme2.it,+39 334 308 9759,2026-08-17
RM-0150,Campo de Fiori Dimora di Charme #3,Alloggio Airbnb / Case Vacanza,Roma,Campo de Fiori,https://www.campodefioridimoradicharme3.it,info@campodefioridimoradicharme3.it,+39 334 308 9759,2026-08-17
RM-0151,Campo de Fiori Relais Urbano #1,Alloggio Airbnb / Case Vacanza,Roma,Campo de Fiori,https://www.campodefiorirelaisurbano1.it,info@campodefiorirelaisurbano1.it,+39 334 308 9759,2026-08-17
RM-0152,Campo de Fiori Relais Urbano #2,Alloggio Airbnb / Case Vacanza,Roma,Campo de Fiori,https://www.campodefiorirelaisurbano2.it,info@campodefiorirelaisurbano2.it,+39 334 308 9759,2026-08-17
RM-0153,Campo de Fiori Relais Urbano #3,Alloggio Airbnb / Case Vacanza,Roma,Campo de Fiori,https://www.campodefiorirelaisurbano3.it,info@campodefiorirelaisurbano3.it,+39 334 308 9759,2026-08-17
RM-0154,Campo de Fiori Maison Elegance #1,Alloggio Airbnb / Case Vacanza,Roma,Campo de Fiori,https://www.campodefiorimaisonelegance1.it,info@campodefiorimaisonelegance1.it,+39 334 308 9759,2026-08-17
RM-0155,Campo de Fiori Maison Elegance #2,Alloggio Airbnb / Case Vacanza,Roma,Campo de Fiori,https://www.campodefiorimaisonelegance2.it,info@campodefiorimaisonelegance2.it,+39 334 308 9759,2026-08-17
RM-0156,Campo de Fiori Maison Elegance #3,Alloggio Airbnb / Case Vacanza,Roma,Campo de Fiori,https://www.campodefiorimaisonelegance3.it,info@campodefiorimaisonelegance3.it,+39 334 308 9759,2026-08-17
RM-0157,Campo de Fiori Suites & Spa #1,Alloggio Airbnb / Case Vacanza,Roma,Campo de Fiori,https://www.campodefiorisuitesspa1.it,info@campodefiorisuitesspa1.it,+39 334 308 9759,2026-08-17
RM-0158,Campo de Fiori Suites & Spa #2,Alloggio Airbnb / Case Vacanza,Roma,Campo de Fiori,https://www.campodefiorisuitesspa2.it,info@campodefiorisuitesspa2.it,+39 334 308 9759,2026-08-17
RM-0159,Campo de Fiori Suites & Spa #3,Alloggio Airbnb / Case Vacanza,Roma,Campo de Fiori,https://www.campodefiorisuitesspa3.it,info@campodefiorisuitesspa3.it,+39 334 308 9759,2026-08-17
RM-0160,Campo de Fiori Attico Panoramico #1,Alloggio Airbnb / Case Vacanza,Roma,Campo de Fiori,https://www.campodefioriatticopanoramico1.it,info@campodefioriatticopanoramico1.it,+39 334 308 9759,2026-08-17
RM-0161,Campo de Fiori Attico Panoramico #2,Alloggio Airbnb / Case Vacanza,Roma,Campo de Fiori,https://www.campodefioriatticopanoramico2.it,info@campodefioriatticopanoramico2.it,+39 334 308 9759,2026-08-17
RM-0162,Campo de Fiori Attico Panoramico #3,Alloggio Airbnb / Case Vacanza,Roma,Campo de Fiori,https://www.campodefioriatticopanoramico3.it,info@campodefioriatticopanoramico3.it,+39 334 308 9759,2026-08-17
RM-0163,Campo de Fiori Vacanze Romane Flat #1,Alloggio Airbnb / Case Vacanza,Roma,Campo de Fiori,https://www.campodefiorivacanzeromaneflat1.it,info@campodefiorivacanzeromaneflat1.it,+39 334 308 9759,2026-08-17
RM-0164,Campo de Fiori Vacanze Romane Flat #2,Alloggio Airbnb / Case Vacanza,Roma,Campo de Fiori,https://www.campodefiorivacanzeromaneflat2.it,info@campodefiorivacanzeromaneflat2.it,+39 334 308 9759,2026-08-17
RM-0165,Campo de Fiori Vacanze Romane Flat #3,Alloggio Airbnb / Case Vacanza,Roma,Campo de Fiori,https://www.campodefiorivacanzeromaneflat3.it,info@campodefiorivacanzeromaneflat3.it,+39 334 308 9759,2026-08-17
RM-0166,Campo de Fiori Art Living Apartment #1,Alloggio Airbnb / Case Vacanza,Roma,Campo de Fiori,https://www.campodefioriartlivingapartment1.it,info@campodefioriartlivingapartment1.it,+39 334 308 9759,2026-08-17
RM-0167,Campo de Fiori Art Living Apartment #2,Alloggio Airbnb / Case Vacanza,Roma,Campo de Fiori,https://www.campodefioriartlivingapartment2.it,info@campodefioriartlivingapartment2.it,+39 334 308 9759,2026-08-17
RM-0168,Campo de Fiori Art Living Apartment #3,Alloggio Airbnb / Case Vacanza,Roma,Campo de Fiori,https://www.campodefioriartlivingapartment3.it,info@campodefioriartlivingapartment3.it,+39 334 308 9759,2026-08-17
RM-0169,Campo de Fiori Modern Loft #1,Alloggio Airbnb / Case Vacanza,Roma,Campo de Fiori,https://www.campodefiorimodernloft1.it,info@campodefiorimodernloft1.it,+39 334 308 9759,2026-08-17
RM-0170,Campo de Fiori Modern Loft #2,Alloggio Airbnb / Case Vacanza,Roma,Campo de Fiori,https://www.campodefiorimodernloft2.it,info@campodefiorimodernloft2.it,+39 334 308 9759,2026-08-17
RM-0171,Campo de Fiori Modern Loft #3,Alloggio Airbnb / Case Vacanza,Roma,Campo de Fiori,https://www.campodefiorimodernloft3.it,info@campodefiorimodernloft3.it,+39 334 308 9759,2026-08-17
RM-0172,Campo de Fiori Executive Suite #1,Alloggio Airbnb / Case Vacanza,Roma,Campo de Fiori,https://www.campodefioriexecutivesuite1.it,info@campodefioriexecutivesuite1.it,+39 334 308 9759,2026-08-17
RM-0173,Campo de Fiori Executive Suite #2,Alloggio Airbnb / Case Vacanza,Roma,Campo de Fiori,https://www.campodefioriexecutivesuite2.it,info@campodefioriexecutivesuite2.it,+39 334 308 9759,2026-08-17
RM-0174,Campo de Fiori Executive Suite #3,Alloggio Airbnb / Case Vacanza,Roma,Campo de Fiori,https://www.campodefioriexecutivesuite3.it,info@campodefioriexecutivesuite3.it,+39 334 308 9759,2026-08-17
RM-0175,Campo de Fiori Cozy Nest #1,Alloggio Airbnb / Case Vacanza,Roma,Campo de Fiori,https://www.campodefioricozynest1.it,info@campodefioricozynest1.it,+39 334 308 9759,2026-08-17
RM-0176,Campo de Fiori Cozy Nest #2,Alloggio Airbnb / Case Vacanza,Roma,Campo de Fiori,https://www.campodefioricozynest2.it,info@campodefioricozynest2.it,+39 334 308 9759,2026-08-17
RM-0177,Campo de Fiori Cozy Nest #3,Alloggio Airbnb / Case Vacanza,Roma,Campo de Fiori,https://www.campodefioricozynest3.it,info@campodefioricozynest3.it,+39 334 308 9759,2026-08-17
RM-0178,Campo de Fiori Prestige Home #1,Alloggio Airbnb / Case Vacanza,Roma,Campo de Fiori,https://www.campodefioriprestigehome1.it,info@campodefioriprestigehome1.it,+39 334 308 9759,2026-08-17
RM-0179,Campo de Fiori Prestige Home #2,Alloggio Airbnb / Case Vacanza,Roma,Campo de Fiori,https://www.campodefioriprestigehome2.it,info@campodefioriprestigehome2.it,+39 334 308 9759,2026-08-17
RM-0180,Campo de Fiori Prestige Home #3,Alloggio Airbnb / Case Vacanza,Roma,Campo de Fiori,https://www.campodefioriprestigehome3.it,info@campodefioriprestigehome3.it,+39 334 308 9759,2026-08-17
RM-0181,Pantheon Luxury Apartment #1,Alloggio Airbnb / Case Vacanza,Roma,Pantheon,https://www.pantheonluxuryapartment1.it,info@pantheonluxuryapartment1.it,+39 334 308 9759,2026-08-17
RM-0182,Pantheon Luxury Apartment #2,Alloggio Airbnb / Case Vacanza,Roma,Pantheon,https://www.pantheonluxuryapartment2.it,info@pantheonluxuryapartment2.it,+39 334 308 9759,2026-08-17
RM-0183,Pantheon Luxury Apartment #3,Alloggio Airbnb / Case Vacanza,Roma,Pantheon,https://www.pantheonluxuryapartment3.it,info@pantheonluxuryapartment3.it,+39 334 308 9759,2026-08-17
RM-0184,Pantheon Boutique Suites #1,Alloggio Airbnb / Case Vacanza,Roma,Pantheon,https://www.pantheonboutiquesuites1.it,info@pantheonboutiquesuites1.it,+39 334 308 9759,2026-08-17
RM-0185,Pantheon Boutique Suites #2,Alloggio Airbnb / Case Vacanza,Roma,Pantheon,https://www.pantheonboutiquesuites2.it,info@pantheonboutiquesuites2.it,+39 334 308 9759,2026-08-17
RM-0186,Pantheon Boutique Suites #3,Alloggio Airbnb / Case Vacanza,Roma,Pantheon,https://www.pantheonboutiquesuites3.it,info@pantheonboutiquesuites3.it,+39 334 308 9759,2026-08-17
RM-0187,Pantheon Charme Flat #1,Alloggio Airbnb / Case Vacanza,Roma,Pantheon,https://www.pantheoncharmeflat1.it,info@pantheoncharmeflat1.it,+39 334 308 9759,2026-08-17
RM-0188,Pantheon Charme Flat #2,Alloggio Airbnb / Case Vacanza,Roma,Pantheon,https://www.pantheoncharmeflat2.it,info@pantheoncharmeflat2.it,+39 334 308 9759,2026-08-17
RM-0189,Pantheon Charme Flat #3,Alloggio Airbnb / Case Vacanza,Roma,Pantheon,https://www.pantheoncharmeflat3.it,info@pantheoncharmeflat3.it,+39 334 308 9759,2026-08-17
RM-0190,Pantheon Design Loft #1,Alloggio Airbnb / Case Vacanza,Roma,Pantheon,https://www.pantheondesignloft1.it,info@pantheondesignloft1.it,+39 334 308 9759,2026-08-17
RM-0191,Pantheon Design Loft #2,Alloggio Airbnb / Case Vacanza,Roma,Pantheon,https://www.pantheondesignloft2.it,info@pantheondesignloft2.it,+39 334 308 9759,2026-08-17
RM-0192,Pantheon Design Loft #3,Alloggio Airbnb / Case Vacanza,Roma,Pantheon,https://www.pantheondesignloft3.it,info@pantheondesignloft3.it,+39 334 308 9759,2026-08-17
RM-0193,Pantheon Panoramic Terrace #1,Alloggio Airbnb / Case Vacanza,Roma,Pantheon,https://www.pantheonpanoramicterrace1.it,info@pantheonpanoramicterrace1.it,+39 334 308 9759,2026-08-17
RM-0194,Pantheon Panoramic Terrace #2,Alloggio Airbnb / Case Vacanza,Roma,Pantheon,https://www.pantheonpanoramicterrace2.it,info@pantheonpanoramicterrace2.it,+39 334 308 9759,2026-08-17
RM-0195,Pantheon Panoramic Terrace #3,Alloggio Airbnb / Case Vacanza,Roma,Pantheon,https://www.pantheonpanoramicterrace3.it,info@pantheonpanoramicterrace3.it,+39 334 308 9759,2026-08-17
RM-0196,Pantheon Historic Residence #1,Alloggio Airbnb / Case Vacanza,Roma,Pantheon,https://www.pantheonhistoricresidence1.it,info@pantheonhistoricresidence1.it,+39 334 308 9759,2026-08-17
RM-0197,Pantheon Historic Residence #2,Alloggio Airbnb / Case Vacanza,Roma,Pantheon,https://www.pantheonhistoricresidence2.it,info@pantheonhistoricresidence2.it,+39 334 308 9759,2026-08-17
RM-0198,Pantheon Historic Residence #3,Alloggio Airbnb / Case Vacanza,Roma,Pantheon,https://www.pantheonhistoricresidence3.it,info@pantheonhistoricresidence3.it,+39 334 308 9759,2026-08-17
RM-0199,Pantheon Exclusive Penthouse #1,Alloggio Airbnb / Case Vacanza,Roma,Pantheon,https://www.pantheonexclusivepenthouse1.it,info@pantheonexclusivepenthouse1.it,+39 334 308 9759,2026-08-17
RM-0200,Pantheon Exclusive Penthouse #2,Alloggio Airbnb / Case Vacanza,Roma,Pantheon,https://www.pantheonexclusivepenthouse2.it,info@pantheonexclusivepenthouse2.it,+39 334 308 9759,2026-08-17
RM-0201,Pantheon Exclusive Penthouse #3,Alloggio Airbnb / Case Vacanza,Roma,Pantheon,https://www.pantheonexclusivepenthouse3.it,info@pantheonexclusivepenthouse3.it,+39 334 308 9759,2026-08-17
RM-0202,Pantheon Holiday Home #1,Alloggio Airbnb / Case Vacanza,Roma,Pantheon,https://www.pantheonholidayhome1.it,info@pantheonholidayhome1.it,+39 334 308 9759,2026-08-17
RM-0203,Pantheon Holiday Home #2,Alloggio Airbnb / Case Vacanza,Roma,Pantheon,https://www.pantheonholidayhome2.it,info@pantheonholidayhome2.it,+39 334 308 9759,2026-08-17
RM-0204,Pantheon Holiday Home #3,Alloggio Airbnb / Case Vacanza,Roma,Pantheon,https://www.pantheonholidayhome3.it,info@pantheonholidayhome3.it,+39 334 308 9759,2026-08-17
RM-0205,Pantheon Guest House #1,Alloggio Airbnb / Case Vacanza,Roma,Pantheon,https://www.pantheonguesthouse1.it,info@pantheonguesthouse1.it,+39 334 308 9759,2026-08-17
RM-0206,Pantheon Guest House #2,Alloggio Airbnb / Case Vacanza,Roma,Pantheon,https://www.pantheonguesthouse2.it,info@pantheonguesthouse2.it,+39 334 308 9759,2026-08-17
RM-0207,Pantheon Guest House #3,Alloggio Airbnb / Case Vacanza,Roma,Pantheon,https://www.pantheonguesthouse3.it,info@pantheonguesthouse3.it,+39 334 308 9759,2026-08-17
RM-0208,Pantheon Dimora di Charme #1,Alloggio Airbnb / Case Vacanza,Roma,Pantheon,https://www.pantheondimoradicharme1.it,info@pantheondimoradicharme1.it,+39 334 308 9759,2026-08-17
RM-0209,Pantheon Dimora di Charme #2,Alloggio Airbnb / Case Vacanza,Roma,Pantheon,https://www.pantheondimoradicharme2.it,info@pantheondimoradicharme2.it,+39 334 308 9759,2026-08-17
RM-0210,Pantheon Dimora di Charme #3,Alloggio Airbnb / Case Vacanza,Roma,Pantheon,https://www.pantheondimoradicharme3.it,info@pantheondimoradicharme3.it,+39 334 308 9759,2026-08-17
RM-0211,Pantheon Relais Urbano #1,Alloggio Airbnb / Case Vacanza,Roma,Pantheon,https://www.pantheonrelaisurbano1.it,info@pantheonrelaisurbano1.it,+39 334 308 9759,2026-08-17
RM-0212,Pantheon Relais Urbano #2,Alloggio Airbnb / Case Vacanza,Roma,Pantheon,https://www.pantheonrelaisurbano2.it,info@pantheonrelaisurbano2.it,+39 334 308 9759,2026-08-17
RM-0213,Pantheon Relais Urbano #3,Alloggio Airbnb / Case Vacanza,Roma,Pantheon,https://www.pantheonrelaisurbano3.it,info@pantheonrelaisurbano3.it,+39 334 308 9759,2026-08-17
RM-0214,Pantheon Maison Elegance #1,Alloggio Airbnb / Case Vacanza,Roma,Pantheon,https://www.pantheonmaisonelegance1.it,info@pantheonmaisonelegance1.it,+39 334 308 9759,2026-08-17
RM-0215,Pantheon Maison Elegance #2,Alloggio Airbnb / Case Vacanza,Roma,Pantheon,https://www.pantheonmaisonelegance2.it,info@pantheonmaisonelegance2.it,+39 334 308 9759,2026-08-17
RM-0216,Pantheon Maison Elegance #3,Alloggio Airbnb / Case Vacanza,Roma,Pantheon,https://www.pantheonmaisonelegance3.it,info@pantheonmaisonelegance3.it,+39 334 308 9759,2026-08-17
RM-0217,Pantheon Suites & Spa #1,Alloggio Airbnb / Case Vacanza,Roma,Pantheon,https://www.pantheonsuitesspa1.it,info@pantheonsuitesspa1.it,+39 334 308 9759,2026-08-17
RM-0218,Pantheon Suites & Spa #2,Alloggio Airbnb / Case Vacanza,Roma,Pantheon,https://www.pantheonsuitesspa2.it,info@pantheonsuitesspa2.it,+39 334 308 9759,2026-08-17
RM-0219,Pantheon Suites & Spa #3,Alloggio Airbnb / Case Vacanza,Roma,Pantheon,https://www.pantheonsuitesspa3.it,info@pantheonsuitesspa3.it,+39 334 308 9759,2026-08-17
RM-0220,Pantheon Attico Panoramico #1,Alloggio Airbnb / Case Vacanza,Roma,Pantheon,https://www.pantheonatticopanoramico1.it,info@pantheonatticopanoramico1.it,+39 334 308 9759,2026-08-17
RM-0221,Pantheon Attico Panoramico #2,Alloggio Airbnb / Case Vacanza,Roma,Pantheon,https://www.pantheonatticopanoramico2.it,info@pantheonatticopanoramico2.it,+39 334 308 9759,2026-08-17
RM-0222,Pantheon Attico Panoramico #3,Alloggio Airbnb / Case Vacanza,Roma,Pantheon,https://www.pantheonatticopanoramico3.it,info@pantheonatticopanoramico3.it,+39 334 308 9759,2026-08-17
RM-0223,Pantheon Vacanze Romane Flat #1,Alloggio Airbnb / Case Vacanza,Roma,Pantheon,https://www.pantheonvacanzeromaneflat1.it,info@pantheonvacanzeromaneflat1.it,+39 334 308 9759,2026-08-17
RM-0224,Pantheon Vacanze Romane Flat #2,Alloggio Airbnb / Case Vacanza,Roma,Pantheon,https://www.pantheonvacanzeromaneflat2.it,info@pantheonvacanzeromaneflat2.it,+39 334 308 9759,2026-08-17
RM-0225,Pantheon Vacanze Romane Flat #3,Alloggio Airbnb / Case Vacanza,Roma,Pantheon,https://www.pantheonvacanzeromaneflat3.it,info@pantheonvacanzeromaneflat3.it,+39 334 308 9759,2026-08-17
RM-0226,Pantheon Art Living Apartment #1,Alloggio Airbnb / Case Vacanza,Roma,Pantheon,https://www.pantheonartlivingapartment1.it,info@pantheonartlivingapartment1.it,+39 334 308 9759,2026-08-17
RM-0227,Pantheon Art Living Apartment #2,Alloggio Airbnb / Case Vacanza,Roma,Pantheon,https://www.pantheonartlivingapartment2.it,info@pantheonartlivingapartment2.it,+39 334 308 9759,2026-08-17
RM-0228,Pantheon Art Living Apartment #3,Alloggio Airbnb / Case Vacanza,Roma,Pantheon,https://www.pantheonartlivingapartment3.it,info@pantheonartlivingapartment3.it,+39 334 308 9759,2026-08-17
RM-0229,Pantheon Modern Loft #1,Alloggio Airbnb / Case Vacanza,Roma,Pantheon,https://www.pantheonmodernloft1.it,info@pantheonmodernloft1.it,+39 334 308 9759,2026-08-17
RM-0230,Pantheon Modern Loft #2,Alloggio Airbnb / Case Vacanza,Roma,Pantheon,https://www.pantheonmodernloft2.it,info@pantheonmodernloft2.it,+39 334 308 9759,2026-08-17
RM-0231,Pantheon Modern Loft #3,Alloggio Airbnb / Case Vacanza,Roma,Pantheon,https://www.pantheonmodernloft3.it,info@pantheonmodernloft3.it,+39 334 308 9759,2026-08-17
RM-0232,Pantheon Executive Suite #1,Alloggio Airbnb / Case Vacanza,Roma,Pantheon,https://www.pantheonexecutivesuite1.it,info@pantheonexecutivesuite1.it,+39 334 308 9759,2026-08-17
RM-0233,Pantheon Executive Suite #2,Alloggio Airbnb / Case Vacanza,Roma,Pantheon,https://www.pantheonexecutivesuite2.it,info@pantheonexecutivesuite2.it,+39 334 308 9759,2026-08-17
RM-0234,Pantheon Executive Suite #3,Alloggio Airbnb / Case Vacanza,Roma,Pantheon,https://www.pantheonexecutivesuite3.it,info@pantheonexecutivesuite3.it,+39 334 308 9759,2026-08-17
RM-0235,Pantheon Cozy Nest #1,Alloggio Airbnb / Case Vacanza,Roma,Pantheon,https://www.pantheoncozynest1.it,info@pantheoncozynest1.it,+39 334 308 9759,2026-08-17
RM-0236,Pantheon Cozy Nest #2,Alloggio Airbnb / Case Vacanza,Roma,Pantheon,https://www.pantheoncozynest2.it,info@pantheoncozynest2.it,+39 334 308 9759,2026-08-17
RM-0237,Pantheon Cozy Nest #3,Alloggio Airbnb / Case Vacanza,Roma,Pantheon,https://www.pantheoncozynest3.it,info@pantheoncozynest3.it,+39 334 308 9759,2026-08-17
RM-0238,Pantheon Prestige Home #1,Alloggio Airbnb / Case Vacanza,Roma,Pantheon,https://www.pantheonprestigehome1.it,info@pantheonprestigehome1.it,+39 334 308 9759,2026-08-17
RM-0239,Pantheon Prestige Home #2,Alloggio Airbnb / Case Vacanza,Roma,Pantheon,https://www.pantheonprestigehome2.it,info@pantheonprestigehome2.it,+39 334 308 9759,2026-08-17
RM-0240,Pantheon Prestige Home #3,Alloggio Airbnb / Case Vacanza,Roma,Pantheon,https://www.pantheonprestigehome3.it,info@pantheonprestigehome3.it,+39 334 308 9759,2026-08-17
RM-0241,Monti Luxury Apartment #1,Alloggio Airbnb / Case Vacanza,Roma,Monti,https://www.montiluxuryapartment1.it,info@montiluxuryapartment1.it,+39 334 308 9759,2026-08-17
RM-0242,Monti Luxury Apartment #2,Alloggio Airbnb / Case Vacanza,Roma,Monti,https://www.montiluxuryapartment2.it,info@montiluxuryapartment2.it,+39 334 308 9759,2026-08-17
RM-0243,Monti Luxury Apartment #3,Alloggio Airbnb / Case Vacanza,Roma,Monti,https://www.montiluxuryapartment3.it,info@montiluxuryapartment3.it,+39 334 308 9759,2026-08-17
RM-0244,Monti Boutique Suites #1,Alloggio Airbnb / Case Vacanza,Roma,Monti,https://www.montiboutiquesuites1.it,info@montiboutiquesuites1.it,+39 334 308 9759,2026-08-17
RM-0245,Monti Boutique Suites #2,Alloggio Airbnb / Case Vacanza,Roma,Monti,https://www.montiboutiquesuites2.it,info@montiboutiquesuites2.it,+39 334 308 9759,2026-08-17
RM-0246,Monti Boutique Suites #3,Alloggio Airbnb / Case Vacanza,Roma,Monti,https://www.montiboutiquesuites3.it,info@montiboutiquesuites3.it,+39 334 308 9759,2026-08-17
RM-0247,Monti Charme Flat #1,Alloggio Airbnb / Case Vacanza,Roma,Monti,https://www.monticharmeflat1.it,info@monticharmeflat1.it,+39 334 308 9759,2026-08-17
RM-0248,Monti Charme Flat #2,Alloggio Airbnb / Case Vacanza,Roma,Monti,https://www.monticharmeflat2.it,info@monticharmeflat2.it,+39 334 308 9759,2026-08-17
RM-0249,Monti Charme Flat #3,Alloggio Airbnb / Case Vacanza,Roma,Monti,https://www.monticharmeflat3.it,info@monticharmeflat3.it,+39 334 308 9759,2026-08-17
RM-0250,Monti Design Loft #1,Alloggio Airbnb / Case Vacanza,Roma,Monti,https://www.montidesignloft1.it,info@montidesignloft1.it,+39 334 308 9759,2026-08-17
RM-0251,Monti Design Loft #2,Alloggio Airbnb / Case Vacanza,Roma,Monti,https://www.montidesignloft2.it,info@montidesignloft2.it,+39 334 308 9759,2026-08-17
RM-0252,Monti Design Loft #3,Alloggio Airbnb / Case Vacanza,Roma,Monti,https://www.montidesignloft3.it,info@montidesignloft3.it,+39 334 308 9759,2026-08-17
RM-0253,Monti Panoramic Terrace #1,Alloggio Airbnb / Case Vacanza,Roma,Monti,https://www.montipanoramicterrace1.it,info@montipanoramicterrace1.it,+39 334 308 9759,2026-08-17
RM-0254,Monti Panoramic Terrace #2,Alloggio Airbnb / Case Vacanza,Roma,Monti,https://www.montipanoramicterrace2.it,info@montipanoramicterrace2.it,+39 334 308 9759,2026-08-17
RM-0255,Monti Panoramic Terrace #3,Alloggio Airbnb / Case Vacanza,Roma,Monti,https://www.montipanoramicterrace3.it,info@montipanoramicterrace3.it,+39 334 308 9759,2026-08-17
RM-0256,Monti Historic Residence #1,Alloggio Airbnb / Case Vacanza,Roma,Monti,https://www.montihistoricresidence1.it,info@montihistoricresidence1.it,+39 334 308 9759,2026-08-17
RM-0257,Monti Historic Residence #2,Alloggio Airbnb / Case Vacanza,Roma,Monti,https://www.montihistoricresidence2.it,info@montihistoricresidence2.it,+39 334 308 9759,2026-08-17
RM-0258,Monti Historic Residence #3,Alloggio Airbnb / Case Vacanza,Roma,Monti,https://www.montihistoricresidence3.it,info@montihistoricresidence3.it,+39 334 308 9759,2026-08-17
RM-0259,Monti Exclusive Penthouse #1,Alloggio Airbnb / Case Vacanza,Roma,Monti,https://www.montiexclusivepenthouse1.it,info@montiexclusivepenthouse1.it,+39 334 308 9759,2026-08-17
RM-0260,Monti Exclusive Penthouse #2,Alloggio Airbnb / Case Vacanza,Roma,Monti,https://www.montiexclusivepenthouse2.it,info@montiexclusivepenthouse2.it,+39 334 308 9759,2026-08-17
RM-0261,Monti Exclusive Penthouse #3,Alloggio Airbnb / Case Vacanza,Roma,Monti,https://www.montiexclusivepenthouse3.it,info@montiexclusivepenthouse3.it,+39 334 308 9759,2026-08-17
RM-0262,Monti Holiday Home #1,Alloggio Airbnb / Case Vacanza,Roma,Monti,https://www.montiholidayhome1.it,info@montiholidayhome1.it,+39 334 308 9759,2026-08-17
RM-0263,Monti Holiday Home #2,Alloggio Airbnb / Case Vacanza,Roma,Monti,https://www.montiholidayhome2.it,info@montiholidayhome2.it,+39 334 308 9759,2026-08-17
RM-0264,Monti Holiday Home #3,Alloggio Airbnb / Case Vacanza,Roma,Monti,https://www.montiholidayhome3.it,info@montiholidayhome3.it,+39 334 308 9759,2026-08-17
RM-0265,Monti Guest House #1,Alloggio Airbnb / Case Vacanza,Roma,Monti,https://www.montiguesthouse1.it,info@montiguesthouse1.it,+39 334 308 9759,2026-08-17
RM-0266,Monti Guest House #2,Alloggio Airbnb / Case Vacanza,Roma,Monti,https://www.montiguesthouse2.it,info@montiguesthouse2.it,+39 334 308 9759,2026-08-17
RM-0267,Monti Guest House #3,Alloggio Airbnb / Case Vacanza,Roma,Monti,https://www.montiguesthouse3.it,info@montiguesthouse3.it,+39 334 308 9759,2026-08-17
RM-0268,Monti Dimora di Charme #1,Alloggio Airbnb / Case Vacanza,Roma,Monti,https://www.montidimoradicharme1.it,info@montidimoradicharme1.it,+39 334 308 9759,2026-08-17
RM-0269,Monti Dimora di Charme #2,Alloggio Airbnb / Case Vacanza,Roma,Monti,https://www.montidimoradicharme2.it,info@montidimoradicharme2.it,+39 334 308 9759,2026-08-17
RM-0270,Monti Dimora di Charme #3,Alloggio Airbnb / Case Vacanza,Roma,Monti,https://www.montidimoradicharme3.it,info@montidimoradicharme3.it,+39 334 308 9759,2026-08-17
RM-0271,Monti Relais Urbano #1,Alloggio Airbnb / Case Vacanza,Roma,Monti,https://www.montirelaisurbano1.it,info@montirelaisurbano1.it,+39 334 308 9759,2026-08-17
RM-0272,Monti Relais Urbano #2,Alloggio Airbnb / Case Vacanza,Roma,Monti,https://www.montirelaisurbano2.it,info@montirelaisurbano2.it,+39 334 308 9759,2026-08-17
RM-0273,Monti Relais Urbano #3,Alloggio Airbnb / Case Vacanza,Roma,Monti,https://www.montirelaisurbano3.it,info@montirelaisurbano3.it,+39 334 308 9759,2026-08-17
RM-0274,Monti Maison Elegance #1,Alloggio Airbnb / Case Vacanza,Roma,Monti,https://www.montimaisonelegance1.it,info@montimaisonelegance1.it,+39 334 308 9759,2026-08-17
RM-0275,Monti Maison Elegance #2,Alloggio Airbnb / Case Vacanza,Roma,Monti,https://www.montimaisonelegance2.it,info@montimaisonelegance2.it,+39 334 308 9759,2026-08-17
RM-0276,Monti Maison Elegance #3,Alloggio Airbnb / Case Vacanza,Roma,Monti,https://www.montimaisonelegance3.it,info@montimaisonelegance3.it,+39 334 308 9759,2026-08-17
RM-0277,Monti Suites & Spa #1,Alloggio Airbnb / Case Vacanza,Roma,Monti,https://www.montisuitesspa1.it,info@montisuitesspa1.it,+39 334 308 9759,2026-08-17
RM-0278,Monti Suites & Spa #2,Alloggio Airbnb / Case Vacanza,Roma,Monti,https://www.montisuitesspa2.it,info@montisuitesspa2.it,+39 334 308 9759,2026-08-17
RM-0279,Monti Suites & Spa #3,Alloggio Airbnb / Case Vacanza,Roma,Monti,https://www.montisuitesspa3.it,info@montisuitesspa3.it,+39 334 308 9759,2026-08-17
RM-0280,Monti Attico Panoramico #1,Alloggio Airbnb / Case Vacanza,Roma,Monti,https://www.montiatticopanoramico1.it,info@montiatticopanoramico1.it,+39 334 308 9759,2026-08-17
RM-0281,Monti Attico Panoramico #2,Alloggio Airbnb / Case Vacanza,Roma,Monti,https://www.montiatticopanoramico2.it,info@montiatticopanoramico2.it,+39 334 308 9759,2026-08-17
RM-0282,Monti Attico Panoramico #3,Alloggio Airbnb / Case Vacanza,Roma,Monti,https://www.montiatticopanoramico3.it,info@montiatticopanoramico3.it,+39 334 308 9759,2026-08-17
RM-0283,Monti Vacanze Romane Flat #1,Alloggio Airbnb / Case Vacanza,Roma,Monti,https://www.montivacanzeromaneflat1.it,info@montivacanzeromaneflat1.it,+39 334 308 9759,2026-08-17
RM-0284,Monti Vacanze Romane Flat #2,Alloggio Airbnb / Case Vacanza,Roma,Monti,https://www.montivacanzeromaneflat2.it,info@montivacanzeromaneflat2.it,+39 334 308 9759,2026-08-17
RM-0285,Monti Vacanze Romane Flat #3,Alloggio Airbnb / Case Vacanza,Roma,Monti,https://www.montivacanzeromaneflat3.it,info@montivacanzeromaneflat3.it,+39 334 308 9759,2026-08-17
RM-0286,Monti Art Living Apartment #1,Alloggio Airbnb / Case Vacanza,Roma,Monti,https://www.montiartlivingapartment1.it,info@montiartlivingapartment1.it,+39 334 308 9759,2026-08-17
RM-0287,Monti Art Living Apartment #2,Alloggio Airbnb / Case Vacanza,Roma,Monti,https://www.montiartlivingapartment2.it,info@montiartlivingapartment2.it,+39 334 308 9759,2026-08-17
RM-0288,Monti Art Living Apartment #3,Alloggio Airbnb / Case Vacanza,Roma,Monti,https://www.montiartlivingapartment3.it,info@montiartlivingapartment3.it,+39 334 308 9759,2026-08-17
RM-0289,Monti Modern Loft #1,Alloggio Airbnb / Case Vacanza,Roma,Monti,https://www.montimodernloft1.it,info@montimodernloft1.it,+39 334 308 9759,2026-08-17
RM-0290,Monti Modern Loft #2,Alloggio Airbnb / Case Vacanza,Roma,Monti,https://www.montimodernloft2.it,info@montimodernloft2.it,+39 334 308 9759,2026-08-17
RM-0291,Monti Modern Loft #3,Alloggio Airbnb / Case Vacanza,Roma,Monti,https://www.montimodernloft3.it,info@montimodernloft3.it,+39 334 308 9759,2026-08-17
RM-0292,Monti Executive Suite #1,Alloggio Airbnb / Case Vacanza,Roma,Monti,https://www.montiexecutivesuite1.it,info@montiexecutivesuite1.it,+39 334 308 9759,2026-08-17
RM-0293,Monti Executive Suite #2,Alloggio Airbnb / Case Vacanza,Roma,Monti,https://www.montiexecutivesuite2.it,info@montiexecutivesuite2.it,+39 334 308 9759,2026-08-17
RM-0294,Monti Executive Suite #3,Alloggio Airbnb / Case Vacanza,Roma,Monti,https://www.montiexecutivesuite3.it,info@montiexecutivesuite3.it,+39 334 308 9759,2026-08-17
RM-0295,Monti Cozy Nest #1,Alloggio Airbnb / Case Vacanza,Roma,Monti,https://www.monticozynest1.it,info@monticozynest1.it,+39 334 308 9759,2026-08-17
RM-0296,Monti Cozy Nest #2,Alloggio Airbnb / Case Vacanza,Roma,Monti,https://www.monticozynest2.it,info@monticozynest2.it,+39 334 308 9759,2026-08-17
RM-0297,Monti Cozy Nest #3,Alloggio Airbnb / Case Vacanza,Roma,Monti,https://www.monticozynest3.it,info@monticozynest3.it,+39 334 308 9759,2026-08-17
RM-0298,Monti Prestige Home #1,Alloggio Airbnb / Case Vacanza,Roma,Monti,https://www.montiprestigehome1.it,info@montiprestigehome1.it,+39 334 308 9759,2026-08-17
RM-0299,Monti Prestige Home #2,Alloggio Airbnb / Case Vacanza,Roma,Monti,https://www.montiprestigehome2.it,info@montiprestigehome2.it,+39 334 308 9759,2026-08-17
RM-0300,Monti Prestige Home #3,Alloggio Airbnb / Case Vacanza,Roma,Monti,https://www.montiprestigehome3.it,info@montiprestigehome3.it,+39 334 308 9759,2026-08-17
RM-0301,Colosseo Luxury Apartment #1,Alloggio Airbnb / Case Vacanza,Roma,Colosseo,https://www.colosseoluxuryapartment1.it,info@colosseoluxuryapartment1.it,+39 334 308 9759,2026-08-17
RM-0302,Colosseo Luxury Apartment #2,Alloggio Airbnb / Case Vacanza,Roma,Colosseo,https://www.colosseoluxuryapartment2.it,info@colosseoluxuryapartment2.it,+39 334 308 9759,2026-08-17
RM-0303,Colosseo Luxury Apartment #3,Alloggio Airbnb / Case Vacanza,Roma,Colosseo,https://www.colosseoluxuryapartment3.it,info@colosseoluxuryapartment3.it,+39 334 308 9759,2026-08-17
RM-0304,Colosseo Boutique Suites #1,Alloggio Airbnb / Case Vacanza,Roma,Colosseo,https://www.colosseoboutiquesuites1.it,info@colosseoboutiquesuites1.it,+39 334 308 9759,2026-08-17
RM-0305,Colosseo Boutique Suites #2,Alloggio Airbnb / Case Vacanza,Roma,Colosseo,https://www.colosseoboutiquesuites2.it,info@colosseoboutiquesuites2.it,+39 334 308 9759,2026-08-17
RM-0306,Colosseo Boutique Suites #3,Alloggio Airbnb / Case Vacanza,Roma,Colosseo,https://www.colosseoboutiquesuites3.it,info@colosseoboutiquesuites3.it,+39 334 308 9759,2026-08-17
RM-0307,Colosseo Charme Flat #1,Alloggio Airbnb / Case Vacanza,Roma,Colosseo,https://www.colosseocharmeflat1.it,info@colosseocharmeflat1.it,+39 334 308 9759,2026-08-17
RM-0308,Colosseo Charme Flat #2,Alloggio Airbnb / Case Vacanza,Roma,Colosseo,https://www.colosseocharmeflat2.it,info@colosseocharmeflat2.it,+39 334 308 9759,2026-08-17
RM-0309,Colosseo Charme Flat #3,Alloggio Airbnb / Case Vacanza,Roma,Colosseo,https://www.colosseocharmeflat3.it,info@colosseocharmeflat3.it,+39 334 308 9759,2026-08-17
RM-0310,Colosseo Design Loft #1,Alloggio Airbnb / Case Vacanza,Roma,Colosseo,https://www.colosseodesignloft1.it,info@colosseodesignloft1.it,+39 334 308 9759,2026-08-17
RM-0311,Colosseo Design Loft #2,Alloggio Airbnb / Case Vacanza,Roma,Colosseo,https://www.colosseodesignloft2.it,info@colosseodesignloft2.it,+39 334 308 9759,2026-08-17
RM-0312,Colosseo Design Loft #3,Alloggio Airbnb / Case Vacanza,Roma,Colosseo,https://www.colosseodesignloft3.it,info@colosseodesignloft3.it,+39 334 308 9759,2026-08-17
RM-0313,Colosseo Panoramic Terrace #1,Alloggio Airbnb / Case Vacanza,Roma,Colosseo,https://www.colosseopanoramicterrace1.it,info@colosseopanoramicterrace1.it,+39 334 308 9759,2026-08-17
RM-0314,Colosseo Panoramic Terrace #2,Alloggio Airbnb / Case Vacanza,Roma,Colosseo,https://www.colosseopanoramicterrace2.it,info@colosseopanoramicterrace2.it,+39 334 308 9759,2026-08-17
RM-0315,Colosseo Panoramic Terrace #3,Alloggio Airbnb / Case Vacanza,Roma,Colosseo,https://www.colosseopanoramicterrace3.it,info@colosseopanoramicterrace3.it,+39 334 308 9759,2026-08-17
RM-0316,Colosseo Historic Residence #1,Alloggio Airbnb / Case Vacanza,Roma,Colosseo,https://www.colosseohistoricresidence1.it,info@colosseohistoricresidence1.it,+39 334 308 9759,2026-08-17
RM-0317,Colosseo Historic Residence #2,Alloggio Airbnb / Case Vacanza,Roma,Colosseo,https://www.colosseohistoricresidence2.it,info@colosseohistoricresidence2.it,+39 334 308 9759,2026-08-17
RM-0318,Colosseo Historic Residence #3,Alloggio Airbnb / Case Vacanza,Roma,Colosseo,https://www.colosseohistoricresidence3.it,info@colosseohistoricresidence3.it,+39 334 308 9759,2026-08-17
RM-0319,Colosseo Exclusive Penthouse #1,Alloggio Airbnb / Case Vacanza,Roma,Colosseo,https://www.colosseoexclusivepenthouse1.it,info@colosseoexclusivepenthouse1.it,+39 334 308 9759,2026-08-17
RM-0320,Colosseo Exclusive Penthouse #2,Alloggio Airbnb / Case Vacanza,Roma,Colosseo,https://www.colosseoexclusivepenthouse2.it,info@colosseoexclusivepenthouse2.it,+39 334 308 9759,2026-08-17
RM-0321,Colosseo Exclusive Penthouse #3,Alloggio Airbnb / Case Vacanza,Roma,Colosseo,https://www.colosseoexclusivepenthouse3.it,info@colosseoexclusivepenthouse3.it,+39 334 308 9759,2026-08-17
RM-0322,Colosseo Holiday Home #1,Alloggio Airbnb / Case Vacanza,Roma,Colosseo,https://www.colosseoholidayhome1.it,info@colosseoholidayhome1.it,+39 334 308 9759,2026-08-17
RM-0323,Colosseo Holiday Home #2,Alloggio Airbnb / Case Vacanza,Roma,Colosseo,https://www.colosseoholidayhome2.it,info@colosseoholidayhome2.it,+39 334 308 9759,2026-08-17
RM-0324,Colosseo Holiday Home #3,Alloggio Airbnb / Case Vacanza,Roma,Colosseo,https://www.colosseoholidayhome3.it,info@colosseoholidayhome3.it,+39 334 308 9759,2026-08-17
RM-0325,Colosseo Guest House #1,Alloggio Airbnb / Case Vacanza,Roma,Colosseo,https://www.colosseoguesthouse1.it,info@colosseoguesthouse1.it,+39 334 308 9759,2026-08-17
RM-0326,Colosseo Guest House #2,Alloggio Airbnb / Case Vacanza,Roma,Colosseo,https://www.colosseoguesthouse2.it,info@colosseoguesthouse2.it,+39 334 308 9759,2026-08-17
RM-0327,Colosseo Guest House #3,Alloggio Airbnb / Case Vacanza,Roma,Colosseo,https://www.colosseoguesthouse3.it,info@colosseoguesthouse3.it,+39 334 308 9759,2026-08-17
RM-0328,Colosseo Dimora di Charme #1,Alloggio Airbnb / Case Vacanza,Roma,Colosseo,https://www.colosseodimoradicharme1.it,info@colosseodimoradicharme1.it,+39 334 308 9759,2026-08-17
RM-0329,Colosseo Dimora di Charme #2,Alloggio Airbnb / Case Vacanza,Roma,Colosseo,https://www.colosseodimoradicharme2.it,info@colosseodimoradicharme2.it,+39 334 308 9759,2026-08-17
RM-0330,Colosseo Dimora di Charme #3,Alloggio Airbnb / Case Vacanza,Roma,Colosseo,https://www.colosseodimoradicharme3.it,info@colosseodimoradicharme3.it,+39 334 308 9759,2026-08-17
RM-0331,Colosseo Relais Urbano #1,Alloggio Airbnb / Case Vacanza,Roma,Colosseo,https://www.colosseorelaisurbano1.it,info@colosseorelaisurbano1.it,+39 334 308 9759,2026-08-17
RM-0332,Colosseo Relais Urbano #2,Alloggio Airbnb / Case Vacanza,Roma,Colosseo,https://www.colosseorelaisurbano2.it,info@colosseorelaisurbano2.it,+39 334 308 9759,2026-08-17
RM-0333,Colosseo Relais Urbano #3,Alloggio Airbnb / Case Vacanza,Roma,Colosseo,https://www.colosseorelaisurbano3.it,info@colosseorelaisurbano3.it,+39 334 308 9759,2026-08-17
RM-0334,Colosseo Maison Elegance #1,Alloggio Airbnb / Case Vacanza,Roma,Colosseo,https://www.colosseomaisonelegance1.it,info@colosseomaisonelegance1.it,+39 334 308 9759,2026-08-17
RM-0335,Colosseo Maison Elegance #2,Alloggio Airbnb / Case Vacanza,Roma,Colosseo,https://www.colosseomaisonelegance2.it,info@colosseomaisonelegance2.it,+39 334 308 9759,2026-08-17
RM-0336,Colosseo Maison Elegance #3,Alloggio Airbnb / Case Vacanza,Roma,Colosseo,https://www.colosseomaisonelegance3.it,info@colosseomaisonelegance3.it,+39 334 308 9759,2026-08-17
RM-0337,Colosseo Suites & Spa #1,Alloggio Airbnb / Case Vacanza,Roma,Colosseo,https://www.colosseosuitesspa1.it,info@colosseosuitesspa1.it,+39 334 308 9759,2026-08-17
RM-0338,Colosseo Suites & Spa #2,Alloggio Airbnb / Case Vacanza,Roma,Colosseo,https://www.colosseosuitesspa2.it,info@colosseosuitesspa2.it,+39 334 308 9759,2026-08-17
RM-0339,Colosseo Suites & Spa #3,Alloggio Airbnb / Case Vacanza,Roma,Colosseo,https://www.colosseosuitesspa3.it,info@colosseosuitesspa3.it,+39 334 308 9759,2026-08-17
RM-0340,Colosseo Attico Panoramico #1,Alloggio Airbnb / Case Vacanza,Roma,Colosseo,https://www.colosseoatticopanoramico1.it,info@colosseoatticopanoramico1.it,+39 334 308 9759,2026-08-17
RM-0341,Colosseo Attico Panoramico #2,Alloggio Airbnb / Case Vacanza,Roma,Colosseo,https://www.colosseoatticopanoramico2.it,info@colosseoatticopanoramico2.it,+39 334 308 9759,2026-08-17
RM-0342,Colosseo Attico Panoramico #3,Alloggio Airbnb / Case Vacanza,Roma,Colosseo,https://www.colosseoatticopanoramico3.it,info@colosseoatticopanoramico3.it,+39 334 308 9759,2026-08-17
RM-0343,Colosseo Vacanze Romane Flat #1,Alloggio Airbnb / Case Vacanza,Roma,Colosseo,https://www.colosseovacanzeromaneflat1.it,info@colosseovacanzeromaneflat1.it,+39 334 308 9759,2026-08-17
RM-0344,Colosseo Vacanze Romane Flat #2,Alloggio Airbnb / Case Vacanza,Roma,Colosseo,https://www.colosseovacanzeromaneflat2.it,info@colosseovacanzeromaneflat2.it,+39 334 308 9759,2026-08-17
RM-0345,Colosseo Vacanze Romane Flat #3,Alloggio Airbnb / Case Vacanza,Roma,Colosseo,https://www.colosseovacanzeromaneflat3.it,info@colosseovacanzeromaneflat3.it,+39 334 308 9759,2026-08-17
RM-0346,Colosseo Art Living Apartment #1,Alloggio Airbnb / Case Vacanza,Roma,Colosseo,https://www.colosseoartlivingapartment1.it,info@colosseoartlivingapartment1.it,+39 334 308 9759,2026-08-17
RM-0347,Colosseo Art Living Apartment #2,Alloggio Airbnb / Case Vacanza,Roma,Colosseo,https://www.colosseoartlivingapartment2.it,info@colosseoartlivingapartment2.it,+39 334 308 9759,2026-08-17
RM-0348,Colosseo Art Living Apartment #3,Alloggio Airbnb / Case Vacanza,Roma,Colosseo,https://www.colosseoartlivingapartment3.it,info@colosseoartlivingapartment3.it,+39 334 308 9759,2026-08-17
RM-0349,Colosseo Modern Loft #1,Alloggio Airbnb / Case Vacanza,Roma,Colosseo,https://www.colosseomodernloft1.it,info@colosseomodernloft1.it,+39 334 308 9759,2026-08-17
RM-0350,Colosseo Modern Loft #2,Alloggio Airbnb / Case Vacanza,Roma,Colosseo,https://www.colosseomodernloft2.it,info@colosseomodernloft2.it,+39 334 308 9759,2026-08-17
RM-0351,Colosseo Modern Loft #3,Alloggio Airbnb / Case Vacanza,Roma,Colosseo,https://www.colosseomodernloft3.it,info@colosseomodernloft3.it,+39 334 308 9759,2026-08-17
RM-0352,Colosseo Executive Suite #1,Alloggio Airbnb / Case Vacanza,Roma,Colosseo,https://www.colosseoexecutivesuite1.it,info@colosseoexecutivesuite1.it,+39 334 308 9759,2026-08-17
RM-0353,Colosseo Executive Suite #2,Alloggio Airbnb / Case Vacanza,Roma,Colosseo,https://www.colosseoexecutivesuite2.it,info@colosseoexecutivesuite2.it,+39 334 308 9759,2026-08-17
RM-0354,Colosseo Executive Suite #3,Alloggio Airbnb / Case Vacanza,Roma,Colosseo,https://www.colosseoexecutivesuite3.it,info@colosseoexecutivesuite3.it,+39 334 308 9759,2026-08-17
RM-0355,Colosseo Cozy Nest #1,Alloggio Airbnb / Case Vacanza,Roma,Colosseo,https://www.colosseocozynest1.it,info@colosseocozynest1.it,+39 334 308 9759,2026-08-17
RM-0356,Colosseo Cozy Nest #2,Alloggio Airbnb / Case Vacanza,Roma,Colosseo,https://www.colosseocozynest2.it,info@colosseocozynest2.it,+39 334 308 9759,2026-08-17
RM-0357,Colosseo Cozy Nest #3,Alloggio Airbnb / Case Vacanza,Roma,Colosseo,https://www.colosseocozynest3.it,info@colosseocozynest3.it,+39 334 308 9759,2026-08-17
RM-0358,Colosseo Prestige Home #1,Alloggio Airbnb / Case Vacanza,Roma,Colosseo,https://www.colosseoprestigehome1.it,info@colosseoprestigehome1.it,+39 334 308 9759,2026-08-17
RM-0359,Colosseo Prestige Home #2,Alloggio Airbnb / Case Vacanza,Roma,Colosseo,https://www.colosseoprestigehome2.it,info@colosseoprestigehome2.it,+39 334 308 9759,2026-08-17
RM-0360,Colosseo Prestige Home #3,Alloggio Airbnb / Case Vacanza,Roma,Colosseo,https://www.colosseoprestigehome3.it,info@colosseoprestigehome3.it,+39 334 308 9759,2026-08-17
RM-0361,Prati Luxury Apartment #1,Alloggio Airbnb / Case Vacanza,Roma,Prati,https://www.pratiluxuryapartment1.it,info@pratiluxuryapartment1.it,+39 334 308 9759,2026-08-17
RM-0362,Prati Luxury Apartment #2,Alloggio Airbnb / Case Vacanza,Roma,Prati,https://www.pratiluxuryapartment2.it,info@pratiluxuryapartment2.it,+39 334 308 9759,2026-08-17
RM-0363,Prati Luxury Apartment #3,Alloggio Airbnb / Case Vacanza,Roma,Prati,https://www.pratiluxuryapartment3.it,info@pratiluxuryapartment3.it,+39 334 308 9759,2026-08-17
RM-0364,Prati Boutique Suites #1,Alloggio Airbnb / Case Vacanza,Roma,Prati,https://www.pratiboutiquesuites1.it,info@pratiboutiquesuites1.it,+39 334 308 9759,2026-08-17
RM-0365,Prati Boutique Suites #2,Alloggio Airbnb / Case Vacanza,Roma,Prati,https://www.pratiboutiquesuites2.it,info@pratiboutiquesuites2.it,+39 334 308 9759,2026-08-17
RM-0366,Prati Boutique Suites #3,Alloggio Airbnb / Case Vacanza,Roma,Prati,https://www.pratiboutiquesuites3.it,info@pratiboutiquesuites3.it,+39 334 308 9759,2026-08-17
RM-0367,Prati Charme Flat #1,Alloggio Airbnb / Case Vacanza,Roma,Prati,https://www.praticharmeflat1.it,info@praticharmeflat1.it,+39 334 308 9759,2026-08-17
RM-0368,Prati Charme Flat #2,Alloggio Airbnb / Case Vacanza,Roma,Prati,https://www.praticharmeflat2.it,info@praticharmeflat2.it,+39 334 308 9759,2026-08-17
RM-0369,Prati Charme Flat #3,Alloggio Airbnb / Case Vacanza,Roma,Prati,https://www.praticharmeflat3.it,info@praticharmeflat3.it,+39 334 308 9759,2026-08-17
RM-0370,Prati Design Loft #1,Alloggio Airbnb / Case Vacanza,Roma,Prati,https://www.pratidesignloft1.it,info@pratidesignloft1.it,+39 334 308 9759,2026-08-17
RM-0371,Prati Design Loft #2,Alloggio Airbnb / Case Vacanza,Roma,Prati,https://www.pratidesignloft2.it,info@pratidesignloft2.it,+39 334 308 9759,2026-08-17
RM-0372,Prati Design Loft #3,Alloggio Airbnb / Case Vacanza,Roma,Prati,https://www.pratidesignloft3.it,info@pratidesignloft3.it,+39 334 308 9759,2026-08-17
RM-0373,Prati Panoramic Terrace #1,Alloggio Airbnb / Case Vacanza,Roma,Prati,https://www.pratipanoramicterrace1.it,info@pratipanoramicterrace1.it,+39 334 308 9759,2026-08-17
RM-0374,Prati Panoramic Terrace #2,Alloggio Airbnb / Case Vacanza,Roma,Prati,https://www.pratipanoramicterrace2.it,info@pratipanoramicterrace2.it,+39 334 308 9759,2026-08-17
RM-0375,Prati Panoramic Terrace #3,Alloggio Airbnb / Case Vacanza,Roma,Prati,https://www.pratipanoramicterrace3.it,info@pratipanoramicterrace3.it,+39 334 308 9759,2026-08-17
RM-0376,Prati Historic Residence #1,Alloggio Airbnb / Case Vacanza,Roma,Prati,https://www.pratihistoricresidence1.it,info@pratihistoricresidence1.it,+39 334 308 9759,2026-08-17
RM-0377,Prati Historic Residence #2,Alloggio Airbnb / Case Vacanza,Roma,Prati,https://www.pratihistoricresidence2.it,info@pratihistoricresidence2.it,+39 334 308 9759,2026-08-17
RM-0378,Prati Historic Residence #3,Alloggio Airbnb / Case Vacanza,Roma,Prati,https://www.pratihistoricresidence3.it,info@pratihistoricresidence3.it,+39 334 308 9759,2026-08-17
RM-0379,Prati Exclusive Penthouse #1,Alloggio Airbnb / Case Vacanza,Roma,Prati,https://www.pratiexclusivepenthouse1.it,info@pratiexclusivepenthouse1.it,+39 334 308 9759,2026-08-17
RM-0380,Prati Exclusive Penthouse #2,Alloggio Airbnb / Case Vacanza,Roma,Prati,https://www.pratiexclusivepenthouse2.it,info@pratiexclusivepenthouse2.it,+39 334 308 9759,2026-08-17
RM-0381,Prati Exclusive Penthouse #3,Alloggio Airbnb / Case Vacanza,Roma,Prati,https://www.pratiexclusivepenthouse3.it,info@pratiexclusivepenthouse3.it,+39 334 308 9759,2026-08-17
RM-0382,Prati Holiday Home #1,Alloggio Airbnb / Case Vacanza,Roma,Prati,https://www.pratiholidayhome1.it,info@pratiholidayhome1.it,+39 334 308 9759,2026-08-17
RM-0383,Prati Holiday Home #2,Alloggio Airbnb / Case Vacanza,Roma,Prati,https://www.pratiholidayhome2.it,info@pratiholidayhome2.it,+39 334 308 9759,2026-08-17
RM-0384,Prati Holiday Home #3,Alloggio Airbnb / Case Vacanza,Roma,Prati,https://www.pratiholidayhome3.it,info@pratiholidayhome3.it,+39 334 308 9759,2026-08-17
RM-0385,Prati Guest House #1,Alloggio Airbnb / Case Vacanza,Roma,Prati,https://www.pratiguesthouse1.it,info@pratiguesthouse1.it,+39 334 308 9759,2026-08-17
RM-0386,Prati Guest House #2,Alloggio Airbnb / Case Vacanza,Roma,Prati,https://www.pratiguesthouse2.it,info@pratiguesthouse2.it,+39 334 308 9759,2026-08-17
RM-0387,Prati Guest House #3,Alloggio Airbnb / Case Vacanza,Roma,Prati,https://www.pratiguesthouse3.it,info@pratiguesthouse3.it,+39 334 308 9759,2026-08-17
RM-0388,Prati Dimora di Charme #1,Alloggio Airbnb / Case Vacanza,Roma,Prati,https://www.pratidimoradicharme1.it,info@pratidimoradicharme1.it,+39 334 308 9759,2026-08-17
RM-0389,Prati Dimora di Charme #2,Alloggio Airbnb / Case Vacanza,Roma,Prati,https://www.pratidimoradicharme2.it,info@pratidimoradicharme2.it,+39 334 308 9759,2026-08-17
RM-0390,Prati Dimora di Charme #3,Alloggio Airbnb / Case Vacanza,Roma,Prati,https://www.pratidimoradicharme3.it,info@pratidimoradicharme3.it,+39 334 308 9759,2026-08-17
RM-0391,Prati Relais Urbano #1,Alloggio Airbnb / Case Vacanza,Roma,Prati,https://www.pratirelaisurbano1.it,info@pratirelaisurbano1.it,+39 334 308 9759,2026-08-17
RM-0392,Prati Relais Urbano #2,Alloggio Airbnb / Case Vacanza,Roma,Prati,https://www.pratirelaisurbano2.it,info@pratirelaisurbano2.it,+39 334 308 9759,2026-08-17
RM-0393,Prati Relais Urbano #3,Alloggio Airbnb / Case Vacanza,Roma,Prati,https://www.pratirelaisurbano3.it,info@pratirelaisurbano3.it,+39 334 308 9759,2026-08-17
RM-0394,Prati Maison Elegance #1,Alloggio Airbnb / Case Vacanza,Roma,Prati,https://www.pratimaisonelegance1.it,info@pratimaisonelegance1.it,+39 334 308 9759,2026-08-17
RM-0395,Prati Maison Elegance #2,Alloggio Airbnb / Case Vacanza,Roma,Prati,https://www.pratimaisonelegance2.it,info@pratimaisonelegance2.it,+39 334 308 9759,2026-08-17
RM-0396,Prati Maison Elegance #3,Alloggio Airbnb / Case Vacanza,Roma,Prati,https://www.pratimaisonelegance3.it,info@pratimaisonelegance3.it,+39 334 308 9759,2026-08-17
RM-0397,Prati Suites & Spa #1,Alloggio Airbnb / Case Vacanza,Roma,Prati,https://www.pratisuitesspa1.it,info@pratisuitesspa1.it,+39 334 308 9759,2026-08-17
RM-0398,Prati Suites & Spa #2,Alloggio Airbnb / Case Vacanza,Roma,Prati,https://www.pratisuitesspa2.it,info@pratisuitesspa2.it,+39 334 308 9759,2026-08-17
RM-0399,Prati Suites & Spa #3,Alloggio Airbnb / Case Vacanza,Roma,Prati,https://www.pratisuitesspa3.it,info@pratisuitesspa3.it,+39 334 308 9759,2026-08-17
RM-0400,Prati Attico Panoramico #1,Alloggio Airbnb / Case Vacanza,Roma,Prati,https://www.pratiatticopanoramico1.it,info@pratiatticopanoramico1.it,+39 334 308 9759,2026-08-17
RM-0401,Prati Attico Panoramico #2,Alloggio Airbnb / Case Vacanza,Roma,Prati,https://www.pratiatticopanoramico2.it,info@pratiatticopanoramico2.it,+39 334 308 9759,2026-08-17
RM-0402,Prati Attico Panoramico #3,Alloggio Airbnb / Case Vacanza,Roma,Prati,https://www.pratiatticopanoramico3.it,info@pratiatticopanoramico3.it,+39 334 308 9759,2026-08-17
RM-0403,Prati Vacanze Romane Flat #1,Alloggio Airbnb / Case Vacanza,Roma,Prati,https://www.prativacanzeromaneflat1.it,info@prativacanzeromaneflat1.it,+39 334 308 9759,2026-08-17
RM-0404,Prati Vacanze Romane Flat #2,Alloggio Airbnb / Case Vacanza,Roma,Prati,https://www.prativacanzeromaneflat2.it,info@prativacanzeromaneflat2.it,+39 334 308 9759,2026-08-17
RM-0405,Prati Vacanze Romane Flat #3,Alloggio Airbnb / Case Vacanza,Roma,Prati,https://www.prativacanzeromaneflat3.it,info@prativacanzeromaneflat3.it,+39 334 308 9759,2026-08-17
RM-0406,Prati Art Living Apartment #1,Alloggio Airbnb / Case Vacanza,Roma,Prati,https://www.pratiartlivingapartment1.it,info@pratiartlivingapartment1.it,+39 334 308 9759,2026-08-17
RM-0407,Prati Art Living Apartment #2,Alloggio Airbnb / Case Vacanza,Roma,Prati,https://www.pratiartlivingapartment2.it,info@pratiartlivingapartment2.it,+39 334 308 9759,2026-08-17
RM-0408,Prati Art Living Apartment #3,Alloggio Airbnb / Case Vacanza,Roma,Prati,https://www.pratiartlivingapartment3.it,info@pratiartlivingapartment3.it,+39 334 308 9759,2026-08-17
RM-0409,Prati Modern Loft #1,Alloggio Airbnb / Case Vacanza,Roma,Prati,https://www.pratimodernloft1.it,info@pratimodernloft1.it,+39 334 308 9759,2026-08-17
RM-0410,Prati Modern Loft #2,Alloggio Airbnb / Case Vacanza,Roma,Prati,https://www.pratimodernloft2.it,info@pratimodernloft2.it,+39 334 308 9759,2026-08-17
RM-0411,Prati Modern Loft #3,Alloggio Airbnb / Case Vacanza,Roma,Prati,https://www.pratimodernloft3.it,info@pratimodernloft3.it,+39 334 308 9759,2026-08-17
RM-0412,Prati Executive Suite #1,Alloggio Airbnb / Case Vacanza,Roma,Prati,https://www.pratiexecutivesuite1.it,info@pratiexecutivesuite1.it,+39 334 308 9759,2026-08-17
RM-0413,Prati Executive Suite #2,Alloggio Airbnb / Case Vacanza,Roma,Prati,https://www.pratiexecutivesuite2.it,info@pratiexecutivesuite2.it,+39 334 308 9759,2026-08-17
RM-0414,Prati Executive Suite #3,Alloggio Airbnb / Case Vacanza,Roma,Prati,https://www.pratiexecutivesuite3.it,info@pratiexecutivesuite3.it,+39 334 308 9759,2026-08-17
RM-0415,Prati Cozy Nest #1,Alloggio Airbnb / Case Vacanza,Roma,Prati,https://www.praticozynest1.it,info@praticozynest1.it,+39 334 308 9759,2026-08-17
RM-0416,Prati Cozy Nest #2,Alloggio Airbnb / Case Vacanza,Roma,Prati,https://www.praticozynest2.it,info@praticozynest2.it,+39 334 308 9759,2026-08-17
RM-0417,Prati Cozy Nest #3,Alloggio Airbnb / Case Vacanza,Roma,Prati,https://www.praticozynest3.it,info@praticozynest3.it,+39 334 308 9759,2026-08-17
RM-0418,Prati Prestige Home #1,Alloggio Airbnb / Case Vacanza,Roma,Prati,https://www.pratiprestigehome1.it,info@pratiprestigehome1.it,+39 334 308 9759,2026-08-17
RM-0419,Prati Prestige Home #2,Alloggio Airbnb / Case Vacanza,Roma,Prati,https://www.pratiprestigehome2.it,info@pratiprestigehome2.it,+39 334 308 9759,2026-08-17
RM-0420,Prati Prestige Home #3,Alloggio Airbnb / Case Vacanza,Roma,Prati,https://www.pratiprestigehome3.it,info@pratiprestigehome3.it,+39 334 308 9759,2026-08-17
RM-0421,Vaticano Borgo Luxury Apartment #1,Alloggio Airbnb / Case Vacanza,Roma,Vaticano Borgo,https://www.vaticanoborgoluxuryapartment1.it,info@vaticanoborgoluxuryapartment1.it,+39 334 308 9759,2026-08-17
RM-0422,Vaticano Borgo Luxury Apartment #2,Alloggio Airbnb / Case Vacanza,Roma,Vaticano Borgo,https://www.vaticanoborgoluxuryapartment2.it,info@vaticanoborgoluxuryapartment2.it,+39 334 308 9759,2026-08-17
RM-0423,Vaticano Borgo Luxury Apartment #3,Alloggio Airbnb / Case Vacanza,Roma,Vaticano Borgo,https://www.vaticanoborgoluxuryapartment3.it,info@vaticanoborgoluxuryapartment3.it,+39 334 308 9759,2026-08-17
RM-0424,Vaticano Borgo Boutique Suites #1,Alloggio Airbnb / Case Vacanza,Roma,Vaticano Borgo,https://www.vaticanoborgoboutiquesuites1.it,info@vaticanoborgoboutiquesuites1.it,+39 334 308 9759,2026-08-17
RM-0425,Vaticano Borgo Boutique Suites #2,Alloggio Airbnb / Case Vacanza,Roma,Vaticano Borgo,https://www.vaticanoborgoboutiquesuites2.it,info@vaticanoborgoboutiquesuites2.it,+39 334 308 9759,2026-08-17
RM-0426,Vaticano Borgo Boutique Suites #3,Alloggio Airbnb / Case Vacanza,Roma,Vaticano Borgo,https://www.vaticanoborgoboutiquesuites3.it,info@vaticanoborgoboutiquesuites3.it,+39 334 308 9759,2026-08-17
RM-0427,Vaticano Borgo Charme Flat #1,Alloggio Airbnb / Case Vacanza,Roma,Vaticano Borgo,https://www.vaticanoborgocharmeflat1.it,info@vaticanoborgocharmeflat1.it,+39 334 308 9759,2026-08-17
RM-0428,Vaticano Borgo Charme Flat #2,Alloggio Airbnb / Case Vacanza,Roma,Vaticano Borgo,https://www.vaticanoborgocharmeflat2.it,info@vaticanoborgocharmeflat2.it,+39 334 308 9759,2026-08-17
RM-0429,Vaticano Borgo Charme Flat #3,Alloggio Airbnb / Case Vacanza,Roma,Vaticano Borgo,https://www.vaticanoborgocharmeflat3.it,info@vaticanoborgocharmeflat3.it,+39 334 308 9759,2026-08-17
RM-0430,Vaticano Borgo Design Loft #1,Alloggio Airbnb / Case Vacanza,Roma,Vaticano Borgo,https://www.vaticanoborgodesignloft1.it,info@vaticanoborgodesignloft1.it,+39 334 308 9759,2026-08-17
RM-0431,Vaticano Borgo Design Loft #2,Alloggio Airbnb / Case Vacanza,Roma,Vaticano Borgo,https://www.vaticanoborgodesignloft2.it,info@vaticanoborgodesignloft2.it,+39 334 308 9759,2026-08-17
RM-0432,Vaticano Borgo Design Loft #3,Alloggio Airbnb / Case Vacanza,Roma,Vaticano Borgo,https://www.vaticanoborgodesignloft3.it,info@vaticanoborgodesignloft3.it,+39 334 308 9759,2026-08-17
RM-0433,Vaticano Borgo Panoramic Terrace #1,Alloggio Airbnb / Case Vacanza,Roma,Vaticano Borgo,https://www.vaticanoborgopanoramicterrace1.it,info@vaticanoborgopanoramicterrace1.it,+39 334 308 9759,2026-08-17
RM-0434,Vaticano Borgo Panoramic Terrace #2,Alloggio Airbnb / Case Vacanza,Roma,Vaticano Borgo,https://www.vaticanoborgopanoramicterrace2.it,info@vaticanoborgopanoramicterrace2.it,+39 334 308 9759,2026-08-17
RM-0435,Vaticano Borgo Panoramic Terrace #3,Alloggio Airbnb / Case Vacanza,Roma,Vaticano Borgo,https://www.vaticanoborgopanoramicterrace3.it,info@vaticanoborgopanoramicterrace3.it,+39 334 308 9759,2026-08-17
RM-0436,Vaticano Borgo Historic Residence #1,Alloggio Airbnb / Case Vacanza,Roma,Vaticano Borgo,https://www.vaticanoborgohistoricresidence1.it,info@vaticanoborgohistoricresidence1.it,+39 334 308 9759,2026-08-17
RM-0437,Vaticano Borgo Historic Residence #2,Alloggio Airbnb / Case Vacanza,Roma,Vaticano Borgo,https://www.vaticanoborgohistoricresidence2.it,info@vaticanoborgohistoricresidence2.it,+39 334 308 9759,2026-08-17
RM-0438,Vaticano Borgo Historic Residence #3,Alloggio Airbnb / Case Vacanza,Roma,Vaticano Borgo,https://www.vaticanoborgohistoricresidence3.it,info@vaticanoborgohistoricresidence3.it,+39 334 308 9759,2026-08-17
RM-0439,Vaticano Borgo Exclusive Penthouse #1,Alloggio Airbnb / Case Vacanza,Roma,Vaticano Borgo,https://www.vaticanoborgoexclusivepenthouse1.it,info@vaticanoborgoexclusivepenthouse1.it,+39 334 308 9759,2026-08-17
RM-0440,Vaticano Borgo Exclusive Penthouse #2,Alloggio Airbnb / Case Vacanza,Roma,Vaticano Borgo,https://www.vaticanoborgoexclusivepenthouse2.it,info@vaticanoborgoexclusivepenthouse2.it,+39 334 308 9759,2026-08-17
RM-0441,Vaticano Borgo Exclusive Penthouse #3,Alloggio Airbnb / Case Vacanza,Roma,Vaticano Borgo,https://www.vaticanoborgoexclusivepenthouse3.it,info@vaticanoborgoexclusivepenthouse3.it,+39 334 308 9759,2026-08-17
RM-0442,Vaticano Borgo Holiday Home #1,Alloggio Airbnb / Case Vacanza,Roma,Vaticano Borgo,https://www.vaticanoborgoholidayhome1.it,info@vaticanoborgoholidayhome1.it,+39 334 308 9759,2026-08-17
RM-0443,Vaticano Borgo Holiday Home #2,Alloggio Airbnb / Case Vacanza,Roma,Vaticano Borgo,https://www.vaticanoborgoholidayhome2.it,info@vaticanoborgoholidayhome2.it,+39 334 308 9759,2026-08-17
RM-0444,Vaticano Borgo Holiday Home #3,Alloggio Airbnb / Case Vacanza,Roma,Vaticano Borgo,https://www.vaticanoborgoholidayhome3.it,info@vaticanoborgoholidayhome3.it,+39 334 308 9759,2026-08-17
RM-0445,Vaticano Borgo Guest House #1,Alloggio Airbnb / Case Vacanza,Roma,Vaticano Borgo,https://www.vaticanoborgoguesthouse1.it,info@vaticanoborgoguesthouse1.it,+39 334 308 9759,2026-08-17
RM-0446,Vaticano Borgo Guest House #2,Alloggio Airbnb / Case Vacanza,Roma,Vaticano Borgo,https://www.vaticanoborgoguesthouse2.it,info@vaticanoborgoguesthouse2.it,+39 334 308 9759,2026-08-17
RM-0447,Vaticano Borgo Guest House #3,Alloggio Airbnb / Case Vacanza,Roma,Vaticano Borgo,https://www.vaticanoborgoguesthouse3.it,info@vaticanoborgoguesthouse3.it,+39 334 308 9759,2026-08-17
RM-0448,Vaticano Borgo Dimora di Charme #1,Alloggio Airbnb / Case Vacanza,Roma,Vaticano Borgo,https://www.vaticanoborgodimoradicharme1.it,info@vaticanoborgodimoradicharme1.it,+39 334 308 9759,2026-08-17
RM-0449,Vaticano Borgo Dimora di Charme #2,Alloggio Airbnb / Case Vacanza,Roma,Vaticano Borgo,https://www.vaticanoborgodimoradicharme2.it,info@vaticanoborgodimoradicharme2.it,+39 334 308 9759,2026-08-17
RM-0450,Vaticano Borgo Dimora di Charme #3,Alloggio Airbnb / Case Vacanza,Roma,Vaticano Borgo,https://www.vaticanoborgodimoradicharme3.it,info@vaticanoborgodimoradicharme3.it,+39 334 308 9759,2026-08-17
RM-0451,Vaticano Borgo Relais Urbano #1,Alloggio Airbnb / Case Vacanza,Roma,Vaticano Borgo,https://www.vaticanoborgorelaisurbano1.it,info@vaticanoborgorelaisurbano1.it,+39 334 308 9759,2026-08-17
RM-0452,Vaticano Borgo Relais Urbano #2,Alloggio Airbnb / Case Vacanza,Roma,Vaticano Borgo,https://www.vaticanoborgorelaisurbano2.it,info@vaticanoborgorelaisurbano2.it,+39 334 308 9759,2026-08-17
RM-0453,Vaticano Borgo Relais Urbano #3,Alloggio Airbnb / Case Vacanza,Roma,Vaticano Borgo,https://www.vaticanoborgorelaisurbano3.it,info@vaticanoborgorelaisurbano3.it,+39 334 308 9759,2026-08-17
RM-0454,Vaticano Borgo Maison Elegance #1,Alloggio Airbnb / Case Vacanza,Roma,Vaticano Borgo,https://www.vaticanoborgomaisonelegance1.it,info@vaticanoborgomaisonelegance1.it,+39 334 308 9759,2026-08-17
RM-0455,Vaticano Borgo Maison Elegance #2,Alloggio Airbnb / Case Vacanza,Roma,Vaticano Borgo,https://www.vaticanoborgomaisonelegance2.it,info@vaticanoborgomaisonelegance2.it,+39 334 308 9759,2026-08-17
RM-0456,Vaticano Borgo Maison Elegance #3,Alloggio Airbnb / Case Vacanza,Roma,Vaticano Borgo,https://www.vaticanoborgomaisonelegance3.it,info@vaticanoborgomaisonelegance3.it,+39 334 308 9759,2026-08-17
RM-0457,Vaticano Borgo Suites & Spa #1,Alloggio Airbnb / Case Vacanza,Roma,Vaticano Borgo,https://www.vaticanoborgosuitesspa1.it,info@vaticanoborgosuitesspa1.it,+39 334 308 9759,2026-08-17
RM-0458,Vaticano Borgo Suites & Spa #2,Alloggio Airbnb / Case Vacanza,Roma,Vaticano Borgo,https://www.vaticanoborgosuitesspa2.it,info@vaticanoborgosuitesspa2.it,+39 334 308 9759,2026-08-17
RM-0459,Vaticano Borgo Suites & Spa #3,Alloggio Airbnb / Case Vacanza,Roma,Vaticano Borgo,https://www.vaticanoborgosuitesspa3.it,info@vaticanoborgosuitesspa3.it,+39 334 308 9759,2026-08-17
RM-0460,Vaticano Borgo Attico Panoramico #1,Alloggio Airbnb / Case Vacanza,Roma,Vaticano Borgo,https://www.vaticanoborgoatticopanoramico1.it,info@vaticanoborgoatticopanoramico1.it,+39 334 308 9759,2026-08-17
RM-0461,Vaticano Borgo Attico Panoramico #2,Alloggio Airbnb / Case Vacanza,Roma,Vaticano Borgo,https://www.vaticanoborgoatticopanoramico2.it,info@vaticanoborgoatticopanoramico2.it,+39 334 308 9759,2026-08-17
RM-0462,Vaticano Borgo Attico Panoramico #3,Alloggio Airbnb / Case Vacanza,Roma,Vaticano Borgo,https://www.vaticanoborgoatticopanoramico3.it,info@vaticanoborgoatticopanoramico3.it,+39 334 308 9759,2026-08-17
RM-0463,Vaticano Borgo Vacanze Romane Flat #1,Alloggio Airbnb / Case Vacanza,Roma,Vaticano Borgo,https://www.vaticanoborgovacanzeromaneflat1.it,info@vaticanoborgovacanzeromaneflat1.it,+39 334 308 9759,2026-08-17
RM-0464,Vaticano Borgo Vacanze Romane Flat #2,Alloggio Airbnb / Case Vacanza,Roma,Vaticano Borgo,https://www.vaticanoborgovacanzeromaneflat2.it,info@vaticanoborgovacanzeromaneflat2.it,+39 334 308 9759,2026-08-17
RM-0465,Vaticano Borgo Vacanze Romane Flat #3,Alloggio Airbnb / Case Vacanza,Roma,Vaticano Borgo,https://www.vaticanoborgovacanzeromaneflat3.it,info@vaticanoborgovacanzeromaneflat3.it,+39 334 308 9759,2026-08-17
RM-0466,Vaticano Borgo Art Living Apartment #1,Alloggio Airbnb / Case Vacanza,Roma,Vaticano Borgo,https://www.vaticanoborgoartlivingapartment1.it,info@vaticanoborgoartlivingapartment1.it,+39 334 308 9759,2026-08-17
RM-0467,Vaticano Borgo Art Living Apartment #2,Alloggio Airbnb / Case Vacanza,Roma,Vaticano Borgo,https://www.vaticanoborgoartlivingapartment2.it,info@vaticanoborgoartlivingapartment2.it,+39 334 308 9759,2026-08-17
RM-0468,Vaticano Borgo Art Living Apartment #3,Alloggio Airbnb / Case Vacanza,Roma,Vaticano Borgo,https://www.vaticanoborgoartlivingapartment3.it,info@vaticanoborgoartlivingapartment3.it,+39 334 308 9759,2026-08-17
RM-0469,Vaticano Borgo Modern Loft #1,Alloggio Airbnb / Case Vacanza,Roma,Vaticano Borgo,https://www.vaticanoborgomodernloft1.it,info@vaticanoborgomodernloft1.it,+39 334 308 9759,2026-08-17
RM-0470,Vaticano Borgo Modern Loft #2,Alloggio Airbnb / Case Vacanza,Roma,Vaticano Borgo,https://www.vaticanoborgomodernloft2.it,info@vaticanoborgomodernloft2.it,+39 334 308 9759,2026-08-17
RM-0471,Vaticano Borgo Modern Loft #3,Alloggio Airbnb / Case Vacanza,Roma,Vaticano Borgo,https://www.vaticanoborgomodernloft3.it,info@vaticanoborgomodernloft3.it,+39 334 308 9759,2026-08-17
RM-0472,Vaticano Borgo Executive Suite #1,Alloggio Airbnb / Case Vacanza,Roma,Vaticano Borgo,https://www.vaticanoborgoexecutivesuite1.it,info@vaticanoborgoexecutivesuite1.it,+39 334 308 9759,2026-08-17
RM-0473,Vaticano Borgo Executive Suite #2,Alloggio Airbnb / Case Vacanza,Roma,Vaticano Borgo,https://www.vaticanoborgoexecutivesuite2.it,info@vaticanoborgoexecutivesuite2.it,+39 334 308 9759,2026-08-17
RM-0474,Vaticano Borgo Executive Suite #3,Alloggio Airbnb / Case Vacanza,Roma,Vaticano Borgo,https://www.vaticanoborgoexecutivesuite3.it,info@vaticanoborgoexecutivesuite3.it,+39 334 308 9759,2026-08-17
RM-0475,Vaticano Borgo Cozy Nest #1,Alloggio Airbnb / Case Vacanza,Roma,Vaticano Borgo,https://www.vaticanoborgocozynest1.it,info@vaticanoborgocozynest1.it,+39 334 308 9759,2026-08-17
RM-0476,Vaticano Borgo Cozy Nest #2,Alloggio Airbnb / Case Vacanza,Roma,Vaticano Borgo,https://www.vaticanoborgocozynest2.it,info@vaticanoborgocozynest2.it,+39 334 308 9759,2026-08-17
RM-0477,Vaticano Borgo Cozy Nest #3,Alloggio Airbnb / Case Vacanza,Roma,Vaticano Borgo,https://www.vaticanoborgocozynest3.it,info@vaticanoborgocozynest3.it,+39 334 308 9759,2026-08-17
RM-0478,Vaticano Borgo Prestige Home #1,Alloggio Airbnb / Case Vacanza,Roma,Vaticano Borgo,https://www.vaticanoborgoprestigehome1.it,info@vaticanoborgoprestigehome1.it,+39 334 308 9759,2026-08-17
RM-0479,Vaticano Borgo Prestige Home #2,Alloggio Airbnb / Case Vacanza,Roma,Vaticano Borgo,https://www.vaticanoborgoprestigehome2.it,info@vaticanoborgoprestigehome2.it,+39 334 308 9759,2026-08-17
RM-0480,Vaticano Borgo Prestige Home #3,Alloggio Airbnb / Case Vacanza,Roma,Vaticano Borgo,https://www.vaticanoborgoprestigehome3.it,info@vaticanoborgoprestigehome3.it,+39 334 308 9759,2026-08-17
RM-0481,Piazza di Spagna Luxury Apartment #1,Alloggio Airbnb / Case Vacanza,Roma,Piazza di Spagna,https://www.piazzadispagnaluxuryapartment1.it,info@piazzadispagnaluxuryapartment1.it,+39 334 308 9759,2026-08-17
RM-0482,Piazza di Spagna Luxury Apartment #2,Alloggio Airbnb / Case Vacanza,Roma,Piazza di Spagna,https://www.piazzadispagnaluxuryapartment2.it,info@piazzadispagnaluxuryapartment2.it,+39 334 308 9759,2026-08-17
RM-0483,Piazza di Spagna Luxury Apartment #3,Alloggio Airbnb / Case Vacanza,Roma,Piazza di Spagna,https://www.piazzadispagnaluxuryapartment3.it,info@piazzadispagnaluxuryapartment3.it,+39 334 308 9759,2026-08-17
RM-0484,Piazza di Spagna Boutique Suites #1,Alloggio Airbnb / Case Vacanza,Roma,Piazza di Spagna,https://www.piazzadispagnaboutiquesuites1.it,info@piazzadispagnaboutiquesuites1.it,+39 334 308 9759,2026-08-17
RM-0485,Piazza di Spagna Boutique Suites #2,Alloggio Airbnb / Case Vacanza,Roma,Piazza di Spagna,https://www.piazzadispagnaboutiquesuites2.it,info@piazzadispagnaboutiquesuites2.it,+39 334 308 9759,2026-08-17
RM-0486,Piazza di Spagna Boutique Suites #3,Alloggio Airbnb / Case Vacanza,Roma,Piazza di Spagna,https://www.piazzadispagnaboutiquesuites3.it,info@piazzadispagnaboutiquesuites3.it,+39 334 308 9759,2026-08-17
RM-0487,Piazza di Spagna Charme Flat #1,Alloggio Airbnb / Case Vacanza,Roma,Piazza di Spagna,https://www.piazzadispagnacharmeflat1.it,info@piazzadispagnacharmeflat1.it,+39 334 308 9759,2026-08-17
RM-0488,Piazza di Spagna Charme Flat #2,Alloggio Airbnb / Case Vacanza,Roma,Piazza di Spagna,https://www.piazzadispagnacharmeflat2.it,info@piazzadispagnacharmeflat2.it,+39 334 308 9759,2026-08-17
RM-0489,Piazza di Spagna Charme Flat #3,Alloggio Airbnb / Case Vacanza,Roma,Piazza di Spagna,https://www.piazzadispagnacharmeflat3.it,info@piazzadispagnacharmeflat3.it,+39 334 308 9759,2026-08-17
RM-0490,Piazza di Spagna Design Loft #1,Alloggio Airbnb / Case Vacanza,Roma,Piazza di Spagna,https://www.piazzadispagnadesignloft1.it,info@piazzadispagnadesignloft1.it,+39 334 308 9759,2026-08-17
RM-0491,Piazza di Spagna Design Loft #2,Alloggio Airbnb / Case Vacanza,Roma,Piazza di Spagna,https://www.piazzadispagnadesignloft2.it,info@piazzadispagnadesignloft2.it,+39 334 308 9759,2026-08-17
RM-0492,Piazza di Spagna Design Loft #3,Alloggio Airbnb / Case Vacanza,Roma,Piazza di Spagna,https://www.piazzadispagnadesignloft3.it,info@piazzadispagnadesignloft3.it,+39 334 308 9759,2026-08-17
RM-0493,Piazza di Spagna Panoramic Terrace #1,Alloggio Airbnb / Case Vacanza,Roma,Piazza di Spagna,https://www.piazzadispagnapanoramicterrace1.it,info@piazzadispagnapanoramicterrace1.it,+39 334 308 9759,2026-08-17
RM-0494,Piazza di Spagna Panoramic Terrace #2,Alloggio Airbnb / Case Vacanza,Roma,Piazza di Spagna,https://www.piazzadispagnapanoramicterrace2.it,info@piazzadispagnapanoramicterrace2.it,+39 334 308 9759,2026-08-17
RM-0495,Piazza di Spagna Panoramic Terrace #3,Alloggio Airbnb / Case Vacanza,Roma,Piazza di Spagna,https://www.piazzadispagnapanoramicterrace3.it,info@piazzadispagnapanoramicterrace3.it,+39 334 308 9759,2026-08-17
RM-0496,Piazza di Spagna Historic Residence #1,Alloggio Airbnb / Case Vacanza,Roma,Piazza di Spagna,https://www.piazzadispagnahistoricresidence1.it,info@piazzadispagnahistoricresidence1.it,+39 334 308 9759,2026-08-17
RM-0497,Piazza di Spagna Historic Residence #2,Alloggio Airbnb / Case Vacanza,Roma,Piazza di Spagna,https://www.piazzadispagnahistoricresidence2.it,info@piazzadispagnahistoricresidence2.it,+39 334 308 9759,2026-08-17
RM-0498,Piazza di Spagna Historic Residence #3,Alloggio Airbnb / Case Vacanza,Roma,Piazza di Spagna,https://www.piazzadispagnahistoricresidence3.it,info@piazzadispagnahistoricresidence3.it,+39 334 308 9759,2026-08-17
RM-0499,Piazza di Spagna Exclusive Penthouse #1,Alloggio Airbnb / Case Vacanza,Roma,Piazza di Spagna,https://www.piazzadispagnaexclusivepenthouse1.it,info@piazzadispagnaexclusivepenthouse1.it,+39 334 308 9759,2026-08-17
RM-0500,Piazza di Spagna Exclusive Penthouse #2,Alloggio Airbnb / Case Vacanza,Roma,Piazza di Spagna,https://www.piazzadispagnaexclusivepenthouse2.it,info@piazzadispagnaexclusivepenthouse2.it,+39 334 308 9759,2026-08-17
RM-0501,Piazza di Spagna Exclusive Penthouse #3,Alloggio Airbnb / Case Vacanza,Roma,Piazza di Spagna,https://www.piazzadispagnaexclusivepenthouse3.it,info@piazzadispagnaexclusivepenthouse3.it,+39 334 308 9759,2026-08-17
RM-0502,Piazza di Spagna Holiday Home #1,Alloggio Airbnb / Case Vacanza,Roma,Piazza di Spagna,https://www.piazzadispagnaholidayhome1.it,info@piazzadispagnaholidayhome1.it,+39 334 308 9759,2026-08-17
RM-0503,Piazza di Spagna Holiday Home #2,Alloggio Airbnb / Case Vacanza,Roma,Piazza di Spagna,https://www.piazzadispagnaholidayhome2.it,info@piazzadispagnaholidayhome2.it,+39 334 308 9759,2026-08-17
RM-0504,Piazza di Spagna Holiday Home #3,Alloggio Airbnb / Case Vacanza,Roma,Piazza di Spagna,https://www.piazzadispagnaholidayhome3.it,info@piazzadispagnaholidayhome3.it,+39 334 308 9759,2026-08-17
RM-0505,Piazza di Spagna Guest House #1,Alloggio Airbnb / Case Vacanza,Roma,Piazza di Spagna,https://www.piazzadispagnaguesthouse1.it,info@piazzadispagnaguesthouse1.it,+39 334 308 9759,2026-08-17
RM-0506,Piazza di Spagna Guest House #2,Alloggio Airbnb / Case Vacanza,Roma,Piazza di Spagna,https://www.piazzadispagnaguesthouse2.it,info@piazzadispagnaguesthouse2.it,+39 334 308 9759,2026-08-17
RM-0507,Piazza di Spagna Guest House #3,Alloggio Airbnb / Case Vacanza,Roma,Piazza di Spagna,https://www.piazzadispagnaguesthouse3.it,info@piazzadispagnaguesthouse3.it,+39 334 308 9759,2026-08-17
RM-0508,Piazza di Spagna Dimora di Charme #1,Alloggio Airbnb / Case Vacanza,Roma,Piazza di Spagna,https://www.piazzadispagnadimoradicharme1.it,info@piazzadispagnadimoradicharme1.it,+39 334 308 9759,2026-08-17
RM-0509,Piazza di Spagna Dimora di Charme #2,Alloggio Airbnb / Case Vacanza,Roma,Piazza di Spagna,https://www.piazzadispagnadimoradicharme2.it,info@piazzadispagnadimoradicharme2.it,+39 334 308 9759,2026-08-17
RM-0510,Piazza di Spagna Dimora di Charme #3,Alloggio Airbnb / Case Vacanza,Roma,Piazza di Spagna,https://www.piazzadispagnadimoradicharme3.it,info@piazzadispagnadimoradicharme3.it,+39 334 308 9759,2026-08-17
RM-0511,Piazza di Spagna Relais Urbano #1,Alloggio Airbnb / Case Vacanza,Roma,Piazza di Spagna,https://www.piazzadispagnarelaisurbano1.it,info@piazzadispagnarelaisurbano1.it,+39 334 308 9759,2026-08-17
RM-0512,Piazza di Spagna Relais Urbano #2,Alloggio Airbnb / Case Vacanza,Roma,Piazza di Spagna,https://www.piazzadispagnarelaisurbano2.it,info@piazzadispagnarelaisurbano2.it,+39 334 308 9759,2026-08-17
RM-0513,Piazza di Spagna Relais Urbano #3,Alloggio Airbnb / Case Vacanza,Roma,Piazza di Spagna,https://www.piazzadispagnarelaisurbano3.it,info@piazzadispagnarelaisurbano3.it,+39 334 308 9759,2026-08-17
RM-0514,Piazza di Spagna Maison Elegance #1,Alloggio Airbnb / Case Vacanza,Roma,Piazza di Spagna,https://www.piazzadispagnamaisonelegance1.it,info@piazzadispagnamaisonelegance1.it,+39 334 308 9759,2026-08-17
RM-0515,Piazza di Spagna Maison Elegance #2,Alloggio Airbnb / Case Vacanza,Roma,Piazza di Spagna,https://www.piazzadispagnamaisonelegance2.it,info@piazzadispagnamaisonelegance2.it,+39 334 308 9759,2026-08-17
RM-0516,Piazza di Spagna Maison Elegance #3,Alloggio Airbnb / Case Vacanza,Roma,Piazza di Spagna,https://www.piazzadispagnamaisonelegance3.it,info@piazzadispagnamaisonelegance3.it,+39 334 308 9759,2026-08-17
RM-0517,Piazza di Spagna Suites & Spa #1,Alloggio Airbnb / Case Vacanza,Roma,Piazza di Spagna,https://www.piazzadispagnasuitesspa1.it,info@piazzadispagnasuitesspa1.it,+39 334 308 9759,2026-08-17
RM-0518,Piazza di Spagna Suites & Spa #2,Alloggio Airbnb / Case Vacanza,Roma,Piazza di Spagna,https://www.piazzadispagnasuitesspa2.it,info@piazzadispagnasuitesspa2.it,+39 334 308 9759,2026-08-17
RM-0519,Piazza di Spagna Suites & Spa #3,Alloggio Airbnb / Case Vacanza,Roma,Piazza di Spagna,https://www.piazzadispagnasuitesspa3.it,info@piazzadispagnasuitesspa3.it,+39 334 308 9759,2026-08-17
RM-0520,Piazza di Spagna Attico Panoramico #1,Alloggio Airbnb / Case Vacanza,Roma,Piazza di Spagna,https://www.piazzadispagnaatticopanoramico1.it,info@piazzadispagnaatticopanoramico1.it,+39 334 308 9759,2026-08-17
RM-0521,Piazza di Spagna Attico Panoramico #2,Alloggio Airbnb / Case Vacanza,Roma,Piazza di Spagna,https://www.piazzadispagnaatticopanoramico2.it,info@piazzadispagnaatticopanoramico2.it,+39 334 308 9759,2026-08-17
RM-0522,Piazza di Spagna Attico Panoramico #3,Alloggio Airbnb / Case Vacanza,Roma,Piazza di Spagna,https://www.piazzadispagnaatticopanoramico3.it,info@piazzadispagnaatticopanoramico3.it,+39 334 308 9759,2026-08-17
RM-0523,Piazza di Spagna Vacanze Romane Flat #1,Alloggio Airbnb / Case Vacanza,Roma,Piazza di Spagna,https://www.piazzadispagnavacanzeromaneflat1.it,info@piazzadispagnavacanzeromaneflat1.it,+39 334 308 9759,2026-08-17
RM-0524,Piazza di Spagna Vacanze Romane Flat #2,Alloggio Airbnb / Case Vacanza,Roma,Piazza di Spagna,https://www.piazzadispagnavacanzeromaneflat2.it,info@piazzadispagnavacanzeromaneflat2.it,+39 334 308 9759,2026-08-17
RM-0525,Piazza di Spagna Vacanze Romane Flat #3,Alloggio Airbnb / Case Vacanza,Roma,Piazza di Spagna,https://www.piazzadispagnavacanzeromaneflat3.it,info@piazzadispagnavacanzeromaneflat3.it,+39 334 308 9759,2026-08-17
RM-0526,Piazza di Spagna Art Living Apartment #1,Alloggio Airbnb / Case Vacanza,Roma,Piazza di Spagna,https://www.piazzadispagnaartlivingapartment1.it,info@piazzadispagnaartlivingapartment1.it,+39 334 308 9759,2026-08-17
RM-0527,Piazza di Spagna Art Living Apartment #2,Alloggio Airbnb / Case Vacanza,Roma,Piazza di Spagna,https://www.piazzadispagnaartlivingapartment2.it,info@piazzadispagnaartlivingapartment2.it,+39 334 308 9759,2026-08-17
RM-0528,Piazza di Spagna Art Living Apartment #3,Alloggio Airbnb / Case Vacanza,Roma,Piazza di Spagna,https://www.piazzadispagnaartlivingapartment3.it,info@piazzadispagnaartlivingapartment3.it,+39 334 308 9759,2026-08-17
RM-0529,Piazza di Spagna Modern Loft #1,Alloggio Airbnb / Case Vacanza,Roma,Piazza di Spagna,https://www.piazzadispagnamodernloft1.it,info@piazzadispagnamodernloft1.it,+39 334 308 9759,2026-08-17
RM-0530,Piazza di Spagna Modern Loft #2,Alloggio Airbnb / Case Vacanza,Roma,Piazza di Spagna,https://www.piazzadispagnamodernloft2.it,info@piazzadispagnamodernloft2.it,+39 334 308 9759,2026-08-17
RM-0531,Piazza di Spagna Modern Loft #3,Alloggio Airbnb / Case Vacanza,Roma,Piazza di Spagna,https://www.piazzadispagnamodernloft3.it,info@piazzadispagnamodernloft3.it,+39 334 308 9759,2026-08-17
RM-0532,Piazza di Spagna Executive Suite #1,Alloggio Airbnb / Case Vacanza,Roma,Piazza di Spagna,https://www.piazzadispagnaexecutivesuite1.it,info@piazzadispagnaexecutivesuite1.it,+39 334 308 9759,2026-08-17
RM-0533,Piazza di Spagna Executive Suite #2,Alloggio Airbnb / Case Vacanza,Roma,Piazza di Spagna,https://www.piazzadispagnaexecutivesuite2.it,info@piazzadispagnaexecutivesuite2.it,+39 334 308 9759,2026-08-17
RM-0534,Piazza di Spagna Executive Suite #3,Alloggio Airbnb / Case Vacanza,Roma,Piazza di Spagna,https://www.piazzadispagnaexecutivesuite3.it,info@piazzadispagnaexecutivesuite3.it,+39 334 308 9759,2026-08-17
RM-0535,Piazza di Spagna Cozy Nest #1,Alloggio Airbnb / Case Vacanza,Roma,Piazza di Spagna,https://www.piazzadispagnacozynest1.it,info@piazzadispagnacozynest1.it,+39 334 308 9759,2026-08-17
RM-0536,Piazza di Spagna Cozy Nest #2,Alloggio Airbnb / Case Vacanza,Roma,Piazza di Spagna,https://www.piazzadispagnacozynest2.it,info@piazzadispagnacozynest2.it,+39 334 308 9759,2026-08-17
RM-0537,Piazza di Spagna Cozy Nest #3,Alloggio Airbnb / Case Vacanza,Roma,Piazza di Spagna,https://www.piazzadispagnacozynest3.it,info@piazzadispagnacozynest3.it,+39 334 308 9759,2026-08-17
RM-0538,Piazza di Spagna Prestige Home #1,Alloggio Airbnb / Case Vacanza,Roma,Piazza di Spagna,https://www.piazzadispagnaprestigehome1.it,info@piazzadispagnaprestigehome1.it,+39 334 308 9759,2026-08-17
RM-0539,Piazza di Spagna Prestige Home #2,Alloggio Airbnb / Case Vacanza,Roma,Piazza di Spagna,https://www.piazzadispagnaprestigehome2.it,info@piazzadispagnaprestigehome2.it,+39 334 308 9759,2026-08-17
RM-0540,Piazza di Spagna Prestige Home #3,Alloggio Airbnb / Case Vacanza,Roma,Piazza di Spagna,https://www.piazzadispagnaprestigehome3.it,info@piazzadispagnaprestigehome3.it,+39 334 308 9759,2026-08-17
RM-0541,Via del Corso Luxury Apartment #1,Alloggio Airbnb / Case Vacanza,Roma,Via del Corso,https://www.viadelcorsoluxuryapartment1.it,info@viadelcorsoluxuryapartment1.it,+39 334 308 9759,2026-08-17
RM-0542,Via del Corso Luxury Apartment #2,Alloggio Airbnb / Case Vacanza,Roma,Via del Corso,https://www.viadelcorsoluxuryapartment2.it,info@viadelcorsoluxuryapartment2.it,+39 334 308 9759,2026-08-17
RM-0543,Via del Corso Luxury Apartment #3,Alloggio Airbnb / Case Vacanza,Roma,Via del Corso,https://www.viadelcorsoluxuryapartment3.it,info@viadelcorsoluxuryapartment3.it,+39 334 308 9759,2026-08-17
RM-0544,Via del Corso Boutique Suites #1,Alloggio Airbnb / Case Vacanza,Roma,Via del Corso,https://www.viadelcorsoboutiquesuites1.it,info@viadelcorsoboutiquesuites1.it,+39 334 308 9759,2026-08-17
RM-0545,Via del Corso Boutique Suites #2,Alloggio Airbnb / Case Vacanza,Roma,Via del Corso,https://www.viadelcorsoboutiquesuites2.it,info@viadelcorsoboutiquesuites2.it,+39 334 308 9759,2026-08-17
RM-0546,Via del Corso Boutique Suites #3,Alloggio Airbnb / Case Vacanza,Roma,Via del Corso,https://www.viadelcorsoboutiquesuites3.it,info@viadelcorsoboutiquesuites3.it,+39 334 308 9759,2026-08-17
RM-0547,Via del Corso Charme Flat #1,Alloggio Airbnb / Case Vacanza,Roma,Via del Corso,https://www.viadelcorsocharmeflat1.it,info@viadelcorsocharmeflat1.it,+39 334 308 9759,2026-08-17
RM-0548,Via del Corso Charme Flat #2,Alloggio Airbnb / Case Vacanza,Roma,Via del Corso,https://www.viadelcorsocharmeflat2.it,info@viadelcorsocharmeflat2.it,+39 334 308 9759,2026-08-17
RM-0549,Via del Corso Charme Flat #3,Alloggio Airbnb / Case Vacanza,Roma,Via del Corso,https://www.viadelcorsocharmeflat3.it,info@viadelcorsocharmeflat3.it,+39 334 308 9759,2026-08-17
RM-0550,Via del Corso Design Loft #1,Alloggio Airbnb / Case Vacanza,Roma,Via del Corso,https://www.viadelcorsodesignloft1.it,info@viadelcorsodesignloft1.it,+39 334 308 9759,2026-08-17
RM-0551,Via del Corso Design Loft #2,Alloggio Airbnb / Case Vacanza,Roma,Via del Corso,https://www.viadelcorsodesignloft2.it,info@viadelcorsodesignloft2.it,+39 334 308 9759,2026-08-17
RM-0552,Via del Corso Design Loft #3,Alloggio Airbnb / Case Vacanza,Roma,Via del Corso,https://www.viadelcorsodesignloft3.it,info@viadelcorsodesignloft3.it,+39 334 308 9759,2026-08-17
RM-0553,Via del Corso Panoramic Terrace #1,Alloggio Airbnb / Case Vacanza,Roma,Via del Corso,https://www.viadelcorsopanoramicterrace1.it,info@viadelcorsopanoramicterrace1.it,+39 334 308 9759,2026-08-17
RM-0554,Via del Corso Panoramic Terrace #2,Alloggio Airbnb / Case Vacanza,Roma,Via del Corso,https://www.viadelcorsopanoramicterrace2.it,info@viadelcorsopanoramicterrace2.it,+39 334 308 9759,2026-08-17
RM-0555,Via del Corso Panoramic Terrace #3,Alloggio Airbnb / Case Vacanza,Roma,Via del Corso,https://www.viadelcorsopanoramicterrace3.it,info@viadelcorsopanoramicterrace3.it,+39 334 308 9759,2026-08-17
RM-0556,Via del Corso Historic Residence #1,Alloggio Airbnb / Case Vacanza,Roma,Via del Corso,https://www.viadelcorsohistoricresidence1.it,info@viadelcorsohistoricresidence1.it,+39 334 308 9759,2026-08-17
RM-0557,Via del Corso Historic Residence #2,Alloggio Airbnb / Case Vacanza,Roma,Via del Corso,https://www.viadelcorsohistoricresidence2.it,info@viadelcorsohistoricresidence2.it,+39 334 308 9759,2026-08-17
RM-0558,Via del Corso Historic Residence #3,Alloggio Airbnb / Case Vacanza,Roma,Via del Corso,https://www.viadelcorsohistoricresidence3.it,info@viadelcorsohistoricresidence3.it,+39 334 308 9759,2026-08-17
RM-0559,Via del Corso Exclusive Penthouse #1,Alloggio Airbnb / Case Vacanza,Roma,Via del Corso,https://www.viadelcorsoexclusivepenthouse1.it,info@viadelcorsoexclusivepenthouse1.it,+39 334 308 9759,2026-08-17
RM-0560,Via del Corso Exclusive Penthouse #2,Alloggio Airbnb / Case Vacanza,Roma,Via del Corso,https://www.viadelcorsoexclusivepenthouse2.it,info@viadelcorsoexclusivepenthouse2.it,+39 334 308 9759,2026-08-17
RM-0561,Via del Corso Exclusive Penthouse #3,Alloggio Airbnb / Case Vacanza,Roma,Via del Corso,https://www.viadelcorsoexclusivepenthouse3.it,info@viadelcorsoexclusivepenthouse3.it,+39 334 308 9759,2026-08-17
RM-0562,Via del Corso Holiday Home #1,Alloggio Airbnb / Case Vacanza,Roma,Via del Corso,https://www.viadelcorsoholidayhome1.it,info@viadelcorsoholidayhome1.it,+39 334 308 9759,2026-08-17
RM-0563,Via del Corso Holiday Home #2,Alloggio Airbnb / Case Vacanza,Roma,Via del Corso,https://www.viadelcorsoholidayhome2.it,info@viadelcorsoholidayhome2.it,+39 334 308 9759,2026-08-17
RM-0564,Via del Corso Holiday Home #3,Alloggio Airbnb / Case Vacanza,Roma,Via del Corso,https://www.viadelcorsoholidayhome3.it,info@viadelcorsoholidayhome3.it,+39 334 308 9759,2026-08-17
RM-0565,Via del Corso Guest House #1,Alloggio Airbnb / Case Vacanza,Roma,Via del Corso,https://www.viadelcorsoguesthouse1.it,info@viadelcorsoguesthouse1.it,+39 334 308 9759,2026-08-17
RM-0566,Via del Corso Guest House #2,Alloggio Airbnb / Case Vacanza,Roma,Via del Corso,https://www.viadelcorsoguesthouse2.it,info@viadelcorsoguesthouse2.it,+39 334 308 9759,2026-08-17
RM-0567,Via del Corso Guest House #3,Alloggio Airbnb / Case Vacanza,Roma,Via del Corso,https://www.viadelcorsoguesthouse3.it,info@viadelcorsoguesthouse3.it,+39 334 308 9759,2026-08-17
RM-0568,Via del Corso Dimora di Charme #1,Alloggio Airbnb / Case Vacanza,Roma,Via del Corso,https://www.viadelcorsodimoradicharme1.it,info@viadelcorsodimoradicharme1.it,+39 334 308 9759,2026-08-17
RM-0569,Via del Corso Dimora di Charme #2,Alloggio Airbnb / Case Vacanza,Roma,Via del Corso,https://www.viadelcorsodimoradicharme2.it,info@viadelcorsodimoradicharme2.it,+39 334 308 9759,2026-08-17
RM-0570,Via del Corso Dimora di Charme #3,Alloggio Airbnb / Case Vacanza,Roma,Via del Corso,https://www.viadelcorsodimoradicharme3.it,info@viadelcorsodimoradicharme3.it,+39 334 308 9759,2026-08-17
RM-0571,Via del Corso Relais Urbano #1,Alloggio Airbnb / Case Vacanza,Roma,Via del Corso,https://www.viadelcorsorelaisurbano1.it,info@viadelcorsorelaisurbano1.it,+39 334 308 9759,2026-08-17
RM-0572,Via del Corso Relais Urbano #2,Alloggio Airbnb / Case Vacanza,Roma,Via del Corso,https://www.viadelcorsorelaisurbano2.it,info@viadelcorsorelaisurbano2.it,+39 334 308 9759,2026-08-17
RM-0573,Via del Corso Relais Urbano #3,Alloggio Airbnb / Case Vacanza,Roma,Via del Corso,https://www.viadelcorsorelaisurbano3.it,info@viadelcorsorelaisurbano3.it,+39 334 308 9759,2026-08-17
RM-0574,Via del Corso Maison Elegance #1,Alloggio Airbnb / Case Vacanza,Roma,Via del Corso,https://www.viadelcorsomaisonelegance1.it,info@viadelcorsomaisonelegance1.it,+39 334 308 9759,2026-08-17
RM-0575,Via del Corso Maison Elegance #2,Alloggio Airbnb / Case Vacanza,Roma,Via del Corso,https://www.viadelcorsomaisonelegance2.it,info@viadelcorsomaisonelegance2.it,+39 334 308 9759,2026-08-17
RM-0576,Via del Corso Maison Elegance #3,Alloggio Airbnb / Case Vacanza,Roma,Via del Corso,https://www.viadelcorsomaisonelegance3.it,info@viadelcorsomaisonelegance3.it,+39 334 308 9759,2026-08-17
RM-0577,Via del Corso Suites & Spa #1,Alloggio Airbnb / Case Vacanza,Roma,Via del Corso,https://www.viadelcorsosuitesspa1.it,info@viadelcorsosuitesspa1.it,+39 334 308 9759,2026-08-17
RM-0578,Via del Corso Suites & Spa #2,Alloggio Airbnb / Case Vacanza,Roma,Via del Corso,https://www.viadelcorsosuitesspa2.it,info@viadelcorsosuitesspa2.it,+39 334 308 9759,2026-08-17
RM-0579,Via del Corso Suites & Spa #3,Alloggio Airbnb / Case Vacanza,Roma,Via del Corso,https://www.viadelcorsosuitesspa3.it,info@viadelcorsosuitesspa3.it,+39 334 308 9759,2026-08-17
RM-0580,Via del Corso Attico Panoramico #1,Alloggio Airbnb / Case Vacanza,Roma,Via del Corso,https://www.viadelcorsoatticopanoramico1.it,info@viadelcorsoatticopanoramico1.it,+39 334 308 9759,2026-08-17
RM-0581,Via del Corso Attico Panoramico #2,Alloggio Airbnb / Case Vacanza,Roma,Via del Corso,https://www.viadelcorsoatticopanoramico2.it,info@viadelcorsoatticopanoramico2.it,+39 334 308 9759,2026-08-17
RM-0582,Via del Corso Attico Panoramico #3,Alloggio Airbnb / Case Vacanza,Roma,Via del Corso,https://www.viadelcorsoatticopanoramico3.it,info@viadelcorsoatticopanoramico3.it,+39 334 308 9759,2026-08-17
RM-0583,Via del Corso Vacanze Romane Flat #1,Alloggio Airbnb / Case Vacanza,Roma,Via del Corso,https://www.viadelcorsovacanzeromaneflat1.it,info@viadelcorsovacanzeromaneflat1.it,+39 334 308 9759,2026-08-17
RM-0584,Via del Corso Vacanze Romane Flat #2,Alloggio Airbnb / Case Vacanza,Roma,Via del Corso,https://www.viadelcorsovacanzeromaneflat2.it,info@viadelcorsovacanzeromaneflat2.it,+39 334 308 9759,2026-08-17
RM-0585,Via del Corso Vacanze Romane Flat #3,Alloggio Airbnb / Case Vacanza,Roma,Via del Corso,https://www.viadelcorsovacanzeromaneflat3.it,info@viadelcorsovacanzeromaneflat3.it,+39 334 308 9759,2026-08-17
RM-0586,Via del Corso Art Living Apartment #1,Alloggio Airbnb / Case Vacanza,Roma,Via del Corso,https://www.viadelcorsoartlivingapartment1.it,info@viadelcorsoartlivingapartment1.it,+39 334 308 9759,2026-08-17
RM-0587,Via del Corso Art Living Apartment #2,Alloggio Airbnb / Case Vacanza,Roma,Via del Corso,https://www.viadelcorsoartlivingapartment2.it,info@viadelcorsoartlivingapartment2.it,+39 334 308 9759,2026-08-17
RM-0588,Via del Corso Art Living Apartment #3,Alloggio Airbnb / Case Vacanza,Roma,Via del Corso,https://www.viadelcorsoartlivingapartment3.it,info@viadelcorsoartlivingapartment3.it,+39 334 308 9759,2026-08-17
RM-0589,Via del Corso Modern Loft #1,Alloggio Airbnb / Case Vacanza,Roma,Via del Corso,https://www.viadelcorsomodernloft1.it,info@viadelcorsomodernloft1.it,+39 334 308 9759,2026-08-17
RM-0590,Via del Corso Modern Loft #2,Alloggio Airbnb / Case Vacanza,Roma,Via del Corso,https://www.viadelcorsomodernloft2.it,info@viadelcorsomodernloft2.it,+39 334 308 9759,2026-08-17
RM-0591,Via del Corso Modern Loft #3,Alloggio Airbnb / Case Vacanza,Roma,Via del Corso,https://www.viadelcorsomodernloft3.it,info@viadelcorsomodernloft3.it,+39 334 308 9759,2026-08-17
RM-0592,Via del Corso Executive Suite #1,Alloggio Airbnb / Case Vacanza,Roma,Via del Corso,https://www.viadelcorsoexecutivesuite1.it,info@viadelcorsoexecutivesuite1.it,+39 334 308 9759,2026-08-17
RM-0593,Via del Corso Executive Suite #2,Alloggio Airbnb / Case Vacanza,Roma,Via del Corso,https://www.viadelcorsoexecutivesuite2.it,info@viadelcorsoexecutivesuite2.it,+39 334 308 9759,2026-08-17
RM-0594,Via del Corso Executive Suite #3,Alloggio Airbnb / Case Vacanza,Roma,Via del Corso,https://www.viadelcorsoexecutivesuite3.it,info@viadelcorsoexecutivesuite3.it,+39 334 308 9759,2026-08-17
RM-0595,Via del Corso Cozy Nest #1,Alloggio Airbnb / Case Vacanza,Roma,Via del Corso,https://www.viadelcorsocozynest1.it,info@viadelcorsocozynest1.it,+39 334 308 9759,2026-08-17
RM-0596,Via del Corso Cozy Nest #2,Alloggio Airbnb / Case Vacanza,Roma,Via del Corso,https://www.viadelcorsocozynest2.it,info@viadelcorsocozynest2.it,+39 334 308 9759,2026-08-17
RM-0597,Via del Corso Cozy Nest #3,Alloggio Airbnb / Case Vacanza,Roma,Via del Corso,https://www.viadelcorsocozynest3.it,info@viadelcorsocozynest3.it,+39 334 308 9759,2026-08-17
RM-0598,Via del Corso Prestige Home #1,Alloggio Airbnb / Case Vacanza,Roma,Via del Corso,https://www.viadelcorsoprestigehome1.it,info@viadelcorsoprestigehome1.it,+39 334 308 9759,2026-08-17
RM-0599,Via del Corso Prestige Home #2,Alloggio Airbnb / Case Vacanza,Roma,Via del Corso,https://www.viadelcorsoprestigehome2.it,info@viadelcorsoprestigehome2.it,+39 334 308 9759,2026-08-17
RM-0600,Via del Corso Prestige Home #3,Alloggio Airbnb / Case Vacanza,Roma,Via del Corso,https://www.viadelcorsoprestigehome3.it,info@viadelcorsoprestigehome3.it,+39 334 308 9759,2026-08-17
RM-0601,Via Frattina Luxury Apartment #1,Alloggio Airbnb / Case Vacanza,Roma,Via Frattina,https://www.viafrattinaluxuryapartment1.it,info@viafrattinaluxuryapartment1.it,+39 334 308 9759,2026-08-17
RM-0602,Via Frattina Luxury Apartment #2,Alloggio Airbnb / Case Vacanza,Roma,Via Frattina,https://www.viafrattinaluxuryapartment2.it,info@viafrattinaluxuryapartment2.it,+39 334 308 9759,2026-08-17
RM-0603,Via Frattina Luxury Apartment #3,Alloggio Airbnb / Case Vacanza,Roma,Via Frattina,https://www.viafrattinaluxuryapartment3.it,info@viafrattinaluxuryapartment3.it,+39 334 308 9759,2026-08-17
RM-0604,Via Frattina Boutique Suites #1,Alloggio Airbnb / Case Vacanza,Roma,Via Frattina,https://www.viafrattinaboutiquesuites1.it,info@viafrattinaboutiquesuites1.it,+39 334 308 9759,2026-08-17
RM-0605,Via Frattina Boutique Suites #2,Alloggio Airbnb / Case Vacanza,Roma,Via Frattina,https://www.viafrattinaboutiquesuites2.it,info@viafrattinaboutiquesuites2.it,+39 334 308 9759,2026-08-17
RM-0606,Via Frattina Boutique Suites #3,Alloggio Airbnb / Case Vacanza,Roma,Via Frattina,https://www.viafrattinaboutiquesuites3.it,info@viafrattinaboutiquesuites3.it,+39 334 308 9759,2026-08-17
RM-0607,Via Frattina Charme Flat #1,Alloggio Airbnb / Case Vacanza,Roma,Via Frattina,https://www.viafrattinacharmeflat1.it,info@viafrattinacharmeflat1.it,+39 334 308 9759,2026-08-17
RM-0608,Via Frattina Charme Flat #2,Alloggio Airbnb / Case Vacanza,Roma,Via Frattina,https://www.viafrattinacharmeflat2.it,info@viafrattinacharmeflat2.it,+39 334 308 9759,2026-08-17
RM-0609,Via Frattina Charme Flat #3,Alloggio Airbnb / Case Vacanza,Roma,Via Frattina,https://www.viafrattinacharmeflat3.it,info@viafrattinacharmeflat3.it,+39 334 308 9759,2026-08-17
RM-0610,Via Frattina Design Loft #1,Alloggio Airbnb / Case Vacanza,Roma,Via Frattina,https://www.viafrattinadesignloft1.it,info@viafrattinadesignloft1.it,+39 334 308 9759,2026-08-17
RM-0611,Via Frattina Design Loft #2,Alloggio Airbnb / Case Vacanza,Roma,Via Frattina,https://www.viafrattinadesignloft2.it,info@viafrattinadesignloft2.it,+39 334 308 9759,2026-08-17
RM-0612,Via Frattina Design Loft #3,Alloggio Airbnb / Case Vacanza,Roma,Via Frattina,https://www.viafrattinadesignloft3.it,info@viafrattinadesignloft3.it,+39 334 308 9759,2026-08-17
RM-0613,Via Frattina Panoramic Terrace #1,Alloggio Airbnb / Case Vacanza,Roma,Via Frattina,https://www.viafrattinapanoramicterrace1.it,info@viafrattinapanoramicterrace1.it,+39 334 308 9759,2026-08-17
RM-0614,Via Frattina Panoramic Terrace #2,Alloggio Airbnb / Case Vacanza,Roma,Via Frattina,https://www.viafrattinapanoramicterrace2.it,info@viafrattinapanoramicterrace2.it,+39 334 308 9759,2026-08-17
RM-0615,Via Frattina Panoramic Terrace #3,Alloggio Airbnb / Case Vacanza,Roma,Via Frattina,https://www.viafrattinapanoramicterrace3.it,info@viafrattinapanoramicterrace3.it,+39 334 308 9759,2026-08-17
RM-0616,Via Frattina Historic Residence #1,Alloggio Airbnb / Case Vacanza,Roma,Via Frattina,https://www.viafrattinahistoricresidence1.it,info@viafrattinahistoricresidence1.it,+39 334 308 9759,2026-08-17
RM-0617,Via Frattina Historic Residence #2,Alloggio Airbnb / Case Vacanza,Roma,Via Frattina,https://www.viafrattinahistoricresidence2.it,info@viafrattinahistoricresidence2.it,+39 334 308 9759,2026-08-17
RM-0618,Via Frattina Historic Residence #3,Alloggio Airbnb / Case Vacanza,Roma,Via Frattina,https://www.viafrattinahistoricresidence3.it,info@viafrattinahistoricresidence3.it,+39 334 308 9759,2026-08-17
RM-0619,Via Frattina Exclusive Penthouse #1,Alloggio Airbnb / Case Vacanza,Roma,Via Frattina,https://www.viafrattinaexclusivepenthouse1.it,info@viafrattinaexclusivepenthouse1.it,+39 334 308 9759,2026-08-17
RM-0620,Via Frattina Exclusive Penthouse #2,Alloggio Airbnb / Case Vacanza,Roma,Via Frattina,https://www.viafrattinaexclusivepenthouse2.it,info@viafrattinaexclusivepenthouse2.it,+39 334 308 9759,2026-08-17
RM-0621,Via Frattina Exclusive Penthouse #3,Alloggio Airbnb / Case Vacanza,Roma,Via Frattina,https://www.viafrattinaexclusivepenthouse3.it,info@viafrattinaexclusivepenthouse3.it,+39 334 308 9759,2026-08-17
RM-0622,Via Frattina Holiday Home #1,Alloggio Airbnb / Case Vacanza,Roma,Via Frattina,https://www.viafrattinaholidayhome1.it,info@viafrattinaholidayhome1.it,+39 334 308 9759,2026-08-17
RM-0623,Via Frattina Holiday Home #2,Alloggio Airbnb / Case Vacanza,Roma,Via Frattina,https://www.viafrattinaholidayhome2.it,info@viafrattinaholidayhome2.it,+39 334 308 9759,2026-08-17
RM-0624,Via Frattina Holiday Home #3,Alloggio Airbnb / Case Vacanza,Roma,Via Frattina,https://www.viafrattinaholidayhome3.it,info@viafrattinaholidayhome3.it,+39 334 308 9759,2026-08-17
RM-0625,Via Frattina Guest House #1,Alloggio Airbnb / Case Vacanza,Roma,Via Frattina,https://www.viafrattinaguesthouse1.it,info@viafrattinaguesthouse1.it,+39 334 308 9759,2026-08-17
RM-0626,Via Frattina Guest House #2,Alloggio Airbnb / Case Vacanza,Roma,Via Frattina,https://www.viafrattinaguesthouse2.it,info@viafrattinaguesthouse2.it,+39 334 308 9759,2026-08-17
RM-0627,Via Frattina Guest House #3,Alloggio Airbnb / Case Vacanza,Roma,Via Frattina,https://www.viafrattinaguesthouse3.it,info@viafrattinaguesthouse3.it,+39 334 308 9759,2026-08-17
RM-0628,Via Frattina Dimora di Charme #1,Alloggio Airbnb / Case Vacanza,Roma,Via Frattina,https://www.viafrattinadimoradicharme1.it,info@viafrattinadimoradicharme1.it,+39 334 308 9759,2026-08-17
RM-0629,Via Frattina Dimora di Charme #2,Alloggio Airbnb / Case Vacanza,Roma,Via Frattina,https://www.viafrattinadimoradicharme2.it,info@viafrattinadimoradicharme2.it,+39 334 308 9759,2026-08-17
RM-0630,Via Frattina Dimora di Charme #3,Alloggio Airbnb / Case Vacanza,Roma,Via Frattina,https://www.viafrattinadimoradicharme3.it,info@viafrattinadimoradicharme3.it,+39 334 308 9759,2026-08-17
RM-0631,Via Frattina Relais Urbano #1,Alloggio Airbnb / Case Vacanza,Roma,Via Frattina,https://www.viafrattinarelaisurbano1.it,info@viafrattinarelaisurbano1.it,+39 334 308 9759,2026-08-17
RM-0632,Via Frattina Relais Urbano #2,Alloggio Airbnb / Case Vacanza,Roma,Via Frattina,https://www.viafrattinarelaisurbano2.it,info@viafrattinarelaisurbano2.it,+39 334 308 9759,2026-08-17
RM-0633,Via Frattina Relais Urbano #3,Alloggio Airbnb / Case Vacanza,Roma,Via Frattina,https://www.viafrattinarelaisurbano3.it,info@viafrattinarelaisurbano3.it,+39 334 308 9759,2026-08-17
RM-0634,Via Frattina Maison Elegance #1,Alloggio Airbnb / Case Vacanza,Roma,Via Frattina,https://www.viafrattinamaisonelegance1.it,info@viafrattinamaisonelegance1.it,+39 334 308 9759,2026-08-17
RM-0635,Via Frattina Maison Elegance #2,Alloggio Airbnb / Case Vacanza,Roma,Via Frattina,https://www.viafrattinamaisonelegance2.it,info@viafrattinamaisonelegance2.it,+39 334 308 9759,2026-08-17
RM-0636,Via Frattina Maison Elegance #3,Alloggio Airbnb / Case Vacanza,Roma,Via Frattina,https://www.viafrattinamaisonelegance3.it,info@viafrattinamaisonelegance3.it,+39 334 308 9759,2026-08-17
RM-0637,Via Frattina Suites & Spa #1,Alloggio Airbnb / Case Vacanza,Roma,Via Frattina,https://www.viafrattinasuitesspa1.it,info@viafrattinasuitesspa1.it,+39 334 308 9759,2026-08-17
RM-0638,Via Frattina Suites & Spa #2,Alloggio Airbnb / Case Vacanza,Roma,Via Frattina,https://www.viafrattinasuitesspa2.it,info@viafrattinasuitesspa2.it,+39 334 308 9759,2026-08-17
RM-0639,Via Frattina Suites & Spa #3,Alloggio Airbnb / Case Vacanza,Roma,Via Frattina,https://www.viafrattinasuitesspa3.it,info@viafrattinasuitesspa3.it,+39 334 308 9759,2026-08-17
RM-0640,Via Frattina Attico Panoramico #1,Alloggio Airbnb / Case Vacanza,Roma,Via Frattina,https://www.viafrattinaatticopanoramico1.it,info@viafrattinaatticopanoramico1.it,+39 334 308 9759,2026-08-17
RM-0641,Via Frattina Attico Panoramico #2,Alloggio Airbnb / Case Vacanza,Roma,Via Frattina,https://www.viafrattinaatticopanoramico2.it,info@viafrattinaatticopanoramico2.it,+39 334 308 9759,2026-08-17
RM-0642,Via Frattina Attico Panoramico #3,Alloggio Airbnb / Case Vacanza,Roma,Via Frattina,https://www.viafrattinaatticopanoramico3.it,info@viafrattinaatticopanoramico3.it,+39 334 308 9759,2026-08-17
RM-0643,Via Frattina Vacanze Romane Flat #1,Alloggio Airbnb / Case Vacanza,Roma,Via Frattina,https://www.viafrattinavacanzeromaneflat1.it,info@viafrattinavacanzeromaneflat1.it,+39 334 308 9759,2026-08-17
RM-0644,Via Frattina Vacanze Romane Flat #2,Alloggio Airbnb / Case Vacanza,Roma,Via Frattina,https://www.viafrattinavacanzeromaneflat2.it,info@viafrattinavacanzeromaneflat2.it,+39 334 308 9759,2026-08-17
RM-0645,Via Frattina Vacanze Romane Flat #3,Alloggio Airbnb / Case Vacanza,Roma,Via Frattina,https://www.viafrattinavacanzeromaneflat3.it,info@viafrattinavacanzeromaneflat3.it,+39 334 308 9759,2026-08-17
RM-0646,Via Frattina Art Living Apartment #1,Alloggio Airbnb / Case Vacanza,Roma,Via Frattina,https://www.viafrattinaartlivingapartment1.it,info@viafrattinaartlivingapartment1.it,+39 334 308 9759,2026-08-17
RM-0647,Via Frattina Art Living Apartment #2,Alloggio Airbnb / Case Vacanza,Roma,Via Frattina,https://www.viafrattinaartlivingapartment2.it,info@viafrattinaartlivingapartment2.it,+39 334 308 9759,2026-08-17
RM-0648,Via Frattina Art Living Apartment #3,Alloggio Airbnb / Case Vacanza,Roma,Via Frattina,https://www.viafrattinaartlivingapartment3.it,info@viafrattinaartlivingapartment3.it,+39 334 308 9759,2026-08-17
RM-0649,Via Frattina Modern Loft #1,Alloggio Airbnb / Case Vacanza,Roma,Via Frattina,https://www.viafrattinamodernloft1.it,info@viafrattinamodernloft1.it,+39 334 308 9759,2026-08-17
RM-0650,Via Frattina Modern Loft #2,Alloggio Airbnb / Case Vacanza,Roma,Via Frattina,https://www.viafrattinamodernloft2.it,info@viafrattinamodernloft2.it,+39 334 308 9759,2026-08-17
RM-0651,Via Frattina Modern Loft #3,Alloggio Airbnb / Case Vacanza,Roma,Via Frattina,https://www.viafrattinamodernloft3.it,info@viafrattinamodernloft3.it,+39 334 308 9759,2026-08-17
RM-0652,Via Frattina Executive Suite #1,Alloggio Airbnb / Case Vacanza,Roma,Via Frattina,https://www.viafrattinaexecutivesuite1.it,info@viafrattinaexecutivesuite1.it,+39 334 308 9759,2026-08-17
RM-0653,Via Frattina Executive Suite #2,Alloggio Airbnb / Case Vacanza,Roma,Via Frattina,https://www.viafrattinaexecutivesuite2.it,info@viafrattinaexecutivesuite2.it,+39 334 308 9759,2026-08-17
RM-0654,Via Frattina Executive Suite #3,Alloggio Airbnb / Case Vacanza,Roma,Via Frattina,https://www.viafrattinaexecutivesuite3.it,info@viafrattinaexecutivesuite3.it,+39 334 308 9759,2026-08-17
RM-0655,Via Frattina Cozy Nest #1,Alloggio Airbnb / Case Vacanza,Roma,Via Frattina,https://www.viafrattinacozynest1.it,info@viafrattinacozynest1.it,+39 334 308 9759,2026-08-17
RM-0656,Via Frattina Cozy Nest #2,Alloggio Airbnb / Case Vacanza,Roma,Via Frattina,https://www.viafrattinacozynest2.it,info@viafrattinacozynest2.it,+39 334 308 9759,2026-08-17
RM-0657,Via Frattina Cozy Nest #3,Alloggio Airbnb / Case Vacanza,Roma,Via Frattina,https://www.viafrattinacozynest3.it,info@viafrattinacozynest3.it,+39 334 308 9759,2026-08-17
RM-0658,Via Frattina Prestige Home #1,Alloggio Airbnb / Case Vacanza,Roma,Via Frattina,https://www.viafrattinaprestigehome1.it,info@viafrattinaprestigehome1.it,+39 334 308 9759,2026-08-17
RM-0659,Via Frattina Prestige Home #2,Alloggio Airbnb / Case Vacanza,Roma,Via Frattina,https://www.viafrattinaprestigehome2.it,info@viafrattinaprestigehome2.it,+39 334 308 9759,2026-08-17
RM-0660,Via Frattina Prestige Home #3,Alloggio Airbnb / Case Vacanza,Roma,Via Frattina,https://www.viafrattinaprestigehome3.it,info@viafrattinaprestigehome3.it,+39 334 308 9759,2026-08-17
RM-0661,Via Veneto Luxury Apartment #1,Alloggio Airbnb / Case Vacanza,Roma,Via Veneto,https://www.viavenetoluxuryapartment1.it,info@viavenetoluxuryapartment1.it,+39 334 308 9759,2026-08-17
RM-0662,Via Veneto Luxury Apartment #2,Alloggio Airbnb / Case Vacanza,Roma,Via Veneto,https://www.viavenetoluxuryapartment2.it,info@viavenetoluxuryapartment2.it,+39 334 308 9759,2026-08-17
RM-0663,Via Veneto Luxury Apartment #3,Alloggio Airbnb / Case Vacanza,Roma,Via Veneto,https://www.viavenetoluxuryapartment3.it,info@viavenetoluxuryapartment3.it,+39 334 308 9759,2026-08-17
RM-0664,Via Veneto Boutique Suites #1,Alloggio Airbnb / Case Vacanza,Roma,Via Veneto,https://www.viavenetoboutiquesuites1.it,info@viavenetoboutiquesuites1.it,+39 334 308 9759,2026-08-17
RM-0665,Via Veneto Boutique Suites #2,Alloggio Airbnb / Case Vacanza,Roma,Via Veneto,https://www.viavenetoboutiquesuites2.it,info@viavenetoboutiquesuites2.it,+39 334 308 9759,2026-08-17
RM-0666,Via Veneto Boutique Suites #3,Alloggio Airbnb / Case Vacanza,Roma,Via Veneto,https://www.viavenetoboutiquesuites3.it,info@viavenetoboutiquesuites3.it,+39 334 308 9759,2026-08-17
RM-0667,Via Veneto Charme Flat #1,Alloggio Airbnb / Case Vacanza,Roma,Via Veneto,https://www.viavenetocharmeflat1.it,info@viavenetocharmeflat1.it,+39 334 308 9759,2026-08-17
RM-0668,Via Veneto Charme Flat #2,Alloggio Airbnb / Case Vacanza,Roma,Via Veneto,https://www.viavenetocharmeflat2.it,info@viavenetocharmeflat2.it,+39 334 308 9759,2026-08-17
RM-0669,Via Veneto Charme Flat #3,Alloggio Airbnb / Case Vacanza,Roma,Via Veneto,https://www.viavenetocharmeflat3.it,info@viavenetocharmeflat3.it,+39 334 308 9759,2026-08-17
RM-0670,Via Veneto Design Loft #1,Alloggio Airbnb / Case Vacanza,Roma,Via Veneto,https://www.viavenetodesignloft1.it,info@viavenetodesignloft1.it,+39 334 308 9759,2026-08-17
RM-0671,Via Veneto Design Loft #2,Alloggio Airbnb / Case Vacanza,Roma,Via Veneto,https://www.viavenetodesignloft2.it,info@viavenetodesignloft2.it,+39 334 308 9759,2026-08-17
RM-0672,Via Veneto Design Loft #3,Alloggio Airbnb / Case Vacanza,Roma,Via Veneto,https://www.viavenetodesignloft3.it,info@viavenetodesignloft3.it,+39 334 308 9759,2026-08-17
RM-0673,Via Veneto Panoramic Terrace #1,Alloggio Airbnb / Case Vacanza,Roma,Via Veneto,https://www.viavenetopanoramicterrace1.it,info@viavenetopanoramicterrace1.it,+39 334 308 9759,2026-08-17
RM-0674,Via Veneto Panoramic Terrace #2,Alloggio Airbnb / Case Vacanza,Roma,Via Veneto,https://www.viavenetopanoramicterrace2.it,info@viavenetopanoramicterrace2.it,+39 334 308 9759,2026-08-17
RM-0675,Via Veneto Panoramic Terrace #3,Alloggio Airbnb / Case Vacanza,Roma,Via Veneto,https://www.viavenetopanoramicterrace3.it,info@viavenetopanoramicterrace3.it,+39 334 308 9759,2026-08-17
RM-0676,Via Veneto Historic Residence #1,Alloggio Airbnb / Case Vacanza,Roma,Via Veneto,https://www.viavenetohistoricresidence1.it,info@viavenetohistoricresidence1.it,+39 334 308 9759,2026-08-17
RM-0677,Via Veneto Historic Residence #2,Alloggio Airbnb / Case Vacanza,Roma,Via Veneto,https://www.viavenetohistoricresidence2.it,info@viavenetohistoricresidence2.it,+39 334 308 9759,2026-08-17
RM-0678,Via Veneto Historic Residence #3,Alloggio Airbnb / Case Vacanza,Roma,Via Veneto,https://www.viavenetohistoricresidence3.it,info@viavenetohistoricresidence3.it,+39 334 308 9759,2026-08-17
RM-0679,Via Veneto Exclusive Penthouse #1,Alloggio Airbnb / Case Vacanza,Roma,Via Veneto,https://www.viavenetoexclusivepenthouse1.it,info@viavenetoexclusivepenthouse1.it,+39 334 308 9759,2026-08-17
RM-0680,Via Veneto Exclusive Penthouse #2,Alloggio Airbnb / Case Vacanza,Roma,Via Veneto,https://www.viavenetoexclusivepenthouse2.it,info@viavenetoexclusivepenthouse2.it,+39 334 308 9759,2026-08-17
RM-0681,Via Veneto Exclusive Penthouse #3,Alloggio Airbnb / Case Vacanza,Roma,Via Veneto,https://www.viavenetoexclusivepenthouse3.it,info@viavenetoexclusivepenthouse3.it,+39 334 308 9759,2026-08-17
RM-0682,Via Veneto Holiday Home #1,Alloggio Airbnb / Case Vacanza,Roma,Via Veneto,https://www.viavenetoholidayhome1.it,info@viavenetoholidayhome1.it,+39 334 308 9759,2026-08-17
RM-0683,Via Veneto Holiday Home #2,Alloggio Airbnb / Case Vacanza,Roma,Via Veneto,https://www.viavenetoholidayhome2.it,info@viavenetoholidayhome2.it,+39 334 308 9759,2026-08-17
RM-0684,Via Veneto Holiday Home #3,Alloggio Airbnb / Case Vacanza,Roma,Via Veneto,https://www.viavenetoholidayhome3.it,info@viavenetoholidayhome3.it,+39 334 308 9759,2026-08-17
RM-0685,Via Veneto Guest House #1,Alloggio Airbnb / Case Vacanza,Roma,Via Veneto,https://www.viavenetoguesthouse1.it,info@viavenetoguesthouse1.it,+39 334 308 9759,2026-08-17
RM-0686,Via Veneto Guest House #2,Alloggio Airbnb / Case Vacanza,Roma,Via Veneto,https://www.viavenetoguesthouse2.it,info@viavenetoguesthouse2.it,+39 334 308 9759,2026-08-17
RM-0687,Via Veneto Guest House #3,Alloggio Airbnb / Case Vacanza,Roma,Via Veneto,https://www.viavenetoguesthouse3.it,info@viavenetoguesthouse3.it,+39 334 308 9759,2026-08-17
RM-0688,Via Veneto Dimora di Charme #1,Alloggio Airbnb / Case Vacanza,Roma,Via Veneto,https://www.viavenetodimoradicharme1.it,info@viavenetodimoradicharme1.it,+39 334 308 9759,2026-08-17
RM-0689,Via Veneto Dimora di Charme #2,Alloggio Airbnb / Case Vacanza,Roma,Via Veneto,https://www.viavenetodimoradicharme2.it,info@viavenetodimoradicharme2.it,+39 334 308 9759,2026-08-17
RM-0690,Via Veneto Dimora di Charme #3,Alloggio Airbnb / Case Vacanza,Roma,Via Veneto,https://www.viavenetodimoradicharme3.it,info@viavenetodimoradicharme3.it,+39 334 308 9759,2026-08-17
RM-0691,Via Veneto Relais Urbano #1,Alloggio Airbnb / Case Vacanza,Roma,Via Veneto,https://www.viavenetorelaisurbano1.it,info@viavenetorelaisurbano1.it,+39 334 308 9759,2026-08-17
RM-0692,Via Veneto Relais Urbano #2,Alloggio Airbnb / Case Vacanza,Roma,Via Veneto,https://www.viavenetorelaisurbano2.it,info@viavenetorelaisurbano2.it,+39 334 308 9759,2026-08-17
RM-0693,Via Veneto Relais Urbano #3,Alloggio Airbnb / Case Vacanza,Roma,Via Veneto,https://www.viavenetorelaisurbano3.it,info@viavenetorelaisurbano3.it,+39 334 308 9759,2026-08-17
RM-0694,Via Veneto Maison Elegance #1,Alloggio Airbnb / Case Vacanza,Roma,Via Veneto,https://www.viavenetomaisonelegance1.it,info@viavenetomaisonelegance1.it,+39 334 308 9759,2026-08-17
RM-0695,Via Veneto Maison Elegance #2,Alloggio Airbnb / Case Vacanza,Roma,Via Veneto,https://www.viavenetomaisonelegance2.it,info@viavenetomaisonelegance2.it,+39 334 308 9759,2026-08-17
RM-0696,Via Veneto Maison Elegance #3,Alloggio Airbnb / Case Vacanza,Roma,Via Veneto,https://www.viavenetomaisonelegance3.it,info@viavenetomaisonelegance3.it,+39 334 308 9759,2026-08-17
RM-0697,Via Veneto Suites & Spa #1,Alloggio Airbnb / Case Vacanza,Roma,Via Veneto,https://www.viavenetosuitesspa1.it,info@viavenetosuitesspa1.it,+39 334 308 9759,2026-08-17
RM-0698,Via Veneto Suites & Spa #2,Alloggio Airbnb / Case Vacanza,Roma,Via Veneto,https://www.viavenetosuitesspa2.it,info@viavenetosuitesspa2.it,+39 334 308 9759,2026-08-17
RM-0699,Via Veneto Suites & Spa #3,Alloggio Airbnb / Case Vacanza,Roma,Via Veneto,https://www.viavenetosuitesspa3.it,info@viavenetosuitesspa3.it,+39 334 308 9759,2026-08-17
RM-0700,Via Veneto Attico Panoramico #1,Alloggio Airbnb / Case Vacanza,Roma,Via Veneto,https://www.viavenetoatticopanoramico1.it,info@viavenetoatticopanoramico1.it,+39 334 308 9759,2026-08-17
RM-0701,Via Veneto Attico Panoramico #2,Alloggio Airbnb / Case Vacanza,Roma,Via Veneto,https://www.viavenetoatticopanoramico2.it,info@viavenetoatticopanoramico2.it,+39 334 308 9759,2026-08-17
RM-0702,Via Veneto Attico Panoramico #3,Alloggio Airbnb / Case Vacanza,Roma,Via Veneto,https://www.viavenetoatticopanoramico3.it,info@viavenetoatticopanoramico3.it,+39 334 308 9759,2026-08-17
RM-0703,Via Veneto Vacanze Romane Flat #1,Alloggio Airbnb / Case Vacanza,Roma,Via Veneto,https://www.viavenetovacanzeromaneflat1.it,info@viavenetovacanzeromaneflat1.it,+39 334 308 9759,2026-08-17
RM-0704,Via Veneto Vacanze Romane Flat #2,Alloggio Airbnb / Case Vacanza,Roma,Via Veneto,https://www.viavenetovacanzeromaneflat2.it,info@viavenetovacanzeromaneflat2.it,+39 334 308 9759,2026-08-17
RM-0705,Via Veneto Vacanze Romane Flat #3,Alloggio Airbnb / Case Vacanza,Roma,Via Veneto,https://www.viavenetovacanzeromaneflat3.it,info@viavenetovacanzeromaneflat3.it,+39 334 308 9759,2026-08-17
RM-0706,Via Veneto Art Living Apartment #1,Alloggio Airbnb / Case Vacanza,Roma,Via Veneto,https://www.viavenetoartlivingapartment1.it,info@viavenetoartlivingapartment1.it,+39 334 308 9759,2026-08-17
RM-0707,Via Veneto Art Living Apartment #2,Alloggio Airbnb / Case Vacanza,Roma,Via Veneto,https://www.viavenetoartlivingapartment2.it,info@viavenetoartlivingapartment2.it,+39 334 308 9759,2026-08-17
RM-0708,Via Veneto Art Living Apartment #3,Alloggio Airbnb / Case Vacanza,Roma,Via Veneto,https://www.viavenetoartlivingapartment3.it,info@viavenetoartlivingapartment3.it,+39 334 308 9759,2026-08-17
RM-0709,Via Veneto Modern Loft #1,Alloggio Airbnb / Case Vacanza,Roma,Via Veneto,https://www.viavenetomodernloft1.it,info@viavenetomodernloft1.it,+39 334 308 9759,2026-08-17
RM-0710,Via Veneto Modern Loft #2,Alloggio Airbnb / Case Vacanza,Roma,Via Veneto,https://www.viavenetomodernloft2.it,info@viavenetomodernloft2.it,+39 334 308 9759,2026-08-17
RM-0711,Via Veneto Modern Loft #3,Alloggio Airbnb / Case Vacanza,Roma,Via Veneto,https://www.viavenetomodernloft3.it,info@viavenetomodernloft3.it,+39 334 308 9759,2026-08-17
RM-0712,Via Veneto Executive Suite #1,Alloggio Airbnb / Case Vacanza,Roma,Via Veneto,https://www.viavenetoexecutivesuite1.it,info@viavenetoexecutivesuite1.it,+39 334 308 9759,2026-08-17
RM-0713,Via Veneto Executive Suite #2,Alloggio Airbnb / Case Vacanza,Roma,Via Veneto,https://www.viavenetoexecutivesuite2.it,info@viavenetoexecutivesuite2.it,+39 334 308 9759,2026-08-17
RM-0714,Via Veneto Executive Suite #3,Alloggio Airbnb / Case Vacanza,Roma,Via Veneto,https://www.viavenetoexecutivesuite3.it,info@viavenetoexecutivesuite3.it,+39 334 308 9759,2026-08-17
RM-0715,Via Veneto Cozy Nest #1,Alloggio Airbnb / Case Vacanza,Roma,Via Veneto,https://www.viavenetocozynest1.it,info@viavenetocozynest1.it,+39 334 308 9759,2026-08-17
RM-0716,Via Veneto Cozy Nest #2,Alloggio Airbnb / Case Vacanza,Roma,Via Veneto,https://www.viavenetocozynest2.it,info@viavenetocozynest2.it,+39 334 308 9759,2026-08-17
RM-0717,Via Veneto Cozy Nest #3,Alloggio Airbnb / Case Vacanza,Roma,Via Veneto,https://www.viavenetocozynest3.it,info@viavenetocozynest3.it,+39 334 308 9759,2026-08-17
RM-0718,Via Veneto Prestige Home #1,Alloggio Airbnb / Case Vacanza,Roma,Via Veneto,https://www.viavenetoprestigehome1.it,info@viavenetoprestigehome1.it,+39 334 308 9759,2026-08-17
RM-0719,Via Veneto Prestige Home #2,Alloggio Airbnb / Case Vacanza,Roma,Via Veneto,https://www.viavenetoprestigehome2.it,info@viavenetoprestigehome2.it,+39 334 308 9759,2026-08-17
RM-0720,Via Veneto Prestige Home #3,Alloggio Airbnb / Case Vacanza,Roma,Via Veneto,https://www.viavenetoprestigehome3.it,info@viavenetoprestigehome3.it,+39 334 308 9759,2026-08-17
RM-0721,Flaminio Luxury Apartment #1,Alloggio Airbnb / Case Vacanza,Roma,Flaminio,https://www.flaminioluxuryapartment1.it,info@flaminioluxuryapartment1.it,+39 334 308 9759,2026-08-17
RM-0722,Flaminio Luxury Apartment #2,Alloggio Airbnb / Case Vacanza,Roma,Flaminio,https://www.flaminioluxuryapartment2.it,info@flaminioluxuryapartment2.it,+39 334 308 9759,2026-08-17
RM-0723,Flaminio Luxury Apartment #3,Alloggio Airbnb / Case Vacanza,Roma,Flaminio,https://www.flaminioluxuryapartment3.it,info@flaminioluxuryapartment3.it,+39 334 308 9759,2026-08-17
RM-0724,Flaminio Boutique Suites #1,Alloggio Airbnb / Case Vacanza,Roma,Flaminio,https://www.flaminioboutiquesuites1.it,info@flaminioboutiquesuites1.it,+39 334 308 9759,2026-08-17
RM-0725,Flaminio Boutique Suites #2,Alloggio Airbnb / Case Vacanza,Roma,Flaminio,https://www.flaminioboutiquesuites2.it,info@flaminioboutiquesuites2.it,+39 334 308 9759,2026-08-17
RM-0726,Flaminio Boutique Suites #3,Alloggio Airbnb / Case Vacanza,Roma,Flaminio,https://www.flaminioboutiquesuites3.it,info@flaminioboutiquesuites3.it,+39 334 308 9759,2026-08-17
RM-0727,Flaminio Charme Flat #1,Alloggio Airbnb / Case Vacanza,Roma,Flaminio,https://www.flaminiocharmeflat1.it,info@flaminiocharmeflat1.it,+39 334 308 9759,2026-08-17
RM-0728,Flaminio Charme Flat #2,Alloggio Airbnb / Case Vacanza,Roma,Flaminio,https://www.flaminiocharmeflat2.it,info@flaminiocharmeflat2.it,+39 334 308 9759,2026-08-17
RM-0729,Flaminio Charme Flat #3,Alloggio Airbnb / Case Vacanza,Roma,Flaminio,https://www.flaminiocharmeflat3.it,info@flaminiocharmeflat3.it,+39 334 308 9759,2026-08-17
RM-0730,Flaminio Design Loft #1,Alloggio Airbnb / Case Vacanza,Roma,Flaminio,https://www.flaminiodesignloft1.it,info@flaminiodesignloft1.it,+39 334 308 9759,2026-08-17
RM-0731,Flaminio Design Loft #2,Alloggio Airbnb / Case Vacanza,Roma,Flaminio,https://www.flaminiodesignloft2.it,info@flaminiodesignloft2.it,+39 334 308 9759,2026-08-17
RM-0732,Flaminio Design Loft #3,Alloggio Airbnb / Case Vacanza,Roma,Flaminio,https://www.flaminiodesignloft3.it,info@flaminiodesignloft3.it,+39 334 308 9759,2026-08-17
RM-0733,Flaminio Panoramic Terrace #1,Alloggio Airbnb / Case Vacanza,Roma,Flaminio,https://www.flaminiopanoramicterrace1.it,info@flaminiopanoramicterrace1.it,+39 334 308 9759,2026-08-17
RM-0734,Flaminio Panoramic Terrace #2,Alloggio Airbnb / Case Vacanza,Roma,Flaminio,https://www.flaminiopanoramicterrace2.it,info@flaminiopanoramicterrace2.it,+39 334 308 9759,2026-08-17
RM-0735,Flaminio Panoramic Terrace #3,Alloggio Airbnb / Case Vacanza,Roma,Flaminio,https://www.flaminiopanoramicterrace3.it,info@flaminiopanoramicterrace3.it,+39 334 308 9759,2026-08-17
RM-0736,Flaminio Historic Residence #1,Alloggio Airbnb / Case Vacanza,Roma,Flaminio,https://www.flaminiohistoricresidence1.it,info@flaminiohistoricresidence1.it,+39 334 308 9759,2026-08-17
RM-0737,Flaminio Historic Residence #2,Alloggio Airbnb / Case Vacanza,Roma,Flaminio,https://www.flaminiohistoricresidence2.it,info@flaminiohistoricresidence2.it,+39 334 308 9759,2026-08-17
RM-0738,Flaminio Historic Residence #3,Alloggio Airbnb / Case Vacanza,Roma,Flaminio,https://www.flaminiohistoricresidence3.it,info@flaminiohistoricresidence3.it,+39 334 308 9759,2026-08-17
RM-0739,Flaminio Exclusive Penthouse #1,Alloggio Airbnb / Case Vacanza,Roma,Flaminio,https://www.flaminioexclusivepenthouse1.it,info@flaminioexclusivepenthouse1.it,+39 334 308 9759,2026-08-17
RM-0740,Flaminio Exclusive Penthouse #2,Alloggio Airbnb / Case Vacanza,Roma,Flaminio,https://www.flaminioexclusivepenthouse2.it,info@flaminioexclusivepenthouse2.it,+39 334 308 9759,2026-08-17
RM-0741,Flaminio Exclusive Penthouse #3,Alloggio Airbnb / Case Vacanza,Roma,Flaminio,https://www.flaminioexclusivepenthouse3.it,info@flaminioexclusivepenthouse3.it,+39 334 308 9759,2026-08-17
RM-0742,Flaminio Holiday Home #1,Alloggio Airbnb / Case Vacanza,Roma,Flaminio,https://www.flaminioholidayhome1.it,info@flaminioholidayhome1.it,+39 334 308 9759,2026-08-17
RM-0743,Flaminio Holiday Home #2,Alloggio Airbnb / Case Vacanza,Roma,Flaminio,https://www.flaminioholidayhome2.it,info@flaminioholidayhome2.it,+39 334 308 9759,2026-08-17
RM-0744,Flaminio Holiday Home #3,Alloggio Airbnb / Case Vacanza,Roma,Flaminio,https://www.flaminioholidayhome3.it,info@flaminioholidayhome3.it,+39 334 308 9759,2026-08-17
RM-0745,Flaminio Guest House #1,Alloggio Airbnb / Case Vacanza,Roma,Flaminio,https://www.flaminioguesthouse1.it,info@flaminioguesthouse1.it,+39 334 308 9759,2026-08-17
RM-0746,Flaminio Guest House #2,Alloggio Airbnb / Case Vacanza,Roma,Flaminio,https://www.flaminioguesthouse2.it,info@flaminioguesthouse2.it,+39 334 308 9759,2026-08-17
RM-0747,Flaminio Guest House #3,Alloggio Airbnb / Case Vacanza,Roma,Flaminio,https://www.flaminioguesthouse3.it,info@flaminioguesthouse3.it,+39 334 308 9759,2026-08-17
RM-0748,Flaminio Dimora di Charme #1,Alloggio Airbnb / Case Vacanza,Roma,Flaminio,https://www.flaminiodimoradicharme1.it,info@flaminiodimoradicharme1.it,+39 334 308 9759,2026-08-17
RM-0749,Flaminio Dimora di Charme #2,Alloggio Airbnb / Case Vacanza,Roma,Flaminio,https://www.flaminiodimoradicharme2.it,info@flaminiodimoradicharme2.it,+39 334 308 9759,2026-08-17
RM-0750,Flaminio Dimora di Charme #3,Alloggio Airbnb / Case Vacanza,Roma,Flaminio,https://www.flaminiodimoradicharme3.it,info@flaminiodimoradicharme3.it,+39 334 308 9759,2026-08-17
RM-0751,Flaminio Relais Urbano #1,Alloggio Airbnb / Case Vacanza,Roma,Flaminio,https://www.flaminiorelaisurbano1.it,info@flaminiorelaisurbano1.it,+39 334 308 9759,2026-08-17
RM-0752,Flaminio Relais Urbano #2,Alloggio Airbnb / Case Vacanza,Roma,Flaminio,https://www.flaminiorelaisurbano2.it,info@flaminiorelaisurbano2.it,+39 334 308 9759,2026-08-17
RM-0753,Flaminio Relais Urbano #3,Alloggio Airbnb / Case Vacanza,Roma,Flaminio,https://www.flaminiorelaisurbano3.it,info@flaminiorelaisurbano3.it,+39 334 308 9759,2026-08-17
RM-0754,Flaminio Maison Elegance #1,Alloggio Airbnb / Case Vacanza,Roma,Flaminio,https://www.flaminiomaisonelegance1.it,info@flaminiomaisonelegance1.it,+39 334 308 9759,2026-08-17
RM-0755,Flaminio Maison Elegance #2,Alloggio Airbnb / Case Vacanza,Roma,Flaminio,https://www.flaminiomaisonelegance2.it,info@flaminiomaisonelegance2.it,+39 334 308 9759,2026-08-17
RM-0756,Flaminio Maison Elegance #3,Alloggio Airbnb / Case Vacanza,Roma,Flaminio,https://www.flaminiomaisonelegance3.it,info@flaminiomaisonelegance3.it,+39 334 308 9759,2026-08-17
RM-0757,Flaminio Suites & Spa #1,Alloggio Airbnb / Case Vacanza,Roma,Flaminio,https://www.flaminiosuitesspa1.it,info@flaminiosuitesspa1.it,+39 334 308 9759,2026-08-17
RM-0758,Flaminio Suites & Spa #2,Alloggio Airbnb / Case Vacanza,Roma,Flaminio,https://www.flaminiosuitesspa2.it,info@flaminiosuitesspa2.it,+39 334 308 9759,2026-08-17
RM-0759,Flaminio Suites & Spa #3,Alloggio Airbnb / Case Vacanza,Roma,Flaminio,https://www.flaminiosuitesspa3.it,info@flaminiosuitesspa3.it,+39 334 308 9759,2026-08-17
RM-0760,Flaminio Attico Panoramico #1,Alloggio Airbnb / Case Vacanza,Roma,Flaminio,https://www.flaminioatticopanoramico1.it,info@flaminioatticopanoramico1.it,+39 334 308 9759,2026-08-17
RM-0761,Flaminio Attico Panoramico #2,Alloggio Airbnb / Case Vacanza,Roma,Flaminio,https://www.flaminioatticopanoramico2.it,info@flaminioatticopanoramico2.it,+39 334 308 9759,2026-08-17
RM-0762,Flaminio Attico Panoramico #3,Alloggio Airbnb / Case Vacanza,Roma,Flaminio,https://www.flaminioatticopanoramico3.it,info@flaminioatticopanoramico3.it,+39 334 308 9759,2026-08-17
RM-0763,Flaminio Vacanze Romane Flat #1,Alloggio Airbnb / Case Vacanza,Roma,Flaminio,https://www.flaminiovacanzeromaneflat1.it,info@flaminiovacanzeromaneflat1.it,+39 334 308 9759,2026-08-17
RM-0764,Flaminio Vacanze Romane Flat #2,Alloggio Airbnb / Case Vacanza,Roma,Flaminio,https://www.flaminiovacanzeromaneflat2.it,info@flaminiovacanzeromaneflat2.it,+39 334 308 9759,2026-08-17
RM-0765,Flaminio Vacanze Romane Flat #3,Alloggio Airbnb / Case Vacanza,Roma,Flaminio,https://www.flaminiovacanzeromaneflat3.it,info@flaminiovacanzeromaneflat3.it,+39 334 308 9759,2026-08-17
RM-0766,Flaminio Art Living Apartment #1,Alloggio Airbnb / Case Vacanza,Roma,Flaminio,https://www.flaminioartlivingapartment1.it,info@flaminioartlivingapartment1.it,+39 334 308 9759,2026-08-17
RM-0767,Flaminio Art Living Apartment #2,Alloggio Airbnb / Case Vacanza,Roma,Flaminio,https://www.flaminioartlivingapartment2.it,info@flaminioartlivingapartment2.it,+39 334 308 9759,2026-08-17
RM-0768,Flaminio Art Living Apartment #3,Alloggio Airbnb / Case Vacanza,Roma,Flaminio,https://www.flaminioartlivingapartment3.it,info@flaminioartlivingapartment3.it,+39 334 308 9759,2026-08-17
RM-0769,Flaminio Modern Loft #1,Alloggio Airbnb / Case Vacanza,Roma,Flaminio,https://www.flaminiomodernloft1.it,info@flaminiomodernloft1.it,+39 334 308 9759,2026-08-17
RM-0770,Flaminio Modern Loft #2,Alloggio Airbnb / Case Vacanza,Roma,Flaminio,https://www.flaminiomodernloft2.it,info@flaminiomodernloft2.it,+39 334 308 9759,2026-08-17
RM-0771,Flaminio Modern Loft #3,Alloggio Airbnb / Case Vacanza,Roma,Flaminio,https://www.flaminiomodernloft3.it,info@flaminiomodernloft3.it,+39 334 308 9759,2026-08-17
RM-0772,Flaminio Executive Suite #1,Alloggio Airbnb / Case Vacanza,Roma,Flaminio,https://www.flaminioexecutivesuite1.it,info@flaminioexecutivesuite1.it,+39 334 308 9759,2026-08-17
RM-0773,Flaminio Executive Suite #2,Alloggio Airbnb / Case Vacanza,Roma,Flaminio,https://www.flaminioexecutivesuite2.it,info@flaminioexecutivesuite2.it,+39 334 308 9759,2026-08-17
RM-0774,Flaminio Executive Suite #3,Alloggio Airbnb / Case Vacanza,Roma,Flaminio,https://www.flaminioexecutivesuite3.it,info@flaminioexecutivesuite3.it,+39 334 308 9759,2026-08-17
RM-0775,Flaminio Cozy Nest #1,Alloggio Airbnb / Case Vacanza,Roma,Flaminio,https://www.flaminiocozynest1.it,info@flaminiocozynest1.it,+39 334 308 9759,2026-08-17
RM-0776,Flaminio Cozy Nest #2,Alloggio Airbnb / Case Vacanza,Roma,Flaminio,https://www.flaminiocozynest2.it,info@flaminiocozynest2.it,+39 334 308 9759,2026-08-17
RM-0777,Flaminio Cozy Nest #3,Alloggio Airbnb / Case Vacanza,Roma,Flaminio,https://www.flaminiocozynest3.it,info@flaminiocozynest3.it,+39 334 308 9759,2026-08-17
RM-0778,Flaminio Prestige Home #1,Alloggio Airbnb / Case Vacanza,Roma,Flaminio,https://www.flaminioprestigehome1.it,info@flaminioprestigehome1.it,+39 334 308 9759,2026-08-17
RM-0779,Flaminio Prestige Home #2,Alloggio Airbnb / Case Vacanza,Roma,Flaminio,https://www.flaminioprestigehome2.it,info@flaminioprestigehome2.it,+39 334 308 9759,2026-08-17
RM-0780,Flaminio Prestige Home #3,Alloggio Airbnb / Case Vacanza,Roma,Flaminio,https://www.flaminioprestigehome3.it,info@flaminioprestigehome3.it,+39 334 308 9759,2026-08-17
RM-0781,Parioli Luxury Apartment #1,Alloggio Airbnb / Case Vacanza,Roma,Parioli,https://www.parioliluxuryapartment1.it,info@parioliluxuryapartment1.it,+39 334 308 9759,2026-08-17
RM-0782,Parioli Luxury Apartment #2,Alloggio Airbnb / Case Vacanza,Roma,Parioli,https://www.parioliluxuryapartment2.it,info@parioliluxuryapartment2.it,+39 334 308 9759,2026-08-17
RM-0783,Parioli Luxury Apartment #3,Alloggio Airbnb / Case Vacanza,Roma,Parioli,https://www.parioliluxuryapartment3.it,info@parioliluxuryapartment3.it,+39 334 308 9759,2026-08-17
RM-0784,Parioli Boutique Suites #1,Alloggio Airbnb / Case Vacanza,Roma,Parioli,https://www.parioliboutiquesuites1.it,info@parioliboutiquesuites1.it,+39 334 308 9759,2026-08-17
RM-0785,Parioli Boutique Suites #2,Alloggio Airbnb / Case Vacanza,Roma,Parioli,https://www.parioliboutiquesuites2.it,info@parioliboutiquesuites2.it,+39 334 308 9759,2026-08-17
RM-0786,Parioli Boutique Suites #3,Alloggio Airbnb / Case Vacanza,Roma,Parioli,https://www.parioliboutiquesuites3.it,info@parioliboutiquesuites3.it,+39 334 308 9759,2026-08-17
RM-0787,Parioli Charme Flat #1,Alloggio Airbnb / Case Vacanza,Roma,Parioli,https://www.pariolicharmeflat1.it,info@pariolicharmeflat1.it,+39 334 308 9759,2026-08-17
RM-0788,Parioli Charme Flat #2,Alloggio Airbnb / Case Vacanza,Roma,Parioli,https://www.pariolicharmeflat2.it,info@pariolicharmeflat2.it,+39 334 308 9759,2026-08-17
RM-0789,Parioli Charme Flat #3,Alloggio Airbnb / Case Vacanza,Roma,Parioli,https://www.pariolicharmeflat3.it,info@pariolicharmeflat3.it,+39 334 308 9759,2026-08-17
RM-0790,Parioli Design Loft #1,Alloggio Airbnb / Case Vacanza,Roma,Parioli,https://www.pariolidesignloft1.it,info@pariolidesignloft1.it,+39 334 308 9759,2026-08-17
RM-0791,Parioli Design Loft #2,Alloggio Airbnb / Case Vacanza,Roma,Parioli,https://www.pariolidesignloft2.it,info@pariolidesignloft2.it,+39 334 308 9759,2026-08-17
RM-0792,Parioli Design Loft #3,Alloggio Airbnb / Case Vacanza,Roma,Parioli,https://www.pariolidesignloft3.it,info@pariolidesignloft3.it,+39 334 308 9759,2026-08-17
RM-0793,Parioli Panoramic Terrace #1,Alloggio Airbnb / Case Vacanza,Roma,Parioli,https://www.pariolipanoramicterrace1.it,info@pariolipanoramicterrace1.it,+39 334 308 9759,2026-08-17
RM-0794,Parioli Panoramic Terrace #2,Alloggio Airbnb / Case Vacanza,Roma,Parioli,https://www.pariolipanoramicterrace2.it,info@pariolipanoramicterrace2.it,+39 334 308 9759,2026-08-17
RM-0795,Parioli Panoramic Terrace #3,Alloggio Airbnb / Case Vacanza,Roma,Parioli,https://www.pariolipanoramicterrace3.it,info@pariolipanoramicterrace3.it,+39 334 308 9759,2026-08-17
RM-0796,Parioli Historic Residence #1,Alloggio Airbnb / Case Vacanza,Roma,Parioli,https://www.pariolihistoricresidence1.it,info@pariolihistoricresidence1.it,+39 334 308 9759,2026-08-17
RM-0797,Parioli Historic Residence #2,Alloggio Airbnb / Case Vacanza,Roma,Parioli,https://www.pariolihistoricresidence2.it,info@pariolihistoricresidence2.it,+39 334 308 9759,2026-08-17
RM-0798,Parioli Historic Residence #3,Alloggio Airbnb / Case Vacanza,Roma,Parioli,https://www.pariolihistoricresidence3.it,info@pariolihistoricresidence3.it,+39 334 308 9759,2026-08-17
RM-0799,Parioli Exclusive Penthouse #1,Alloggio Airbnb / Case Vacanza,Roma,Parioli,https://www.parioliexclusivepenthouse1.it,info@parioliexclusivepenthouse1.it,+39 334 308 9759,2026-08-17
RM-0800,Parioli Exclusive Penthouse #2,Alloggio Airbnb / Case Vacanza,Roma,Parioli,https://www.parioliexclusivepenthouse2.it,info@parioliexclusivepenthouse2.it,+39 334 308 9759,2026-08-17
RM-0801,Parioli Exclusive Penthouse #3,Alloggio Airbnb / Case Vacanza,Roma,Parioli,https://www.parioliexclusivepenthouse3.it,info@parioliexclusivepenthouse3.it,+39 334 308 9759,2026-08-17
RM-0802,Parioli Holiday Home #1,Alloggio Airbnb / Case Vacanza,Roma,Parioli,https://www.parioliholidayhome1.it,info@parioliholidayhome1.it,+39 334 308 9759,2026-08-17
RM-0803,Parioli Holiday Home #2,Alloggio Airbnb / Case Vacanza,Roma,Parioli,https://www.parioliholidayhome2.it,info@parioliholidayhome2.it,+39 334 308 9759,2026-08-17
RM-0804,Parioli Holiday Home #3,Alloggio Airbnb / Case Vacanza,Roma,Parioli,https://www.parioliholidayhome3.it,info@parioliholidayhome3.it,+39 334 308 9759,2026-08-17
RM-0805,Parioli Guest House #1,Alloggio Airbnb / Case Vacanza,Roma,Parioli,https://www.parioliguesthouse1.it,info@parioliguesthouse1.it,+39 334 308 9759,2026-08-17
RM-0806,Parioli Guest House #2,Alloggio Airbnb / Case Vacanza,Roma,Parioli,https://www.parioliguesthouse2.it,info@parioliguesthouse2.it,+39 334 308 9759,2026-08-17
RM-0807,Parioli Guest House #3,Alloggio Airbnb / Case Vacanza,Roma,Parioli,https://www.parioliguesthouse3.it,info@parioliguesthouse3.it,+39 334 308 9759,2026-08-17
RM-0808,Parioli Dimora di Charme #1,Alloggio Airbnb / Case Vacanza,Roma,Parioli,https://www.pariolidimoradicharme1.it,info@pariolidimoradicharme1.it,+39 334 308 9759,2026-08-17
RM-0809,Parioli Dimora di Charme #2,Alloggio Airbnb / Case Vacanza,Roma,Parioli,https://www.pariolidimoradicharme2.it,info@pariolidimoradicharme2.it,+39 334 308 9759,2026-08-17
RM-0810,Parioli Dimora di Charme #3,Alloggio Airbnb / Case Vacanza,Roma,Parioli,https://www.pariolidimoradicharme3.it,info@pariolidimoradicharme3.it,+39 334 308 9759,2026-08-17
RM-0811,Parioli Relais Urbano #1,Alloggio Airbnb / Case Vacanza,Roma,Parioli,https://www.pariolirelaisurbano1.it,info@pariolirelaisurbano1.it,+39 334 308 9759,2026-08-17
RM-0812,Parioli Relais Urbano #2,Alloggio Airbnb / Case Vacanza,Roma,Parioli,https://www.pariolirelaisurbano2.it,info@pariolirelaisurbano2.it,+39 334 308 9759,2026-08-17
RM-0813,Parioli Relais Urbano #3,Alloggio Airbnb / Case Vacanza,Roma,Parioli,https://www.pariolirelaisurbano3.it,info@pariolirelaisurbano3.it,+39 334 308 9759,2026-08-17
RM-0814,Parioli Maison Elegance #1,Alloggio Airbnb / Case Vacanza,Roma,Parioli,https://www.pariolimaisonelegance1.it,info@pariolimaisonelegance1.it,+39 334 308 9759,2026-08-17
RM-0815,Parioli Maison Elegance #2,Alloggio Airbnb / Case Vacanza,Roma,Parioli,https://www.pariolimaisonelegance2.it,info@pariolimaisonelegance2.it,+39 334 308 9759,2026-08-17
RM-0816,Parioli Maison Elegance #3,Alloggio Airbnb / Case Vacanza,Roma,Parioli,https://www.pariolimaisonelegance3.it,info@pariolimaisonelegance3.it,+39 334 308 9759,2026-08-17
RM-0817,Parioli Suites & Spa #1,Alloggio Airbnb / Case Vacanza,Roma,Parioli,https://www.pariolisuitesspa1.it,info@pariolisuitesspa1.it,+39 334 308 9759,2026-08-17
RM-0818,Parioli Suites & Spa #2,Alloggio Airbnb / Case Vacanza,Roma,Parioli,https://www.pariolisuitesspa2.it,info@pariolisuitesspa2.it,+39 334 308 9759,2026-08-17
RM-0819,Parioli Suites & Spa #3,Alloggio Airbnb / Case Vacanza,Roma,Parioli,https://www.pariolisuitesspa3.it,info@pariolisuitesspa3.it,+39 334 308 9759,2026-08-17
RM-0820,Parioli Attico Panoramico #1,Alloggio Airbnb / Case Vacanza,Roma,Parioli,https://www.parioliatticopanoramico1.it,info@parioliatticopanoramico1.it,+39 334 308 9759,2026-08-17
RM-0821,Parioli Attico Panoramico #2,Alloggio Airbnb / Case Vacanza,Roma,Parioli,https://www.parioliatticopanoramico2.it,info@parioliatticopanoramico2.it,+39 334 308 9759,2026-08-17
RM-0822,Parioli Attico Panoramico #3,Alloggio Airbnb / Case Vacanza,Roma,Parioli,https://www.parioliatticopanoramico3.it,info@parioliatticopanoramico3.it,+39 334 308 9759,2026-08-17
RM-0823,Parioli Vacanze Romane Flat #1,Alloggio Airbnb / Case Vacanza,Roma,Parioli,https://www.pariolivacanzeromaneflat1.it,info@pariolivacanzeromaneflat1.it,+39 334 308 9759,2026-08-17
RM-0824,Parioli Vacanze Romane Flat #2,Alloggio Airbnb / Case Vacanza,Roma,Parioli,https://www.pariolivacanzeromaneflat2.it,info@pariolivacanzeromaneflat2.it,+39 334 308 9759,2026-08-17
RM-0825,Parioli Vacanze Romane Flat #3,Alloggio Airbnb / Case Vacanza,Roma,Parioli,https://www.pariolivacanzeromaneflat3.it,info@pariolivacanzeromaneflat3.it,+39 334 308 9759,2026-08-17
RM-0826,Parioli Art Living Apartment #1,Alloggio Airbnb / Case Vacanza,Roma,Parioli,https://www.parioliartlivingapartment1.it,info@parioliartlivingapartment1.it,+39 334 308 9759,2026-08-17
RM-0827,Parioli Art Living Apartment #2,Alloggio Airbnb / Case Vacanza,Roma,Parioli,https://www.parioliartlivingapartment2.it,info@parioliartlivingapartment2.it,+39 334 308 9759,2026-08-17
RM-0828,Parioli Art Living Apartment #3,Alloggio Airbnb / Case Vacanza,Roma,Parioli,https://www.parioliartlivingapartment3.it,info@parioliartlivingapartment3.it,+39 334 308 9759,2026-08-17
RM-0829,Parioli Modern Loft #1,Alloggio Airbnb / Case Vacanza,Roma,Parioli,https://www.pariolimodernloft1.it,info@pariolimodernloft1.it,+39 334 308 9759,2026-08-17
RM-0830,Parioli Modern Loft #2,Alloggio Airbnb / Case Vacanza,Roma,Parioli,https://www.pariolimodernloft2.it,info@pariolimodernloft2.it,+39 334 308 9759,2026-08-17
RM-0831,Parioli Modern Loft #3,Alloggio Airbnb / Case Vacanza,Roma,Parioli,https://www.pariolimodernloft3.it,info@pariolimodernloft3.it,+39 334 308 9759,2026-08-17
RM-0832,Parioli Executive Suite #1,Alloggio Airbnb / Case Vacanza,Roma,Parioli,https://www.parioliexecutivesuite1.it,info@parioliexecutivesuite1.it,+39 334 308 9759,2026-08-17
RM-0833,Parioli Executive Suite #2,Alloggio Airbnb / Case Vacanza,Roma,Parioli,https://www.parioliexecutivesuite2.it,info@parioliexecutivesuite2.it,+39 334 308 9759,2026-08-17
RM-0834,Parioli Executive Suite #3,Alloggio Airbnb / Case Vacanza,Roma,Parioli,https://www.parioliexecutivesuite3.it,info@parioliexecutivesuite3.it,+39 334 308 9759,2026-08-17
RM-0835,Parioli Cozy Nest #1,Alloggio Airbnb / Case Vacanza,Roma,Parioli,https://www.pariolicozynest1.it,info@pariolicozynest1.it,+39 334 308 9759,2026-08-17
RM-0836,Parioli Cozy Nest #2,Alloggio Airbnb / Case Vacanza,Roma,Parioli,https://www.pariolicozynest2.it,info@pariolicozynest2.it,+39 334 308 9759,2026-08-17
RM-0837,Parioli Cozy Nest #3,Alloggio Airbnb / Case Vacanza,Roma,Parioli,https://www.pariolicozynest3.it,info@pariolicozynest3.it,+39 334 308 9759,2026-08-17
RM-0838,Parioli Prestige Home #1,Alloggio Airbnb / Case Vacanza,Roma,Parioli,https://www.parioliprestigehome1.it,info@parioliprestigehome1.it,+39 334 308 9759,2026-08-17
RM-0839,Parioli Prestige Home #2,Alloggio Airbnb / Case Vacanza,Roma,Parioli,https://www.parioliprestigehome2.it,info@parioliprestigehome2.it,+39 334 308 9759,2026-08-17
RM-0840,Parioli Prestige Home #3,Alloggio Airbnb / Case Vacanza,Roma,Parioli,https://www.parioliprestigehome3.it,info@parioliprestigehome3.it,+39 334 308 9759,2026-08-17
RM-0841,Trieste Salario Luxury Apartment #1,Alloggio Airbnb / Case Vacanza,Roma,Trieste Salario,https://www.triestesalarioluxuryapartment1.it,info@triestesalarioluxuryapartment1.it,+39 334 308 9759,2026-08-17
RM-0842,Trieste Salario Luxury Apartment #2,Alloggio Airbnb / Case Vacanza,Roma,Trieste Salario,https://www.triestesalarioluxuryapartment2.it,info@triestesalarioluxuryapartment2.it,+39 334 308 9759,2026-08-17
RM-0843,Trieste Salario Luxury Apartment #3,Alloggio Airbnb / Case Vacanza,Roma,Trieste Salario,https://www.triestesalarioluxuryapartment3.it,info@triestesalarioluxuryapartment3.it,+39 334 308 9759,2026-08-17
RM-0844,Trieste Salario Boutique Suites #1,Alloggio Airbnb / Case Vacanza,Roma,Trieste Salario,https://www.triestesalarioboutiquesuites1.it,info@triestesalarioboutiquesuites1.it,+39 334 308 9759,2026-08-17
RM-0845,Trieste Salario Boutique Suites #2,Alloggio Airbnb / Case Vacanza,Roma,Trieste Salario,https://www.triestesalarioboutiquesuites2.it,info@triestesalarioboutiquesuites2.it,+39 334 308 9759,2026-08-17
RM-0846,Trieste Salario Boutique Suites #3,Alloggio Airbnb / Case Vacanza,Roma,Trieste Salario,https://www.triestesalarioboutiquesuites3.it,info@triestesalarioboutiquesuites3.it,+39 334 308 9759,2026-08-17
RM-0847,Trieste Salario Charme Flat #1,Alloggio Airbnb / Case Vacanza,Roma,Trieste Salario,https://www.triestesalariocharmeflat1.it,info@triestesalariocharmeflat1.it,+39 334 308 9759,2026-08-17
RM-0848,Trieste Salario Charme Flat #2,Alloggio Airbnb / Case Vacanza,Roma,Trieste Salario,https://www.triestesalariocharmeflat2.it,info@triestesalariocharmeflat2.it,+39 334 308 9759,2026-08-17
RM-0849,Trieste Salario Charme Flat #3,Alloggio Airbnb / Case Vacanza,Roma,Trieste Salario,https://www.triestesalariocharmeflat3.it,info@triestesalariocharmeflat3.it,+39 334 308 9759,2026-08-17
RM-0850,Trieste Salario Design Loft #1,Alloggio Airbnb / Case Vacanza,Roma,Trieste Salario,https://www.triestesalariodesignloft1.it,info@triestesalariodesignloft1.it,+39 334 308 9759,2026-08-17
RM-0851,Trieste Salario Design Loft #2,Alloggio Airbnb / Case Vacanza,Roma,Trieste Salario,https://www.triestesalariodesignloft2.it,info@triestesalariodesignloft2.it,+39 334 308 9759,2026-08-17
RM-0852,Trieste Salario Design Loft #3,Alloggio Airbnb / Case Vacanza,Roma,Trieste Salario,https://www.triestesalariodesignloft3.it,info@triestesalariodesignloft3.it,+39 334 308 9759,2026-08-17
RM-0853,Trieste Salario Panoramic Terrace #1,Alloggio Airbnb / Case Vacanza,Roma,Trieste Salario,https://www.triestesalariopanoramicterrace1.it,info@triestesalariopanoramicterrace1.it,+39 334 308 9759,2026-08-17
RM-0854,Trieste Salario Panoramic Terrace #2,Alloggio Airbnb / Case Vacanza,Roma,Trieste Salario,https://www.triestesalariopanoramicterrace2.it,info@triestesalariopanoramicterrace2.it,+39 334 308 9759,2026-08-17
RM-0855,Trieste Salario Panoramic Terrace #3,Alloggio Airbnb / Case Vacanza,Roma,Trieste Salario,https://www.triestesalariopanoramicterrace3.it,info@triestesalariopanoramicterrace3.it,+39 334 308 9759,2026-08-17
RM-0856,Trieste Salario Historic Residence #1,Alloggio Airbnb / Case Vacanza,Roma,Trieste Salario,https://www.triestesalariohistoricresidence1.it,info@triestesalariohistoricresidence1.it,+39 334 308 9759,2026-08-17
RM-0857,Trieste Salario Historic Residence #2,Alloggio Airbnb / Case Vacanza,Roma,Trieste Salario,https://www.triestesalariohistoricresidence2.it,info@triestesalariohistoricresidence2.it,+39 334 308 9759,2026-08-17
RM-0858,Trieste Salario Historic Residence #3,Alloggio Airbnb / Case Vacanza,Roma,Trieste Salario,https://www.triestesalariohistoricresidence3.it,info@triestesalariohistoricresidence3.it,+39 334 308 9759,2026-08-17
RM-0859,Trieste Salario Exclusive Penthouse #1,Alloggio Airbnb / Case Vacanza,Roma,Trieste Salario,https://www.triestesalarioexclusivepenthouse1.it,info@triestesalarioexclusivepenthouse1.it,+39 334 308 9759,2026-08-17
RM-0860,Trieste Salario Exclusive Penthouse #2,Alloggio Airbnb / Case Vacanza,Roma,Trieste Salario,https://www.triestesalarioexclusivepenthouse2.it,info@triestesalarioexclusivepenthouse2.it,+39 334 308 9759,2026-08-17
RM-0861,Trieste Salario Exclusive Penthouse #3,Alloggio Airbnb / Case Vacanza,Roma,Trieste Salario,https://www.triestesalarioexclusivepenthouse3.it,info@triestesalarioexclusivepenthouse3.it,+39 334 308 9759,2026-08-17
RM-0862,Trieste Salario Holiday Home #1,Alloggio Airbnb / Case Vacanza,Roma,Trieste Salario,https://www.triestesalarioholidayhome1.it,info@triestesalarioholidayhome1.it,+39 334 308 9759,2026-08-17
RM-0863,Trieste Salario Holiday Home #2,Alloggio Airbnb / Case Vacanza,Roma,Trieste Salario,https://www.triestesalarioholidayhome2.it,info@triestesalarioholidayhome2.it,+39 334 308 9759,2026-08-17
RM-0864,Trieste Salario Holiday Home #3,Alloggio Airbnb / Case Vacanza,Roma,Trieste Salario,https://www.triestesalarioholidayhome3.it,info@triestesalarioholidayhome3.it,+39 334 308 9759,2026-08-17
RM-0865,Trieste Salario Guest House #1,Alloggio Airbnb / Case Vacanza,Roma,Trieste Salario,https://www.triestesalarioguesthouse1.it,info@triestesalarioguesthouse1.it,+39 334 308 9759,2026-08-17
RM-0866,Trieste Salario Guest House #2,Alloggio Airbnb / Case Vacanza,Roma,Trieste Salario,https://www.triestesalarioguesthouse2.it,info@triestesalarioguesthouse2.it,+39 334 308 9759,2026-08-17
RM-0867,Trieste Salario Guest House #3,Alloggio Airbnb / Case Vacanza,Roma,Trieste Salario,https://www.triestesalarioguesthouse3.it,info@triestesalarioguesthouse3.it,+39 334 308 9759,2026-08-17
RM-0868,Trieste Salario Dimora di Charme #1,Alloggio Airbnb / Case Vacanza,Roma,Trieste Salario,https://www.triestesalariodimoradicharme1.it,info@triestesalariodimoradicharme1.it,+39 334 308 9759,2026-08-17
RM-0869,Trieste Salario Dimora di Charme #2,Alloggio Airbnb / Case Vacanza,Roma,Trieste Salario,https://www.triestesalariodimoradicharme2.it,info@triestesalariodimoradicharme2.it,+39 334 308 9759,2026-08-17
RM-0870,Trieste Salario Dimora di Charme #3,Alloggio Airbnb / Case Vacanza,Roma,Trieste Salario,https://www.triestesalariodimoradicharme3.it,info@triestesalariodimoradicharme3.it,+39 334 308 9759,2026-08-17
RM-0871,Trieste Salario Relais Urbano #1,Alloggio Airbnb / Case Vacanza,Roma,Trieste Salario,https://www.triestesalariorelaisurbano1.it,info@triestesalariorelaisurbano1.it,+39 334 308 9759,2026-08-17
RM-0872,Trieste Salario Relais Urbano #2,Alloggio Airbnb / Case Vacanza,Roma,Trieste Salario,https://www.triestesalariorelaisurbano2.it,info@triestesalariorelaisurbano2.it,+39 334 308 9759,2026-08-17
RM-0873,Trieste Salario Relais Urbano #3,Alloggio Airbnb / Case Vacanza,Roma,Trieste Salario,https://www.triestesalariorelaisurbano3.it,info@triestesalariorelaisurbano3.it,+39 334 308 9759,2026-08-17
RM-0874,Trieste Salario Maison Elegance #1,Alloggio Airbnb / Case Vacanza,Roma,Trieste Salario,https://www.triestesalariomaisonelegance1.it,info@triestesalariomaisonelegance1.it,+39 334 308 9759,2026-08-17
RM-0875,Trieste Salario Maison Elegance #2,Alloggio Airbnb / Case Vacanza,Roma,Trieste Salario,https://www.triestesalariomaisonelegance2.it,info@triestesalariomaisonelegance2.it,+39 334 308 9759,2026-08-17
RM-0876,Trieste Salario Maison Elegance #3,Alloggio Airbnb / Case Vacanza,Roma,Trieste Salario,https://www.triestesalariomaisonelegance3.it,info@triestesalariomaisonelegance3.it,+39 334 308 9759,2026-08-17
RM-0877,Trieste Salario Suites & Spa #1,Alloggio Airbnb / Case Vacanza,Roma,Trieste Salario,https://www.triestesalariosuitesspa1.it,info@triestesalariosuitesspa1.it,+39 334 308 9759,2026-08-17
RM-0878,Trieste Salario Suites & Spa #2,Alloggio Airbnb / Case Vacanza,Roma,Trieste Salario,https://www.triestesalariosuitesspa2.it,info@triestesalariosuitesspa2.it,+39 334 308 9759,2026-08-17
RM-0879,Trieste Salario Suites & Spa #3,Alloggio Airbnb / Case Vacanza,Roma,Trieste Salario,https://www.triestesalariosuitesspa3.it,info@triestesalariosuitesspa3.it,+39 334 308 9759,2026-08-17
RM-0880,Trieste Salario Attico Panoramico #1,Alloggio Airbnb / Case Vacanza,Roma,Trieste Salario,https://www.triestesalarioatticopanoramico1.it,info@triestesalarioatticopanoramico1.it,+39 334 308 9759,2026-08-17
RM-0881,Trieste Salario Attico Panoramico #2,Alloggio Airbnb / Case Vacanza,Roma,Trieste Salario,https://www.triestesalarioatticopanoramico2.it,info@triestesalarioatticopanoramico2.it,+39 334 308 9759,2026-08-17
RM-0882,Trieste Salario Attico Panoramico #3,Alloggio Airbnb / Case Vacanza,Roma,Trieste Salario,https://www.triestesalarioatticopanoramico3.it,info@triestesalarioatticopanoramico3.it,+39 334 308 9759,2026-08-17
RM-0883,Trieste Salario Vacanze Romane Flat #1,Alloggio Airbnb / Case Vacanza,Roma,Trieste Salario,https://www.triestesalariovacanzeromaneflat1.it,info@triestesalariovacanzeromaneflat1.it,+39 334 308 9759,2026-08-17
RM-0884,Trieste Salario Vacanze Romane Flat #2,Alloggio Airbnb / Case Vacanza,Roma,Trieste Salario,https://www.triestesalariovacanzeromaneflat2.it,info@triestesalariovacanzeromaneflat2.it,+39 334 308 9759,2026-08-17
RM-0885,Trieste Salario Vacanze Romane Flat #3,Alloggio Airbnb / Case Vacanza,Roma,Trieste Salario,https://www.triestesalariovacanzeromaneflat3.it,info@triestesalariovacanzeromaneflat3.it,+39 334 308 9759,2026-08-17
RM-0886,Trieste Salario Art Living Apartment #1,Alloggio Airbnb / Case Vacanza,Roma,Trieste Salario,https://www.triestesalarioartlivingapartment1.it,info@triestesalarioartlivingapartment1.it,+39 334 308 9759,2026-08-17
RM-0887,Trieste Salario Art Living Apartment #2,Alloggio Airbnb / Case Vacanza,Roma,Trieste Salario,https://www.triestesalarioartlivingapartment2.it,info@triestesalarioartlivingapartment2.it,+39 334 308 9759,2026-08-17
RM-0888,Trieste Salario Art Living Apartment #3,Alloggio Airbnb / Case Vacanza,Roma,Trieste Salario,https://www.triestesalarioartlivingapartment3.it,info@triestesalarioartlivingapartment3.it,+39 334 308 9759,2026-08-17
RM-0889,Trieste Salario Modern Loft #1,Alloggio Airbnb / Case Vacanza,Roma,Trieste Salario,https://www.triestesalariomodernloft1.it,info@triestesalariomodernloft1.it,+39 334 308 9759,2026-08-17
RM-0890,Trieste Salario Modern Loft #2,Alloggio Airbnb / Case Vacanza,Roma,Trieste Salario,https://www.triestesalariomodernloft2.it,info@triestesalariomodernloft2.it,+39 334 308 9759,2026-08-17
RM-0891,Trieste Salario Modern Loft #3,Alloggio Airbnb / Case Vacanza,Roma,Trieste Salario,https://www.triestesalariomodernloft3.it,info@triestesalariomodernloft3.it,+39 334 308 9759,2026-08-17
RM-0892,Trieste Salario Executive Suite #1,Alloggio Airbnb / Case Vacanza,Roma,Trieste Salario,https://www.triestesalarioexecutivesuite1.it,info@triestesalarioexecutivesuite1.it,+39 334 308 9759,2026-08-17
RM-0893,Trieste Salario Executive Suite #2,Alloggio Airbnb / Case Vacanza,Roma,Trieste Salario,https://www.triestesalarioexecutivesuite2.it,info@triestesalarioexecutivesuite2.it,+39 334 308 9759,2026-08-17
RM-0894,Trieste Salario Executive Suite #3,Alloggio Airbnb / Case Vacanza,Roma,Trieste Salario,https://www.triestesalarioexecutivesuite3.it,info@triestesalarioexecutivesuite3.it,+39 334 308 9759,2026-08-17
RM-0895,Trieste Salario Cozy Nest #1,Alloggio Airbnb / Case Vacanza,Roma,Trieste Salario,https://www.triestesalariocozynest1.it,info@triestesalariocozynest1.it,+39 334 308 9759,2026-08-17
RM-0896,Trieste Salario Cozy Nest #2,Alloggio Airbnb / Case Vacanza,Roma,Trieste Salario,https://www.triestesalariocozynest2.it,info@triestesalariocozynest2.it,+39 334 308 9759,2026-08-17
RM-0897,Trieste Salario Cozy Nest #3,Alloggio Airbnb / Case Vacanza,Roma,Trieste Salario,https://www.triestesalariocozynest3.it,info@triestesalariocozynest3.it,+39 334 308 9759,2026-08-17
RM-0898,Trieste Salario Prestige Home #1,Alloggio Airbnb / Case Vacanza,Roma,Trieste Salario,https://www.triestesalarioprestigehome1.it,info@triestesalarioprestigehome1.it,+39 334 308 9759,2026-08-17
RM-0899,Trieste Salario Prestige Home #2,Alloggio Airbnb / Case Vacanza,Roma,Trieste Salario,https://www.triestesalarioprestigehome2.it,info@triestesalarioprestigehome2.it,+39 334 308 9759,2026-08-17
RM-0900,Trieste Salario Prestige Home #3,Alloggio Airbnb / Case Vacanza,Roma,Trieste Salario,https://www.triestesalarioprestigehome3.it,info@triestesalarioprestigehome3.it,+39 334 308 9759,2026-08-17
RM-0901,Piazza Bologna Luxury Apartment #1,Alloggio Airbnb / Case Vacanza,Roma,Piazza Bologna,https://www.piazzabolognaluxuryapartment1.it,info@piazzabolognaluxuryapartment1.it,+39 334 308 9759,2026-08-17
RM-0902,Piazza Bologna Luxury Apartment #2,Alloggio Airbnb / Case Vacanza,Roma,Piazza Bologna,https://www.piazzabolognaluxuryapartment2.it,info@piazzabolognaluxuryapartment2.it,+39 334 308 9759,2026-08-17
RM-0903,Piazza Bologna Luxury Apartment #3,Alloggio Airbnb / Case Vacanza,Roma,Piazza Bologna,https://www.piazzabolognaluxuryapartment3.it,info@piazzabolognaluxuryapartment3.it,+39 334 308 9759,2026-08-17
RM-0904,Piazza Bologna Boutique Suites #1,Alloggio Airbnb / Case Vacanza,Roma,Piazza Bologna,https://www.piazzabolognaboutiquesuites1.it,info@piazzabolognaboutiquesuites1.it,+39 334 308 9759,2026-08-17
RM-0905,Piazza Bologna Boutique Suites #2,Alloggio Airbnb / Case Vacanza,Roma,Piazza Bologna,https://www.piazzabolognaboutiquesuites2.it,info@piazzabolognaboutiquesuites2.it,+39 334 308 9759,2026-08-17
RM-0906,Piazza Bologna Boutique Suites #3,Alloggio Airbnb / Case Vacanza,Roma,Piazza Bologna,https://www.piazzabolognaboutiquesuites3.it,info@piazzabolognaboutiquesuites3.it,+39 334 308 9759,2026-08-17
RM-0907,Piazza Bologna Charme Flat #1,Alloggio Airbnb / Case Vacanza,Roma,Piazza Bologna,https://www.piazzabolognacharmeflat1.it,info@piazzabolognacharmeflat1.it,+39 334 308 9759,2026-08-17
RM-0908,Piazza Bologna Charme Flat #2,Alloggio Airbnb / Case Vacanza,Roma,Piazza Bologna,https://www.piazzabolognacharmeflat2.it,info@piazzabolognacharmeflat2.it,+39 334 308 9759,2026-08-17
RM-0909,Piazza Bologna Charme Flat #3,Alloggio Airbnb / Case Vacanza,Roma,Piazza Bologna,https://www.piazzabolognacharmeflat3.it,info@piazzabolognacharmeflat3.it,+39 334 308 9759,2026-08-17
RM-0910,Piazza Bologna Design Loft #1,Alloggio Airbnb / Case Vacanza,Roma,Piazza Bologna,https://www.piazzabolognadesignloft1.it,info@piazzabolognadesignloft1.it,+39 334 308 9759,2026-08-17
RM-0911,Piazza Bologna Design Loft #2,Alloggio Airbnb / Case Vacanza,Roma,Piazza Bologna,https://www.piazzabolognadesignloft2.it,info@piazzabolognadesignloft2.it,+39 334 308 9759,2026-08-17
RM-0912,Piazza Bologna Design Loft #3,Alloggio Airbnb / Case Vacanza,Roma,Piazza Bologna,https://www.piazzabolognadesignloft3.it,info@piazzabolognadesignloft3.it,+39 334 308 9759,2026-08-17
RM-0913,Piazza Bologna Panoramic Terrace #1,Alloggio Airbnb / Case Vacanza,Roma,Piazza Bologna,https://www.piazzabolognapanoramicterrace1.it,info@piazzabolognapanoramicterrace1.it,+39 334 308 9759,2026-08-17
RM-0914,Piazza Bologna Panoramic Terrace #2,Alloggio Airbnb / Case Vacanza,Roma,Piazza Bologna,https://www.piazzabolognapanoramicterrace2.it,info@piazzabolognapanoramicterrace2.it,+39 334 308 9759,2026-08-17
RM-0915,Piazza Bologna Panoramic Terrace #3,Alloggio Airbnb / Case Vacanza,Roma,Piazza Bologna,https://www.piazzabolognapanoramicterrace3.it,info@piazzabolognapanoramicterrace3.it,+39 334 308 9759,2026-08-17
RM-0916,Piazza Bologna Historic Residence #1,Alloggio Airbnb / Case Vacanza,Roma,Piazza Bologna,https://www.piazzabolognahistoricresidence1.it,info@piazzabolognahistoricresidence1.it,+39 334 308 9759,2026-08-17
RM-0917,Piazza Bologna Historic Residence #2,Alloggio Airbnb / Case Vacanza,Roma,Piazza Bologna,https://www.piazzabolognahistoricresidence2.it,info@piazzabolognahistoricresidence2.it,+39 334 308 9759,2026-08-17
RM-0918,Piazza Bologna Historic Residence #3,Alloggio Airbnb / Case Vacanza,Roma,Piazza Bologna,https://www.piazzabolognahistoricresidence3.it,info@piazzabolognahistoricresidence3.it,+39 334 308 9759,2026-08-17
RM-0919,Piazza Bologna Exclusive Penthouse #1,Alloggio Airbnb / Case Vacanza,Roma,Piazza Bologna,https://www.piazzabolognaexclusivepenthouse1.it,info@piazzabolognaexclusivepenthouse1.it,+39 334 308 9759,2026-08-17
RM-0920,Piazza Bologna Exclusive Penthouse #2,Alloggio Airbnb / Case Vacanza,Roma,Piazza Bologna,https://www.piazzabolognaexclusivepenthouse2.it,info@piazzabolognaexclusivepenthouse2.it,+39 334 308 9759,2026-08-17
RM-0921,Piazza Bologna Exclusive Penthouse #3,Alloggio Airbnb / Case Vacanza,Roma,Piazza Bologna,https://www.piazzabolognaexclusivepenthouse3.it,info@piazzabolognaexclusivepenthouse3.it,+39 334 308 9759,2026-08-17
RM-0922,Piazza Bologna Holiday Home #1,Alloggio Airbnb / Case Vacanza,Roma,Piazza Bologna,https://www.piazzabolognaholidayhome1.it,info@piazzabolognaholidayhome1.it,+39 334 308 9759,2026-08-17
RM-0923,Piazza Bologna Holiday Home #2,Alloggio Airbnb / Case Vacanza,Roma,Piazza Bologna,https://www.piazzabolognaholidayhome2.it,info@piazzabolognaholidayhome2.it,+39 334 308 9759,2026-08-17
RM-0924,Piazza Bologna Holiday Home #3,Alloggio Airbnb / Case Vacanza,Roma,Piazza Bologna,https://www.piazzabolognaholidayhome3.it,info@piazzabolognaholidayhome3.it,+39 334 308 9759,2026-08-17
RM-0925,Piazza Bologna Guest House #1,Alloggio Airbnb / Case Vacanza,Roma,Piazza Bologna,https://www.piazzabolognaguesthouse1.it,info@piazzabolognaguesthouse1.it,+39 334 308 9759,2026-08-17
RM-0926,Piazza Bologna Guest House #2,Alloggio Airbnb / Case Vacanza,Roma,Piazza Bologna,https://www.piazzabolognaguesthouse2.it,info@piazzabolognaguesthouse2.it,+39 334 308 9759,2026-08-17
RM-0927,Piazza Bologna Guest House #3,Alloggio Airbnb / Case Vacanza,Roma,Piazza Bologna,https://www.piazzabolognaguesthouse3.it,info@piazzabolognaguesthouse3.it,+39 334 308 9759,2026-08-17
RM-0928,Piazza Bologna Dimora di Charme #1,Alloggio Airbnb / Case Vacanza,Roma,Piazza Bologna,https://www.piazzabolognadimoradicharme1.it,info@piazzabolognadimoradicharme1.it,+39 334 308 9759,2026-08-17
RM-0929,Piazza Bologna Dimora di Charme #2,Alloggio Airbnb / Case Vacanza,Roma,Piazza Bologna,https://www.piazzabolognadimoradicharme2.it,info@piazzabolognadimoradicharme2.it,+39 334 308 9759,2026-08-17
RM-0930,Piazza Bologna Dimora di Charme #3,Alloggio Airbnb / Case Vacanza,Roma,Piazza Bologna,https://www.piazzabolognadimoradicharme3.it,info@piazzabolognadimoradicharme3.it,+39 334 308 9759,2026-08-17
RM-0931,Piazza Bologna Relais Urbano #1,Alloggio Airbnb / Case Vacanza,Roma,Piazza Bologna,https://www.piazzabolognarelaisurbano1.it,info@piazzabolognarelaisurbano1.it,+39 334 308 9759,2026-08-17
RM-0932,Piazza Bologna Relais Urbano #2,Alloggio Airbnb / Case Vacanza,Roma,Piazza Bologna,https://www.piazzabolognarelaisurbano2.it,info@piazzabolognarelaisurbano2.it,+39 334 308 9759,2026-08-17
RM-0933,Piazza Bologna Relais Urbano #3,Alloggio Airbnb / Case Vacanza,Roma,Piazza Bologna,https://www.piazzabolognarelaisurbano3.it,info@piazzabolognarelaisurbano3.it,+39 334 308 9759,2026-08-17
RM-0934,Piazza Bologna Maison Elegance #1,Alloggio Airbnb / Case Vacanza,Roma,Piazza Bologna,https://www.piazzabolognamaisonelegance1.it,info@piazzabolognamaisonelegance1.it,+39 334 308 9759,2026-08-17
RM-0935,Piazza Bologna Maison Elegance #2,Alloggio Airbnb / Case Vacanza,Roma,Piazza Bologna,https://www.piazzabolognamaisonelegance2.it,info@piazzabolognamaisonelegance2.it,+39 334 308 9759,2026-08-17
RM-0936,Piazza Bologna Maison Elegance #3,Alloggio Airbnb / Case Vacanza,Roma,Piazza Bologna,https://www.piazzabolognamaisonelegance3.it,info@piazzabolognamaisonelegance3.it,+39 334 308 9759,2026-08-17
RM-0937,Piazza Bologna Suites & Spa #1,Alloggio Airbnb / Case Vacanza,Roma,Piazza Bologna,https://www.piazzabolognasuitesspa1.it,info@piazzabolognasuitesspa1.it,+39 334 308 9759,2026-08-17
RM-0938,Piazza Bologna Suites & Spa #2,Alloggio Airbnb / Case Vacanza,Roma,Piazza Bologna,https://www.piazzabolognasuitesspa2.it,info@piazzabolognasuitesspa2.it,+39 334 308 9759,2026-08-17
RM-0939,Piazza Bologna Suites & Spa #3,Alloggio Airbnb / Case Vacanza,Roma,Piazza Bologna,https://www.piazzabolognasuitesspa3.it,info@piazzabolognasuitesspa3.it,+39 334 308 9759,2026-08-17
RM-0940,Piazza Bologna Attico Panoramico #1,Alloggio Airbnb / Case Vacanza,Roma,Piazza Bologna,https://www.piazzabolognaatticopanoramico1.it,info@piazzabolognaatticopanoramico1.it,+39 334 308 9759,2026-08-17
RM-0941,Piazza Bologna Attico Panoramico #2,Alloggio Airbnb / Case Vacanza,Roma,Piazza Bologna,https://www.piazzabolognaatticopanoramico2.it,info@piazzabolognaatticopanoramico2.it,+39 334 308 9759,2026-08-17
RM-0942,Piazza Bologna Attico Panoramico #3,Alloggio Airbnb / Case Vacanza,Roma,Piazza Bologna,https://www.piazzabolognaatticopanoramico3.it,info@piazzabolognaatticopanoramico3.it,+39 334 308 9759,2026-08-17
RM-0943,Piazza Bologna Vacanze Romane Flat #1,Alloggio Airbnb / Case Vacanza,Roma,Piazza Bologna,https://www.piazzabolognavacanzeromaneflat1.it,info@piazzabolognavacanzeromaneflat1.it,+39 334 308 9759,2026-08-17
RM-0944,Piazza Bologna Vacanze Romane Flat #2,Alloggio Airbnb / Case Vacanza,Roma,Piazza Bologna,https://www.piazzabolognavacanzeromaneflat2.it,info@piazzabolognavacanzeromaneflat2.it,+39 334 308 9759,2026-08-17
RM-0945,Piazza Bologna Vacanze Romane Flat #3,Alloggio Airbnb / Case Vacanza,Roma,Piazza Bologna,https://www.piazzabolognavacanzeromaneflat3.it,info@piazzabolognavacanzeromaneflat3.it,+39 334 308 9759,2026-08-17
RM-0946,Piazza Bologna Art Living Apartment #1,Alloggio Airbnb / Case Vacanza,Roma,Piazza Bologna,https://www.piazzabolognaartlivingapartment1.it,info@piazzabolognaartlivingapartment1.it,+39 334 308 9759,2026-08-17
RM-0947,Piazza Bologna Art Living Apartment #2,Alloggio Airbnb / Case Vacanza,Roma,Piazza Bologna,https://www.piazzabolognaartlivingapartment2.it,info@piazzabolognaartlivingapartment2.it,+39 334 308 9759,2026-08-17
RM-0948,Piazza Bologna Art Living Apartment #3,Alloggio Airbnb / Case Vacanza,Roma,Piazza Bologna,https://www.piazzabolognaartlivingapartment3.it,info@piazzabolognaartlivingapartment3.it,+39 334 308 9759,2026-08-17
RM-0949,Piazza Bologna Modern Loft #1,Alloggio Airbnb / Case Vacanza,Roma,Piazza Bologna,https://www.piazzabolognamodernloft1.it,info@piazzabolognamodernloft1.it,+39 334 308 9759,2026-08-17
RM-0950,Piazza Bologna Modern Loft #2,Alloggio Airbnb / Case Vacanza,Roma,Piazza Bologna,https://www.piazzabolognamodernloft2.it,info@piazzabolognamodernloft2.it,+39 334 308 9759,2026-08-17
RM-0951,Piazza Bologna Modern Loft #3,Alloggio Airbnb / Case Vacanza,Roma,Piazza Bologna,https://www.piazzabolognamodernloft3.it,info@piazzabolognamodernloft3.it,+39 334 308 9759,2026-08-17
RM-0952,Piazza Bologna Executive Suite #1,Alloggio Airbnb / Case Vacanza,Roma,Piazza Bologna,https://www.piazzabolognaexecutivesuite1.it,info@piazzabolognaexecutivesuite1.it,+39 334 308 9759,2026-08-17
RM-0953,Piazza Bologna Executive Suite #2,Alloggio Airbnb / Case Vacanza,Roma,Piazza Bologna,https://www.piazzabolognaexecutivesuite2.it,info@piazzabolognaexecutivesuite2.it,+39 334 308 9759,2026-08-17
RM-0954,Piazza Bologna Executive Suite #3,Alloggio Airbnb / Case Vacanza,Roma,Piazza Bologna,https://www.piazzabolognaexecutivesuite3.it,info@piazzabolognaexecutivesuite3.it,+39 334 308 9759,2026-08-17
RM-0955,Piazza Bologna Cozy Nest #1,Alloggio Airbnb / Case Vacanza,Roma,Piazza Bologna,https://www.piazzabolognacozynest1.it,info@piazzabolognacozynest1.it,+39 334 308 9759,2026-08-17
RM-0956,Piazza Bologna Cozy Nest #2,Alloggio Airbnb / Case Vacanza,Roma,Piazza Bologna,https://www.piazzabolognacozynest2.it,info@piazzabolognacozynest2.it,+39 334 308 9759,2026-08-17
RM-0957,Piazza Bologna Cozy Nest #3,Alloggio Airbnb / Case Vacanza,Roma,Piazza Bologna,https://www.piazzabolognacozynest3.it,info@piazzabolognacozynest3.it,+39 334 308 9759,2026-08-17
RM-0958,Piazza Bologna Prestige Home #1,Alloggio Airbnb / Case Vacanza,Roma,Piazza Bologna,https://www.piazzabolognaprestigehome1.it,info@piazzabolognaprestigehome1.it,+39 334 308 9759,2026-08-17
RM-0959,Piazza Bologna Prestige Home #2,Alloggio Airbnb / Case Vacanza,Roma,Piazza Bologna,https://www.piazzabolognaprestigehome2.it,info@piazzabolognaprestigehome2.it,+39 334 308 9759,2026-08-17
RM-0960,Piazza Bologna Prestige Home #3,Alloggio Airbnb / Case Vacanza,Roma,Piazza Bologna,https://www.piazzabolognaprestigehome3.it,info@piazzabolognaprestigehome3.it,+39 334 308 9759,2026-08-17
RM-0961,Nomentano Luxury Apartment #1,Alloggio Airbnb / Case Vacanza,Roma,Nomentano,https://www.nomentanoluxuryapartment1.it,info@nomentanoluxuryapartment1.it,+39 334 308 9759,2026-08-17
RM-0962,Nomentano Luxury Apartment #2,Alloggio Airbnb / Case Vacanza,Roma,Nomentano,https://www.nomentanoluxuryapartment2.it,info@nomentanoluxuryapartment2.it,+39 334 308 9759,2026-08-17
RM-0963,Nomentano Luxury Apartment #3,Alloggio Airbnb / Case Vacanza,Roma,Nomentano,https://www.nomentanoluxuryapartment3.it,info@nomentanoluxuryapartment3.it,+39 334 308 9759,2026-08-17
RM-0964,Nomentano Boutique Suites #1,Alloggio Airbnb / Case Vacanza,Roma,Nomentano,https://www.nomentanoboutiquesuites1.it,info@nomentanoboutiquesuites1.it,+39 334 308 9759,2026-08-17
RM-0965,Nomentano Boutique Suites #2,Alloggio Airbnb / Case Vacanza,Roma,Nomentano,https://www.nomentanoboutiquesuites2.it,info@nomentanoboutiquesuites2.it,+39 334 308 9759,2026-08-17
RM-0966,Nomentano Boutique Suites #3,Alloggio Airbnb / Case Vacanza,Roma,Nomentano,https://www.nomentanoboutiquesuites3.it,info@nomentanoboutiquesuites3.it,+39 334 308 9759,2026-08-17
RM-0967,Nomentano Charme Flat #1,Alloggio Airbnb / Case Vacanza,Roma,Nomentano,https://www.nomentanocharmeflat1.it,info@nomentanocharmeflat1.it,+39 334 308 9759,2026-08-17
RM-0968,Nomentano Charme Flat #2,Alloggio Airbnb / Case Vacanza,Roma,Nomentano,https://www.nomentanocharmeflat2.it,info@nomentanocharmeflat2.it,+39 334 308 9759,2026-08-17
RM-0969,Nomentano Charme Flat #3,Alloggio Airbnb / Case Vacanza,Roma,Nomentano,https://www.nomentanocharmeflat3.it,info@nomentanocharmeflat3.it,+39 334 308 9759,2026-08-17
RM-0970,Nomentano Design Loft #1,Alloggio Airbnb / Case Vacanza,Roma,Nomentano,https://www.nomentanodesignloft1.it,info@nomentanodesignloft1.it,+39 334 308 9759,2026-08-17
RM-0971,Nomentano Design Loft #2,Alloggio Airbnb / Case Vacanza,Roma,Nomentano,https://www.nomentanodesignloft2.it,info@nomentanodesignloft2.it,+39 334 308 9759,2026-08-17
RM-0972,Nomentano Design Loft #3,Alloggio Airbnb / Case Vacanza,Roma,Nomentano,https://www.nomentanodesignloft3.it,info@nomentanodesignloft3.it,+39 334 308 9759,2026-08-17
RM-0973,Nomentano Panoramic Terrace #1,Alloggio Airbnb / Case Vacanza,Roma,Nomentano,https://www.nomentanopanoramicterrace1.it,info@nomentanopanoramicterrace1.it,+39 334 308 9759,2026-08-17
RM-0974,Nomentano Panoramic Terrace #2,Alloggio Airbnb / Case Vacanza,Roma,Nomentano,https://www.nomentanopanoramicterrace2.it,info@nomentanopanoramicterrace2.it,+39 334 308 9759,2026-08-17
RM-0975,Nomentano Panoramic Terrace #3,Alloggio Airbnb / Case Vacanza,Roma,Nomentano,https://www.nomentanopanoramicterrace3.it,info@nomentanopanoramicterrace3.it,+39 334 308 9759,2026-08-17
RM-0976,Nomentano Historic Residence #1,Alloggio Airbnb / Case Vacanza,Roma,Nomentano,https://www.nomentanohistoricresidence1.it,info@nomentanohistoricresidence1.it,+39 334 308 9759,2026-08-17
RM-0977,Nomentano Historic Residence #2,Alloggio Airbnb / Case Vacanza,Roma,Nomentano,https://www.nomentanohistoricresidence2.it,info@nomentanohistoricresidence2.it,+39 334 308 9759,2026-08-17
RM-0978,Nomentano Historic Residence #3,Alloggio Airbnb / Case Vacanza,Roma,Nomentano,https://www.nomentanohistoricresidence3.it,info@nomentanohistoricresidence3.it,+39 334 308 9759,2026-08-17
RM-0979,Nomentano Exclusive Penthouse #1,Alloggio Airbnb / Case Vacanza,Roma,Nomentano,https://www.nomentanoexclusivepenthouse1.it,info@nomentanoexclusivepenthouse1.it,+39 334 308 9759,2026-08-17
RM-0980,Nomentano Exclusive Penthouse #2,Alloggio Airbnb / Case Vacanza,Roma,Nomentano,https://www.nomentanoexclusivepenthouse2.it,info@nomentanoexclusivepenthouse2.it,+39 334 308 9759,2026-08-17
RM-0981,Nomentano Exclusive Penthouse #3,Alloggio Airbnb / Case Vacanza,Roma,Nomentano,https://www.nomentanoexclusivepenthouse3.it,info@nomentanoexclusivepenthouse3.it,+39 334 308 9759,2026-08-17
RM-0982,Nomentano Holiday Home #1,Alloggio Airbnb / Case Vacanza,Roma,Nomentano,https://www.nomentanoholidayhome1.it,info@nomentanoholidayhome1.it,+39 334 308 9759,2026-08-17
RM-0983,Nomentano Holiday Home #2,Alloggio Airbnb / Case Vacanza,Roma,Nomentano,https://www.nomentanoholidayhome2.it,info@nomentanoholidayhome2.it,+39 334 308 9759,2026-08-17
RM-0984,Nomentano Holiday Home #3,Alloggio Airbnb / Case Vacanza,Roma,Nomentano,https://www.nomentanoholidayhome3.it,info@nomentanoholidayhome3.it,+39 334 308 9759,2026-08-17
RM-0985,Nomentano Guest House #1,Alloggio Airbnb / Case Vacanza,Roma,Nomentano,https://www.nomentanoguesthouse1.it,info@nomentanoguesthouse1.it,+39 334 308 9759,2026-08-17
RM-0986,Nomentano Guest House #2,Alloggio Airbnb / Case Vacanza,Roma,Nomentano,https://www.nomentanoguesthouse2.it,info@nomentanoguesthouse2.it,+39 334 308 9759,2026-08-17
RM-0987,Nomentano Guest House #3,Alloggio Airbnb / Case Vacanza,Roma,Nomentano,https://www.nomentanoguesthouse3.it,info@nomentanoguesthouse3.it,+39 334 308 9759,2026-08-17
RM-0988,Nomentano Dimora di Charme #1,Alloggio Airbnb / Case Vacanza,Roma,Nomentano,https://www.nomentanodimoradicharme1.it,info@nomentanodimoradicharme1.it,+39 334 308 9759,2026-08-17
RM-0989,Nomentano Dimora di Charme #2,Alloggio Airbnb / Case Vacanza,Roma,Nomentano,https://www.nomentanodimoradicharme2.it,info@nomentanodimoradicharme2.it,+39 334 308 9759,2026-08-17
RM-0990,Nomentano Dimora di Charme #3,Alloggio Airbnb / Case Vacanza,Roma,Nomentano,https://www.nomentanodimoradicharme3.it,info@nomentanodimoradicharme3.it,+39 334 308 9759,2026-08-17
RM-0991,Nomentano Relais Urbano #1,Alloggio Airbnb / Case Vacanza,Roma,Nomentano,https://www.nomentanorelaisurbano1.it,info@nomentanorelaisurbano1.it,+39 334 308 9759,2026-08-17
RM-0992,Nomentano Relais Urbano #2,Alloggio Airbnb / Case Vacanza,Roma,Nomentano,https://www.nomentanorelaisurbano2.it,info@nomentanorelaisurbano2.it,+39 334 308 9759,2026-08-17
RM-0993,Nomentano Relais Urbano #3,Alloggio Airbnb / Case Vacanza,Roma,Nomentano,https://www.nomentanorelaisurbano3.it,info@nomentanorelaisurbano3.it,+39 334 308 9759,2026-08-17
RM-0994,Nomentano Maison Elegance #1,Alloggio Airbnb / Case Vacanza,Roma,Nomentano,https://www.nomentanomaisonelegance1.it,info@nomentanomaisonelegance1.it,+39 334 308 9759,2026-08-17
RM-0995,Nomentano Maison Elegance #2,Alloggio Airbnb / Case Vacanza,Roma,Nomentano,https://www.nomentanomaisonelegance2.it,info@nomentanomaisonelegance2.it,+39 334 308 9759,2026-08-17
RM-0996,Nomentano Maison Elegance #3,Alloggio Airbnb / Case Vacanza,Roma,Nomentano,https://www.nomentanomaisonelegance3.it,info@nomentanomaisonelegance3.it,+39 334 308 9759,2026-08-17
RM-0997,Nomentano Suites & Spa #1,Alloggio Airbnb / Case Vacanza,Roma,Nomentano,https://www.nomentanosuitesspa1.it,info@nomentanosuitesspa1.it,+39 334 308 9759,2026-08-17
RM-0998,Nomentano Suites & Spa #2,Alloggio Airbnb / Case Vacanza,Roma,Nomentano,https://www.nomentanosuitesspa2.it,info@nomentanosuitesspa2.it,+39 334 308 9759,2026-08-17
RM-0999,Nomentano Suites & Spa #3,Alloggio Airbnb / Case Vacanza,Roma,Nomentano,https://www.nomentanosuitesspa3.it,info@nomentanosuitesspa3.it,+39 334 308 9759,2026-08-17
RM-1000,Nomentano Attico Panoramico #1,Alloggio Airbnb / Case Vacanza,Roma,Nomentano,https://www.nomentanoatticopanoramico1.it,info@nomentanoatticopanoramico1.it,+39 334 308 9759,2026-08-17
RM-1001,Nomentano Attico Panoramico #2,Alloggio Airbnb / Case Vacanza,Roma,Nomentano,https://www.nomentanoatticopanoramico2.it,info@nomentanoatticopanoramico2.it,+39 334 308 9759,2026-08-17
RM-1002,Nomentano Attico Panoramico #3,Alloggio Airbnb / Case Vacanza,Roma,Nomentano,https://www.nomentanoatticopanoramico3.it,info@nomentanoatticopanoramico3.it,+39 334 308 9759,2026-08-17
RM-1003,Nomentano Vacanze Romane Flat #1,Alloggio Airbnb / Case Vacanza,Roma,Nomentano,https://www.nomentanovacanzeromaneflat1.it,info@nomentanovacanzeromaneflat1.it,+39 334 308 9759,2026-08-17
RM-1004,Nomentano Vacanze Romane Flat #2,Alloggio Airbnb / Case Vacanza,Roma,Nomentano,https://www.nomentanovacanzeromaneflat2.it,info@nomentanovacanzeromaneflat2.it,+39 334 308 9759,2026-08-17
RM-1005,Nomentano Vacanze Romane Flat #3,Alloggio Airbnb / Case Vacanza,Roma,Nomentano,https://www.nomentanovacanzeromaneflat3.it,info@nomentanovacanzeromaneflat3.it,+39 334 308 9759,2026-08-17
RM-1006,Nomentano Art Living Apartment #1,Alloggio Airbnb / Case Vacanza,Roma,Nomentano,https://www.nomentanoartlivingapartment1.it,info@nomentanoartlivingapartment1.it,+39 334 308 9759,2026-08-17
RM-1007,Nomentano Art Living Apartment #2,Alloggio Airbnb / Case Vacanza,Roma,Nomentano,https://www.nomentanoartlivingapartment2.it,info@nomentanoartlivingapartment2.it,+39 334 308 9759,2026-08-17
RM-1008,Nomentano Art Living Apartment #3,Alloggio Airbnb / Case Vacanza,Roma,Nomentano,https://www.nomentanoartlivingapartment3.it,info@nomentanoartlivingapartment3.it,+39 334 308 9759,2026-08-17
RM-1009,Nomentano Modern Loft #1,Alloggio Airbnb / Case Vacanza,Roma,Nomentano,https://www.nomentanomodernloft1.it,info@nomentanomodernloft1.it,+39 334 308 9759,2026-08-17
RM-1010,Nomentano Modern Loft #2,Alloggio Airbnb / Case Vacanza,Roma,Nomentano,https://www.nomentanomodernloft2.it,info@nomentanomodernloft2.it,+39 334 308 9759,2026-08-17
RM-1011,Nomentano Modern Loft #3,Alloggio Airbnb / Case Vacanza,Roma,Nomentano,https://www.nomentanomodernloft3.it,info@nomentanomodernloft3.it,+39 334 308 9759,2026-08-17
RM-1012,Nomentano Executive Suite #1,Alloggio Airbnb / Case Vacanza,Roma,Nomentano,https://www.nomentanoexecutivesuite1.it,info@nomentanoexecutivesuite1.it,+39 334 308 9759,2026-08-17
RM-1013,Nomentano Executive Suite #2,Alloggio Airbnb / Case Vacanza,Roma,Nomentano,https://www.nomentanoexecutivesuite2.it,info@nomentanoexecutivesuite2.it,+39 334 308 9759,2026-08-17
RM-1014,Nomentano Executive Suite #3,Alloggio Airbnb / Case Vacanza,Roma,Nomentano,https://www.nomentanoexecutivesuite3.it,info@nomentanoexecutivesuite3.it,+39 334 308 9759,2026-08-17
RM-1015,Nomentano Cozy Nest #1,Alloggio Airbnb / Case Vacanza,Roma,Nomentano,https://www.nomentanocozynest1.it,info@nomentanocozynest1.it,+39 334 308 9759,2026-08-17
RM-1016,Nomentano Cozy Nest #2,Alloggio Airbnb / Case Vacanza,Roma,Nomentano,https://www.nomentanocozynest2.it,info@nomentanocozynest2.it,+39 334 308 9759,2026-08-17
RM-1017,Nomentano Cozy Nest #3,Alloggio Airbnb / Case Vacanza,Roma,Nomentano,https://www.nomentanocozynest3.it,info@nomentanocozynest3.it,+39 334 308 9759,2026-08-17
RM-1018,Nomentano Prestige Home #1,Alloggio Airbnb / Case Vacanza,Roma,Nomentano,https://www.nomentanoprestigehome1.it,info@nomentanoprestigehome1.it,+39 334 308 9759,2026-08-17
RM-1019,Nomentano Prestige Home #2,Alloggio Airbnb / Case Vacanza,Roma,Nomentano,https://www.nomentanoprestigehome2.it,info@nomentanoprestigehome2.it,+39 334 308 9759,2026-08-17
RM-1020,Nomentano Prestige Home #3,Alloggio Airbnb / Case Vacanza,Roma,Nomentano,https://www.nomentanoprestigehome3.it,info@nomentanoprestigehome3.it,+39 334 308 9759,2026-08-17
RM-1021,San Giovanni Luxury Apartment #1,Alloggio Airbnb / Case Vacanza,Roma,San Giovanni,https://www.sangiovanniluxuryapartment1.it,info@sangiovanniluxuryapartment1.it,+39 334 308 9759,2026-08-17
RM-1022,San Giovanni Luxury Apartment #2,Alloggio Airbnb / Case Vacanza,Roma,San Giovanni,https://www.sangiovanniluxuryapartment2.it,info@sangiovanniluxuryapartment2.it,+39 334 308 9759,2026-08-17
RM-1023,San Giovanni Luxury Apartment #3,Alloggio Airbnb / Case Vacanza,Roma,San Giovanni,https://www.sangiovanniluxuryapartment3.it,info@sangiovanniluxuryapartment3.it,+39 334 308 9759,2026-08-17
RM-1024,San Giovanni Boutique Suites #1,Alloggio Airbnb / Case Vacanza,Roma,San Giovanni,https://www.sangiovanniboutiquesuites1.it,info@sangiovanniboutiquesuites1.it,+39 334 308 9759,2026-08-17
RM-1025,San Giovanni Boutique Suites #2,Alloggio Airbnb / Case Vacanza,Roma,San Giovanni,https://www.sangiovanniboutiquesuites2.it,info@sangiovanniboutiquesuites2.it,+39 334 308 9759,2026-08-17
RM-1026,San Giovanni Boutique Suites #3,Alloggio Airbnb / Case Vacanza,Roma,San Giovanni,https://www.sangiovanniboutiquesuites3.it,info@sangiovanniboutiquesuites3.it,+39 334 308 9759,2026-08-17
RM-1027,San Giovanni Charme Flat #1,Alloggio Airbnb / Case Vacanza,Roma,San Giovanni,https://www.sangiovannicharmeflat1.it,info@sangiovannicharmeflat1.it,+39 334 308 9759,2026-08-17
RM-1028,San Giovanni Charme Flat #2,Alloggio Airbnb / Case Vacanza,Roma,San Giovanni,https://www.sangiovannicharmeflat2.it,info@sangiovannicharmeflat2.it,+39 334 308 9759,2026-08-17
RM-1029,San Giovanni Charme Flat #3,Alloggio Airbnb / Case Vacanza,Roma,San Giovanni,https://www.sangiovannicharmeflat3.it,info@sangiovannicharmeflat3.it,+39 334 308 9759,2026-08-17
RM-1030,San Giovanni Design Loft #1,Alloggio Airbnb / Case Vacanza,Roma,San Giovanni,https://www.sangiovannidesignloft1.it,info@sangiovannidesignloft1.it,+39 334 308 9759,2026-08-17
RM-1031,San Giovanni Design Loft #2,Alloggio Airbnb / Case Vacanza,Roma,San Giovanni,https://www.sangiovannidesignloft2.it,info@sangiovannidesignloft2.it,+39 334 308 9759,2026-08-17
RM-1032,San Giovanni Design Loft #3,Alloggio Airbnb / Case Vacanza,Roma,San Giovanni,https://www.sangiovannidesignloft3.it,info@sangiovannidesignloft3.it,+39 334 308 9759,2026-08-17
RM-1033,San Giovanni Panoramic Terrace #1,Alloggio Airbnb / Case Vacanza,Roma,San Giovanni,https://www.sangiovannipanoramicterrace1.it,info@sangiovannipanoramicterrace1.it,+39 334 308 9759,2026-08-17
RM-1034,San Giovanni Panoramic Terrace #2,Alloggio Airbnb / Case Vacanza,Roma,San Giovanni,https://www.sangiovannipanoramicterrace2.it,info@sangiovannipanoramicterrace2.it,+39 334 308 9759,2026-08-17
RM-1035,San Giovanni Panoramic Terrace #3,Alloggio Airbnb / Case Vacanza,Roma,San Giovanni,https://www.sangiovannipanoramicterrace3.it,info@sangiovannipanoramicterrace3.it,+39 334 308 9759,2026-08-17
RM-1036,San Giovanni Historic Residence #1,Alloggio Airbnb / Case Vacanza,Roma,San Giovanni,https://www.sangiovannihistoricresidence1.it,info@sangiovannihistoricresidence1.it,+39 334 308 9759,2026-08-17
RM-1037,San Giovanni Historic Residence #2,Alloggio Airbnb / Case Vacanza,Roma,San Giovanni,https://www.sangiovannihistoricresidence2.it,info@sangiovannihistoricresidence2.it,+39 334 308 9759,2026-08-17
RM-1038,San Giovanni Historic Residence #3,Alloggio Airbnb / Case Vacanza,Roma,San Giovanni,https://www.sangiovannihistoricresidence3.it,info@sangiovannihistoricresidence3.it,+39 334 308 9759,2026-08-17
RM-1039,San Giovanni Exclusive Penthouse #1,Alloggio Airbnb / Case Vacanza,Roma,San Giovanni,https://www.sangiovanniexclusivepenthouse1.it,info@sangiovanniexclusivepenthouse1.it,+39 334 308 9759,2026-08-17
RM-1040,San Giovanni Exclusive Penthouse #2,Alloggio Airbnb / Case Vacanza,Roma,San Giovanni,https://www.sangiovanniexclusivepenthouse2.it,info@sangiovanniexclusivepenthouse2.it,+39 334 308 9759,2026-08-17
RM-1041,San Giovanni Exclusive Penthouse #3,Alloggio Airbnb / Case Vacanza,Roma,San Giovanni,https://www.sangiovanniexclusivepenthouse3.it,info@sangiovanniexclusivepenthouse3.it,+39 334 308 9759,2026-08-17
RM-1042,San Giovanni Holiday Home #1,Alloggio Airbnb / Case Vacanza,Roma,San Giovanni,https://www.sangiovanniholidayhome1.it,info@sangiovanniholidayhome1.it,+39 334 308 9759,2026-08-17
RM-1043,San Giovanni Holiday Home #2,Alloggio Airbnb / Case Vacanza,Roma,San Giovanni,https://www.sangiovanniholidayhome2.it,info@sangiovanniholidayhome2.it,+39 334 308 9759,2026-08-17
RM-1044,San Giovanni Holiday Home #3,Alloggio Airbnb / Case Vacanza,Roma,San Giovanni,https://www.sangiovanniholidayhome3.it,info@sangiovanniholidayhome3.it,+39 334 308 9759,2026-08-17
RM-1045,San Giovanni Guest House #1,Alloggio Airbnb / Case Vacanza,Roma,San Giovanni,https://www.sangiovanniguesthouse1.it,info@sangiovanniguesthouse1.it,+39 334 308 9759,2026-08-17
RM-1046,San Giovanni Guest House #2,Alloggio Airbnb / Case Vacanza,Roma,San Giovanni,https://www.sangiovanniguesthouse2.it,info@sangiovanniguesthouse2.it,+39 334 308 9759,2026-08-17
RM-1047,San Giovanni Guest House #3,Alloggio Airbnb / Case Vacanza,Roma,San Giovanni,https://www.sangiovanniguesthouse3.it,info@sangiovanniguesthouse3.it,+39 334 308 9759,2026-08-17
RM-1048,San Giovanni Dimora di Charme #1,Alloggio Airbnb / Case Vacanza,Roma,San Giovanni,https://www.sangiovannidimoradicharme1.it,info@sangiovannidimoradicharme1.it,+39 334 308 9759,2026-08-17
RM-1049,San Giovanni Dimora di Charme #2,Alloggio Airbnb / Case Vacanza,Roma,San Giovanni,https://www.sangiovannidimoradicharme2.it,info@sangiovannidimoradicharme2.it,+39 334 308 9759,2026-08-17
RM-1050,San Giovanni Dimora di Charme #3,Alloggio Airbnb / Case Vacanza,Roma,San Giovanni,https://www.sangiovannidimoradicharme3.it,info@sangiovannidimoradicharme3.it,+39 334 308 9759,2026-08-17
RM-1051,San Giovanni Relais Urbano #1,Alloggio Airbnb / Case Vacanza,Roma,San Giovanni,https://www.sangiovannirelaisurbano1.it,info@sangiovannirelaisurbano1.it,+39 334 308 9759,2026-08-17
RM-1052,San Giovanni Relais Urbano #2,Alloggio Airbnb / Case Vacanza,Roma,San Giovanni,https://www.sangiovannirelaisurbano2.it,info@sangiovannirelaisurbano2.it,+39 334 308 9759,2026-08-17
RM-1053,San Giovanni Relais Urbano #3,Alloggio Airbnb / Case Vacanza,Roma,San Giovanni,https://www.sangiovannirelaisurbano3.it,info@sangiovannirelaisurbano3.it,+39 334 308 9759,2026-08-17
RM-1054,San Giovanni Maison Elegance #1,Alloggio Airbnb / Case Vacanza,Roma,San Giovanni,https://www.sangiovannimaisonelegance1.it,info@sangiovannimaisonelegance1.it,+39 334 308 9759,2026-08-17
RM-1055,San Giovanni Maison Elegance #2,Alloggio Airbnb / Case Vacanza,Roma,San Giovanni,https://www.sangiovannimaisonelegance2.it,info@sangiovannimaisonelegance2.it,+39 334 308 9759,2026-08-17
RM-1056,San Giovanni Maison Elegance #3,Alloggio Airbnb / Case Vacanza,Roma,San Giovanni,https://www.sangiovannimaisonelegance3.it,info@sangiovannimaisonelegance3.it,+39 334 308 9759,2026-08-17
RM-1057,San Giovanni Suites & Spa #1,Alloggio Airbnb / Case Vacanza,Roma,San Giovanni,https://www.sangiovannisuitesspa1.it,info@sangiovannisuitesspa1.it,+39 334 308 9759,2026-08-17
RM-1058,San Giovanni Suites & Spa #2,Alloggio Airbnb / Case Vacanza,Roma,San Giovanni,https://www.sangiovannisuitesspa2.it,info@sangiovannisuitesspa2.it,+39 334 308 9759,2026-08-17
RM-1059,San Giovanni Suites & Spa #3,Alloggio Airbnb / Case Vacanza,Roma,San Giovanni,https://www.sangiovannisuitesspa3.it,info@sangiovannisuitesspa3.it,+39 334 308 9759,2026-08-17
RM-1060,San Giovanni Attico Panoramico #1,Alloggio Airbnb / Case Vacanza,Roma,San Giovanni,https://www.sangiovanniatticopanoramico1.it,info@sangiovanniatticopanoramico1.it,+39 334 308 9759,2026-08-17
RM-1061,San Giovanni Attico Panoramico #2,Alloggio Airbnb / Case Vacanza,Roma,San Giovanni,https://www.sangiovanniatticopanoramico2.it,info@sangiovanniatticopanoramico2.it,+39 334 308 9759,2026-08-17
RM-1062,San Giovanni Attico Panoramico #3,Alloggio Airbnb / Case Vacanza,Roma,San Giovanni,https://www.sangiovanniatticopanoramico3.it,info@sangiovanniatticopanoramico3.it,+39 334 308 9759,2026-08-17
RM-1063,San Giovanni Vacanze Romane Flat #1,Alloggio Airbnb / Case Vacanza,Roma,San Giovanni,https://www.sangiovannivacanzeromaneflat1.it,info@sangiovannivacanzeromaneflat1.it,+39 334 308 9759,2026-08-17
RM-1064,San Giovanni Vacanze Romane Flat #2,Alloggio Airbnb / Case Vacanza,Roma,San Giovanni,https://www.sangiovannivacanzeromaneflat2.it,info@sangiovannivacanzeromaneflat2.it,+39 334 308 9759,2026-08-17
RM-1065,San Giovanni Vacanze Romane Flat #3,Alloggio Airbnb / Case Vacanza,Roma,San Giovanni,https://www.sangiovannivacanzeromaneflat3.it,info@sangiovannivacanzeromaneflat3.it,+39 334 308 9759,2026-08-17
RM-1066,San Giovanni Art Living Apartment #1,Alloggio Airbnb / Case Vacanza,Roma,San Giovanni,https://www.sangiovanniartlivingapartment1.it,info@sangiovanniartlivingapartment1.it,+39 334 308 9759,2026-08-17
RM-1067,San Giovanni Art Living Apartment #2,Alloggio Airbnb / Case Vacanza,Roma,San Giovanni,https://www.sangiovanniartlivingapartment2.it,info@sangiovanniartlivingapartment2.it,+39 334 308 9759,2026-08-17
RM-1068,San Giovanni Art Living Apartment #3,Alloggio Airbnb / Case Vacanza,Roma,San Giovanni,https://www.sangiovanniartlivingapartment3.it,info@sangiovanniartlivingapartment3.it,+39 334 308 9759,2026-08-17
RM-1069,San Giovanni Modern Loft #1,Alloggio Airbnb / Case Vacanza,Roma,San Giovanni,https://www.sangiovannimodernloft1.it,info@sangiovannimodernloft1.it,+39 334 308 9759,2026-08-17
RM-1070,San Giovanni Modern Loft #2,Alloggio Airbnb / Case Vacanza,Roma,San Giovanni,https://www.sangiovannimodernloft2.it,info@sangiovannimodernloft2.it,+39 334 308 9759,2026-08-17
RM-1071,San Giovanni Modern Loft #3,Alloggio Airbnb / Case Vacanza,Roma,San Giovanni,https://www.sangiovannimodernloft3.it,info@sangiovannimodernloft3.it,+39 334 308 9759,2026-08-17
RM-1072,San Giovanni Executive Suite #1,Alloggio Airbnb / Case Vacanza,Roma,San Giovanni,https://www.sangiovanniexecutivesuite1.it,info@sangiovanniexecutivesuite1.it,+39 334 308 9759,2026-08-17
RM-1073,San Giovanni Executive Suite #2,Alloggio Airbnb / Case Vacanza,Roma,San Giovanni,https://www.sangiovanniexecutivesuite2.it,info@sangiovanniexecutivesuite2.it,+39 334 308 9759,2026-08-17
RM-1074,San Giovanni Executive Suite #3,Alloggio Airbnb / Case Vacanza,Roma,San Giovanni,https://www.sangiovanniexecutivesuite3.it,info@sangiovanniexecutivesuite3.it,+39 334 308 9759,2026-08-17
RM-1075,San Giovanni Cozy Nest #1,Alloggio Airbnb / Case Vacanza,Roma,San Giovanni,https://www.sangiovannicozynest1.it,info@sangiovannicozynest1.it,+39 334 308 9759,2026-08-17
RM-1076,San Giovanni Cozy Nest #2,Alloggio Airbnb / Case Vacanza,Roma,San Giovanni,https://www.sangiovannicozynest2.it,info@sangiovannicozynest2.it,+39 334 308 9759,2026-08-17
RM-1077,San Giovanni Cozy Nest #3,Alloggio Airbnb / Case Vacanza,Roma,San Giovanni,https://www.sangiovannicozynest3.it,info@sangiovannicozynest3.it,+39 334 308 9759,2026-08-17
RM-1078,San Giovanni Prestige Home #1,Alloggio Airbnb / Case Vacanza,Roma,San Giovanni,https://www.sangiovanniprestigehome1.it,info@sangiovanniprestigehome1.it,+39 334 308 9759,2026-08-17
RM-1079,San Giovanni Prestige Home #2,Alloggio Airbnb / Case Vacanza,Roma,San Giovanni,https://www.sangiovanniprestigehome2.it,info@sangiovanniprestigehome2.it,+39 334 308 9759,2026-08-17
RM-1080,San Giovanni Prestige Home #3,Alloggio Airbnb / Case Vacanza,Roma,San Giovanni,https://www.sangiovanniprestigehome3.it,info@sangiovanniprestigehome3.it,+39 334 308 9759,2026-08-17
RM-1081,Appio Latino Luxury Apartment #1,Alloggio Airbnb / Case Vacanza,Roma,Appio Latino,https://www.appiolatinoluxuryapartment1.it,info@appiolatinoluxuryapartment1.it,+39 334 308 9759,2026-08-17
RM-1082,Appio Latino Luxury Apartment #2,Alloggio Airbnb / Case Vacanza,Roma,Appio Latino,https://www.appiolatinoluxuryapartment2.it,info@appiolatinoluxuryapartment2.it,+39 334 308 9759,2026-08-17
RM-1083,Appio Latino Luxury Apartment #3,Alloggio Airbnb / Case Vacanza,Roma,Appio Latino,https://www.appiolatinoluxuryapartment3.it,info@appiolatinoluxuryapartment3.it,+39 334 308 9759,2026-08-17
RM-1084,Appio Latino Boutique Suites #1,Alloggio Airbnb / Case Vacanza,Roma,Appio Latino,https://www.appiolatinoboutiquesuites1.it,info@appiolatinoboutiquesuites1.it,+39 334 308 9759,2026-08-17
RM-1085,Appio Latino Boutique Suites #2,Alloggio Airbnb / Case Vacanza,Roma,Appio Latino,https://www.appiolatinoboutiquesuites2.it,info@appiolatinoboutiquesuites2.it,+39 334 308 9759,2026-08-17
RM-1086,Appio Latino Boutique Suites #3,Alloggio Airbnb / Case Vacanza,Roma,Appio Latino,https://www.appiolatinoboutiquesuites3.it,info@appiolatinoboutiquesuites3.it,+39 334 308 9759,2026-08-17
RM-1087,Appio Latino Charme Flat #1,Alloggio Airbnb / Case Vacanza,Roma,Appio Latino,https://www.appiolatinocharmeflat1.it,info@appiolatinocharmeflat1.it,+39 334 308 9759,2026-08-17
RM-1088,Appio Latino Charme Flat #2,Alloggio Airbnb / Case Vacanza,Roma,Appio Latino,https://www.appiolatinocharmeflat2.it,info@appiolatinocharmeflat2.it,+39 334 308 9759,2026-08-17
RM-1089,Appio Latino Charme Flat #3,Alloggio Airbnb / Case Vacanza,Roma,Appio Latino,https://www.appiolatinocharmeflat3.it,info@appiolatinocharmeflat3.it,+39 334 308 9759,2026-08-17
RM-1090,Appio Latino Design Loft #1,Alloggio Airbnb / Case Vacanza,Roma,Appio Latino,https://www.appiolatinodesignloft1.it,info@appiolatinodesignloft1.it,+39 334 308 9759,2026-08-17
RM-1091,Appio Latino Design Loft #2,Alloggio Airbnb / Case Vacanza,Roma,Appio Latino,https://www.appiolatinodesignloft2.it,info@appiolatinodesignloft2.it,+39 334 308 9759,2026-08-17
RM-1092,Appio Latino Design Loft #3,Alloggio Airbnb / Case Vacanza,Roma,Appio Latino,https://www.appiolatinodesignloft3.it,info@appiolatinodesignloft3.it,+39 334 308 9759,2026-08-17
RM-1093,Appio Latino Panoramic Terrace #1,Alloggio Airbnb / Case Vacanza,Roma,Appio Latino,https://www.appiolatinopanoramicterrace1.it,info@appiolatinopanoramicterrace1.it,+39 334 308 9759,2026-08-17
RM-1094,Appio Latino Panoramic Terrace #2,Alloggio Airbnb / Case Vacanza,Roma,Appio Latino,https://www.appiolatinopanoramicterrace2.it,info@appiolatinopanoramicterrace2.it,+39 334 308 9759,2026-08-17
RM-1095,Appio Latino Panoramic Terrace #3,Alloggio Airbnb / Case Vacanza,Roma,Appio Latino,https://www.appiolatinopanoramicterrace3.it,info@appiolatinopanoramicterrace3.it,+39 334 308 9759,2026-08-17
RM-1096,Appio Latino Historic Residence #1,Alloggio Airbnb / Case Vacanza,Roma,Appio Latino,https://www.appiolatinohistoricresidence1.it,info@appiolatinohistoricresidence1.it,+39 334 308 9759,2026-08-17
RM-1097,Appio Latino Historic Residence #2,Alloggio Airbnb / Case Vacanza,Roma,Appio Latino,https://www.appiolatinohistoricresidence2.it,info@appiolatinohistoricresidence2.it,+39 334 308 9759,2026-08-17
RM-1098,Appio Latino Historic Residence #3,Alloggio Airbnb / Case Vacanza,Roma,Appio Latino,https://www.appiolatinohistoricresidence3.it,info@appiolatinohistoricresidence3.it,+39 334 308 9759,2026-08-17
RM-1099,Appio Latino Exclusive Penthouse #1,Alloggio Airbnb / Case Vacanza,Roma,Appio Latino,https://www.appiolatinoexclusivepenthouse1.it,info@appiolatinoexclusivepenthouse1.it,+39 334 308 9759,2026-08-17
RM-1100,Appio Latino Exclusive Penthouse #2,Alloggio Airbnb / Case Vacanza,Roma,Appio Latino,https://www.appiolatinoexclusivepenthouse2.it,info@appiolatinoexclusivepenthouse2.it,+39 334 308 9759,2026-08-17
RM-1101,Appio Latino Exclusive Penthouse #3,Alloggio Airbnb / Case Vacanza,Roma,Appio Latino,https://www.appiolatinoexclusivepenthouse3.it,info@appiolatinoexclusivepenthouse3.it,+39 334 308 9759,2026-08-17
RM-1102,Appio Latino Holiday Home #1,Alloggio Airbnb / Case Vacanza,Roma,Appio Latino,https://www.appiolatinoholidayhome1.it,info@appiolatinoholidayhome1.it,+39 334 308 9759,2026-08-17
RM-1103,Appio Latino Holiday Home #2,Alloggio Airbnb / Case Vacanza,Roma,Appio Latino,https://www.appiolatinoholidayhome2.it,info@appiolatinoholidayhome2.it,+39 334 308 9759,2026-08-17
RM-1104,Appio Latino Holiday Home #3,Alloggio Airbnb / Case Vacanza,Roma,Appio Latino,https://www.appiolatinoholidayhome3.it,info@appiolatinoholidayhome3.it,+39 334 308 9759,2026-08-17
RM-1105,Appio Latino Guest House #1,Alloggio Airbnb / Case Vacanza,Roma,Appio Latino,https://www.appiolatinoguesthouse1.it,info@appiolatinoguesthouse1.it,+39 334 308 9759,2026-08-17
RM-1106,Appio Latino Guest House #2,Alloggio Airbnb / Case Vacanza,Roma,Appio Latino,https://www.appiolatinoguesthouse2.it,info@appiolatinoguesthouse2.it,+39 334 308 9759,2026-08-17
RM-1107,Appio Latino Guest House #3,Alloggio Airbnb / Case Vacanza,Roma,Appio Latino,https://www.appiolatinoguesthouse3.it,info@appiolatinoguesthouse3.it,+39 334 308 9759,2026-08-17
RM-1108,Appio Latino Dimora di Charme #1,Alloggio Airbnb / Case Vacanza,Roma,Appio Latino,https://www.appiolatinodimoradicharme1.it,info@appiolatinodimoradicharme1.it,+39 334 308 9759,2026-08-17
RM-1109,Appio Latino Dimora di Charme #2,Alloggio Airbnb / Case Vacanza,Roma,Appio Latino,https://www.appiolatinodimoradicharme2.it,info@appiolatinodimoradicharme2.it,+39 334 308 9759,2026-08-17
RM-1110,Appio Latino Dimora di Charme #3,Alloggio Airbnb / Case Vacanza,Roma,Appio Latino,https://www.appiolatinodimoradicharme3.it,info@appiolatinodimoradicharme3.it,+39 334 308 9759,2026-08-17
RM-1111,Appio Latino Relais Urbano #1,Alloggio Airbnb / Case Vacanza,Roma,Appio Latino,https://www.appiolatinorelaisurbano1.it,info@appiolatinorelaisurbano1.it,+39 334 308 9759,2026-08-17
RM-1112,Appio Latino Relais Urbano #2,Alloggio Airbnb / Case Vacanza,Roma,Appio Latino,https://www.appiolatinorelaisurbano2.it,info@appiolatinorelaisurbano2.it,+39 334 308 9759,2026-08-17
RM-1113,Appio Latino Relais Urbano #3,Alloggio Airbnb / Case Vacanza,Roma,Appio Latino,https://www.appiolatinorelaisurbano3.it,info@appiolatinorelaisurbano3.it,+39 334 308 9759,2026-08-17
RM-1114,Appio Latino Maison Elegance #1,Alloggio Airbnb / Case Vacanza,Roma,Appio Latino,https://www.appiolatinomaisonelegance1.it,info@appiolatinomaisonelegance1.it,+39 334 308 9759,2026-08-17
RM-1115,Appio Latino Maison Elegance #2,Alloggio Airbnb / Case Vacanza,Roma,Appio Latino,https://www.appiolatinomaisonelegance2.it,info@appiolatinomaisonelegance2.it,+39 334 308 9759,2026-08-17
RM-1116,Appio Latino Maison Elegance #3,Alloggio Airbnb / Case Vacanza,Roma,Appio Latino,https://www.appiolatinomaisonelegance3.it,info@appiolatinomaisonelegance3.it,+39 334 308 9759,2026-08-17
RM-1117,Appio Latino Suites & Spa #1,Alloggio Airbnb / Case Vacanza,Roma,Appio Latino,https://www.appiolatinosuitesspa1.it,info@appiolatinosuitesspa1.it,+39 334 308 9759,2026-08-17
RM-1118,Appio Latino Suites & Spa #2,Alloggio Airbnb / Case Vacanza,Roma,Appio Latino,https://www.appiolatinosuitesspa2.it,info@appiolatinosuitesspa2.it,+39 334 308 9759,2026-08-17
RM-1119,Appio Latino Suites & Spa #3,Alloggio Airbnb / Case Vacanza,Roma,Appio Latino,https://www.appiolatinosuitesspa3.it,info@appiolatinosuitesspa3.it,+39 334 308 9759,2026-08-17
RM-1120,Appio Latino Attico Panoramico #1,Alloggio Airbnb / Case Vacanza,Roma,Appio Latino,https://www.appiolatinoatticopanoramico1.it,info@appiolatinoatticopanoramico1.it,+39 334 308 9759,2026-08-17
RM-1121,Appio Latino Attico Panoramico #2,Alloggio Airbnb / Case Vacanza,Roma,Appio Latino,https://www.appiolatinoatticopanoramico2.it,info@appiolatinoatticopanoramico2.it,+39 334 308 9759,2026-08-17
RM-1122,Appio Latino Attico Panoramico #3,Alloggio Airbnb / Case Vacanza,Roma,Appio Latino,https://www.appiolatinoatticopanoramico3.it,info@appiolatinoatticopanoramico3.it,+39 334 308 9759,2026-08-17
RM-1123,Appio Latino Vacanze Romane Flat #1,Alloggio Airbnb / Case Vacanza,Roma,Appio Latino,https://www.appiolatinovacanzeromaneflat1.it,info@appiolatinovacanzeromaneflat1.it,+39 334 308 9759,2026-08-17
RM-1124,Appio Latino Vacanze Romane Flat #2,Alloggio Airbnb / Case Vacanza,Roma,Appio Latino,https://www.appiolatinovacanzeromaneflat2.it,info@appiolatinovacanzeromaneflat2.it,+39 334 308 9759,2026-08-17
RM-1125,Appio Latino Vacanze Romane Flat #3,Alloggio Airbnb / Case Vacanza,Roma,Appio Latino,https://www.appiolatinovacanzeromaneflat3.it,info@appiolatinovacanzeromaneflat3.it,+39 334 308 9759,2026-08-17
RM-1126,Appio Latino Art Living Apartment #1,Alloggio Airbnb / Case Vacanza,Roma,Appio Latino,https://www.appiolatinoartlivingapartment1.it,info@appiolatinoartlivingapartment1.it,+39 334 308 9759,2026-08-17
RM-1127,Appio Latino Art Living Apartment #2,Alloggio Airbnb / Case Vacanza,Roma,Appio Latino,https://www.appiolatinoartlivingapartment2.it,info@appiolatinoartlivingapartment2.it,+39 334 308 9759,2026-08-17
RM-1128,Appio Latino Art Living Apartment #3,Alloggio Airbnb / Case Vacanza,Roma,Appio Latino,https://www.appiolatinoartlivingapartment3.it,info@appiolatinoartlivingapartment3.it,+39 334 308 9759,2026-08-17
RM-1129,Appio Latino Modern Loft #1,Alloggio Airbnb / Case Vacanza,Roma,Appio Latino,https://www.appiolatinomodernloft1.it,info@appiolatinomodernloft1.it,+39 334 308 9759,2026-08-17
RM-1130,Appio Latino Modern Loft #2,Alloggio Airbnb / Case Vacanza,Roma,Appio Latino,https://www.appiolatinomodernloft2.it,info@appiolatinomodernloft2.it,+39 334 308 9759,2026-08-17
RM-1131,Appio Latino Modern Loft #3,Alloggio Airbnb / Case Vacanza,Roma,Appio Latino,https://www.appiolatinomodernloft3.it,info@appiolatinomodernloft3.it,+39 334 308 9759,2026-08-17
RM-1132,Appio Latino Executive Suite #1,Alloggio Airbnb / Case Vacanza,Roma,Appio Latino,https://www.appiolatinoexecutivesuite1.it,info@appiolatinoexecutivesuite1.it,+39 334 308 9759,2026-08-17
RM-1133,Appio Latino Executive Suite #2,Alloggio Airbnb / Case Vacanza,Roma,Appio Latino,https://www.appiolatinoexecutivesuite2.it,info@appiolatinoexecutivesuite2.it,+39 334 308 9759,2026-08-17
RM-1134,Appio Latino Executive Suite #3,Alloggio Airbnb / Case Vacanza,Roma,Appio Latino,https://www.appiolatinoexecutivesuite3.it,info@appiolatinoexecutivesuite3.it,+39 334 308 9759,2026-08-17
RM-1135,Appio Latino Cozy Nest #1,Alloggio Airbnb / Case Vacanza,Roma,Appio Latino,https://www.appiolatinocozynest1.it,info@appiolatinocozynest1.it,+39 334 308 9759,2026-08-17
RM-1136,Appio Latino Cozy Nest #2,Alloggio Airbnb / Case Vacanza,Roma,Appio Latino,https://www.appiolatinocozynest2.it,info@appiolatinocozynest2.it,+39 334 308 9759,2026-08-17
RM-1137,Appio Latino Cozy Nest #3,Alloggio Airbnb / Case Vacanza,Roma,Appio Latino,https://www.appiolatinocozynest3.it,info@appiolatinocozynest3.it,+39 334 308 9759,2026-08-17
RM-1138,Appio Latino Prestige Home #1,Alloggio Airbnb / Case Vacanza,Roma,Appio Latino,https://www.appiolatinoprestigehome1.it,info@appiolatinoprestigehome1.it,+39 334 308 9759,2026-08-17
RM-1139,Appio Latino Prestige Home #2,Alloggio Airbnb / Case Vacanza,Roma,Appio Latino,https://www.appiolatinoprestigehome2.it,info@appiolatinoprestigehome2.it,+39 334 308 9759,2026-08-17
RM-1140,Appio Latino Prestige Home #3,Alloggio Airbnb / Case Vacanza,Roma,Appio Latino,https://www.appiolatinoprestigehome3.it,info@appiolatinoprestigehome3.it,+39 334 308 9759,2026-08-17
RM-1141,Testaccio Luxury Apartment #1,Alloggio Airbnb / Case Vacanza,Roma,Testaccio,https://www.testaccioluxuryapartment1.it,info@testaccioluxuryapartment1.it,+39 334 308 9759,2026-08-17
RM-1142,Testaccio Luxury Apartment #2,Alloggio Airbnb / Case Vacanza,Roma,Testaccio,https://www.testaccioluxuryapartment2.it,info@testaccioluxuryapartment2.it,+39 334 308 9759,2026-08-17
RM-1143,Testaccio Luxury Apartment #3,Alloggio Airbnb / Case Vacanza,Roma,Testaccio,https://www.testaccioluxuryapartment3.it,info@testaccioluxuryapartment3.it,+39 334 308 9759,2026-08-17
RM-1144,Testaccio Boutique Suites #1,Alloggio Airbnb / Case Vacanza,Roma,Testaccio,https://www.testaccioboutiquesuites1.it,info@testaccioboutiquesuites1.it,+39 334 308 9759,2026-08-17
RM-1145,Testaccio Boutique Suites #2,Alloggio Airbnb / Case Vacanza,Roma,Testaccio,https://www.testaccioboutiquesuites2.it,info@testaccioboutiquesuites2.it,+39 334 308 9759,2026-08-17
RM-1146,Testaccio Boutique Suites #3,Alloggio Airbnb / Case Vacanza,Roma,Testaccio,https://www.testaccioboutiquesuites3.it,info@testaccioboutiquesuites3.it,+39 334 308 9759,2026-08-17
RM-1147,Testaccio Charme Flat #1,Alloggio Airbnb / Case Vacanza,Roma,Testaccio,https://www.testacciocharmeflat1.it,info@testacciocharmeflat1.it,+39 334 308 9759,2026-08-17
RM-1148,Testaccio Charme Flat #2,Alloggio Airbnb / Case Vacanza,Roma,Testaccio,https://www.testacciocharmeflat2.it,info@testacciocharmeflat2.it,+39 334 308 9759,2026-08-17
RM-1149,Testaccio Charme Flat #3,Alloggio Airbnb / Case Vacanza,Roma,Testaccio,https://www.testacciocharmeflat3.it,info@testacciocharmeflat3.it,+39 334 308 9759,2026-08-17
RM-1150,Testaccio Design Loft #1,Alloggio Airbnb / Case Vacanza,Roma,Testaccio,https://www.testacciodesignloft1.it,info@testacciodesignloft1.it,+39 334 308 9759,2026-08-17
RM-1151,Testaccio Design Loft #2,Alloggio Airbnb / Case Vacanza,Roma,Testaccio,https://www.testacciodesignloft2.it,info@testacciodesignloft2.it,+39 334 308 9759,2026-08-17
RM-1152,Testaccio Design Loft #3,Alloggio Airbnb / Case Vacanza,Roma,Testaccio,https://www.testacciodesignloft3.it,info@testacciodesignloft3.it,+39 334 308 9759,2026-08-17
RM-1153,Testaccio Panoramic Terrace #1,Alloggio Airbnb / Case Vacanza,Roma,Testaccio,https://www.testacciopanoramicterrace1.it,info@testacciopanoramicterrace1.it,+39 334 308 9759,2026-08-17
RM-1154,Testaccio Panoramic Terrace #2,Alloggio Airbnb / Case Vacanza,Roma,Testaccio,https://www.testacciopanoramicterrace2.it,info@testacciopanoramicterrace2.it,+39 334 308 9759,2026-08-17
RM-1155,Testaccio Panoramic Terrace #3,Alloggio Airbnb / Case Vacanza,Roma,Testaccio,https://www.testacciopanoramicterrace3.it,info@testacciopanoramicterrace3.it,+39 334 308 9759,2026-08-17
RM-1156,Testaccio Historic Residence #1,Alloggio Airbnb / Case Vacanza,Roma,Testaccio,https://www.testacciohistoricresidence1.it,info@testacciohistoricresidence1.it,+39 334 308 9759,2026-08-17
RM-1157,Testaccio Historic Residence #2,Alloggio Airbnb / Case Vacanza,Roma,Testaccio,https://www.testacciohistoricresidence2.it,info@testacciohistoricresidence2.it,+39 334 308 9759,2026-08-17
RM-1158,Testaccio Historic Residence #3,Alloggio Airbnb / Case Vacanza,Roma,Testaccio,https://www.testacciohistoricresidence3.it,info@testacciohistoricresidence3.it,+39 334 308 9759,2026-08-17
RM-1159,Testaccio Exclusive Penthouse #1,Alloggio Airbnb / Case Vacanza,Roma,Testaccio,https://www.testaccioexclusivepenthouse1.it,info@testaccioexclusivepenthouse1.it,+39 334 308 9759,2026-08-17
RM-1160,Testaccio Exclusive Penthouse #2,Alloggio Airbnb / Case Vacanza,Roma,Testaccio,https://www.testaccioexclusivepenthouse2.it,info@testaccioexclusivepenthouse2.it,+39 334 308 9759,2026-08-17
RM-1161,Testaccio Exclusive Penthouse #3,Alloggio Airbnb / Case Vacanza,Roma,Testaccio,https://www.testaccioexclusivepenthouse3.it,info@testaccioexclusivepenthouse3.it,+39 334 308 9759,2026-08-17
RM-1162,Testaccio Holiday Home #1,Alloggio Airbnb / Case Vacanza,Roma,Testaccio,https://www.testaccioholidayhome1.it,info@testaccioholidayhome1.it,+39 334 308 9759,2026-08-17
RM-1163,Testaccio Holiday Home #2,Alloggio Airbnb / Case Vacanza,Roma,Testaccio,https://www.testaccioholidayhome2.it,info@testaccioholidayhome2.it,+39 334 308 9759,2026-08-17
RM-1164,Testaccio Holiday Home #3,Alloggio Airbnb / Case Vacanza,Roma,Testaccio,https://www.testaccioholidayhome3.it,info@testaccioholidayhome3.it,+39 334 308 9759,2026-08-17
RM-1165,Testaccio Guest House #1,Alloggio Airbnb / Case Vacanza,Roma,Testaccio,https://www.testaccioguesthouse1.it,info@testaccioguesthouse1.it,+39 334 308 9759,2026-08-17
RM-1166,Testaccio Guest House #2,Alloggio Airbnb / Case Vacanza,Roma,Testaccio,https://www.testaccioguesthouse2.it,info@testaccioguesthouse2.it,+39 334 308 9759,2026-08-17
RM-1167,Testaccio Guest House #3,Alloggio Airbnb / Case Vacanza,Roma,Testaccio,https://www.testaccioguesthouse3.it,info@testaccioguesthouse3.it,+39 334 308 9759,2026-08-17
RM-1168,Testaccio Dimora di Charme #1,Alloggio Airbnb / Case Vacanza,Roma,Testaccio,https://www.testacciodimoradicharme1.it,info@testacciodimoradicharme1.it,+39 334 308 9759,2026-08-17
RM-1169,Testaccio Dimora di Charme #2,Alloggio Airbnb / Case Vacanza,Roma,Testaccio,https://www.testacciodimoradicharme2.it,info@testacciodimoradicharme2.it,+39 334 308 9759,2026-08-17
RM-1170,Testaccio Dimora di Charme #3,Alloggio Airbnb / Case Vacanza,Roma,Testaccio,https://www.testacciodimoradicharme3.it,info@testacciodimoradicharme3.it,+39 334 308 9759,2026-08-17
RM-1171,Testaccio Relais Urbano #1,Alloggio Airbnb / Case Vacanza,Roma,Testaccio,https://www.testacciorelaisurbano1.it,info@testacciorelaisurbano1.it,+39 334 308 9759,2026-08-17
RM-1172,Testaccio Relais Urbano #2,Alloggio Airbnb / Case Vacanza,Roma,Testaccio,https://www.testacciorelaisurbano2.it,info@testacciorelaisurbano2.it,+39 334 308 9759,2026-08-17
RM-1173,Testaccio Relais Urbano #3,Alloggio Airbnb / Case Vacanza,Roma,Testaccio,https://www.testacciorelaisurbano3.it,info@testacciorelaisurbano3.it,+39 334 308 9759,2026-08-17
RM-1174,Testaccio Maison Elegance #1,Alloggio Airbnb / Case Vacanza,Roma,Testaccio,https://www.testacciomaisonelegance1.it,info@testacciomaisonelegance1.it,+39 334 308 9759,2026-08-17
RM-1175,Testaccio Maison Elegance #2,Alloggio Airbnb / Case Vacanza,Roma,Testaccio,https://www.testacciomaisonelegance2.it,info@testacciomaisonelegance2.it,+39 334 308 9759,2026-08-17
RM-1176,Testaccio Maison Elegance #3,Alloggio Airbnb / Case Vacanza,Roma,Testaccio,https://www.testacciomaisonelegance3.it,info@testacciomaisonelegance3.it,+39 334 308 9759,2026-08-17
RM-1177,Testaccio Suites & Spa #1,Alloggio Airbnb / Case Vacanza,Roma,Testaccio,https://www.testacciosuitesspa1.it,info@testacciosuitesspa1.it,+39 334 308 9759,2026-08-17
RM-1178,Testaccio Suites & Spa #2,Alloggio Airbnb / Case Vacanza,Roma,Testaccio,https://www.testacciosuitesspa2.it,info@testacciosuitesspa2.it,+39 334 308 9759,2026-08-17
RM-1179,Testaccio Suites & Spa #3,Alloggio Airbnb / Case Vacanza,Roma,Testaccio,https://www.testacciosuitesspa3.it,info@testacciosuitesspa3.it,+39 334 308 9759,2026-08-17
RM-1180,Testaccio Attico Panoramico #1,Alloggio Airbnb / Case Vacanza,Roma,Testaccio,https://www.testaccioatticopanoramico1.it,info@testaccioatticopanoramico1.it,+39 334 308 9759,2026-08-17
RM-1181,Testaccio Attico Panoramico #2,Alloggio Airbnb / Case Vacanza,Roma,Testaccio,https://www.testaccioatticopanoramico2.it,info@testaccioatticopanoramico2.it,+39 334 308 9759,2026-08-17
RM-1182,Testaccio Attico Panoramico #3,Alloggio Airbnb / Case Vacanza,Roma,Testaccio,https://www.testaccioatticopanoramico3.it,info@testaccioatticopanoramico3.it,+39 334 308 9759,2026-08-17
RM-1183,Testaccio Vacanze Romane Flat #1,Alloggio Airbnb / Case Vacanza,Roma,Testaccio,https://www.testacciovacanzeromaneflat1.it,info@testacciovacanzeromaneflat1.it,+39 334 308 9759,2026-08-17
RM-1184,Testaccio Vacanze Romane Flat #2,Alloggio Airbnb / Case Vacanza,Roma,Testaccio,https://www.testacciovacanzeromaneflat2.it,info@testacciovacanzeromaneflat2.it,+39 334 308 9759,2026-08-17
RM-1185,Testaccio Vacanze Romane Flat #3,Alloggio Airbnb / Case Vacanza,Roma,Testaccio,https://www.testacciovacanzeromaneflat3.it,info@testacciovacanzeromaneflat3.it,+39 334 308 9759,2026-08-17
RM-1186,Testaccio Art Living Apartment #1,Alloggio Airbnb / Case Vacanza,Roma,Testaccio,https://www.testaccioartlivingapartment1.it,info@testaccioartlivingapartment1.it,+39 334 308 9759,2026-08-17
RM-1187,Testaccio Art Living Apartment #2,Alloggio Airbnb / Case Vacanza,Roma,Testaccio,https://www.testaccioartlivingapartment2.it,info@testaccioartlivingapartment2.it,+39 334 308 9759,2026-08-17
RM-1188,Testaccio Art Living Apartment #3,Alloggio Airbnb / Case Vacanza,Roma,Testaccio,https://www.testaccioartlivingapartment3.it,info@testaccioartlivingapartment3.it,+39 334 308 9759,2026-08-17
RM-1189,Testaccio Modern Loft #1,Alloggio Airbnb / Case Vacanza,Roma,Testaccio,https://www.testacciomodernloft1.it,info@testacciomodernloft1.it,+39 334 308 9759,2026-08-17
RM-1190,Testaccio Modern Loft #2,Alloggio Airbnb / Case Vacanza,Roma,Testaccio,https://www.testacciomodernloft2.it,info@testacciomodernloft2.it,+39 334 308 9759,2026-08-17
RM-1191,Testaccio Modern Loft #3,Alloggio Airbnb / Case Vacanza,Roma,Testaccio,https://www.testacciomodernloft3.it,info@testacciomodernloft3.it,+39 334 308 9759,2026-08-17
RM-1192,Testaccio Executive Suite #1,Alloggio Airbnb / Case Vacanza,Roma,Testaccio,https://www.testaccioexecutivesuite1.it,info@testaccioexecutivesuite1.it,+39 334 308 9759,2026-08-17
RM-1193,Testaccio Executive Suite #2,Alloggio Airbnb / Case Vacanza,Roma,Testaccio,https://www.testaccioexecutivesuite2.it,info@testaccioexecutivesuite2.it,+39 334 308 9759,2026-08-17
RM-1194,Testaccio Executive Suite #3,Alloggio Airbnb / Case Vacanza,Roma,Testaccio,https://www.testaccioexecutivesuite3.it,info@testaccioexecutivesuite3.it,+39 334 308 9759,2026-08-17
RM-1195,Testaccio Cozy Nest #1,Alloggio Airbnb / Case Vacanza,Roma,Testaccio,https://www.testacciocozynest1.it,info@testacciocozynest1.it,+39 334 308 9759,2026-08-17
RM-1196,Testaccio Cozy Nest #2,Alloggio Airbnb / Case Vacanza,Roma,Testaccio,https://www.testacciocozynest2.it,info@testacciocozynest2.it,+39 334 308 9759,2026-08-17
RM-1197,Testaccio Cozy Nest #3,Alloggio Airbnb / Case Vacanza,Roma,Testaccio,https://www.testacciocozynest3.it,info@testacciocozynest3.it,+39 334 308 9759,2026-08-17
RM-1198,Testaccio Prestige Home #1,Alloggio Airbnb / Case Vacanza,Roma,Testaccio,https://www.testaccioprestigehome1.it,info@testaccioprestigehome1.it,+39 334 308 9759,2026-08-17
RM-1199,Testaccio Prestige Home #2,Alloggio Airbnb / Case Vacanza,Roma,Testaccio,https://www.testaccioprestigehome2.it,info@testaccioprestigehome2.it,+39 334 308 9759,2026-08-17
RM-1200,Testaccio Prestige Home #3,Alloggio Airbnb / Case Vacanza,Roma,Testaccio,https://www.testaccioprestigehome3.it,info@testaccioprestigehome3.it,+39 334 308 9759,2026-08-17
RM-1201,Aventino Luxury Apartment #1,Alloggio Airbnb / Case Vacanza,Roma,Aventino,https://www.aventinoluxuryapartment1.it,info@aventinoluxuryapartment1.it,+39 334 308 9759,2026-08-17
RM-1202,Aventino Luxury Apartment #2,Alloggio Airbnb / Case Vacanza,Roma,Aventino,https://www.aventinoluxuryapartment2.it,info@aventinoluxuryapartment2.it,+39 334 308 9759,2026-08-17
RM-1203,Aventino Luxury Apartment #3,Alloggio Airbnb / Case Vacanza,Roma,Aventino,https://www.aventinoluxuryapartment3.it,info@aventinoluxuryapartment3.it,+39 334 308 9759,2026-08-17
RM-1204,Aventino Boutique Suites #1,Alloggio Airbnb / Case Vacanza,Roma,Aventino,https://www.aventinoboutiquesuites1.it,info@aventinoboutiquesuites1.it,+39 334 308 9759,2026-08-17
RM-1205,Aventino Boutique Suites #2,Alloggio Airbnb / Case Vacanza,Roma,Aventino,https://www.aventinoboutiquesuites2.it,info@aventinoboutiquesuites2.it,+39 334 308 9759,2026-08-17
RM-1206,Aventino Boutique Suites #3,Alloggio Airbnb / Case Vacanza,Roma,Aventino,https://www.aventinoboutiquesuites3.it,info@aventinoboutiquesuites3.it,+39 334 308 9759,2026-08-17
RM-1207,Aventino Charme Flat #1,Alloggio Airbnb / Case Vacanza,Roma,Aventino,https://www.aventinocharmeflat1.it,info@aventinocharmeflat1.it,+39 334 308 9759,2026-08-17
RM-1208,Aventino Charme Flat #2,Alloggio Airbnb / Case Vacanza,Roma,Aventino,https://www.aventinocharmeflat2.it,info@aventinocharmeflat2.it,+39 334 308 9759,2026-08-17
RM-1209,Aventino Charme Flat #3,Alloggio Airbnb / Case Vacanza,Roma,Aventino,https://www.aventinocharmeflat3.it,info@aventinocharmeflat3.it,+39 334 308 9759,2026-08-17
RM-1210,Aventino Design Loft #1,Alloggio Airbnb / Case Vacanza,Roma,Aventino,https://www.aventinodesignloft1.it,info@aventinodesignloft1.it,+39 334 308 9759,2026-08-17
RM-1211,Aventino Design Loft #2,Alloggio Airbnb / Case Vacanza,Roma,Aventino,https://www.aventinodesignloft2.it,info@aventinodesignloft2.it,+39 334 308 9759,2026-08-17
RM-1212,Aventino Design Loft #3,Alloggio Airbnb / Case Vacanza,Roma,Aventino,https://www.aventinodesignloft3.it,info@aventinodesignloft3.it,+39 334 308 9759,2026-08-17
RM-1213,Aventino Panoramic Terrace #1,Alloggio Airbnb / Case Vacanza,Roma,Aventino,https://www.aventinopanoramicterrace1.it,info@aventinopanoramicterrace1.it,+39 334 308 9759,2026-08-17
RM-1214,Aventino Panoramic Terrace #2,Alloggio Airbnb / Case Vacanza,Roma,Aventino,https://www.aventinopanoramicterrace2.it,info@aventinopanoramicterrace2.it,+39 334 308 9759,2026-08-17
RM-1215,Aventino Panoramic Terrace #3,Alloggio Airbnb / Case Vacanza,Roma,Aventino,https://www.aventinopanoramicterrace3.it,info@aventinopanoramicterrace3.it,+39 334 308 9759,2026-08-17
RM-1216,Aventino Historic Residence #1,Alloggio Airbnb / Case Vacanza,Roma,Aventino,https://www.aventinohistoricresidence1.it,info@aventinohistoricresidence1.it,+39 334 308 9759,2026-08-17
RM-1217,Aventino Historic Residence #2,Alloggio Airbnb / Case Vacanza,Roma,Aventino,https://www.aventinohistoricresidence2.it,info@aventinohistoricresidence2.it,+39 334 308 9759,2026-08-17
RM-1218,Aventino Historic Residence #3,Alloggio Airbnb / Case Vacanza,Roma,Aventino,https://www.aventinohistoricresidence3.it,info@aventinohistoricresidence3.it,+39 334 308 9759,2026-08-17
RM-1219,Aventino Exclusive Penthouse #1,Alloggio Airbnb / Case Vacanza,Roma,Aventino,https://www.aventinoexclusivepenthouse1.it,info@aventinoexclusivepenthouse1.it,+39 334 308 9759,2026-08-17
RM-1220,Aventino Exclusive Penthouse #2,Alloggio Airbnb / Case Vacanza,Roma,Aventino,https://www.aventinoexclusivepenthouse2.it,info@aventinoexclusivepenthouse2.it,+39 334 308 9759,2026-08-17
RM-1221,Aventino Exclusive Penthouse #3,Alloggio Airbnb / Case Vacanza,Roma,Aventino,https://www.aventinoexclusivepenthouse3.it,info@aventinoexclusivepenthouse3.it,+39 334 308 9759,2026-08-17
RM-1222,Aventino Holiday Home #1,Alloggio Airbnb / Case Vacanza,Roma,Aventino,https://www.aventinoholidayhome1.it,info@aventinoholidayhome1.it,+39 334 308 9759,2026-08-17
RM-1223,Aventino Holiday Home #2,Alloggio Airbnb / Case Vacanza,Roma,Aventino,https://www.aventinoholidayhome2.it,info@aventinoholidayhome2.it,+39 334 308 9759,2026-08-17
RM-1224,Aventino Holiday Home #3,Alloggio Airbnb / Case Vacanza,Roma,Aventino,https://www.aventinoholidayhome3.it,info@aventinoholidayhome3.it,+39 334 308 9759,2026-08-17
RM-1225,Aventino Guest House #1,Alloggio Airbnb / Case Vacanza,Roma,Aventino,https://www.aventinoguesthouse1.it,info@aventinoguesthouse1.it,+39 334 308 9759,2026-08-17
RM-1226,Aventino Guest House #2,Alloggio Airbnb / Case Vacanza,Roma,Aventino,https://www.aventinoguesthouse2.it,info@aventinoguesthouse2.it,+39 334 308 9759,2026-08-17
RM-1227,Aventino Guest House #3,Alloggio Airbnb / Case Vacanza,Roma,Aventino,https://www.aventinoguesthouse3.it,info@aventinoguesthouse3.it,+39 334 308 9759,2026-08-17
RM-1228,Aventino Dimora di Charme #1,Alloggio Airbnb / Case Vacanza,Roma,Aventino,https://www.aventinodimoradicharme1.it,info@aventinodimoradicharme1.it,+39 334 308 9759,2026-08-17
RM-1229,Aventino Dimora di Charme #2,Alloggio Airbnb / Case Vacanza,Roma,Aventino,https://www.aventinodimoradicharme2.it,info@aventinodimoradicharme2.it,+39 334 308 9759,2026-08-17
RM-1230,Aventino Dimora di Charme #3,Alloggio Airbnb / Case Vacanza,Roma,Aventino,https://www.aventinodimoradicharme3.it,info@aventinodimoradicharme3.it,+39 334 308 9759,2026-08-17
RM-1231,Aventino Relais Urbano #1,Alloggio Airbnb / Case Vacanza,Roma,Aventino,https://www.aventinorelaisurbano1.it,info@aventinorelaisurbano1.it,+39 334 308 9759,2026-08-17
RM-1232,Aventino Relais Urbano #2,Alloggio Airbnb / Case Vacanza,Roma,Aventino,https://www.aventinorelaisurbano2.it,info@aventinorelaisurbano2.it,+39 334 308 9759,2026-08-17
RM-1233,Aventino Relais Urbano #3,Alloggio Airbnb / Case Vacanza,Roma,Aventino,https://www.aventinorelaisurbano3.it,info@aventinorelaisurbano3.it,+39 334 308 9759,2026-08-17
RM-1234,Aventino Maison Elegance #1,Alloggio Airbnb / Case Vacanza,Roma,Aventino,https://www.aventinomaisonelegance1.it,info@aventinomaisonelegance1.it,+39 334 308 9759,2026-08-17
RM-1235,Aventino Maison Elegance #2,Alloggio Airbnb / Case Vacanza,Roma,Aventino,https://www.aventinomaisonelegance2.it,info@aventinomaisonelegance2.it,+39 334 308 9759,2026-08-17
RM-1236,Aventino Maison Elegance #3,Alloggio Airbnb / Case Vacanza,Roma,Aventino,https://www.aventinomaisonelegance3.it,info@aventinomaisonelegance3.it,+39 334 308 9759,2026-08-17
RM-1237,Aventino Suites & Spa #1,Alloggio Airbnb / Case Vacanza,Roma,Aventino,https://www.aventinosuitesspa1.it,info@aventinosuitesspa1.it,+39 334 308 9759,2026-08-17
RM-1238,Aventino Suites & Spa #2,Alloggio Airbnb / Case Vacanza,Roma,Aventino,https://www.aventinosuitesspa2.it,info@aventinosuitesspa2.it,+39 334 308 9759,2026-08-17
RM-1239,Aventino Suites & Spa #3,Alloggio Airbnb / Case Vacanza,Roma,Aventino,https://www.aventinosuitesspa3.it,info@aventinosuitesspa3.it,+39 334 308 9759,2026-08-17
RM-1240,Aventino Attico Panoramico #1,Alloggio Airbnb / Case Vacanza,Roma,Aventino,https://www.aventinoatticopanoramico1.it,info@aventinoatticopanoramico1.it,+39 334 308 9759,2026-08-17
RM-1241,Aventino Attico Panoramico #2,Alloggio Airbnb / Case Vacanza,Roma,Aventino,https://www.aventinoatticopanoramico2.it,info@aventinoatticopanoramico2.it,+39 334 308 9759,2026-08-17
RM-1242,Aventino Attico Panoramico #3,Alloggio Airbnb / Case Vacanza,Roma,Aventino,https://www.aventinoatticopanoramico3.it,info@aventinoatticopanoramico3.it,+39 334 308 9759,2026-08-17
RM-1243,Aventino Vacanze Romane Flat #1,Alloggio Airbnb / Case Vacanza,Roma,Aventino,https://www.aventinovacanzeromaneflat1.it,info@aventinovacanzeromaneflat1.it,+39 334 308 9759,2026-08-17
RM-1244,Aventino Vacanze Romane Flat #2,Alloggio Airbnb / Case Vacanza,Roma,Aventino,https://www.aventinovacanzeromaneflat2.it,info@aventinovacanzeromaneflat2.it,+39 334 308 9759,2026-08-17
RM-1245,Aventino Vacanze Romane Flat #3,Alloggio Airbnb / Case Vacanza,Roma,Aventino,https://www.aventinovacanzeromaneflat3.it,info@aventinovacanzeromaneflat3.it,+39 334 308 9759,2026-08-17
RM-1246,Aventino Art Living Apartment #1,Alloggio Airbnb / Case Vacanza,Roma,Aventino,https://www.aventinoartlivingapartment1.it,info@aventinoartlivingapartment1.it,+39 334 308 9759,2026-08-17
RM-1247,Aventino Art Living Apartment #2,Alloggio Airbnb / Case Vacanza,Roma,Aventino,https://www.aventinoartlivingapartment2.it,info@aventinoartlivingapartment2.it,+39 334 308 9759,2026-08-17
RM-1248,Aventino Art Living Apartment #3,Alloggio Airbnb / Case Vacanza,Roma,Aventino,https://www.aventinoartlivingapartment3.it,info@aventinoartlivingapartment3.it,+39 334 308 9759,2026-08-17
RM-1249,Aventino Modern Loft #1,Alloggio Airbnb / Case Vacanza,Roma,Aventino,https://www.aventinomodernloft1.it,info@aventinomodernloft1.it,+39 334 308 9759,2026-08-17
RM-1250,Aventino Modern Loft #2,Alloggio Airbnb / Case Vacanza,Roma,Aventino,https://www.aventinomodernloft2.it,info@aventinomodernloft2.it,+39 334 308 9759,2026-08-17
RM-1251,Aventino Modern Loft #3,Alloggio Airbnb / Case Vacanza,Roma,Aventino,https://www.aventinomodernloft3.it,info@aventinomodernloft3.it,+39 334 308 9759,2026-08-17
RM-1252,Aventino Executive Suite #1,Alloggio Airbnb / Case Vacanza,Roma,Aventino,https://www.aventinoexecutivesuite1.it,info@aventinoexecutivesuite1.it,+39 334 308 9759,2026-08-17
RM-1253,Aventino Executive Suite #2,Alloggio Airbnb / Case Vacanza,Roma,Aventino,https://www.aventinoexecutivesuite2.it,info@aventinoexecutivesuite2.it,+39 334 308 9759,2026-08-17
RM-1254,Aventino Executive Suite #3,Alloggio Airbnb / Case Vacanza,Roma,Aventino,https://www.aventinoexecutivesuite3.it,info@aventinoexecutivesuite3.it,+39 334 308 9759,2026-08-17
RM-1255,Aventino Cozy Nest #1,Alloggio Airbnb / Case Vacanza,Roma,Aventino,https://www.aventinocozynest1.it,info@aventinocozynest1.it,+39 334 308 9759,2026-08-17
RM-1256,Aventino Cozy Nest #2,Alloggio Airbnb / Case Vacanza,Roma,Aventino,https://www.aventinocozynest2.it,info@aventinocozynest2.it,+39 334 308 9759,2026-08-17
RM-1257,Aventino Cozy Nest #3,Alloggio Airbnb / Case Vacanza,Roma,Aventino,https://www.aventinocozynest3.it,info@aventinocozynest3.it,+39 334 308 9759,2026-08-17
RM-1258,Aventino Prestige Home #1,Alloggio Airbnb / Case Vacanza,Roma,Aventino,https://www.aventinoprestigehome1.it,info@aventinoprestigehome1.it,+39 334 308 9759,2026-08-17
RM-1259,Aventino Prestige Home #2,Alloggio Airbnb / Case Vacanza,Roma,Aventino,https://www.aventinoprestigehome2.it,info@aventinoprestigehome2.it,+39 334 308 9759,2026-08-17
RM-1260,Aventino Prestige Home #3,Alloggio Airbnb / Case Vacanza,Roma,Aventino,https://www.aventinoprestigehome3.it,info@aventinoprestigehome3.it,+39 334 308 9759,2026-08-17
RM-1261,San Saba Luxury Apartment #1,Alloggio Airbnb / Case Vacanza,Roma,San Saba,https://www.sansabaluxuryapartment1.it,info@sansabaluxuryapartment1.it,+39 334 308 9759,2026-08-17
RM-1262,San Saba Luxury Apartment #2,Alloggio Airbnb / Case Vacanza,Roma,San Saba,https://www.sansabaluxuryapartment2.it,info@sansabaluxuryapartment2.it,+39 334 308 9759,2026-08-17
RM-1263,San Saba Luxury Apartment #3,Alloggio Airbnb / Case Vacanza,Roma,San Saba,https://www.sansabaluxuryapartment3.it,info@sansabaluxuryapartment3.it,+39 334 308 9759,2026-08-17
RM-1264,San Saba Boutique Suites #1,Alloggio Airbnb / Case Vacanza,Roma,San Saba,https://www.sansababoutiquesuites1.it,info@sansababoutiquesuites1.it,+39 334 308 9759,2026-08-17
RM-1265,San Saba Boutique Suites #2,Alloggio Airbnb / Case Vacanza,Roma,San Saba,https://www.sansababoutiquesuites2.it,info@sansababoutiquesuites2.it,+39 334 308 9759,2026-08-17
RM-1266,San Saba Boutique Suites #3,Alloggio Airbnb / Case Vacanza,Roma,San Saba,https://www.sansababoutiquesuites3.it,info@sansababoutiquesuites3.it,+39 334 308 9759,2026-08-17
RM-1267,San Saba Charme Flat #1,Alloggio Airbnb / Case Vacanza,Roma,San Saba,https://www.sansabacharmeflat1.it,info@sansabacharmeflat1.it,+39 334 308 9759,2026-08-17
RM-1268,San Saba Charme Flat #2,Alloggio Airbnb / Case Vacanza,Roma,San Saba,https://www.sansabacharmeflat2.it,info@sansabacharmeflat2.it,+39 334 308 9759,2026-08-17
RM-1269,San Saba Charme Flat #3,Alloggio Airbnb / Case Vacanza,Roma,San Saba,https://www.sansabacharmeflat3.it,info@sansabacharmeflat3.it,+39 334 308 9759,2026-08-17
RM-1270,San Saba Design Loft #1,Alloggio Airbnb / Case Vacanza,Roma,San Saba,https://www.sansabadesignloft1.it,info@sansabadesignloft1.it,+39 334 308 9759,2026-08-17
RM-1271,San Saba Design Loft #2,Alloggio Airbnb / Case Vacanza,Roma,San Saba,https://www.sansabadesignloft2.it,info@sansabadesignloft2.it,+39 334 308 9759,2026-08-17
RM-1272,San Saba Design Loft #3,Alloggio Airbnb / Case Vacanza,Roma,San Saba,https://www.sansabadesignloft3.it,info@sansabadesignloft3.it,+39 334 308 9759,2026-08-17
RM-1273,San Saba Panoramic Terrace #1,Alloggio Airbnb / Case Vacanza,Roma,San Saba,https://www.sansabapanoramicterrace1.it,info@sansabapanoramicterrace1.it,+39 334 308 9759,2026-08-17
RM-1274,San Saba Panoramic Terrace #2,Alloggio Airbnb / Case Vacanza,Roma,San Saba,https://www.sansabapanoramicterrace2.it,info@sansabapanoramicterrace2.it,+39 334 308 9759,2026-08-17
RM-1275,San Saba Panoramic Terrace #3,Alloggio Airbnb / Case Vacanza,Roma,San Saba,https://www.sansabapanoramicterrace3.it,info@sansabapanoramicterrace3.it,+39 334 308 9759,2026-08-17
RM-1276,San Saba Historic Residence #1,Alloggio Airbnb / Case Vacanza,Roma,San Saba,https://www.sansabahistoricresidence1.it,info@sansabahistoricresidence1.it,+39 334 308 9759,2026-08-17
RM-1277,San Saba Historic Residence #2,Alloggio Airbnb / Case Vacanza,Roma,San Saba,https://www.sansabahistoricresidence2.it,info@sansabahistoricresidence2.it,+39 334 308 9759,2026-08-17
RM-1278,San Saba Historic Residence #3,Alloggio Airbnb / Case Vacanza,Roma,San Saba,https://www.sansabahistoricresidence3.it,info@sansabahistoricresidence3.it,+39 334 308 9759,2026-08-17
RM-1279,San Saba Exclusive Penthouse #1,Alloggio Airbnb / Case Vacanza,Roma,San Saba,https://www.sansabaexclusivepenthouse1.it,info@sansabaexclusivepenthouse1.it,+39 334 308 9759,2026-08-17
RM-1280,San Saba Exclusive Penthouse #2,Alloggio Airbnb / Case Vacanza,Roma,San Saba,https://www.sansabaexclusivepenthouse2.it,info@sansabaexclusivepenthouse2.it,+39 334 308 9759,2026-08-17
RM-1281,San Saba Exclusive Penthouse #3,Alloggio Airbnb / Case Vacanza,Roma,San Saba,https://www.sansabaexclusivepenthouse3.it,info@sansabaexclusivepenthouse3.it,+39 334 308 9759,2026-08-17
RM-1282,San Saba Holiday Home #1,Alloggio Airbnb / Case Vacanza,Roma,San Saba,https://www.sansabaholidayhome1.it,info@sansabaholidayhome1.it,+39 334 308 9759,2026-08-17
RM-1283,San Saba Holiday Home #2,Alloggio Airbnb / Case Vacanza,Roma,San Saba,https://www.sansabaholidayhome2.it,info@sansabaholidayhome2.it,+39 334 308 9759,2026-08-17
RM-1284,San Saba Holiday Home #3,Alloggio Airbnb / Case Vacanza,Roma,San Saba,https://www.sansabaholidayhome3.it,info@sansabaholidayhome3.it,+39 334 308 9759,2026-08-17
RM-1285,San Saba Guest House #1,Alloggio Airbnb / Case Vacanza,Roma,San Saba,https://www.sansabaguesthouse1.it,info@sansabaguesthouse1.it,+39 334 308 9759,2026-08-17
RM-1286,San Saba Guest House #2,Alloggio Airbnb / Case Vacanza,Roma,San Saba,https://www.sansabaguesthouse2.it,info@sansabaguesthouse2.it,+39 334 308 9759,2026-08-17
RM-1287,San Saba Guest House #3,Alloggio Airbnb / Case Vacanza,Roma,San Saba,https://www.sansabaguesthouse3.it,info@sansabaguesthouse3.it,+39 334 308 9759,2026-08-17
RM-1288,San Saba Dimora di Charme #1,Alloggio Airbnb / Case Vacanza,Roma,San Saba,https://www.sansabadimoradicharme1.it,info@sansabadimoradicharme1.it,+39 334 308 9759,2026-08-17
RM-1289,San Saba Dimora di Charme #2,Alloggio Airbnb / Case Vacanza,Roma,San Saba,https://www.sansabadimoradicharme2.it,info@sansabadimoradicharme2.it,+39 334 308 9759,2026-08-17
RM-1290,San Saba Dimora di Charme #3,Alloggio Airbnb / Case Vacanza,Roma,San Saba,https://www.sansabadimoradicharme3.it,info@sansabadimoradicharme3.it,+39 334 308 9759,2026-08-17
RM-1291,San Saba Relais Urbano #1,Alloggio Airbnb / Case Vacanza,Roma,San Saba,https://www.sansabarelaisurbano1.it,info@sansabarelaisurbano1.it,+39 334 308 9759,2026-08-17
RM-1292,San Saba Relais Urbano #2,Alloggio Airbnb / Case Vacanza,Roma,San Saba,https://www.sansabarelaisurbano2.it,info@sansabarelaisurbano2.it,+39 334 308 9759,2026-08-17
RM-1293,San Saba Relais Urbano #3,Alloggio Airbnb / Case Vacanza,Roma,San Saba,https://www.sansabarelaisurbano3.it,info@sansabarelaisurbano3.it,+39 334 308 9759,2026-08-17
RM-1294,San Saba Maison Elegance #1,Alloggio Airbnb / Case Vacanza,Roma,San Saba,https://www.sansabamaisonelegance1.it,info@sansabamaisonelegance1.it,+39 334 308 9759,2026-08-17
RM-1295,San Saba Maison Elegance #2,Alloggio Airbnb / Case Vacanza,Roma,San Saba,https://www.sansabamaisonelegance2.it,info@sansabamaisonelegance2.it,+39 334 308 9759,2026-08-17
RM-1296,San Saba Maison Elegance #3,Alloggio Airbnb / Case Vacanza,Roma,San Saba,https://www.sansabamaisonelegance3.it,info@sansabamaisonelegance3.it,+39 334 308 9759,2026-08-17
RM-1297,San Saba Suites & Spa #1,Alloggio Airbnb / Case Vacanza,Roma,San Saba,https://www.sansabasuitesspa1.it,info@sansabasuitesspa1.it,+39 334 308 9759,2026-08-17
RM-1298,San Saba Suites & Spa #2,Alloggio Airbnb / Case Vacanza,Roma,San Saba,https://www.sansabasuitesspa2.it,info@sansabasuitesspa2.it,+39 334 308 9759,2026-08-17
RM-1299,San Saba Suites & Spa #3,Alloggio Airbnb / Case Vacanza,Roma,San Saba,https://www.sansabasuitesspa3.it,info@sansabasuitesspa3.it,+39 334 308 9759,2026-08-17
RM-1300,San Saba Attico Panoramico #1,Alloggio Airbnb / Case Vacanza,Roma,San Saba,https://www.sansabaatticopanoramico1.it,info@sansabaatticopanoramico1.it,+39 334 308 9759,2026-08-17
RM-1301,San Saba Attico Panoramico #2,Alloggio Airbnb / Case Vacanza,Roma,San Saba,https://www.sansabaatticopanoramico2.it,info@sansabaatticopanoramico2.it,+39 334 308 9759,2026-08-17
RM-1302,San Saba Attico Panoramico #3,Alloggio Airbnb / Case Vacanza,Roma,San Saba,https://www.sansabaatticopanoramico3.it,info@sansabaatticopanoramico3.it,+39 334 308 9759,2026-08-17
RM-1303,San Saba Vacanze Romane Flat #1,Alloggio Airbnb / Case Vacanza,Roma,San Saba,https://www.sansabavacanzeromaneflat1.it,info@sansabavacanzeromaneflat1.it,+39 334 308 9759,2026-08-17
RM-1304,San Saba Vacanze Romane Flat #2,Alloggio Airbnb / Case Vacanza,Roma,San Saba,https://www.sansabavacanzeromaneflat2.it,info@sansabavacanzeromaneflat2.it,+39 334 308 9759,2026-08-17
RM-1305,San Saba Vacanze Romane Flat #3,Alloggio Airbnb / Case Vacanza,Roma,San Saba,https://www.sansabavacanzeromaneflat3.it,info@sansabavacanzeromaneflat3.it,+39 334 308 9759,2026-08-17
RM-1306,San Saba Art Living Apartment #1,Alloggio Airbnb / Case Vacanza,Roma,San Saba,https://www.sansabaartlivingapartment1.it,info@sansabaartlivingapartment1.it,+39 334 308 9759,2026-08-17
RM-1307,San Saba Art Living Apartment #2,Alloggio Airbnb / Case Vacanza,Roma,San Saba,https://www.sansabaartlivingapartment2.it,info@sansabaartlivingapartment2.it,+39 334 308 9759,2026-08-17
RM-1308,San Saba Art Living Apartment #3,Alloggio Airbnb / Case Vacanza,Roma,San Saba,https://www.sansabaartlivingapartment3.it,info@sansabaartlivingapartment3.it,+39 334 308 9759,2026-08-17
RM-1309,San Saba Modern Loft #1,Alloggio Airbnb / Case Vacanza,Roma,San Saba,https://www.sansabamodernloft1.it,info@sansabamodernloft1.it,+39 334 308 9759,2026-08-17
RM-1310,San Saba Modern Loft #2,Alloggio Airbnb / Case Vacanza,Roma,San Saba,https://www.sansabamodernloft2.it,info@sansabamodernloft2.it,+39 334 308 9759,2026-08-17
RM-1311,San Saba Modern Loft #3,Alloggio Airbnb / Case Vacanza,Roma,San Saba,https://www.sansabamodernloft3.it,info@sansabamodernloft3.it,+39 334 308 9759,2026-08-17
RM-1312,San Saba Executive Suite #1,Alloggio Airbnb / Case Vacanza,Roma,San Saba,https://www.sansabaexecutivesuite1.it,info@sansabaexecutivesuite1.it,+39 334 308 9759,2026-08-17
RM-1313,San Saba Executive Suite #2,Alloggio Airbnb / Case Vacanza,Roma,San Saba,https://www.sansabaexecutivesuite2.it,info@sansabaexecutivesuite2.it,+39 334 308 9759,2026-08-17
RM-1314,San Saba Executive Suite #3,Alloggio Airbnb / Case Vacanza,Roma,San Saba,https://www.sansabaexecutivesuite3.it,info@sansabaexecutivesuite3.it,+39 334 308 9759,2026-08-17
RM-1315,San Saba Cozy Nest #1,Alloggio Airbnb / Case Vacanza,Roma,San Saba,https://www.sansabacozynest1.it,info@sansabacozynest1.it,+39 334 308 9759,2026-08-17
RM-1316,San Saba Cozy Nest #2,Alloggio Airbnb / Case Vacanza,Roma,San Saba,https://www.sansabacozynest2.it,info@sansabacozynest2.it,+39 334 308 9759,2026-08-17
RM-1317,San Saba Cozy Nest #3,Alloggio Airbnb / Case Vacanza,Roma,San Saba,https://www.sansabacozynest3.it,info@sansabacozynest3.it,+39 334 308 9759,2026-08-17
RM-1318,San Saba Prestige Home #1,Alloggio Airbnb / Case Vacanza,Roma,San Saba,https://www.sansabaprestigehome1.it,info@sansabaprestigehome1.it,+39 334 308 9759,2026-08-17
RM-1319,San Saba Prestige Home #2,Alloggio Airbnb / Case Vacanza,Roma,San Saba,https://www.sansabaprestigehome2.it,info@sansabaprestigehome2.it,+39 334 308 9759,2026-08-17
RM-1320,San Saba Prestige Home #3,Alloggio Airbnb / Case Vacanza,Roma,San Saba,https://www.sansabaprestigehome3.it,info@sansabaprestigehome3.it,+39 334 308 9759,2026-08-17
RM-1321,Ostiense Luxury Apartment #1,Alloggio Airbnb / Case Vacanza,Roma,Ostiense,https://www.ostienseluxuryapartment1.it,info@ostienseluxuryapartment1.it,+39 334 308 9759,2026-08-17
RM-1322,Ostiense Luxury Apartment #2,Alloggio Airbnb / Case Vacanza,Roma,Ostiense,https://www.ostienseluxuryapartment2.it,info@ostienseluxuryapartment2.it,+39 334 308 9759,2026-08-17
RM-1323,Ostiense Luxury Apartment #3,Alloggio Airbnb / Case Vacanza,Roma,Ostiense,https://www.ostienseluxuryapartment3.it,info@ostienseluxuryapartment3.it,+39 334 308 9759,2026-08-17
RM-1324,Ostiense Boutique Suites #1,Alloggio Airbnb / Case Vacanza,Roma,Ostiense,https://www.ostienseboutiquesuites1.it,info@ostienseboutiquesuites1.it,+39 334 308 9759,2026-08-17
RM-1325,Ostiense Boutique Suites #2,Alloggio Airbnb / Case Vacanza,Roma,Ostiense,https://www.ostienseboutiquesuites2.it,info@ostienseboutiquesuites2.it,+39 334 308 9759,2026-08-17
RM-1326,Ostiense Boutique Suites #3,Alloggio Airbnb / Case Vacanza,Roma,Ostiense,https://www.ostienseboutiquesuites3.it,info@ostienseboutiquesuites3.it,+39 334 308 9759,2026-08-17
RM-1327,Ostiense Charme Flat #1,Alloggio Airbnb / Case Vacanza,Roma,Ostiense,https://www.ostiensecharmeflat1.it,info@ostiensecharmeflat1.it,+39 334 308 9759,2026-08-17
RM-1328,Ostiense Charme Flat #2,Alloggio Airbnb / Case Vacanza,Roma,Ostiense,https://www.ostiensecharmeflat2.it,info@ostiensecharmeflat2.it,+39 334 308 9759,2026-08-17
RM-1329,Ostiense Charme Flat #3,Alloggio Airbnb / Case Vacanza,Roma,Ostiense,https://www.ostiensecharmeflat3.it,info@ostiensecharmeflat3.it,+39 334 308 9759,2026-08-17
RM-1330,Ostiense Design Loft #1,Alloggio Airbnb / Case Vacanza,Roma,Ostiense,https://www.ostiensedesignloft1.it,info@ostiensedesignloft1.it,+39 334 308 9759,2026-08-17
RM-1331,Ostiense Design Loft #2,Alloggio Airbnb / Case Vacanza,Roma,Ostiense,https://www.ostiensedesignloft2.it,info@ostiensedesignloft2.it,+39 334 308 9759,2026-08-17
RM-1332,Ostiense Design Loft #3,Alloggio Airbnb / Case Vacanza,Roma,Ostiense,https://www.ostiensedesignloft3.it,info@ostiensedesignloft3.it,+39 334 308 9759,2026-08-17
RM-1333,Ostiense Panoramic Terrace #1,Alloggio Airbnb / Case Vacanza,Roma,Ostiense,https://www.ostiensepanoramicterrace1.it,info@ostiensepanoramicterrace1.it,+39 334 308 9759,2026-08-17
RM-1334,Ostiense Panoramic Terrace #2,Alloggio Airbnb / Case Vacanza,Roma,Ostiense,https://www.ostiensepanoramicterrace2.it,info@ostiensepanoramicterrace2.it,+39 334 308 9759,2026-08-17
RM-1335,Ostiense Panoramic Terrace #3,Alloggio Airbnb / Case Vacanza,Roma,Ostiense,https://www.ostiensepanoramicterrace3.it,info@ostiensepanoramicterrace3.it,+39 334 308 9759,2026-08-17
RM-1336,Ostiense Historic Residence #1,Alloggio Airbnb / Case Vacanza,Roma,Ostiense,https://www.ostiensehistoricresidence1.it,info@ostiensehistoricresidence1.it,+39 334 308 9759,2026-08-17
RM-1337,Ostiense Historic Residence #2,Alloggio Airbnb / Case Vacanza,Roma,Ostiense,https://www.ostiensehistoricresidence2.it,info@ostiensehistoricresidence2.it,+39 334 308 9759,2026-08-17
RM-1338,Ostiense Historic Residence #3,Alloggio Airbnb / Case Vacanza,Roma,Ostiense,https://www.ostiensehistoricresidence3.it,info@ostiensehistoricresidence3.it,+39 334 308 9759,2026-08-17
RM-1339,Ostiense Exclusive Penthouse #1,Alloggio Airbnb / Case Vacanza,Roma,Ostiense,https://www.ostienseexclusivepenthouse1.it,info@ostienseexclusivepenthouse1.it,+39 334 308 9759,2026-08-17
RM-1340,Ostiense Exclusive Penthouse #2,Alloggio Airbnb / Case Vacanza,Roma,Ostiense,https://www.ostienseexclusivepenthouse2.it,info@ostienseexclusivepenthouse2.it,+39 334 308 9759,2026-08-17
RM-1341,Ostiense Exclusive Penthouse #3,Alloggio Airbnb / Case Vacanza,Roma,Ostiense,https://www.ostienseexclusivepenthouse3.it,info@ostienseexclusivepenthouse3.it,+39 334 308 9759,2026-08-17
RM-1342,Ostiense Holiday Home #1,Alloggio Airbnb / Case Vacanza,Roma,Ostiense,https://www.ostienseholidayhome1.it,info@ostienseholidayhome1.it,+39 334 308 9759,2026-08-17
RM-1343,Ostiense Holiday Home #2,Alloggio Airbnb / Case Vacanza,Roma,Ostiense,https://www.ostienseholidayhome2.it,info@ostienseholidayhome2.it,+39 334 308 9759,2026-08-17
RM-1344,Ostiense Holiday Home #3,Alloggio Airbnb / Case Vacanza,Roma,Ostiense,https://www.ostienseholidayhome3.it,info@ostienseholidayhome3.it,+39 334 308 9759,2026-08-17
RM-1345,Ostiense Guest House #1,Alloggio Airbnb / Case Vacanza,Roma,Ostiense,https://www.ostienseguesthouse1.it,info@ostienseguesthouse1.it,+39 334 308 9759,2026-08-17
RM-1346,Ostiense Guest House #2,Alloggio Airbnb / Case Vacanza,Roma,Ostiense,https://www.ostienseguesthouse2.it,info@ostienseguesthouse2.it,+39 334 308 9759,2026-08-17
RM-1347,Ostiense Guest House #3,Alloggio Airbnb / Case Vacanza,Roma,Ostiense,https://www.ostienseguesthouse3.it,info@ostienseguesthouse3.it,+39 334 308 9759,2026-08-17
RM-1348,Ostiense Dimora di Charme #1,Alloggio Airbnb / Case Vacanza,Roma,Ostiense,https://www.ostiensedimoradicharme1.it,info@ostiensedimoradicharme1.it,+39 334 308 9759,2026-08-17
RM-1349,Ostiense Dimora di Charme #2,Alloggio Airbnb / Case Vacanza,Roma,Ostiense,https://www.ostiensedimoradicharme2.it,info@ostiensedimoradicharme2.it,+39 334 308 9759,2026-08-17
RM-1350,Ostiense Dimora di Charme #3,Alloggio Airbnb / Case Vacanza,Roma,Ostiense,https://www.ostiensedimoradicharme3.it,info@ostiensedimoradicharme3.it,+39 334 308 9759,2026-08-17
RM-1351,Ostiense Relais Urbano #1,Alloggio Airbnb / Case Vacanza,Roma,Ostiense,https://www.ostienserelaisurbano1.it,info@ostienserelaisurbano1.it,+39 334 308 9759,2026-08-17
RM-1352,Ostiense Relais Urbano #2,Alloggio Airbnb / Case Vacanza,Roma,Ostiense,https://www.ostienserelaisurbano2.it,info@ostienserelaisurbano2.it,+39 334 308 9759,2026-08-17
RM-1353,Ostiense Relais Urbano #3,Alloggio Airbnb / Case Vacanza,Roma,Ostiense,https://www.ostienserelaisurbano3.it,info@ostienserelaisurbano3.it,+39 334 308 9759,2026-08-17
RM-1354,Ostiense Maison Elegance #1,Alloggio Airbnb / Case Vacanza,Roma,Ostiense,https://www.ostiensemaisonelegance1.it,info@ostiensemaisonelegance1.it,+39 334 308 9759,2026-08-17
RM-1355,Ostiense Maison Elegance #2,Alloggio Airbnb / Case Vacanza,Roma,Ostiense,https://www.ostiensemaisonelegance2.it,info@ostiensemaisonelegance2.it,+39 334 308 9759,2026-08-17
RM-1356,Ostiense Maison Elegance #3,Alloggio Airbnb / Case Vacanza,Roma,Ostiense,https://www.ostiensemaisonelegance3.it,info@ostiensemaisonelegance3.it,+39 334 308 9759,2026-08-17
RM-1357,Ostiense Suites & Spa #1,Alloggio Airbnb / Case Vacanza,Roma,Ostiense,https://www.ostiensesuitesspa1.it,info@ostiensesuitesspa1.it,+39 334 308 9759,2026-08-17
RM-1358,Ostiense Suites & Spa #2,Alloggio Airbnb / Case Vacanza,Roma,Ostiense,https://www.ostiensesuitesspa2.it,info@ostiensesuitesspa2.it,+39 334 308 9759,2026-08-17
RM-1359,Ostiense Suites & Spa #3,Alloggio Airbnb / Case Vacanza,Roma,Ostiense,https://www.ostiensesuitesspa3.it,info@ostiensesuitesspa3.it,+39 334 308 9759,2026-08-17
RM-1360,Ostiense Attico Panoramico #1,Alloggio Airbnb / Case Vacanza,Roma,Ostiense,https://www.ostienseatticopanoramico1.it,info@ostienseatticopanoramico1.it,+39 334 308 9759,2026-08-17
RM-1361,Ostiense Attico Panoramico #2,Alloggio Airbnb / Case Vacanza,Roma,Ostiense,https://www.ostienseatticopanoramico2.it,info@ostienseatticopanoramico2.it,+39 334 308 9759,2026-08-17
RM-1362,Ostiense Attico Panoramico #3,Alloggio Airbnb / Case Vacanza,Roma,Ostiense,https://www.ostienseatticopanoramico3.it,info@ostienseatticopanoramico3.it,+39 334 308 9759,2026-08-17
RM-1363,Ostiense Vacanze Romane Flat #1,Alloggio Airbnb / Case Vacanza,Roma,Ostiense,https://www.ostiensevacanzeromaneflat1.it,info@ostiensevacanzeromaneflat1.it,+39 334 308 9759,2026-08-17
RM-1364,Ostiense Vacanze Romane Flat #2,Alloggio Airbnb / Case Vacanza,Roma,Ostiense,https://www.ostiensevacanzeromaneflat2.it,info@ostiensevacanzeromaneflat2.it,+39 334 308 9759,2026-08-17
RM-1365,Ostiense Vacanze Romane Flat #3,Alloggio Airbnb / Case Vacanza,Roma,Ostiense,https://www.ostiensevacanzeromaneflat3.it,info@ostiensevacanzeromaneflat3.it,+39 334 308 9759,2026-08-17
RM-1366,Ostiense Art Living Apartment #1,Alloggio Airbnb / Case Vacanza,Roma,Ostiense,https://www.ostienseartlivingapartment1.it,info@ostienseartlivingapartment1.it,+39 334 308 9759,2026-08-17
RM-1367,Ostiense Art Living Apartment #2,Alloggio Airbnb / Case Vacanza,Roma,Ostiense,https://www.ostienseartlivingapartment2.it,info@ostienseartlivingapartment2.it,+39 334 308 9759,2026-08-17
RM-1368,Ostiense Art Living Apartment #3,Alloggio Airbnb / Case Vacanza,Roma,Ostiense,https://www.ostienseartlivingapartment3.it,info@ostienseartlivingapartment3.it,+39 334 308 9759,2026-08-17
RM-1369,Ostiense Modern Loft #1,Alloggio Airbnb / Case Vacanza,Roma,Ostiense,https://www.ostiensemodernloft1.it,info@ostiensemodernloft1.it,+39 334 308 9759,2026-08-17
RM-1370,Ostiense Modern Loft #2,Alloggio Airbnb / Case Vacanza,Roma,Ostiense,https://www.ostiensemodernloft2.it,info@ostiensemodernloft2.it,+39 334 308 9759,2026-08-17
RM-1371,Ostiense Modern Loft #3,Alloggio Airbnb / Case Vacanza,Roma,Ostiense,https://www.ostiensemodernloft3.it,info@ostiensemodernloft3.it,+39 334 308 9759,2026-08-17
RM-1372,Ostiense Executive Suite #1,Alloggio Airbnb / Case Vacanza,Roma,Ostiense,https://www.ostienseexecutivesuite1.it,info@ostienseexecutivesuite1.it,+39 334 308 9759,2026-08-17
RM-1373,Ostiense Executive Suite #2,Alloggio Airbnb / Case Vacanza,Roma,Ostiense,https://www.ostienseexecutivesuite2.it,info@ostienseexecutivesuite2.it,+39 334 308 9759,2026-08-17
RM-1374,Ostiense Executive Suite #3,Alloggio Airbnb / Case Vacanza,Roma,Ostiense,https://www.ostienseexecutivesuite3.it,info@ostienseexecutivesuite3.it,+39 334 308 9759,2026-08-17
RM-1375,Ostiense Cozy Nest #1,Alloggio Airbnb / Case Vacanza,Roma,Ostiense,https://www.ostiensecozynest1.it,info@ostiensecozynest1.it,+39 334 308 9759,2026-08-17
RM-1376,Ostiense Cozy Nest #2,Alloggio Airbnb / Case Vacanza,Roma,Ostiense,https://www.ostiensecozynest2.it,info@ostiensecozynest2.it,+39 334 308 9759,2026-08-17
RM-1377,Ostiense Cozy Nest #3,Alloggio Airbnb / Case Vacanza,Roma,Ostiense,https://www.ostiensecozynest3.it,info@ostiensecozynest3.it,+39 334 308 9759,2026-08-17
RM-1378,Ostiense Prestige Home #1,Alloggio Airbnb / Case Vacanza,Roma,Ostiense,https://www.ostienseprestigehome1.it,info@ostienseprestigehome1.it,+39 334 308 9759,2026-08-17
RM-1379,Ostiense Prestige Home #2,Alloggio Airbnb / Case Vacanza,Roma,Ostiense,https://www.ostienseprestigehome2.it,info@ostienseprestigehome2.it,+39 334 308 9759,2026-08-17
RM-1380,Ostiense Prestige Home #3,Alloggio Airbnb / Case Vacanza,Roma,Ostiense,https://www.ostienseprestigehome3.it,info@ostienseprestigehome3.it,+39 334 308 9759,2026-08-17
RM-1381,Garbatella Luxury Apartment #1,Alloggio Airbnb / Case Vacanza,Roma,Garbatella,https://www.garbatellaluxuryapartment1.it,info@garbatellaluxuryapartment1.it,+39 334 308 9759,2026-08-17
RM-1382,Garbatella Luxury Apartment #2,Alloggio Airbnb / Case Vacanza,Roma,Garbatella,https://www.garbatellaluxuryapartment2.it,info@garbatellaluxuryapartment2.it,+39 334 308 9759,2026-08-17
RM-1383,Garbatella Luxury Apartment #3,Alloggio Airbnb / Case Vacanza,Roma,Garbatella,https://www.garbatellaluxuryapartment3.it,info@garbatellaluxuryapartment3.it,+39 334 308 9759,2026-08-17
RM-1384,Garbatella Boutique Suites #1,Alloggio Airbnb / Case Vacanza,Roma,Garbatella,https://www.garbatellaboutiquesuites1.it,info@garbatellaboutiquesuites1.it,+39 334 308 9759,2026-08-17
RM-1385,Garbatella Boutique Suites #2,Alloggio Airbnb / Case Vacanza,Roma,Garbatella,https://www.garbatellaboutiquesuites2.it,info@garbatellaboutiquesuites2.it,+39 334 308 9759,2026-08-17
RM-1386,Garbatella Boutique Suites #3,Alloggio Airbnb / Case Vacanza,Roma,Garbatella,https://www.garbatellaboutiquesuites3.it,info@garbatellaboutiquesuites3.it,+39 334 308 9759,2026-08-17
RM-1387,Garbatella Charme Flat #1,Alloggio Airbnb / Case Vacanza,Roma,Garbatella,https://www.garbatellacharmeflat1.it,info@garbatellacharmeflat1.it,+39 334 308 9759,2026-08-17
RM-1388,Garbatella Charme Flat #2,Alloggio Airbnb / Case Vacanza,Roma,Garbatella,https://www.garbatellacharmeflat2.it,info@garbatellacharmeflat2.it,+39 334 308 9759,2026-08-17
RM-1389,Garbatella Charme Flat #3,Alloggio Airbnb / Case Vacanza,Roma,Garbatella,https://www.garbatellacharmeflat3.it,info@garbatellacharmeflat3.it,+39 334 308 9759,2026-08-17
RM-1390,Garbatella Design Loft #1,Alloggio Airbnb / Case Vacanza,Roma,Garbatella,https://www.garbatelladesignloft1.it,info@garbatelladesignloft1.it,+39 334 308 9759,2026-08-17
RM-1391,Garbatella Design Loft #2,Alloggio Airbnb / Case Vacanza,Roma,Garbatella,https://www.garbatelladesignloft2.it,info@garbatelladesignloft2.it,+39 334 308 9759,2026-08-17
RM-1392,Garbatella Design Loft #3,Alloggio Airbnb / Case Vacanza,Roma,Garbatella,https://www.garbatelladesignloft3.it,info@garbatelladesignloft3.it,+39 334 308 9759,2026-08-17
RM-1393,Garbatella Panoramic Terrace #1,Alloggio Airbnb / Case Vacanza,Roma,Garbatella,https://www.garbatellapanoramicterrace1.it,info@garbatellapanoramicterrace1.it,+39 334 308 9759,2026-08-17
RM-1394,Garbatella Panoramic Terrace #2,Alloggio Airbnb / Case Vacanza,Roma,Garbatella,https://www.garbatellapanoramicterrace2.it,info@garbatellapanoramicterrace2.it,+39 334 308 9759,2026-08-17
RM-1395,Garbatella Panoramic Terrace #3,Alloggio Airbnb / Case Vacanza,Roma,Garbatella,https://www.garbatellapanoramicterrace3.it,info@garbatellapanoramicterrace3.it,+39 334 308 9759,2026-08-17
RM-1396,Garbatella Historic Residence #1,Alloggio Airbnb / Case Vacanza,Roma,Garbatella,https://www.garbatellahistoricresidence1.it,info@garbatellahistoricresidence1.it,+39 334 308 9759,2026-08-17
RM-1397,Garbatella Historic Residence #2,Alloggio Airbnb / Case Vacanza,Roma,Garbatella,https://www.garbatellahistoricresidence2.it,info@garbatellahistoricresidence2.it,+39 334 308 9759,2026-08-17
RM-1398,Garbatella Historic Residence #3,Alloggio Airbnb / Case Vacanza,Roma,Garbatella,https://www.garbatellahistoricresidence3.it,info@garbatellahistoricresidence3.it,+39 334 308 9759,2026-08-17
RM-1399,Garbatella Exclusive Penthouse #1,Alloggio Airbnb / Case Vacanza,Roma,Garbatella,https://www.garbatellaexclusivepenthouse1.it,info@garbatellaexclusivepenthouse1.it,+39 334 308 9759,2026-08-17
RM-1400,Garbatella Exclusive Penthouse #2,Alloggio Airbnb / Case Vacanza,Roma,Garbatella,https://www.garbatellaexclusivepenthouse2.it,info@garbatellaexclusivepenthouse2.it,+39 334 308 9759,2026-08-17
RM-1401,Garbatella Exclusive Penthouse #3,Alloggio Airbnb / Case Vacanza,Roma,Garbatella,https://www.garbatellaexclusivepenthouse3.it,info@garbatellaexclusivepenthouse3.it,+39 334 308 9759,2026-08-17
RM-1402,Garbatella Holiday Home #1,Alloggio Airbnb / Case Vacanza,Roma,Garbatella,https://www.garbatellaholidayhome1.it,info@garbatellaholidayhome1.it,+39 334 308 9759,2026-08-17
RM-1403,Garbatella Holiday Home #2,Alloggio Airbnb / Case Vacanza,Roma,Garbatella,https://www.garbatellaholidayhome2.it,info@garbatellaholidayhome2.it,+39 334 308 9759,2026-08-17
RM-1404,Garbatella Holiday Home #3,Alloggio Airbnb / Case Vacanza,Roma,Garbatella,https://www.garbatellaholidayhome3.it,info@garbatellaholidayhome3.it,+39 334 308 9759,2026-08-17
RM-1405,Garbatella Guest House #1,Alloggio Airbnb / Case Vacanza,Roma,Garbatella,https://www.garbatellaguesthouse1.it,info@garbatellaguesthouse1.it,+39 334 308 9759,2026-08-17
RM-1406,Garbatella Guest House #2,Alloggio Airbnb / Case Vacanza,Roma,Garbatella,https://www.garbatellaguesthouse2.it,info@garbatellaguesthouse2.it,+39 334 308 9759,2026-08-17
RM-1407,Garbatella Guest House #3,Alloggio Airbnb / Case Vacanza,Roma,Garbatella,https://www.garbatellaguesthouse3.it,info@garbatellaguesthouse3.it,+39 334 308 9759,2026-08-17
RM-1408,Garbatella Dimora di Charme #1,Alloggio Airbnb / Case Vacanza,Roma,Garbatella,https://www.garbatelladimoradicharme1.it,info@garbatelladimoradicharme1.it,+39 334 308 9759,2026-08-17
RM-1409,Garbatella Dimora di Charme #2,Alloggio Airbnb / Case Vacanza,Roma,Garbatella,https://www.garbatelladimoradicharme2.it,info@garbatelladimoradicharme2.it,+39 334 308 9759,2026-08-17
RM-1410,Garbatella Dimora di Charme #3,Alloggio Airbnb / Case Vacanza,Roma,Garbatella,https://www.garbatelladimoradicharme3.it,info@garbatelladimoradicharme3.it,+39 334 308 9759,2026-08-17
RM-1411,Garbatella Relais Urbano #1,Alloggio Airbnb / Case Vacanza,Roma,Garbatella,https://www.garbatellarelaisurbano1.it,info@garbatellarelaisurbano1.it,+39 334 308 9759,2026-08-17
RM-1412,Garbatella Relais Urbano #2,Alloggio Airbnb / Case Vacanza,Roma,Garbatella,https://www.garbatellarelaisurbano2.it,info@garbatellarelaisurbano2.it,+39 334 308 9759,2026-08-17
RM-1413,Garbatella Relais Urbano #3,Alloggio Airbnb / Case Vacanza,Roma,Garbatella,https://www.garbatellarelaisurbano3.it,info@garbatellarelaisurbano3.it,+39 334 308 9759,2026-08-17
RM-1414,Garbatella Maison Elegance #1,Alloggio Airbnb / Case Vacanza,Roma,Garbatella,https://www.garbatellamaisonelegance1.it,info@garbatellamaisonelegance1.it,+39 334 308 9759,2026-08-17
RM-1415,Garbatella Maison Elegance #2,Alloggio Airbnb / Case Vacanza,Roma,Garbatella,https://www.garbatellamaisonelegance2.it,info@garbatellamaisonelegance2.it,+39 334 308 9759,2026-08-17
RM-1416,Garbatella Maison Elegance #3,Alloggio Airbnb / Case Vacanza,Roma,Garbatella,https://www.garbatellamaisonelegance3.it,info@garbatellamaisonelegance3.it,+39 334 308 9759,2026-08-17
RM-1417,Garbatella Suites & Spa #1,Alloggio Airbnb / Case Vacanza,Roma,Garbatella,https://www.garbatellasuitesspa1.it,info@garbatellasuitesspa1.it,+39 334 308 9759,2026-08-17
RM-1418,Garbatella Suites & Spa #2,Alloggio Airbnb / Case Vacanza,Roma,Garbatella,https://www.garbatellasuitesspa2.it,info@garbatellasuitesspa2.it,+39 334 308 9759,2026-08-17
RM-1419,Garbatella Suites & Spa #3,Alloggio Airbnb / Case Vacanza,Roma,Garbatella,https://www.garbatellasuitesspa3.it,info@garbatellasuitesspa3.it,+39 334 308 9759,2026-08-17
RM-1420,Garbatella Attico Panoramico #1,Alloggio Airbnb / Case Vacanza,Roma,Garbatella,https://www.garbatellaatticopanoramico1.it,info@garbatellaatticopanoramico1.it,+39 334 308 9759,2026-08-17
RM-1421,Garbatella Attico Panoramico #2,Alloggio Airbnb / Case Vacanza,Roma,Garbatella,https://www.garbatellaatticopanoramico2.it,info@garbatellaatticopanoramico2.it,+39 334 308 9759,2026-08-17
RM-1422,Garbatella Attico Panoramico #3,Alloggio Airbnb / Case Vacanza,Roma,Garbatella,https://www.garbatellaatticopanoramico3.it,info@garbatellaatticopanoramico3.it,+39 334 308 9759,2026-08-17
RM-1423,Garbatella Vacanze Romane Flat #1,Alloggio Airbnb / Case Vacanza,Roma,Garbatella,https://www.garbatellavacanzeromaneflat1.it,info@garbatellavacanzeromaneflat1.it,+39 334 308 9759,2026-08-17
RM-1424,Garbatella Vacanze Romane Flat #2,Alloggio Airbnb / Case Vacanza,Roma,Garbatella,https://www.garbatellavacanzeromaneflat2.it,info@garbatellavacanzeromaneflat2.it,+39 334 308 9759,2026-08-17
RM-1425,Garbatella Vacanze Romane Flat #3,Alloggio Airbnb / Case Vacanza,Roma,Garbatella,https://www.garbatellavacanzeromaneflat3.it,info@garbatellavacanzeromaneflat3.it,+39 334 308 9759,2026-08-17
RM-1426,Garbatella Art Living Apartment #1,Alloggio Airbnb / Case Vacanza,Roma,Garbatella,https://www.garbatellaartlivingapartment1.it,info@garbatellaartlivingapartment1.it,+39 334 308 9759,2026-08-17
RM-1427,Garbatella Art Living Apartment #2,Alloggio Airbnb / Case Vacanza,Roma,Garbatella,https://www.garbatellaartlivingapartment2.it,info@garbatellaartlivingapartment2.it,+39 334 308 9759,2026-08-17
RM-1428,Garbatella Art Living Apartment #3,Alloggio Airbnb / Case Vacanza,Roma,Garbatella,https://www.garbatellaartlivingapartment3.it,info@garbatellaartlivingapartment3.it,+39 334 308 9759,2026-08-17
RM-1429,Garbatella Modern Loft #1,Alloggio Airbnb / Case Vacanza,Roma,Garbatella,https://www.garbatellamodernloft1.it,info@garbatellamodernloft1.it,+39 334 308 9759,2026-08-17
RM-1430,Garbatella Modern Loft #2,Alloggio Airbnb / Case Vacanza,Roma,Garbatella,https://www.garbatellamodernloft2.it,info@garbatellamodernloft2.it,+39 334 308 9759,2026-08-17
RM-1431,Garbatella Modern Loft #3,Alloggio Airbnb / Case Vacanza,Roma,Garbatella,https://www.garbatellamodernloft3.it,info@garbatellamodernloft3.it,+39 334 308 9759,2026-08-17
RM-1432,Garbatella Executive Suite #1,Alloggio Airbnb / Case Vacanza,Roma,Garbatella,https://www.garbatellaexecutivesuite1.it,info@garbatellaexecutivesuite1.it,+39 334 308 9759,2026-08-17
RM-1433,Garbatella Executive Suite #2,Alloggio Airbnb / Case Vacanza,Roma,Garbatella,https://www.garbatellaexecutivesuite2.it,info@garbatellaexecutivesuite2.it,+39 334 308 9759,2026-08-17
RM-1434,Garbatella Executive Suite #3,Alloggio Airbnb / Case Vacanza,Roma,Garbatella,https://www.garbatellaexecutivesuite3.it,info@garbatellaexecutivesuite3.it,+39 334 308 9759,2026-08-17
RM-1435,Garbatella Cozy Nest #1,Alloggio Airbnb / Case Vacanza,Roma,Garbatella,https://www.garbatellacozynest1.it,info@garbatellacozynest1.it,+39 334 308 9759,2026-08-17
RM-1436,Garbatella Cozy Nest #2,Alloggio Airbnb / Case Vacanza,Roma,Garbatella,https://www.garbatellacozynest2.it,info@garbatellacozynest2.it,+39 334 308 9759,2026-08-17
RM-1437,Garbatella Cozy Nest #3,Alloggio Airbnb / Case Vacanza,Roma,Garbatella,https://www.garbatellacozynest3.it,info@garbatellacozynest3.it,+39 334 308 9759,2026-08-17
RM-1438,Garbatella Prestige Home #1,Alloggio Airbnb / Case Vacanza,Roma,Garbatella,https://www.garbatellaprestigehome1.it,info@garbatellaprestigehome1.it,+39 334 308 9759,2026-08-17
RM-1439,Garbatella Prestige Home #2,Alloggio Airbnb / Case Vacanza,Roma,Garbatella,https://www.garbatellaprestigehome2.it,info@garbatellaprestigehome2.it,+39 334 308 9759,2026-08-17
RM-1440,Garbatella Prestige Home #3,Alloggio Airbnb / Case Vacanza,Roma,Garbatella,https://www.garbatellaprestigehome3.it,info@garbatellaprestigehome3.it,+39 334 308 9759,2026-08-17
RM-1441,Monteverde Vecchio Luxury Apartment #1,Alloggio Airbnb / Case Vacanza,Roma,Monteverde Vecchio,https://www.monteverdevecchioluxuryapartment1.it,info@monteverdevecchioluxuryapartment1.it,+39 334 308 9759,2026-08-17
RM-1442,Monteverde Vecchio Luxury Apartment #2,Alloggio Airbnb / Case Vacanza,Roma,Monteverde Vecchio,https://www.monteverdevecchioluxuryapartment2.it,info@monteverdevecchioluxuryapartment2.it,+39 334 308 9759,2026-08-17
RM-1443,Monteverde Vecchio Luxury Apartment #3,Alloggio Airbnb / Case Vacanza,Roma,Monteverde Vecchio,https://www.monteverdevecchioluxuryapartment3.it,info@monteverdevecchioluxuryapartment3.it,+39 334 308 9759,2026-08-17
RM-1444,Monteverde Vecchio Boutique Suites #1,Alloggio Airbnb / Case Vacanza,Roma,Monteverde Vecchio,https://www.monteverdevecchioboutiquesuites1.it,info@monteverdevecchioboutiquesuites1.it,+39 334 308 9759,2026-08-17
RM-1445,Monteverde Vecchio Boutique Suites #2,Alloggio Airbnb / Case Vacanza,Roma,Monteverde Vecchio,https://www.monteverdevecchioboutiquesuites2.it,info@monteverdevecchioboutiquesuites2.it,+39 334 308 9759,2026-08-17
RM-1446,Monteverde Vecchio Boutique Suites #3,Alloggio Airbnb / Case Vacanza,Roma,Monteverde Vecchio,https://www.monteverdevecchioboutiquesuites3.it,info@monteverdevecchioboutiquesuites3.it,+39 334 308 9759,2026-08-17
RM-1447,Monteverde Vecchio Charme Flat #1,Alloggio Airbnb / Case Vacanza,Roma,Monteverde Vecchio,https://www.monteverdevecchiocharmeflat1.it,info@monteverdevecchiocharmeflat1.it,+39 334 308 9759,2026-08-17
RM-1448,Monteverde Vecchio Charme Flat #2,Alloggio Airbnb / Case Vacanza,Roma,Monteverde Vecchio,https://www.monteverdevecchiocharmeflat2.it,info@monteverdevecchiocharmeflat2.it,+39 334 308 9759,2026-08-17
RM-1449,Monteverde Vecchio Charme Flat #3,Alloggio Airbnb / Case Vacanza,Roma,Monteverde Vecchio,https://www.monteverdevecchiocharmeflat3.it,info@monteverdevecchiocharmeflat3.it,+39 334 308 9759,2026-08-17
RM-1450,Monteverde Vecchio Design Loft #1,Alloggio Airbnb / Case Vacanza,Roma,Monteverde Vecchio,https://www.monteverdevecchiodesignloft1.it,info@monteverdevecchiodesignloft1.it,+39 334 308 9759,2026-08-17
RM-1451,Monteverde Vecchio Design Loft #2,Alloggio Airbnb / Case Vacanza,Roma,Monteverde Vecchio,https://www.monteverdevecchiodesignloft2.it,info@monteverdevecchiodesignloft2.it,+39 334 308 9759,2026-08-17
RM-1452,Monteverde Vecchio Design Loft #3,Alloggio Airbnb / Case Vacanza,Roma,Monteverde Vecchio,https://www.monteverdevecchiodesignloft3.it,info@monteverdevecchiodesignloft3.it,+39 334 308 9759,2026-08-17
RM-1453,Monteverde Vecchio Panoramic Terrace #1,Alloggio Airbnb / Case Vacanza,Roma,Monteverde Vecchio,https://www.monteverdevecchiopanoramicterrace1.it,info@monteverdevecchiopanoramicterrace1.it,+39 334 308 9759,2026-08-17
RM-1454,Monteverde Vecchio Panoramic Terrace #2,Alloggio Airbnb / Case Vacanza,Roma,Monteverde Vecchio,https://www.monteverdevecchiopanoramicterrace2.it,info@monteverdevecchiopanoramicterrace2.it,+39 334 308 9759,2026-08-17
RM-1455,Monteverde Vecchio Panoramic Terrace #3,Alloggio Airbnb / Case Vacanza,Roma,Monteverde Vecchio,https://www.monteverdevecchiopanoramicterrace3.it,info@monteverdevecchiopanoramicterrace3.it,+39 334 308 9759,2026-08-17
RM-1456,Monteverde Vecchio Historic Residence #1,Alloggio Airbnb / Case Vacanza,Roma,Monteverde Vecchio,https://www.monteverdevecchiohistoricresidence1.it,info@monteverdevecchiohistoricresidence1.it,+39 334 308 9759,2026-08-17
RM-1457,Monteverde Vecchio Historic Residence #2,Alloggio Airbnb / Case Vacanza,Roma,Monteverde Vecchio,https://www.monteverdevecchiohistoricresidence2.it,info@monteverdevecchiohistoricresidence2.it,+39 334 308 9759,2026-08-17
RM-1458,Monteverde Vecchio Historic Residence #3,Alloggio Airbnb / Case Vacanza,Roma,Monteverde Vecchio,https://www.monteverdevecchiohistoricresidence3.it,info@monteverdevecchiohistoricresidence3.it,+39 334 308 9759,2026-08-17
RM-1459,Monteverde Vecchio Exclusive Penthouse #1,Alloggio Airbnb / Case Vacanza,Roma,Monteverde Vecchio,https://www.monteverdevecchioexclusivepenthouse1.it,info@monteverdevecchioexclusivepenthouse1.it,+39 334 308 9759,2026-08-17
RM-1460,Monteverde Vecchio Exclusive Penthouse #2,Alloggio Airbnb / Case Vacanza,Roma,Monteverde Vecchio,https://www.monteverdevecchioexclusivepenthouse2.it,info@monteverdevecchioexclusivepenthouse2.it,+39 334 308 9759,2026-08-17
RM-1461,Monteverde Vecchio Exclusive Penthouse #3,Alloggio Airbnb / Case Vacanza,Roma,Monteverde Vecchio,https://www.monteverdevecchioexclusivepenthouse3.it,info@monteverdevecchioexclusivepenthouse3.it,+39 334 308 9759,2026-08-17
RM-1462,Monteverde Vecchio Holiday Home #1,Alloggio Airbnb / Case Vacanza,Roma,Monteverde Vecchio,https://www.monteverdevecchioholidayhome1.it,info@monteverdevecchioholidayhome1.it,+39 334 308 9759,2026-08-17
RM-1463,Monteverde Vecchio Holiday Home #2,Alloggio Airbnb / Case Vacanza,Roma,Monteverde Vecchio,https://www.monteverdevecchioholidayhome2.it,info@monteverdevecchioholidayhome2.it,+39 334 308 9759,2026-08-17
RM-1464,Monteverde Vecchio Holiday Home #3,Alloggio Airbnb / Case Vacanza,Roma,Monteverde Vecchio,https://www.monteverdevecchioholidayhome3.it,info@monteverdevecchioholidayhome3.it,+39 334 308 9759,2026-08-17
RM-1465,Monteverde Vecchio Guest House #1,Alloggio Airbnb / Case Vacanza,Roma,Monteverde Vecchio,https://www.monteverdevecchioguesthouse1.it,info@monteverdevecchioguesthouse1.it,+39 334 308 9759,2026-08-17
RM-1466,Monteverde Vecchio Guest House #2,Alloggio Airbnb / Case Vacanza,Roma,Monteverde Vecchio,https://www.monteverdevecchioguesthouse2.it,info@monteverdevecchioguesthouse2.it,+39 334 308 9759,2026-08-17
RM-1467,Monteverde Vecchio Guest House #3,Alloggio Airbnb / Case Vacanza,Roma,Monteverde Vecchio,https://www.monteverdevecchioguesthouse3.it,info@monteverdevecchioguesthouse3.it,+39 334 308 9759,2026-08-17
RM-1468,Monteverde Vecchio Dimora di Charme #1,Alloggio Airbnb / Case Vacanza,Roma,Monteverde Vecchio,https://www.monteverdevecchiodimoradicharme1.it,info@monteverdevecchiodimoradicharme1.it,+39 334 308 9759,2026-08-17
RM-1469,Monteverde Vecchio Dimora di Charme #2,Alloggio Airbnb / Case Vacanza,Roma,Monteverde Vecchio,https://www.monteverdevecchiodimoradicharme2.it,info@monteverdevecchiodimoradicharme2.it,+39 334 308 9759,2026-08-17
RM-1470,Monteverde Vecchio Dimora di Charme #3,Alloggio Airbnb / Case Vacanza,Roma,Monteverde Vecchio,https://www.monteverdevecchiodimoradicharme3.it,info@monteverdevecchiodimoradicharme3.it,+39 334 308 9759,2026-08-17
RM-1471,Monteverde Vecchio Relais Urbano #1,Alloggio Airbnb / Case Vacanza,Roma,Monteverde Vecchio,https://www.monteverdevecchiorelaisurbano1.it,info@monteverdevecchiorelaisurbano1.it,+39 334 308 9759,2026-08-17
RM-1472,Monteverde Vecchio Relais Urbano #2,Alloggio Airbnb / Case Vacanza,Roma,Monteverde Vecchio,https://www.monteverdevecchiorelaisurbano2.it,info@monteverdevecchiorelaisurbano2.it,+39 334 308 9759,2026-08-17
RM-1473,Monteverde Vecchio Relais Urbano #3,Alloggio Airbnb / Case Vacanza,Roma,Monteverde Vecchio,https://www.monteverdevecchiorelaisurbano3.it,info@monteverdevecchiorelaisurbano3.it,+39 334 308 9759,2026-08-17
RM-1474,Monteverde Vecchio Maison Elegance #1,Alloggio Airbnb / Case Vacanza,Roma,Monteverde Vecchio,https://www.monteverdevecchiomaisonelegance1.it,info@monteverdevecchiomaisonelegance1.it,+39 334 308 9759,2026-08-17
RM-1475,Monteverde Vecchio Maison Elegance #2,Alloggio Airbnb / Case Vacanza,Roma,Monteverde Vecchio,https://www.monteverdevecchiomaisonelegance2.it,info@monteverdevecchiomaisonelegance2.it,+39 334 308 9759,2026-08-17
RM-1476,Monteverde Vecchio Maison Elegance #3,Alloggio Airbnb / Case Vacanza,Roma,Monteverde Vecchio,https://www.monteverdevecchiomaisonelegance3.it,info@monteverdevecchiomaisonelegance3.it,+39 334 308 9759,2026-08-17
RM-1477,Monteverde Vecchio Suites & Spa #1,Alloggio Airbnb / Case Vacanza,Roma,Monteverde Vecchio,https://www.monteverdevecchiosuitesspa1.it,info@monteverdevecchiosuitesspa1.it,+39 334 308 9759,2026-08-17
RM-1478,Monteverde Vecchio Suites & Spa #2,Alloggio Airbnb / Case Vacanza,Roma,Monteverde Vecchio,https://www.monteverdevecchiosuitesspa2.it,info@monteverdevecchiosuitesspa2.it,+39 334 308 9759,2026-08-17
RM-1479,Monteverde Vecchio Suites & Spa #3,Alloggio Airbnb / Case Vacanza,Roma,Monteverde Vecchio,https://www.monteverdevecchiosuitesspa3.it,info@monteverdevecchiosuitesspa3.it,+39 334 308 9759,2026-08-17
RM-1480,Monteverde Vecchio Attico Panoramico #1,Alloggio Airbnb / Case Vacanza,Roma,Monteverde Vecchio,https://www.monteverdevecchioatticopanoramico1.it,info@monteverdevecchioatticopanoramico1.it,+39 334 308 9759,2026-08-17
RM-1481,Monteverde Vecchio Attico Panoramico #2,Alloggio Airbnb / Case Vacanza,Roma,Monteverde Vecchio,https://www.monteverdevecchioatticopanoramico2.it,info@monteverdevecchioatticopanoramico2.it,+39 334 308 9759,2026-08-17
RM-1482,Monteverde Vecchio Attico Panoramico #3,Alloggio Airbnb / Case Vacanza,Roma,Monteverde Vecchio,https://www.monteverdevecchioatticopanoramico3.it,info@monteverdevecchioatticopanoramico3.it,+39 334 308 9759,2026-08-17
RM-1483,Monteverde Vecchio Vacanze Romane Flat #1,Alloggio Airbnb / Case Vacanza,Roma,Monteverde Vecchio,https://www.monteverdevecchiovacanzeromaneflat1.it,info@monteverdevecchiovacanzeromaneflat1.it,+39 334 308 9759,2026-08-17
RM-1484,Monteverde Vecchio Vacanze Romane Flat #2,Alloggio Airbnb / Case Vacanza,Roma,Monteverde Vecchio,https://www.monteverdevecchiovacanzeromaneflat2.it,info@monteverdevecchiovacanzeromaneflat2.it,+39 334 308 9759,2026-08-17
RM-1485,Monteverde Vecchio Vacanze Romane Flat #3,Alloggio Airbnb / Case Vacanza,Roma,Monteverde Vecchio,https://www.monteverdevecchiovacanzeromaneflat3.it,info@monteverdevecchiovacanzeromaneflat3.it,+39 334 308 9759,2026-08-17
RM-1486,Monteverde Vecchio Art Living Apartment #1,Alloggio Airbnb / Case Vacanza,Roma,Monteverde Vecchio,https://www.monteverdevecchioartlivingapartment1.it,info@monteverdevecchioartlivingapartment1.it,+39 334 308 9759,2026-08-17
RM-1487,Monteverde Vecchio Art Living Apartment #2,Alloggio Airbnb / Case Vacanza,Roma,Monteverde Vecchio,https://www.monteverdevecchioartlivingapartment2.it,info@monteverdevecchioartlivingapartment2.it,+39 334 308 9759,2026-08-17
RM-1488,Monteverde Vecchio Art Living Apartment #3,Alloggio Airbnb / Case Vacanza,Roma,Monteverde Vecchio,https://www.monteverdevecchioartlivingapartment3.it,info@monteverdevecchioartlivingapartment3.it,+39 334 308 9759,2026-08-17
RM-1489,Monteverde Vecchio Modern Loft #1,Alloggio Airbnb / Case Vacanza,Roma,Monteverde Vecchio,https://www.monteverdevecchiomodernloft1.it,info@monteverdevecchiomodernloft1.it,+39 334 308 9759,2026-08-17
RM-1490,Monteverde Vecchio Modern Loft #2,Alloggio Airbnb / Case Vacanza,Roma,Monteverde Vecchio,https://www.monteverdevecchiomodernloft2.it,info@monteverdevecchiomodernloft2.it,+39 334 308 9759,2026-08-17
RM-1491,Monteverde Vecchio Modern Loft #3,Alloggio Airbnb / Case Vacanza,Roma,Monteverde Vecchio,https://www.monteverdevecchiomodernloft3.it,info@monteverdevecchiomodernloft3.it,+39 334 308 9759,2026-08-17
RM-1492,Monteverde Vecchio Executive Suite #1,Alloggio Airbnb / Case Vacanza,Roma,Monteverde Vecchio,https://www.monteverdevecchioexecutivesuite1.it,info@monteverdevecchioexecutivesuite1.it,+39 334 308 9759,2026-08-17
RM-1493,Monteverde Vecchio Executive Suite #2,Alloggio Airbnb / Case Vacanza,Roma,Monteverde Vecchio,https://www.monteverdevecchioexecutivesuite2.it,info@monteverdevecchioexecutivesuite2.it,+39 334 308 9759,2026-08-17
RM-1494,Monteverde Vecchio Executive Suite #3,Alloggio Airbnb / Case Vacanza,Roma,Monteverde Vecchio,https://www.monteverdevecchioexecutivesuite3.it,info@monteverdevecchioexecutivesuite3.it,+39 334 308 9759,2026-08-17
RM-1495,Monteverde Vecchio Cozy Nest #1,Alloggio Airbnb / Case Vacanza,Roma,Monteverde Vecchio,https://www.monteverdevecchiocozynest1.it,info@monteverdevecchiocozynest1.it,+39 334 308 9759,2026-08-17
RM-1496,Monteverde Vecchio Cozy Nest #2,Alloggio Airbnb / Case Vacanza,Roma,Monteverde Vecchio,https://www.monteverdevecchiocozynest2.it,info@monteverdevecchiocozynest2.it,+39 334 308 9759,2026-08-17
RM-1497,Monteverde Vecchio Cozy Nest #3,Alloggio Airbnb / Case Vacanza,Roma,Monteverde Vecchio,https://www.monteverdevecchiocozynest3.it,info@monteverdevecchiocozynest3.it,+39 334 308 9759,2026-08-17
RM-1498,Monteverde Vecchio Prestige Home #1,Alloggio Airbnb / Case Vacanza,Roma,Monteverde Vecchio,https://www.monteverdevecchioprestigehome1.it,info@monteverdevecchioprestigehome1.it,+39 334 308 9759,2026-08-17
RM-1499,Monteverde Vecchio Prestige Home #2,Alloggio Airbnb / Case Vacanza,Roma,Monteverde Vecchio,https://www.monteverdevecchioprestigehome2.it,info@monteverdevecchioprestigehome2.it,+39 334 308 9759,2026-08-17
RM-1500,Monteverde Vecchio Prestige Home #3,Alloggio Airbnb / Case Vacanza,Roma,Monteverde Vecchio,https://www.monteverdevecchioprestigehome3.it,info@monteverdevecchioprestigehome3.it,+39 334 308 9759,2026-08-17
RM-1501,Monteverde Nuovo Luxury Apartment #1,Alloggio Airbnb / Case Vacanza,Roma,Monteverde Nuovo,https://www.monteverdenuovoluxuryapartment1.it,info@monteverdenuovoluxuryapartment1.it,+39 334 308 9759,2026-08-17
RM-1502,Monteverde Nuovo Luxury Apartment #2,Alloggio Airbnb / Case Vacanza,Roma,Monteverde Nuovo,https://www.monteverdenuovoluxuryapartment2.it,info@monteverdenuovoluxuryapartment2.it,+39 334 308 9759,2026-08-17
RM-1503,Monteverde Nuovo Luxury Apartment #3,Alloggio Airbnb / Case Vacanza,Roma,Monteverde Nuovo,https://www.monteverdenuovoluxuryapartment3.it,info@monteverdenuovoluxuryapartment3.it,+39 334 308 9759,2026-08-17
RM-1504,Monteverde Nuovo Boutique Suites #1,Alloggio Airbnb / Case Vacanza,Roma,Monteverde Nuovo,https://www.monteverdenuovoboutiquesuites1.it,info@monteverdenuovoboutiquesuites1.it,+39 334 308 9759,2026-08-17
RM-1505,Monteverde Nuovo Boutique Suites #2,Alloggio Airbnb / Case Vacanza,Roma,Monteverde Nuovo,https://www.monteverdenuovoboutiquesuites2.it,info@monteverdenuovoboutiquesuites2.it,+39 334 308 9759,2026-08-17
RM-1506,Monteverde Nuovo Boutique Suites #3,Alloggio Airbnb / Case Vacanza,Roma,Monteverde Nuovo,https://www.monteverdenuovoboutiquesuites3.it,info@monteverdenuovoboutiquesuites3.it,+39 334 308 9759,2026-08-17
RM-1507,Monteverde Nuovo Charme Flat #1,Alloggio Airbnb / Case Vacanza,Roma,Monteverde Nuovo,https://www.monteverdenuovocharmeflat1.it,info@monteverdenuovocharmeflat1.it,+39 334 308 9759,2026-08-17
RM-1508,Monteverde Nuovo Charme Flat #2,Alloggio Airbnb / Case Vacanza,Roma,Monteverde Nuovo,https://www.monteverdenuovocharmeflat2.it,info@monteverdenuovocharmeflat2.it,+39 334 308 9759,2026-08-17
RM-1509,Monteverde Nuovo Charme Flat #3,Alloggio Airbnb / Case Vacanza,Roma,Monteverde Nuovo,https://www.monteverdenuovocharmeflat3.it,info@monteverdenuovocharmeflat3.it,+39 334 308 9759,2026-08-17
RM-1510,Monteverde Nuovo Design Loft #1,Alloggio Airbnb / Case Vacanza,Roma,Monteverde Nuovo,https://www.monteverdenuovodesignloft1.it,info@monteverdenuovodesignloft1.it,+39 334 308 9759,2026-08-17
RM-1511,Monteverde Nuovo Design Loft #2,Alloggio Airbnb / Case Vacanza,Roma,Monteverde Nuovo,https://www.monteverdenuovodesignloft2.it,info@monteverdenuovodesignloft2.it,+39 334 308 9759,2026-08-17
RM-1512,Monteverde Nuovo Design Loft #3,Alloggio Airbnb / Case Vacanza,Roma,Monteverde Nuovo,https://www.monteverdenuovodesignloft3.it,info@monteverdenuovodesignloft3.it,+39 334 308 9759,2026-08-17
RM-1513,Monteverde Nuovo Panoramic Terrace #1,Alloggio Airbnb / Case Vacanza,Roma,Monteverde Nuovo,https://www.monteverdenuovopanoramicterrace1.it,info@monteverdenuovopanoramicterrace1.it,+39 334 308 9759,2026-08-17
RM-1514,Monteverde Nuovo Panoramic Terrace #2,Alloggio Airbnb / Case Vacanza,Roma,Monteverde Nuovo,https://www.monteverdenuovopanoramicterrace2.it,info@monteverdenuovopanoramicterrace2.it,+39 334 308 9759,2026-08-17
RM-1515,Monteverde Nuovo Panoramic Terrace #3,Alloggio Airbnb / Case Vacanza,Roma,Monteverde Nuovo,https://www.monteverdenuovopanoramicterrace3.it,info@monteverdenuovopanoramicterrace3.it,+39 334 308 9759,2026-08-17
RM-1516,Monteverde Nuovo Historic Residence #1,Alloggio Airbnb / Case Vacanza,Roma,Monteverde Nuovo,https://www.monteverdenuovohistoricresidence1.it,info@monteverdenuovohistoricresidence1.it,+39 334 308 9759,2026-08-17
RM-1517,Monteverde Nuovo Historic Residence #2,Alloggio Airbnb / Case Vacanza,Roma,Monteverde Nuovo,https://www.monteverdenuovohistoricresidence2.it,info@monteverdenuovohistoricresidence2.it,+39 334 308 9759,2026-08-17
RM-1518,Monteverde Nuovo Historic Residence #3,Alloggio Airbnb / Case Vacanza,Roma,Monteverde Nuovo,https://www.monteverdenuovohistoricresidence3.it,info@monteverdenuovohistoricresidence3.it,+39 334 308 9759,2026-08-17
RM-1519,Monteverde Nuovo Exclusive Penthouse #1,Alloggio Airbnb / Case Vacanza,Roma,Monteverde Nuovo,https://www.monteverdenuovoexclusivepenthouse1.it,info@monteverdenuovoexclusivepenthouse1.it,+39 334 308 9759,2026-08-17
RM-1520,Monteverde Nuovo Exclusive Penthouse #2,Alloggio Airbnb / Case Vacanza,Roma,Monteverde Nuovo,https://www.monteverdenuovoexclusivepenthouse2.it,info@monteverdenuovoexclusivepenthouse2.it,+39 334 308 9759,2026-08-17
RM-1521,Monteverde Nuovo Exclusive Penthouse #3,Alloggio Airbnb / Case Vacanza,Roma,Monteverde Nuovo,https://www.monteverdenuovoexclusivepenthouse3.it,info@monteverdenuovoexclusivepenthouse3.it,+39 334 308 9759,2026-08-17
RM-1522,Monteverde Nuovo Holiday Home #1,Alloggio Airbnb / Case Vacanza,Roma,Monteverde Nuovo,https://www.monteverdenuovoholidayhome1.it,info@monteverdenuovoholidayhome1.it,+39 334 308 9759,2026-08-17
RM-1523,Monteverde Nuovo Holiday Home #2,Alloggio Airbnb / Case Vacanza,Roma,Monteverde Nuovo,https://www.monteverdenuovoholidayhome2.it,info@monteverdenuovoholidayhome2.it,+39 334 308 9759,2026-08-17
RM-1524,Monteverde Nuovo Holiday Home #3,Alloggio Airbnb / Case Vacanza,Roma,Monteverde Nuovo,https://www.monteverdenuovoholidayhome3.it,info@monteverdenuovoholidayhome3.it,+39 334 308 9759,2026-08-17
RM-1525,Monteverde Nuovo Guest House #1,Alloggio Airbnb / Case Vacanza,Roma,Monteverde Nuovo,https://www.monteverdenuovoguesthouse1.it,info@monteverdenuovoguesthouse1.it,+39 334 308 9759,2026-08-17
RM-1526,Monteverde Nuovo Guest House #2,Alloggio Airbnb / Case Vacanza,Roma,Monteverde Nuovo,https://www.monteverdenuovoguesthouse2.it,info@monteverdenuovoguesthouse2.it,+39 334 308 9759,2026-08-17
RM-1527,Monteverde Nuovo Guest House #3,Alloggio Airbnb / Case Vacanza,Roma,Monteverde Nuovo,https://www.monteverdenuovoguesthouse3.it,info@monteverdenuovoguesthouse3.it,+39 334 308 9759,2026-08-17
RM-1528,Monteverde Nuovo Dimora di Charme #1,Alloggio Airbnb / Case Vacanza,Roma,Monteverde Nuovo,https://www.monteverdenuovodimoradicharme1.it,info@monteverdenuovodimoradicharme1.it,+39 334 308 9759,2026-08-17
RM-1529,Monteverde Nuovo Dimora di Charme #2,Alloggio Airbnb / Case Vacanza,Roma,Monteverde Nuovo,https://www.monteverdenuovodimoradicharme2.it,info@monteverdenuovodimoradicharme2.it,+39 334 308 9759,2026-08-17
RM-1530,Monteverde Nuovo Dimora di Charme #3,Alloggio Airbnb / Case Vacanza,Roma,Monteverde Nuovo,https://www.monteverdenuovodimoradicharme3.it,info@monteverdenuovodimoradicharme3.it,+39 334 308 9759,2026-08-17
RM-1531,Monteverde Nuovo Relais Urbano #1,Alloggio Airbnb / Case Vacanza,Roma,Monteverde Nuovo,https://www.monteverdenuovorelaisurbano1.it,info@monteverdenuovorelaisurbano1.it,+39 334 308 9759,2026-08-17
RM-1532,Monteverde Nuovo Relais Urbano #2,Alloggio Airbnb / Case Vacanza,Roma,Monteverde Nuovo,https://www.monteverdenuovorelaisurbano2.it,info@monteverdenuovorelaisurbano2.it,+39 334 308 9759,2026-08-17
RM-1533,Monteverde Nuovo Relais Urbano #3,Alloggio Airbnb / Case Vacanza,Roma,Monteverde Nuovo,https://www.monteverdenuovorelaisurbano3.it,info@monteverdenuovorelaisurbano3.it,+39 334 308 9759,2026-08-17
RM-1534,Monteverde Nuovo Maison Elegance #1,Alloggio Airbnb / Case Vacanza,Roma,Monteverde Nuovo,https://www.monteverdenuovomaisonelegance1.it,info@monteverdenuovomaisonelegance1.it,+39 334 308 9759,2026-08-17
RM-1535,Monteverde Nuovo Maison Elegance #2,Alloggio Airbnb / Case Vacanza,Roma,Monteverde Nuovo,https://www.monteverdenuovomaisonelegance2.it,info@monteverdenuovomaisonelegance2.it,+39 334 308 9759,2026-08-17
RM-1536,Monteverde Nuovo Maison Elegance #3,Alloggio Airbnb / Case Vacanza,Roma,Monteverde Nuovo,https://www.monteverdenuovomaisonelegance3.it,info@monteverdenuovomaisonelegance3.it,+39 334 308 9759,2026-08-17
RM-1537,Monteverde Nuovo Suites & Spa #1,Alloggio Airbnb / Case Vacanza,Roma,Monteverde Nuovo,https://www.monteverdenuovosuitesspa1.it,info@monteverdenuovosuitesspa1.it,+39 334 308 9759,2026-08-17
RM-1538,Monteverde Nuovo Suites & Spa #2,Alloggio Airbnb / Case Vacanza,Roma,Monteverde Nuovo,https://www.monteverdenuovosuitesspa2.it,info@monteverdenuovosuitesspa2.it,+39 334 308 9759,2026-08-17
RM-1539,Monteverde Nuovo Suites & Spa #3,Alloggio Airbnb / Case Vacanza,Roma,Monteverde Nuovo,https://www.monteverdenuovosuitesspa3.it,info@monteverdenuovosuitesspa3.it,+39 334 308 9759,2026-08-17
RM-1540,Monteverde Nuovo Attico Panoramico #1,Alloggio Airbnb / Case Vacanza,Roma,Monteverde Nuovo,https://www.monteverdenuovoatticopanoramico1.it,info@monteverdenuovoatticopanoramico1.it,+39 334 308 9759,2026-08-17
RM-1541,Monteverde Nuovo Attico Panoramico #2,Alloggio Airbnb / Case Vacanza,Roma,Monteverde Nuovo,https://www.monteverdenuovoatticopanoramico2.it,info@monteverdenuovoatticopanoramico2.it,+39 334 308 9759,2026-08-17
RM-1542,Monteverde Nuovo Attico Panoramico #3,Alloggio Airbnb / Case Vacanza,Roma,Monteverde Nuovo,https://www.monteverdenuovoatticopanoramico3.it,info@monteverdenuovoatticopanoramico3.it,+39 334 308 9759,2026-08-17
RM-1543,Monteverde Nuovo Vacanze Romane Flat #1,Alloggio Airbnb / Case Vacanza,Roma,Monteverde Nuovo,https://www.monteverdenuovovacanzeromaneflat1.it,info@monteverdenuovovacanzeromaneflat1.it,+39 334 308 9759,2026-08-17
RM-1544,Monteverde Nuovo Vacanze Romane Flat #2,Alloggio Airbnb / Case Vacanza,Roma,Monteverde Nuovo,https://www.monteverdenuovovacanzeromaneflat2.it,info@monteverdenuovovacanzeromaneflat2.it,+39 334 308 9759,2026-08-17
RM-1545,Monteverde Nuovo Vacanze Romane Flat #3,Alloggio Airbnb / Case Vacanza,Roma,Monteverde Nuovo,https://www.monteverdenuovovacanzeromaneflat3.it,info@monteverdenuovovacanzeromaneflat3.it,+39 334 308 9759,2026-08-17
RM-1546,Monteverde Nuovo Art Living Apartment #1,Alloggio Airbnb / Case Vacanza,Roma,Monteverde Nuovo,https://www.monteverdenuovoartlivingapartment1.it,info@monteverdenuovoartlivingapartment1.it,+39 334 308 9759,2026-08-17
RM-1547,Monteverde Nuovo Art Living Apartment #2,Alloggio Airbnb / Case Vacanza,Roma,Monteverde Nuovo,https://www.monteverdenuovoartlivingapartment2.it,info@monteverdenuovoartlivingapartment2.it,+39 334 308 9759,2026-08-17
RM-1548,Monteverde Nuovo Art Living Apartment #3,Alloggio Airbnb / Case Vacanza,Roma,Monteverde Nuovo,https://www.monteverdenuovoartlivingapartment3.it,info@monteverdenuovoartlivingapartment3.it,+39 334 308 9759,2026-08-17
RM-1549,Monteverde Nuovo Modern Loft #1,Alloggio Airbnb / Case Vacanza,Roma,Monteverde Nuovo,https://www.monteverdenuovomodernloft1.it,info@monteverdenuovomodernloft1.it,+39 334 308 9759,2026-08-17
RM-1550,Monteverde Nuovo Modern Loft #2,Alloggio Airbnb / Case Vacanza,Roma,Monteverde Nuovo,https://www.monteverdenuovomodernloft2.it,info@monteverdenuovomodernloft2.it,+39 334 308 9759,2026-08-17
RM-1551,Monteverde Nuovo Modern Loft #3,Alloggio Airbnb / Case Vacanza,Roma,Monteverde Nuovo,https://www.monteverdenuovomodernloft3.it,info@monteverdenuovomodernloft3.it,+39 334 308 9759,2026-08-17
RM-1552,Monteverde Nuovo Executive Suite #1,Alloggio Airbnb / Case Vacanza,Roma,Monteverde Nuovo,https://www.monteverdenuovoexecutivesuite1.it,info@monteverdenuovoexecutivesuite1.it,+39 334 308 9759,2026-08-17
RM-1553,Monteverde Nuovo Executive Suite #2,Alloggio Airbnb / Case Vacanza,Roma,Monteverde Nuovo,https://www.monteverdenuovoexecutivesuite2.it,info@monteverdenuovoexecutivesuite2.it,+39 334 308 9759,2026-08-17
RM-1554,Monteverde Nuovo Executive Suite #3,Alloggio Airbnb / Case Vacanza,Roma,Monteverde Nuovo,https://www.monteverdenuovoexecutivesuite3.it,info@monteverdenuovoexecutivesuite3.it,+39 334 308 9759,2026-08-17
RM-1555,Monteverde Nuovo Cozy Nest #1,Alloggio Airbnb / Case Vacanza,Roma,Monteverde Nuovo,https://www.monteverdenuovocozynest1.it,info@monteverdenuovocozynest1.it,+39 334 308 9759,2026-08-17
RM-1556,Monteverde Nuovo Cozy Nest #2,Alloggio Airbnb / Case Vacanza,Roma,Monteverde Nuovo,https://www.monteverdenuovocozynest2.it,info@monteverdenuovocozynest2.it,+39 334 308 9759,2026-08-17
RM-1557,Monteverde Nuovo Cozy Nest #3,Alloggio Airbnb / Case Vacanza,Roma,Monteverde Nuovo,https://www.monteverdenuovocozynest3.it,info@monteverdenuovocozynest3.it,+39 334 308 9759,2026-08-17
RM-1558,Monteverde Nuovo Prestige Home #1,Alloggio Airbnb / Case Vacanza,Roma,Monteverde Nuovo,https://www.monteverdenuovoprestigehome1.it,info@monteverdenuovoprestigehome1.it,+39 334 308 9759,2026-08-17
RM-1559,Monteverde Nuovo Prestige Home #2,Alloggio Airbnb / Case Vacanza,Roma,Monteverde Nuovo,https://www.monteverdenuovoprestigehome2.it,info@monteverdenuovoprestigehome2.it,+39 334 308 9759,2026-08-17
RM-1560,Monteverde Nuovo Prestige Home #3,Alloggio Airbnb / Case Vacanza,Roma,Monteverde Nuovo,https://www.monteverdenuovoprestigehome3.it,info@monteverdenuovoprestigehome3.it,+39 334 308 9759,2026-08-17
RM-1561,Gianicolense Luxury Apartment #1,Alloggio Airbnb / Case Vacanza,Roma,Gianicolense,https://www.gianicolenseluxuryapartment1.it,info@gianicolenseluxuryapartment1.it,+39 334 308 9759,2026-08-17
RM-1562,Gianicolense Luxury Apartment #2,Alloggio Airbnb / Case Vacanza,Roma,Gianicolense,https://www.gianicolenseluxuryapartment2.it,info@gianicolenseluxuryapartment2.it,+39 334 308 9759,2026-08-17
RM-1563,Gianicolense Luxury Apartment #3,Alloggio Airbnb / Case Vacanza,Roma,Gianicolense,https://www.gianicolenseluxuryapartment3.it,info@gianicolenseluxuryapartment3.it,+39 334 308 9759,2026-08-17
RM-1564,Gianicolense Boutique Suites #1,Alloggio Airbnb / Case Vacanza,Roma,Gianicolense,https://www.gianicolenseboutiquesuites1.it,info@gianicolenseboutiquesuites1.it,+39 334 308 9759,2026-08-17
RM-1565,Gianicolense Boutique Suites #2,Alloggio Airbnb / Case Vacanza,Roma,Gianicolense,https://www.gianicolenseboutiquesuites2.it,info@gianicolenseboutiquesuites2.it,+39 334 308 9759,2026-08-17
RM-1566,Gianicolense Boutique Suites #3,Alloggio Airbnb / Case Vacanza,Roma,Gianicolense,https://www.gianicolenseboutiquesuites3.it,info@gianicolenseboutiquesuites3.it,+39 334 308 9759,2026-08-17
RM-1567,Gianicolense Charme Flat #1,Alloggio Airbnb / Case Vacanza,Roma,Gianicolense,https://www.gianicolensecharmeflat1.it,info@gianicolensecharmeflat1.it,+39 334 308 9759,2026-08-17
RM-1568,Gianicolense Charme Flat #2,Alloggio Airbnb / Case Vacanza,Roma,Gianicolense,https://www.gianicolensecharmeflat2.it,info@gianicolensecharmeflat2.it,+39 334 308 9759,2026-08-17
RM-1569,Gianicolense Charme Flat #3,Alloggio Airbnb / Case Vacanza,Roma,Gianicolense,https://www.gianicolensecharmeflat3.it,info@gianicolensecharmeflat3.it,+39 334 308 9759,2026-08-17
RM-1570,Gianicolense Design Loft #1,Alloggio Airbnb / Case Vacanza,Roma,Gianicolense,https://www.gianicolensedesignloft1.it,info@gianicolensedesignloft1.it,+39 334 308 9759,2026-08-17
RM-1571,Gianicolense Design Loft #2,Alloggio Airbnb / Case Vacanza,Roma,Gianicolense,https://www.gianicolensedesignloft2.it,info@gianicolensedesignloft2.it,+39 334 308 9759,2026-08-17
RM-1572,Gianicolense Design Loft #3,Alloggio Airbnb / Case Vacanza,Roma,Gianicolense,https://www.gianicolensedesignloft3.it,info@gianicolensedesignloft3.it,+39 334 308 9759,2026-08-17
RM-1573,Gianicolense Panoramic Terrace #1,Alloggio Airbnb / Case Vacanza,Roma,Gianicolense,https://www.gianicolensepanoramicterrace1.it,info@gianicolensepanoramicterrace1.it,+39 334 308 9759,2026-08-17
RM-1574,Gianicolense Panoramic Terrace #2,Alloggio Airbnb / Case Vacanza,Roma,Gianicolense,https://www.gianicolensepanoramicterrace2.it,info@gianicolensepanoramicterrace2.it,+39 334 308 9759,2026-08-17
RM-1575,Gianicolense Panoramic Terrace #3,Alloggio Airbnb / Case Vacanza,Roma,Gianicolense,https://www.gianicolensepanoramicterrace3.it,info@gianicolensepanoramicterrace3.it,+39 334 308 9759,2026-08-17
RM-1576,Gianicolense Historic Residence #1,Alloggio Airbnb / Case Vacanza,Roma,Gianicolense,https://www.gianicolensehistoricresidence1.it,info@gianicolensehistoricresidence1.it,+39 334 308 9759,2026-08-17
RM-1577,Gianicolense Historic Residence #2,Alloggio Airbnb / Case Vacanza,Roma,Gianicolense,https://www.gianicolensehistoricresidence2.it,info@gianicolensehistoricresidence2.it,+39 334 308 9759,2026-08-17
RM-1578,Gianicolense Historic Residence #3,Alloggio Airbnb / Case Vacanza,Roma,Gianicolense,https://www.gianicolensehistoricresidence3.it,info@gianicolensehistoricresidence3.it,+39 334 308 9759,2026-08-17
RM-1579,Gianicolense Exclusive Penthouse #1,Alloggio Airbnb / Case Vacanza,Roma,Gianicolense,https://www.gianicolenseexclusivepenthouse1.it,info@gianicolenseexclusivepenthouse1.it,+39 334 308 9759,2026-08-17
RM-1580,Gianicolense Exclusive Penthouse #2,Alloggio Airbnb / Case Vacanza,Roma,Gianicolense,https://www.gianicolenseexclusivepenthouse2.it,info@gianicolenseexclusivepenthouse2.it,+39 334 308 9759,2026-08-17
RM-1581,Gianicolense Exclusive Penthouse #3,Alloggio Airbnb / Case Vacanza,Roma,Gianicolense,https://www.gianicolenseexclusivepenthouse3.it,info@gianicolenseexclusivepenthouse3.it,+39 334 308 9759,2026-08-17
RM-1582,Gianicolense Holiday Home #1,Alloggio Airbnb / Case Vacanza,Roma,Gianicolense,https://www.gianicolenseholidayhome1.it,info@gianicolenseholidayhome1.it,+39 334 308 9759,2026-08-17
RM-1583,Gianicolense Holiday Home #2,Alloggio Airbnb / Case Vacanza,Roma,Gianicolense,https://www.gianicolenseholidayhome2.it,info@gianicolenseholidayhome2.it,+39 334 308 9759,2026-08-17
RM-1584,Gianicolense Holiday Home #3,Alloggio Airbnb / Case Vacanza,Roma,Gianicolense,https://www.gianicolenseholidayhome3.it,info@gianicolenseholidayhome3.it,+39 334 308 9759,2026-08-17
RM-1585,Gianicolense Guest House #1,Alloggio Airbnb / Case Vacanza,Roma,Gianicolense,https://www.gianicolenseguesthouse1.it,info@gianicolenseguesthouse1.it,+39 334 308 9759,2026-08-17
RM-1586,Gianicolense Guest House #2,Alloggio Airbnb / Case Vacanza,Roma,Gianicolense,https://www.gianicolenseguesthouse2.it,info@gianicolenseguesthouse2.it,+39 334 308 9759,2026-08-17
RM-1587,Gianicolense Guest House #3,Alloggio Airbnb / Case Vacanza,Roma,Gianicolense,https://www.gianicolenseguesthouse3.it,info@gianicolenseguesthouse3.it,+39 334 308 9759,2026-08-17
RM-1588,Gianicolense Dimora di Charme #1,Alloggio Airbnb / Case Vacanza,Roma,Gianicolense,https://www.gianicolensedimoradicharme1.it,info@gianicolensedimoradicharme1.it,+39 334 308 9759,2026-08-17
RM-1589,Gianicolense Dimora di Charme #2,Alloggio Airbnb / Case Vacanza,Roma,Gianicolense,https://www.gianicolensedimoradicharme2.it,info@gianicolensedimoradicharme2.it,+39 334 308 9759,2026-08-17
RM-1590,Gianicolense Dimora di Charme #3,Alloggio Airbnb / Case Vacanza,Roma,Gianicolense,https://www.gianicolensedimoradicharme3.it,info@gianicolensedimoradicharme3.it,+39 334 308 9759,2026-08-17
RM-1591,Gianicolense Relais Urbano #1,Alloggio Airbnb / Case Vacanza,Roma,Gianicolense,https://www.gianicolenserelaisurbano1.it,info@gianicolenserelaisurbano1.it,+39 334 308 9759,2026-08-17
RM-1592,Gianicolense Relais Urbano #2,Alloggio Airbnb / Case Vacanza,Roma,Gianicolense,https://www.gianicolenserelaisurbano2.it,info@gianicolenserelaisurbano2.it,+39 334 308 9759,2026-08-17
RM-1593,Gianicolense Relais Urbano #3,Alloggio Airbnb / Case Vacanza,Roma,Gianicolense,https://www.gianicolenserelaisurbano3.it,info@gianicolenserelaisurbano3.it,+39 334 308 9759,2026-08-17
RM-1594,Gianicolense Maison Elegance #1,Alloggio Airbnb / Case Vacanza,Roma,Gianicolense,https://www.gianicolensemaisonelegance1.it,info@gianicolensemaisonelegance1.it,+39 334 308 9759,2026-08-17
RM-1595,Gianicolense Maison Elegance #2,Alloggio Airbnb / Case Vacanza,Roma,Gianicolense,https://www.gianicolensemaisonelegance2.it,info@gianicolensemaisonelegance2.it,+39 334 308 9759,2026-08-17
RM-1596,Gianicolense Maison Elegance #3,Alloggio Airbnb / Case Vacanza,Roma,Gianicolense,https://www.gianicolensemaisonelegance3.it,info@gianicolensemaisonelegance3.it,+39 334 308 9759,2026-08-17
RM-1597,Gianicolense Suites & Spa #1,Alloggio Airbnb / Case Vacanza,Roma,Gianicolense,https://www.gianicolensesuitesspa1.it,info@gianicolensesuitesspa1.it,+39 334 308 9759,2026-08-17
RM-1598,Gianicolense Suites & Spa #2,Alloggio Airbnb / Case Vacanza,Roma,Gianicolense,https://www.gianicolensesuitesspa2.it,info@gianicolensesuitesspa2.it,+39 334 308 9759,2026-08-17
RM-1599,Gianicolense Suites & Spa #3,Alloggio Airbnb / Case Vacanza,Roma,Gianicolense,https://www.gianicolensesuitesspa3.it,info@gianicolensesuitesspa3.it,+39 334 308 9759,2026-08-17
RM-1600,Gianicolense Attico Panoramico #1,Alloggio Airbnb / Case Vacanza,Roma,Gianicolense,https://www.gianicolenseatticopanoramico1.it,info@gianicolenseatticopanoramico1.it,+39 334 308 9759,2026-08-17
RM-1601,Gianicolense Attico Panoramico #2,Alloggio Airbnb / Case Vacanza,Roma,Gianicolense,https://www.gianicolenseatticopanoramico2.it,info@gianicolenseatticopanoramico2.it,+39 334 308 9759,2026-08-17
RM-1602,Gianicolense Attico Panoramico #3,Alloggio Airbnb / Case Vacanza,Roma,Gianicolense,https://www.gianicolenseatticopanoramico3.it,info@gianicolenseatticopanoramico3.it,+39 334 308 9759,2026-08-17
RM-1603,Gianicolense Vacanze Romane Flat #1,Alloggio Airbnb / Case Vacanza,Roma,Gianicolense,https://www.gianicolensevacanzeromaneflat1.it,info@gianicolensevacanzeromaneflat1.it,+39 334 308 9759,2026-08-17
RM-1604,Gianicolense Vacanze Romane Flat #2,Alloggio Airbnb / Case Vacanza,Roma,Gianicolense,https://www.gianicolensevacanzeromaneflat2.it,info@gianicolensevacanzeromaneflat2.it,+39 334 308 9759,2026-08-17
RM-1605,Gianicolense Vacanze Romane Flat #3,Alloggio Airbnb / Case Vacanza,Roma,Gianicolense,https://www.gianicolensevacanzeromaneflat3.it,info@gianicolensevacanzeromaneflat3.it,+39 334 308 9759,2026-08-17
RM-1606,Gianicolense Art Living Apartment #1,Alloggio Airbnb / Case Vacanza,Roma,Gianicolense,https://www.gianicolenseartlivingapartment1.it,info@gianicolenseartlivingapartment1.it,+39 334 308 9759,2026-08-17
RM-1607,Gianicolense Art Living Apartment #2,Alloggio Airbnb / Case Vacanza,Roma,Gianicolense,https://www.gianicolenseartlivingapartment2.it,info@gianicolenseartlivingapartment2.it,+39 334 308 9759,2026-08-17
RM-1608,Gianicolense Art Living Apartment #3,Alloggio Airbnb / Case Vacanza,Roma,Gianicolense,https://www.gianicolenseartlivingapartment3.it,info@gianicolenseartlivingapartment3.it,+39 334 308 9759,2026-08-17
RM-1609,Gianicolense Modern Loft #1,Alloggio Airbnb / Case Vacanza,Roma,Gianicolense,https://www.gianicolensemodernloft1.it,info@gianicolensemodernloft1.it,+39 334 308 9759,2026-08-17
RM-1610,Gianicolense Modern Loft #2,Alloggio Airbnb / Case Vacanza,Roma,Gianicolense,https://www.gianicolensemodernloft2.it,info@gianicolensemodernloft2.it,+39 334 308 9759,2026-08-17
RM-1611,Gianicolense Modern Loft #3,Alloggio Airbnb / Case Vacanza,Roma,Gianicolense,https://www.gianicolensemodernloft3.it,info@gianicolensemodernloft3.it,+39 334 308 9759,2026-08-17
RM-1612,Gianicolense Executive Suite #1,Alloggio Airbnb / Case Vacanza,Roma,Gianicolense,https://www.gianicolenseexecutivesuite1.it,info@gianicolenseexecutivesuite1.it,+39 334 308 9759,2026-08-17
RM-1613,Gianicolense Executive Suite #2,Alloggio Airbnb / Case Vacanza,Roma,Gianicolense,https://www.gianicolenseexecutivesuite2.it,info@gianicolenseexecutivesuite2.it,+39 334 308 9759,2026-08-17
RM-1614,Gianicolense Executive Suite #3,Alloggio Airbnb / Case Vacanza,Roma,Gianicolense,https://www.gianicolenseexecutivesuite3.it,info@gianicolenseexecutivesuite3.it,+39 334 308 9759,2026-08-17
RM-1615,Gianicolense Cozy Nest #1,Alloggio Airbnb / Case Vacanza,Roma,Gianicolense,https://www.gianicolensecozynest1.it,info@gianicolensecozynest1.it,+39 334 308 9759,2026-08-17
RM-1616,Gianicolense Cozy Nest #2,Alloggio Airbnb / Case Vacanza,Roma,Gianicolense,https://www.gianicolensecozynest2.it,info@gianicolensecozynest2.it,+39 334 308 9759,2026-08-17
RM-1617,Gianicolense Cozy Nest #3,Alloggio Airbnb / Case Vacanza,Roma,Gianicolense,https://www.gianicolensecozynest3.it,info@gianicolensecozynest3.it,+39 334 308 9759,2026-08-17
RM-1618,Gianicolense Prestige Home #1,Alloggio Airbnb / Case Vacanza,Roma,Gianicolense,https://www.gianicolenseprestigehome1.it,info@gianicolenseprestigehome1.it,+39 334 308 9759,2026-08-17
RM-1619,Gianicolense Prestige Home #2,Alloggio Airbnb / Case Vacanza,Roma,Gianicolense,https://www.gianicolenseprestigehome2.it,info@gianicolenseprestigehome2.it,+39 334 308 9759,2026-08-17
RM-1620,Gianicolense Prestige Home #3,Alloggio Airbnb / Case Vacanza,Roma,Gianicolense,https://www.gianicolenseprestigehome3.it,info@gianicolenseprestigehome3.it,+39 334 308 9759,2026-08-17
RM-1621,Aurelio Luxury Apartment #1,Alloggio Airbnb / Case Vacanza,Roma,Aurelio,https://www.aurelioluxuryapartment1.it,info@aurelioluxuryapartment1.it,+39 334 308 9759,2026-08-17
RM-1622,Aurelio Luxury Apartment #2,Alloggio Airbnb / Case Vacanza,Roma,Aurelio,https://www.aurelioluxuryapartment2.it,info@aurelioluxuryapartment2.it,+39 334 308 9759,2026-08-17
RM-1623,Aurelio Luxury Apartment #3,Alloggio Airbnb / Case Vacanza,Roma,Aurelio,https://www.aurelioluxuryapartment3.it,info@aurelioluxuryapartment3.it,+39 334 308 9759,2026-08-17
RM-1624,Aurelio Boutique Suites #1,Alloggio Airbnb / Case Vacanza,Roma,Aurelio,https://www.aurelioboutiquesuites1.it,info@aurelioboutiquesuites1.it,+39 334 308 9759,2026-08-17
RM-1625,Aurelio Boutique Suites #2,Alloggio Airbnb / Case Vacanza,Roma,Aurelio,https://www.aurelioboutiquesuites2.it,info@aurelioboutiquesuites2.it,+39 334 308 9759,2026-08-17
RM-1626,Aurelio Boutique Suites #3,Alloggio Airbnb / Case Vacanza,Roma,Aurelio,https://www.aurelioboutiquesuites3.it,info@aurelioboutiquesuites3.it,+39 334 308 9759,2026-08-17
RM-1627,Aurelio Charme Flat #1,Alloggio Airbnb / Case Vacanza,Roma,Aurelio,https://www.aureliocharmeflat1.it,info@aureliocharmeflat1.it,+39 334 308 9759,2026-08-17
RM-1628,Aurelio Charme Flat #2,Alloggio Airbnb / Case Vacanza,Roma,Aurelio,https://www.aureliocharmeflat2.it,info@aureliocharmeflat2.it,+39 334 308 9759,2026-08-17
RM-1629,Aurelio Charme Flat #3,Alloggio Airbnb / Case Vacanza,Roma,Aurelio,https://www.aureliocharmeflat3.it,info@aureliocharmeflat3.it,+39 334 308 9759,2026-08-17
RM-1630,Aurelio Design Loft #1,Alloggio Airbnb / Case Vacanza,Roma,Aurelio,https://www.aureliodesignloft1.it,info@aureliodesignloft1.it,+39 334 308 9759,2026-08-17
RM-1631,Aurelio Design Loft #2,Alloggio Airbnb / Case Vacanza,Roma,Aurelio,https://www.aureliodesignloft2.it,info@aureliodesignloft2.it,+39 334 308 9759,2026-08-17
RM-1632,Aurelio Design Loft #3,Alloggio Airbnb / Case Vacanza,Roma,Aurelio,https://www.aureliodesignloft3.it,info@aureliodesignloft3.it,+39 334 308 9759,2026-08-17
RM-1633,Aurelio Panoramic Terrace #1,Alloggio Airbnb / Case Vacanza,Roma,Aurelio,https://www.aureliopanoramicterrace1.it,info@aureliopanoramicterrace1.it,+39 334 308 9759,2026-08-17
RM-1634,Aurelio Panoramic Terrace #2,Alloggio Airbnb / Case Vacanza,Roma,Aurelio,https://www.aureliopanoramicterrace2.it,info@aureliopanoramicterrace2.it,+39 334 308 9759,2026-08-17
RM-1635,Aurelio Panoramic Terrace #3,Alloggio Airbnb / Case Vacanza,Roma,Aurelio,https://www.aureliopanoramicterrace3.it,info@aureliopanoramicterrace3.it,+39 334 308 9759,2026-08-17
RM-1636,Aurelio Historic Residence #1,Alloggio Airbnb / Case Vacanza,Roma,Aurelio,https://www.aureliohistoricresidence1.it,info@aureliohistoricresidence1.it,+39 334 308 9759,2026-08-17
RM-1637,Aurelio Historic Residence #2,Alloggio Airbnb / Case Vacanza,Roma,Aurelio,https://www.aureliohistoricresidence2.it,info@aureliohistoricresidence2.it,+39 334 308 9759,2026-08-17
RM-1638,Aurelio Historic Residence #3,Alloggio Airbnb / Case Vacanza,Roma,Aurelio,https://www.aureliohistoricresidence3.it,info@aureliohistoricresidence3.it,+39 334 308 9759,2026-08-17
RM-1639,Aurelio Exclusive Penthouse #1,Alloggio Airbnb / Case Vacanza,Roma,Aurelio,https://www.aurelioexclusivepenthouse1.it,info@aurelioexclusivepenthouse1.it,+39 334 308 9759,2026-08-17
RM-1640,Aurelio Exclusive Penthouse #2,Alloggio Airbnb / Case Vacanza,Roma,Aurelio,https://www.aurelioexclusivepenthouse2.it,info@aurelioexclusivepenthouse2.it,+39 334 308 9759,2026-08-17
RM-1641,Aurelio Exclusive Penthouse #3,Alloggio Airbnb / Case Vacanza,Roma,Aurelio,https://www.aurelioexclusivepenthouse3.it,info@aurelioexclusivepenthouse3.it,+39 334 308 9759,2026-08-17
RM-1642,Aurelio Holiday Home #1,Alloggio Airbnb / Case Vacanza,Roma,Aurelio,https://www.aurelioholidayhome1.it,info@aurelioholidayhome1.it,+39 334 308 9759,2026-08-17
RM-1643,Aurelio Holiday Home #2,Alloggio Airbnb / Case Vacanza,Roma,Aurelio,https://www.aurelioholidayhome2.it,info@aurelioholidayhome2.it,+39 334 308 9759,2026-08-17
RM-1644,Aurelio Holiday Home #3,Alloggio Airbnb / Case Vacanza,Roma,Aurelio,https://www.aurelioholidayhome3.it,info@aurelioholidayhome3.it,+39 334 308 9759,2026-08-17
RM-1645,Aurelio Guest House #1,Alloggio Airbnb / Case Vacanza,Roma,Aurelio,https://www.aurelioguesthouse1.it,info@aurelioguesthouse1.it,+39 334 308 9759,2026-08-17
RM-1646,Aurelio Guest House #2,Alloggio Airbnb / Case Vacanza,Roma,Aurelio,https://www.aurelioguesthouse2.it,info@aurelioguesthouse2.it,+39 334 308 9759,2026-08-17
RM-1647,Aurelio Guest House #3,Alloggio Airbnb / Case Vacanza,Roma,Aurelio,https://www.aurelioguesthouse3.it,info@aurelioguesthouse3.it,+39 334 308 9759,2026-08-17
RM-1648,Aurelio Dimora di Charme #1,Alloggio Airbnb / Case Vacanza,Roma,Aurelio,https://www.aureliodimoradicharme1.it,info@aureliodimoradicharme1.it,+39 334 308 9759,2026-08-17
RM-1649,Aurelio Dimora di Charme #2,Alloggio Airbnb / Case Vacanza,Roma,Aurelio,https://www.aureliodimoradicharme2.it,info@aureliodimoradicharme2.it,+39 334 308 9759,2026-08-17
RM-1650,Aurelio Dimora di Charme #3,Alloggio Airbnb / Case Vacanza,Roma,Aurelio,https://www.aureliodimoradicharme3.it,info@aureliodimoradicharme3.it,+39 334 308 9759,2026-08-17
RM-1651,Aurelio Relais Urbano #1,Alloggio Airbnb / Case Vacanza,Roma,Aurelio,https://www.aureliorelaisurbano1.it,info@aureliorelaisurbano1.it,+39 334 308 9759,2026-08-17
RM-1652,Aurelio Relais Urbano #2,Alloggio Airbnb / Case Vacanza,Roma,Aurelio,https://www.aureliorelaisurbano2.it,info@aureliorelaisurbano2.it,+39 334 308 9759,2026-08-17
RM-1653,Aurelio Relais Urbano #3,Alloggio Airbnb / Case Vacanza,Roma,Aurelio,https://www.aureliorelaisurbano3.it,info@aureliorelaisurbano3.it,+39 334 308 9759,2026-08-17
RM-1654,Aurelio Maison Elegance #1,Alloggio Airbnb / Case Vacanza,Roma,Aurelio,https://www.aureliomaisonelegance1.it,info@aureliomaisonelegance1.it,+39 334 308 9759,2026-08-17
RM-1655,Aurelio Maison Elegance #2,Alloggio Airbnb / Case Vacanza,Roma,Aurelio,https://www.aureliomaisonelegance2.it,info@aureliomaisonelegance2.it,+39 334 308 9759,2026-08-17
RM-1656,Aurelio Maison Elegance #3,Alloggio Airbnb / Case Vacanza,Roma,Aurelio,https://www.aureliomaisonelegance3.it,info@aureliomaisonelegance3.it,+39 334 308 9759,2026-08-17
RM-1657,Aurelio Suites & Spa #1,Alloggio Airbnb / Case Vacanza,Roma,Aurelio,https://www.aureliosuitesspa1.it,info@aureliosuitesspa1.it,+39 334 308 9759,2026-08-17
RM-1658,Aurelio Suites & Spa #2,Alloggio Airbnb / Case Vacanza,Roma,Aurelio,https://www.aureliosuitesspa2.it,info@aureliosuitesspa2.it,+39 334 308 9759,2026-08-17
RM-1659,Aurelio Suites & Spa #3,Alloggio Airbnb / Case Vacanza,Roma,Aurelio,https://www.aureliosuitesspa3.it,info@aureliosuitesspa3.it,+39 334 308 9759,2026-08-17
RM-1660,Aurelio Attico Panoramico #1,Alloggio Airbnb / Case Vacanza,Roma,Aurelio,https://www.aurelioatticopanoramico1.it,info@aurelioatticopanoramico1.it,+39 334 308 9759,2026-08-17
RM-1661,Aurelio Attico Panoramico #2,Alloggio Airbnb / Case Vacanza,Roma,Aurelio,https://www.aurelioatticopanoramico2.it,info@aurelioatticopanoramico2.it,+39 334 308 9759,2026-08-17
RM-1662,Aurelio Attico Panoramico #3,Alloggio Airbnb / Case Vacanza,Roma,Aurelio,https://www.aurelioatticopanoramico3.it,info@aurelioatticopanoramico3.it,+39 334 308 9759,2026-08-17
RM-1663,Aurelio Vacanze Romane Flat #1,Alloggio Airbnb / Case Vacanza,Roma,Aurelio,https://www.aureliovacanzeromaneflat1.it,info@aureliovacanzeromaneflat1.it,+39 334 308 9759,2026-08-17
RM-1664,Aurelio Vacanze Romane Flat #2,Alloggio Airbnb / Case Vacanza,Roma,Aurelio,https://www.aureliovacanzeromaneflat2.it,info@aureliovacanzeromaneflat2.it,+39 334 308 9759,2026-08-17
RM-1665,Aurelio Vacanze Romane Flat #3,Alloggio Airbnb / Case Vacanza,Roma,Aurelio,https://www.aureliovacanzeromaneflat3.it,info@aureliovacanzeromaneflat3.it,+39 334 308 9759,2026-08-17
RM-1666,Aurelio Art Living Apartment #1,Alloggio Airbnb / Case Vacanza,Roma,Aurelio,https://www.aurelioartlivingapartment1.it,info@aurelioartlivingapartment1.it,+39 334 308 9759,2026-08-17
RM-1667,Aurelio Art Living Apartment #2,Alloggio Airbnb / Case Vacanza,Roma,Aurelio,https://www.aurelioartlivingapartment2.it,info@aurelioartlivingapartment2.it,+39 334 308 9759,2026-08-17
RM-1668,Aurelio Art Living Apartment #3,Alloggio Airbnb / Case Vacanza,Roma,Aurelio,https://www.aurelioartlivingapartment3.it,info@aurelioartlivingapartment3.it,+39 334 308 9759,2026-08-17
RM-1669,Aurelio Modern Loft #1,Alloggio Airbnb / Case Vacanza,Roma,Aurelio,https://www.aureliomodernloft1.it,info@aureliomodernloft1.it,+39 334 308 9759,2026-08-17
RM-1670,Aurelio Modern Loft #2,Alloggio Airbnb / Case Vacanza,Roma,Aurelio,https://www.aureliomodernloft2.it,info@aureliomodernloft2.it,+39 334 308 9759,2026-08-17
RM-1671,Aurelio Modern Loft #3,Alloggio Airbnb / Case Vacanza,Roma,Aurelio,https://www.aureliomodernloft3.it,info@aureliomodernloft3.it,+39 334 308 9759,2026-08-17
RM-1672,Aurelio Executive Suite #1,Alloggio Airbnb / Case Vacanza,Roma,Aurelio,https://www.aurelioexecutivesuite1.it,info@aurelioexecutivesuite1.it,+39 334 308 9759,2026-08-17
RM-1673,Aurelio Executive Suite #2,Alloggio Airbnb / Case Vacanza,Roma,Aurelio,https://www.aurelioexecutivesuite2.it,info@aurelioexecutivesuite2.it,+39 334 308 9759,2026-08-17
RM-1674,Aurelio Executive Suite #3,Alloggio Airbnb / Case Vacanza,Roma,Aurelio,https://www.aurelioexecutivesuite3.it,info@aurelioexecutivesuite3.it,+39 334 308 9759,2026-08-17
RM-1675,Aurelio Cozy Nest #1,Alloggio Airbnb / Case Vacanza,Roma,Aurelio,https://www.aureliocozynest1.it,info@aureliocozynest1.it,+39 334 308 9759,2026-08-17
RM-1676,Aurelio Cozy Nest #2,Alloggio Airbnb / Case Vacanza,Roma,Aurelio,https://www.aureliocozynest2.it,info@aureliocozynest2.it,+39 334 308 9759,2026-08-17
RM-1677,Aurelio Cozy Nest #3,Alloggio Airbnb / Case Vacanza,Roma,Aurelio,https://www.aureliocozynest3.it,info@aureliocozynest3.it,+39 334 308 9759,2026-08-17
RM-1678,Aurelio Prestige Home #1,Alloggio Airbnb / Case Vacanza,Roma,Aurelio,https://www.aurelioprestigehome1.it,info@aurelioprestigehome1.it,+39 334 308 9759,2026-08-17
RM-1679,Aurelio Prestige Home #2,Alloggio Airbnb / Case Vacanza,Roma,Aurelio,https://www.aurelioprestigehome2.it,info@aurelioprestigehome2.it,+39 334 308 9759,2026-08-17
RM-1680,Aurelio Prestige Home #3,Alloggio Airbnb / Case Vacanza,Roma,Aurelio,https://www.aurelioprestigehome3.it,info@aurelioprestigehome3.it,+39 334 308 9759,2026-08-17
RM-1681,Balduina Luxury Apartment #1,Alloggio Airbnb / Case Vacanza,Roma,Balduina,https://www.balduinaluxuryapartment1.it,info@balduinaluxuryapartment1.it,+39 334 308 9759,2026-08-17
RM-1682,Balduina Luxury Apartment #2,Alloggio Airbnb / Case Vacanza,Roma,Balduina,https://www.balduinaluxuryapartment2.it,info@balduinaluxuryapartment2.it,+39 334 308 9759,2026-08-17
RM-1683,Balduina Luxury Apartment #3,Alloggio Airbnb / Case Vacanza,Roma,Balduina,https://www.balduinaluxuryapartment3.it,info@balduinaluxuryapartment3.it,+39 334 308 9759,2026-08-17
RM-1684,Balduina Boutique Suites #1,Alloggio Airbnb / Case Vacanza,Roma,Balduina,https://www.balduinaboutiquesuites1.it,info@balduinaboutiquesuites1.it,+39 334 308 9759,2026-08-17
RM-1685,Balduina Boutique Suites #2,Alloggio Airbnb / Case Vacanza,Roma,Balduina,https://www.balduinaboutiquesuites2.it,info@balduinaboutiquesuites2.it,+39 334 308 9759,2026-08-17
RM-1686,Balduina Boutique Suites #3,Alloggio Airbnb / Case Vacanza,Roma,Balduina,https://www.balduinaboutiquesuites3.it,info@balduinaboutiquesuites3.it,+39 334 308 9759,2026-08-17
RM-1687,Balduina Charme Flat #1,Alloggio Airbnb / Case Vacanza,Roma,Balduina,https://www.balduinacharmeflat1.it,info@balduinacharmeflat1.it,+39 334 308 9759,2026-08-17
RM-1688,Balduina Charme Flat #2,Alloggio Airbnb / Case Vacanza,Roma,Balduina,https://www.balduinacharmeflat2.it,info@balduinacharmeflat2.it,+39 334 308 9759,2026-08-17
RM-1689,Balduina Charme Flat #3,Alloggio Airbnb / Case Vacanza,Roma,Balduina,https://www.balduinacharmeflat3.it,info@balduinacharmeflat3.it,+39 334 308 9759,2026-08-17
RM-1690,Balduina Design Loft #1,Alloggio Airbnb / Case Vacanza,Roma,Balduina,https://www.balduinadesignloft1.it,info@balduinadesignloft1.it,+39 334 308 9759,2026-08-17
RM-1691,Balduina Design Loft #2,Alloggio Airbnb / Case Vacanza,Roma,Balduina,https://www.balduinadesignloft2.it,info@balduinadesignloft2.it,+39 334 308 9759,2026-08-17
RM-1692,Balduina Design Loft #3,Alloggio Airbnb / Case Vacanza,Roma,Balduina,https://www.balduinadesignloft3.it,info@balduinadesignloft3.it,+39 334 308 9759,2026-08-17
RM-1693,Balduina Panoramic Terrace #1,Alloggio Airbnb / Case Vacanza,Roma,Balduina,https://www.balduinapanoramicterrace1.it,info@balduinapanoramicterrace1.it,+39 334 308 9759,2026-08-17
RM-1694,Balduina Panoramic Terrace #2,Alloggio Airbnb / Case Vacanza,Roma,Balduina,https://www.balduinapanoramicterrace2.it,info@balduinapanoramicterrace2.it,+39 334 308 9759,2026-08-17
RM-1695,Balduina Panoramic Terrace #3,Alloggio Airbnb / Case Vacanza,Roma,Balduina,https://www.balduinapanoramicterrace3.it,info@balduinapanoramicterrace3.it,+39 334 308 9759,2026-08-17
RM-1696,Balduina Historic Residence #1,Alloggio Airbnb / Case Vacanza,Roma,Balduina,https://www.balduinahistoricresidence1.it,info@balduinahistoricresidence1.it,+39 334 308 9759,2026-08-17
RM-1697,Balduina Historic Residence #2,Alloggio Airbnb / Case Vacanza,Roma,Balduina,https://www.balduinahistoricresidence2.it,info@balduinahistoricresidence2.it,+39 334 308 9759,2026-08-17
RM-1698,Balduina Historic Residence #3,Alloggio Airbnb / Case Vacanza,Roma,Balduina,https://www.balduinahistoricresidence3.it,info@balduinahistoricresidence3.it,+39 334 308 9759,2026-08-17
RM-1699,Balduina Exclusive Penthouse #1,Alloggio Airbnb / Case Vacanza,Roma,Balduina,https://www.balduinaexclusivepenthouse1.it,info@balduinaexclusivepenthouse1.it,+39 334 308 9759,2026-08-17
RM-1700,Balduina Exclusive Penthouse #2,Alloggio Airbnb / Case Vacanza,Roma,Balduina,https://www.balduinaexclusivepenthouse2.it,info@balduinaexclusivepenthouse2.it,+39 334 308 9759,2026-08-17
RM-1701,Balduina Exclusive Penthouse #3,Alloggio Airbnb / Case Vacanza,Roma,Balduina,https://www.balduinaexclusivepenthouse3.it,info@balduinaexclusivepenthouse3.it,+39 334 308 9759,2026-08-17
RM-1702,Balduina Holiday Home #1,Alloggio Airbnb / Case Vacanza,Roma,Balduina,https://www.balduinaholidayhome1.it,info@balduinaholidayhome1.it,+39 334 308 9759,2026-08-17
RM-1703,Balduina Holiday Home #2,Alloggio Airbnb / Case Vacanza,Roma,Balduina,https://www.balduinaholidayhome2.it,info@balduinaholidayhome2.it,+39 334 308 9759,2026-08-17
RM-1704,Balduina Holiday Home #3,Alloggio Airbnb / Case Vacanza,Roma,Balduina,https://www.balduinaholidayhome3.it,info@balduinaholidayhome3.it,+39 334 308 9759,2026-08-17
RM-1705,Balduina Guest House #1,Alloggio Airbnb / Case Vacanza,Roma,Balduina,https://www.balduinaguesthouse1.it,info@balduinaguesthouse1.it,+39 334 308 9759,2026-08-17
RM-1706,Balduina Guest House #2,Alloggio Airbnb / Case Vacanza,Roma,Balduina,https://www.balduinaguesthouse2.it,info@balduinaguesthouse2.it,+39 334 308 9759,2026-08-17
RM-1707,Balduina Guest House #3,Alloggio Airbnb / Case Vacanza,Roma,Balduina,https://www.balduinaguesthouse3.it,info@balduinaguesthouse3.it,+39 334 308 9759,2026-08-17
RM-1708,Balduina Dimora di Charme #1,Alloggio Airbnb / Case Vacanza,Roma,Balduina,https://www.balduinadimoradicharme1.it,info@balduinadimoradicharme1.it,+39 334 308 9759,2026-08-17
RM-1709,Balduina Dimora di Charme #2,Alloggio Airbnb / Case Vacanza,Roma,Balduina,https://www.balduinadimoradicharme2.it,info@balduinadimoradicharme2.it,+39 334 308 9759,2026-08-17
RM-1710,Balduina Dimora di Charme #3,Alloggio Airbnb / Case Vacanza,Roma,Balduina,https://www.balduinadimoradicharme3.it,info@balduinadimoradicharme3.it,+39 334 308 9759,2026-08-17
RM-1711,Balduina Relais Urbano #1,Alloggio Airbnb / Case Vacanza,Roma,Balduina,https://www.balduinarelaisurbano1.it,info@balduinarelaisurbano1.it,+39 334 308 9759,2026-08-17
RM-1712,Balduina Relais Urbano #2,Alloggio Airbnb / Case Vacanza,Roma,Balduina,https://www.balduinarelaisurbano2.it,info@balduinarelaisurbano2.it,+39 334 308 9759,2026-08-17
RM-1713,Balduina Relais Urbano #3,Alloggio Airbnb / Case Vacanza,Roma,Balduina,https://www.balduinarelaisurbano3.it,info@balduinarelaisurbano3.it,+39 334 308 9759,2026-08-17
RM-1714,Balduina Maison Elegance #1,Alloggio Airbnb / Case Vacanza,Roma,Balduina,https://www.balduinamaisonelegance1.it,info@balduinamaisonelegance1.it,+39 334 308 9759,2026-08-17
RM-1715,Balduina Maison Elegance #2,Alloggio Airbnb / Case Vacanza,Roma,Balduina,https://www.balduinamaisonelegance2.it,info@balduinamaisonelegance2.it,+39 334 308 9759,2026-08-17
RM-1716,Balduina Maison Elegance #3,Alloggio Airbnb / Case Vacanza,Roma,Balduina,https://www.balduinamaisonelegance3.it,info@balduinamaisonelegance3.it,+39 334 308 9759,2026-08-17
RM-1717,Balduina Suites & Spa #1,Alloggio Airbnb / Case Vacanza,Roma,Balduina,https://www.balduinasuitesspa1.it,info@balduinasuitesspa1.it,+39 334 308 9759,2026-08-17
RM-1718,Balduina Suites & Spa #2,Alloggio Airbnb / Case Vacanza,Roma,Balduina,https://www.balduinasuitesspa2.it,info@balduinasuitesspa2.it,+39 334 308 9759,2026-08-17
RM-1719,Balduina Suites & Spa #3,Alloggio Airbnb / Case Vacanza,Roma,Balduina,https://www.balduinasuitesspa3.it,info@balduinasuitesspa3.it,+39 334 308 9759,2026-08-17
RM-1720,Balduina Attico Panoramico #1,Alloggio Airbnb / Case Vacanza,Roma,Balduina,https://www.balduinaatticopanoramico1.it,info@balduinaatticopanoramico1.it,+39 334 308 9759,2026-08-17
RM-1721,Balduina Attico Panoramico #2,Alloggio Airbnb / Case Vacanza,Roma,Balduina,https://www.balduinaatticopanoramico2.it,info@balduinaatticopanoramico2.it,+39 334 308 9759,2026-08-17
RM-1722,Balduina Attico Panoramico #3,Alloggio Airbnb / Case Vacanza,Roma,Balduina,https://www.balduinaatticopanoramico3.it,info@balduinaatticopanoramico3.it,+39 334 308 9759,2026-08-17
RM-1723,Balduina Vacanze Romane Flat #1,Alloggio Airbnb / Case Vacanza,Roma,Balduina,https://www.balduinavacanzeromaneflat1.it,info@balduinavacanzeromaneflat1.it,+39 334 308 9759,2026-08-17
RM-1724,Balduina Vacanze Romane Flat #2,Alloggio Airbnb / Case Vacanza,Roma,Balduina,https://www.balduinavacanzeromaneflat2.it,info@balduinavacanzeromaneflat2.it,+39 334 308 9759,2026-08-17
RM-1725,Balduina Vacanze Romane Flat #3,Alloggio Airbnb / Case Vacanza,Roma,Balduina,https://www.balduinavacanzeromaneflat3.it,info@balduinavacanzeromaneflat3.it,+39 334 308 9759,2026-08-17
RM-1726,Balduina Art Living Apartment #1,Alloggio Airbnb / Case Vacanza,Roma,Balduina,https://www.balduinaartlivingapartment1.it,info@balduinaartlivingapartment1.it,+39 334 308 9759,2026-08-17
RM-1727,Balduina Art Living Apartment #2,Alloggio Airbnb / Case Vacanza,Roma,Balduina,https://www.balduinaartlivingapartment2.it,info@balduinaartlivingapartment2.it,+39 334 308 9759,2026-08-17
RM-1728,Balduina Art Living Apartment #3,Alloggio Airbnb / Case Vacanza,Roma,Balduina,https://www.balduinaartlivingapartment3.it,info@balduinaartlivingapartment3.it,+39 334 308 9759,2026-08-17
RM-1729,Balduina Modern Loft #1,Alloggio Airbnb / Case Vacanza,Roma,Balduina,https://www.balduinamodernloft1.it,info@balduinamodernloft1.it,+39 334 308 9759,2026-08-17
RM-1730,Balduina Modern Loft #2,Alloggio Airbnb / Case Vacanza,Roma,Balduina,https://www.balduinamodernloft2.it,info@balduinamodernloft2.it,+39 334 308 9759,2026-08-17
RM-1731,Balduina Modern Loft #3,Alloggio Airbnb / Case Vacanza,Roma,Balduina,https://www.balduinamodernloft3.it,info@balduinamodernloft3.it,+39 334 308 9759,2026-08-17
RM-1732,Balduina Executive Suite #1,Alloggio Airbnb / Case Vacanza,Roma,Balduina,https://www.balduinaexecutivesuite1.it,info@balduinaexecutivesuite1.it,+39 334 308 9759,2026-08-17
RM-1733,Balduina Executive Suite #2,Alloggio Airbnb / Case Vacanza,Roma,Balduina,https://www.balduinaexecutivesuite2.it,info@balduinaexecutivesuite2.it,+39 334 308 9759,2026-08-17
RM-1734,Balduina Executive Suite #3,Alloggio Airbnb / Case Vacanza,Roma,Balduina,https://www.balduinaexecutivesuite3.it,info@balduinaexecutivesuite3.it,+39 334 308 9759,2026-08-17
RM-1735,Balduina Cozy Nest #1,Alloggio Airbnb / Case Vacanza,Roma,Balduina,https://www.balduinacozynest1.it,info@balduinacozynest1.it,+39 334 308 9759,2026-08-17
RM-1736,Balduina Cozy Nest #2,Alloggio Airbnb / Case Vacanza,Roma,Balduina,https://www.balduinacozynest2.it,info@balduinacozynest2.it,+39 334 308 9759,2026-08-17
RM-1737,Balduina Cozy Nest #3,Alloggio Airbnb / Case Vacanza,Roma,Balduina,https://www.balduinacozynest3.it,info@balduinacozynest3.it,+39 334 308 9759,2026-08-17
RM-1738,Balduina Prestige Home #1,Alloggio Airbnb / Case Vacanza,Roma,Balduina,https://www.balduinaprestigehome1.it,info@balduinaprestigehome1.it,+39 334 308 9759,2026-08-17
RM-1739,Balduina Prestige Home #2,Alloggio Airbnb / Case Vacanza,Roma,Balduina,https://www.balduinaprestigehome2.it,info@balduinaprestigehome2.it,+39 334 308 9759,2026-08-17
RM-1740,Balduina Prestige Home #3,Alloggio Airbnb / Case Vacanza,Roma,Balduina,https://www.balduinaprestigehome3.it,info@balduinaprestigehome3.it,+39 334 308 9759,2026-08-17
RM-1741,Talenti Luxury Apartment #1,Alloggio Airbnb / Case Vacanza,Roma,Talenti,https://www.talentiluxuryapartment1.it,info@talentiluxuryapartment1.it,+39 334 308 9759,2026-08-17
RM-1742,Talenti Luxury Apartment #2,Alloggio Airbnb / Case Vacanza,Roma,Talenti,https://www.talentiluxuryapartment2.it,info@talentiluxuryapartment2.it,+39 334 308 9759,2026-08-17
RM-1743,Talenti Luxury Apartment #3,Alloggio Airbnb / Case Vacanza,Roma,Talenti,https://www.talentiluxuryapartment3.it,info@talentiluxuryapartment3.it,+39 334 308 9759,2026-08-17
RM-1744,Talenti Boutique Suites #1,Alloggio Airbnb / Case Vacanza,Roma,Talenti,https://www.talentiboutiquesuites1.it,info@talentiboutiquesuites1.it,+39 334 308 9759,2026-08-17
RM-1745,Talenti Boutique Suites #2,Alloggio Airbnb / Case Vacanza,Roma,Talenti,https://www.talentiboutiquesuites2.it,info@talentiboutiquesuites2.it,+39 334 308 9759,2026-08-17
RM-1746,Talenti Boutique Suites #3,Alloggio Airbnb / Case Vacanza,Roma,Talenti,https://www.talentiboutiquesuites3.it,info@talentiboutiquesuites3.it,+39 334 308 9759,2026-08-17
RM-1747,Talenti Charme Flat #1,Alloggio Airbnb / Case Vacanza,Roma,Talenti,https://www.talenticharmeflat1.it,info@talenticharmeflat1.it,+39 334 308 9759,2026-08-17
RM-1748,Talenti Charme Flat #2,Alloggio Airbnb / Case Vacanza,Roma,Talenti,https://www.talenticharmeflat2.it,info@talenticharmeflat2.it,+39 334 308 9759,2026-08-17
RM-1749,Talenti Charme Flat #3,Alloggio Airbnb / Case Vacanza,Roma,Talenti,https://www.talenticharmeflat3.it,info@talenticharmeflat3.it,+39 334 308 9759,2026-08-17
RM-1750,Talenti Design Loft #1,Alloggio Airbnb / Case Vacanza,Roma,Talenti,https://www.talentidesignloft1.it,info@talentidesignloft1.it,+39 334 308 9759,2026-08-17
RM-1751,Talenti Design Loft #2,Alloggio Airbnb / Case Vacanza,Roma,Talenti,https://www.talentidesignloft2.it,info@talentidesignloft2.it,+39 334 308 9759,2026-08-17
RM-1752,Talenti Design Loft #3,Alloggio Airbnb / Case Vacanza,Roma,Talenti,https://www.talentidesignloft3.it,info@talentidesignloft3.it,+39 334 308 9759,2026-08-17
RM-1753,Talenti Panoramic Terrace #1,Alloggio Airbnb / Case Vacanza,Roma,Talenti,https://www.talentipanoramicterrace1.it,info@talentipanoramicterrace1.it,+39 334 308 9759,2026-08-17
RM-1754,Talenti Panoramic Terrace #2,Alloggio Airbnb / Case Vacanza,Roma,Talenti,https://www.talentipanoramicterrace2.it,info@talentipanoramicterrace2.it,+39 334 308 9759,2026-08-17
RM-1755,Talenti Panoramic Terrace #3,Alloggio Airbnb / Case Vacanza,Roma,Talenti,https://www.talentipanoramicterrace3.it,info@talentipanoramicterrace3.it,+39 334 308 9759,2026-08-17
RM-1756,Talenti Historic Residence #1,Alloggio Airbnb / Case Vacanza,Roma,Talenti,https://www.talentihistoricresidence1.it,info@talentihistoricresidence1.it,+39 334 308 9759,2026-08-17
RM-1757,Talenti Historic Residence #2,Alloggio Airbnb / Case Vacanza,Roma,Talenti,https://www.talentihistoricresidence2.it,info@talentihistoricresidence2.it,+39 334 308 9759,2026-08-17
RM-1758,Talenti Historic Residence #3,Alloggio Airbnb / Case Vacanza,Roma,Talenti,https://www.talentihistoricresidence3.it,info@talentihistoricresidence3.it,+39 334 308 9759,2026-08-17
RM-1759,Talenti Exclusive Penthouse #1,Alloggio Airbnb / Case Vacanza,Roma,Talenti,https://www.talentiexclusivepenthouse1.it,info@talentiexclusivepenthouse1.it,+39 334 308 9759,2026-08-17
RM-1760,Talenti Exclusive Penthouse #2,Alloggio Airbnb / Case Vacanza,Roma,Talenti,https://www.talentiexclusivepenthouse2.it,info@talentiexclusivepenthouse2.it,+39 334 308 9759,2026-08-17
RM-1761,Talenti Exclusive Penthouse #3,Alloggio Airbnb / Case Vacanza,Roma,Talenti,https://www.talentiexclusivepenthouse3.it,info@talentiexclusivepenthouse3.it,+39 334 308 9759,2026-08-17
RM-1762,Talenti Holiday Home #1,Alloggio Airbnb / Case Vacanza,Roma,Talenti,https://www.talentiholidayhome1.it,info@talentiholidayhome1.it,+39 334 308 9759,2026-08-17
RM-1763,Talenti Holiday Home #2,Alloggio Airbnb / Case Vacanza,Roma,Talenti,https://www.talentiholidayhome2.it,info@talentiholidayhome2.it,+39 334 308 9759,2026-08-17
RM-1764,Talenti Holiday Home #3,Alloggio Airbnb / Case Vacanza,Roma,Talenti,https://www.talentiholidayhome3.it,info@talentiholidayhome3.it,+39 334 308 9759,2026-08-17
RM-1765,Talenti Guest House #1,Alloggio Airbnb / Case Vacanza,Roma,Talenti,https://www.talentiguesthouse1.it,info@talentiguesthouse1.it,+39 334 308 9759,2026-08-17
RM-1766,Talenti Guest House #2,Alloggio Airbnb / Case Vacanza,Roma,Talenti,https://www.talentiguesthouse2.it,info@talentiguesthouse2.it,+39 334 308 9759,2026-08-17
RM-1767,Talenti Guest House #3,Alloggio Airbnb / Case Vacanza,Roma,Talenti,https://www.talentiguesthouse3.it,info@talentiguesthouse3.it,+39 334 308 9759,2026-08-17
RM-1768,Talenti Dimora di Charme #1,Alloggio Airbnb / Case Vacanza,Roma,Talenti,https://www.talentidimoradicharme1.it,info@talentidimoradicharme1.it,+39 334 308 9759,2026-08-17
RM-1769,Talenti Dimora di Charme #2,Alloggio Airbnb / Case Vacanza,Roma,Talenti,https://www.talentidimoradicharme2.it,info@talentidimoradicharme2.it,+39 334 308 9759,2026-08-17
RM-1770,Talenti Dimora di Charme #3,Alloggio Airbnb / Case Vacanza,Roma,Talenti,https://www.talentidimoradicharme3.it,info@talentidimoradicharme3.it,+39 334 308 9759,2026-08-17
RM-1771,Talenti Relais Urbano #1,Alloggio Airbnb / Case Vacanza,Roma,Talenti,https://www.talentirelaisurbano1.it,info@talentirelaisurbano1.it,+39 334 308 9759,2026-08-17
RM-1772,Talenti Relais Urbano #2,Alloggio Airbnb / Case Vacanza,Roma,Talenti,https://www.talentirelaisurbano2.it,info@talentirelaisurbano2.it,+39 334 308 9759,2026-08-17
RM-1773,Talenti Relais Urbano #3,Alloggio Airbnb / Case Vacanza,Roma,Talenti,https://www.talentirelaisurbano3.it,info@talentirelaisurbano3.it,+39 334 308 9759,2026-08-17
RM-1774,Talenti Maison Elegance #1,Alloggio Airbnb / Case Vacanza,Roma,Talenti,https://www.talentimaisonelegance1.it,info@talentimaisonelegance1.it,+39 334 308 9759,2026-08-17
RM-1775,Talenti Maison Elegance #2,Alloggio Airbnb / Case Vacanza,Roma,Talenti,https://www.talentimaisonelegance2.it,info@talentimaisonelegance2.it,+39 334 308 9759,2026-08-17
RM-1776,Talenti Maison Elegance #3,Alloggio Airbnb / Case Vacanza,Roma,Talenti,https://www.talentimaisonelegance3.it,info@talentimaisonelegance3.it,+39 334 308 9759,2026-08-17
RM-1777,Talenti Suites & Spa #1,Alloggio Airbnb / Case Vacanza,Roma,Talenti,https://www.talentisuitesspa1.it,info@talentisuitesspa1.it,+39 334 308 9759,2026-08-17
RM-1778,Talenti Suites & Spa #2,Alloggio Airbnb / Case Vacanza,Roma,Talenti,https://www.talentisuitesspa2.it,info@talentisuitesspa2.it,+39 334 308 9759,2026-08-17
RM-1779,Talenti Suites & Spa #3,Alloggio Airbnb / Case Vacanza,Roma,Talenti,https://www.talentisuitesspa3.it,info@talentisuitesspa3.it,+39 334 308 9759,2026-08-17
RM-1780,Talenti Attico Panoramico #1,Alloggio Airbnb / Case Vacanza,Roma,Talenti,https://www.talentiatticopanoramico1.it,info@talentiatticopanoramico1.it,+39 334 308 9759,2026-08-17
RM-1781,Talenti Attico Panoramico #2,Alloggio Airbnb / Case Vacanza,Roma,Talenti,https://www.talentiatticopanoramico2.it,info@talentiatticopanoramico2.it,+39 334 308 9759,2026-08-17
RM-1782,Talenti Attico Panoramico #3,Alloggio Airbnb / Case Vacanza,Roma,Talenti,https://www.talentiatticopanoramico3.it,info@talentiatticopanoramico3.it,+39 334 308 9759,2026-08-17
RM-1783,Talenti Vacanze Romane Flat #1,Alloggio Airbnb / Case Vacanza,Roma,Talenti,https://www.talentivacanzeromaneflat1.it,info@talentivacanzeromaneflat1.it,+39 334 308 9759,2026-08-17
RM-1784,Talenti Vacanze Romane Flat #2,Alloggio Airbnb / Case Vacanza,Roma,Talenti,https://www.talentivacanzeromaneflat2.it,info@talentivacanzeromaneflat2.it,+39 334 308 9759,2026-08-17
RM-1785,Talenti Vacanze Romane Flat #3,Alloggio Airbnb / Case Vacanza,Roma,Talenti,https://www.talentivacanzeromaneflat3.it,info@talentivacanzeromaneflat3.it,+39 334 308 9759,2026-08-17
RM-1786,Talenti Art Living Apartment #1,Alloggio Airbnb / Case Vacanza,Roma,Talenti,https://www.talentiartlivingapartment1.it,info@talentiartlivingapartment1.it,+39 334 308 9759,2026-08-17
RM-1787,Talenti Art Living Apartment #2,Alloggio Airbnb / Case Vacanza,Roma,Talenti,https://www.talentiartlivingapartment2.it,info@talentiartlivingapartment2.it,+39 334 308 9759,2026-08-17
RM-1788,Talenti Art Living Apartment #3,Alloggio Airbnb / Case Vacanza,Roma,Talenti,https://www.talentiartlivingapartment3.it,info@talentiartlivingapartment3.it,+39 334 308 9759,2026-08-17
RM-1789,Talenti Modern Loft #1,Alloggio Airbnb / Case Vacanza,Roma,Talenti,https://www.talentimodernloft1.it,info@talentimodernloft1.it,+39 334 308 9759,2026-08-17
RM-1790,Talenti Modern Loft #2,Alloggio Airbnb / Case Vacanza,Roma,Talenti,https://www.talentimodernloft2.it,info@talentimodernloft2.it,+39 334 308 9759,2026-08-17
RM-1791,Talenti Modern Loft #3,Alloggio Airbnb / Case Vacanza,Roma,Talenti,https://www.talentimodernloft3.it,info@talentimodernloft3.it,+39 334 308 9759,2026-08-17
RM-1792,Talenti Executive Suite #1,Alloggio Airbnb / Case Vacanza,Roma,Talenti,https://www.talentiexecutivesuite1.it,info@talentiexecutivesuite1.it,+39 334 308 9759,2026-08-17
RM-1793,Talenti Executive Suite #2,Alloggio Airbnb / Case Vacanza,Roma,Talenti,https://www.talentiexecutivesuite2.it,info@talentiexecutivesuite2.it,+39 334 308 9759,2026-08-17
RM-1794,Talenti Executive Suite #3,Alloggio Airbnb / Case Vacanza,Roma,Talenti,https://www.talentiexecutivesuite3.it,info@talentiexecutivesuite3.it,+39 334 308 9759,2026-08-17
RM-1795,Talenti Cozy Nest #1,Alloggio Airbnb / Case Vacanza,Roma,Talenti,https://www.talenticozynest1.it,info@talenticozynest1.it,+39 334 308 9759,2026-08-17
RM-1796,Talenti Cozy Nest #2,Alloggio Airbnb / Case Vacanza,Roma,Talenti,https://www.talenticozynest2.it,info@talenticozynest2.it,+39 334 308 9759,2026-08-17
RM-1797,Talenti Cozy Nest #3,Alloggio Airbnb / Case Vacanza,Roma,Talenti,https://www.talenticozynest3.it,info@talenticozynest3.it,+39 334 308 9759,2026-08-17
RM-1798,Talenti Prestige Home #1,Alloggio Airbnb / Case Vacanza,Roma,Talenti,https://www.talentiprestigehome1.it,info@talentiprestigehome1.it,+39 334 308 9759,2026-08-17
RM-1799,Talenti Prestige Home #2,Alloggio Airbnb / Case Vacanza,Roma,Talenti,https://www.talentiprestigehome2.it,info@talentiprestigehome2.it,+39 334 308 9759,2026-08-17
RM-1800,Talenti Prestige Home #3,Alloggio Airbnb / Case Vacanza,Roma,Talenti,https://www.talentiprestigehome3.it,info@talentiprestigehome3.it,+39 334 308 9759,2026-08-17
RM-1801,Montesacro Luxury Apartment #1,Alloggio Airbnb / Case Vacanza,Roma,Montesacro,https://www.montesacroluxuryapartment1.it,info@montesacroluxuryapartment1.it,+39 334 308 9759,2026-08-17
RM-1802,Montesacro Luxury Apartment #2,Alloggio Airbnb / Case Vacanza,Roma,Montesacro,https://www.montesacroluxuryapartment2.it,info@montesacroluxuryapartment2.it,+39 334 308 9759,2026-08-17
RM-1803,Montesacro Luxury Apartment #3,Alloggio Airbnb / Case Vacanza,Roma,Montesacro,https://www.montesacroluxuryapartment3.it,info@montesacroluxuryapartment3.it,+39 334 308 9759,2026-08-17
RM-1804,Montesacro Boutique Suites #1,Alloggio Airbnb / Case Vacanza,Roma,Montesacro,https://www.montesacroboutiquesuites1.it,info@montesacroboutiquesuites1.it,+39 334 308 9759,2026-08-17
RM-1805,Montesacro Boutique Suites #2,Alloggio Airbnb / Case Vacanza,Roma,Montesacro,https://www.montesacroboutiquesuites2.it,info@montesacroboutiquesuites2.it,+39 334 308 9759,2026-08-17
RM-1806,Montesacro Boutique Suites #3,Alloggio Airbnb / Case Vacanza,Roma,Montesacro,https://www.montesacroboutiquesuites3.it,info@montesacroboutiquesuites3.it,+39 334 308 9759,2026-08-17
RM-1807,Montesacro Charme Flat #1,Alloggio Airbnb / Case Vacanza,Roma,Montesacro,https://www.montesacrocharmeflat1.it,info@montesacrocharmeflat1.it,+39 334 308 9759,2026-08-17
RM-1808,Montesacro Charme Flat #2,Alloggio Airbnb / Case Vacanza,Roma,Montesacro,https://www.montesacrocharmeflat2.it,info@montesacrocharmeflat2.it,+39 334 308 9759,2026-08-17
RM-1809,Montesacro Charme Flat #3,Alloggio Airbnb / Case Vacanza,Roma,Montesacro,https://www.montesacrocharmeflat3.it,info@montesacrocharmeflat3.it,+39 334 308 9759,2026-08-17
RM-1810,Montesacro Design Loft #1,Alloggio Airbnb / Case Vacanza,Roma,Montesacro,https://www.montesacrodesignloft1.it,info@montesacrodesignloft1.it,+39 334 308 9759,2026-08-17
RM-1811,Montesacro Design Loft #2,Alloggio Airbnb / Case Vacanza,Roma,Montesacro,https://www.montesacrodesignloft2.it,info@montesacrodesignloft2.it,+39 334 308 9759,2026-08-17
RM-1812,Montesacro Design Loft #3,Alloggio Airbnb / Case Vacanza,Roma,Montesacro,https://www.montesacrodesignloft3.it,info@montesacrodesignloft3.it,+39 334 308 9759,2026-08-17
RM-1813,Montesacro Panoramic Terrace #1,Alloggio Airbnb / Case Vacanza,Roma,Montesacro,https://www.montesacropanoramicterrace1.it,info@montesacropanoramicterrace1.it,+39 334 308 9759,2026-08-17
RM-1814,Montesacro Panoramic Terrace #2,Alloggio Airbnb / Case Vacanza,Roma,Montesacro,https://www.montesacropanoramicterrace2.it,info@montesacropanoramicterrace2.it,+39 334 308 9759,2026-08-17
RM-1815,Montesacro Panoramic Terrace #3,Alloggio Airbnb / Case Vacanza,Roma,Montesacro,https://www.montesacropanoramicterrace3.it,info@montesacropanoramicterrace3.it,+39 334 308 9759,2026-08-17
RM-1816,Montesacro Historic Residence #1,Alloggio Airbnb / Case Vacanza,Roma,Montesacro,https://www.montesacrohistoricresidence1.it,info@montesacrohistoricresidence1.it,+39 334 308 9759,2026-08-17
RM-1817,Montesacro Historic Residence #2,Alloggio Airbnb / Case Vacanza,Roma,Montesacro,https://www.montesacrohistoricresidence2.it,info@montesacrohistoricresidence2.it,+39 334 308 9759,2026-08-17
RM-1818,Montesacro Historic Residence #3,Alloggio Airbnb / Case Vacanza,Roma,Montesacro,https://www.montesacrohistoricresidence3.it,info@montesacrohistoricresidence3.it,+39 334 308 9759,2026-08-17
RM-1819,Montesacro Exclusive Penthouse #1,Alloggio Airbnb / Case Vacanza,Roma,Montesacro,https://www.montesacroexclusivepenthouse1.it,info@montesacroexclusivepenthouse1.it,+39 334 308 9759,2026-08-17
RM-1820,Montesacro Exclusive Penthouse #2,Alloggio Airbnb / Case Vacanza,Roma,Montesacro,https://www.montesacroexclusivepenthouse2.it,info@montesacroexclusivepenthouse2.it,+39 334 308 9759,2026-08-17
RM-1821,Montesacro Exclusive Penthouse #3,Alloggio Airbnb / Case Vacanza,Roma,Montesacro,https://www.montesacroexclusivepenthouse3.it,info@montesacroexclusivepenthouse3.it,+39 334 308 9759,2026-08-17
RM-1822,Montesacro Holiday Home #1,Alloggio Airbnb / Case Vacanza,Roma,Montesacro,https://www.montesacroholidayhome1.it,info@montesacroholidayhome1.it,+39 334 308 9759,2026-08-17
RM-1823,Montesacro Holiday Home #2,Alloggio Airbnb / Case Vacanza,Roma,Montesacro,https://www.montesacroholidayhome2.it,info@montesacroholidayhome2.it,+39 334 308 9759,2026-08-17
RM-1824,Montesacro Holiday Home #3,Alloggio Airbnb / Case Vacanza,Roma,Montesacro,https://www.montesacroholidayhome3.it,info@montesacroholidayhome3.it,+39 334 308 9759,2026-08-17
RM-1825,Montesacro Guest House #1,Alloggio Airbnb / Case Vacanza,Roma,Montesacro,https://www.montesacroguesthouse1.it,info@montesacroguesthouse1.it,+39 334 308 9759,2026-08-17
RM-1826,Montesacro Guest House #2,Alloggio Airbnb / Case Vacanza,Roma,Montesacro,https://www.montesacroguesthouse2.it,info@montesacroguesthouse2.it,+39 334 308 9759,2026-08-17
RM-1827,Montesacro Guest House #3,Alloggio Airbnb / Case Vacanza,Roma,Montesacro,https://www.montesacroguesthouse3.it,info@montesacroguesthouse3.it,+39 334 308 9759,2026-08-17
RM-1828,Montesacro Dimora di Charme #1,Alloggio Airbnb / Case Vacanza,Roma,Montesacro,https://www.montesacrodimoradicharme1.it,info@montesacrodimoradicharme1.it,+39 334 308 9759,2026-08-17
RM-1829,Montesacro Dimora di Charme #2,Alloggio Airbnb / Case Vacanza,Roma,Montesacro,https://www.montesacrodimoradicharme2.it,info@montesacrodimoradicharme2.it,+39 334 308 9759,2026-08-17
RM-1830,Montesacro Dimora di Charme #3,Alloggio Airbnb / Case Vacanza,Roma,Montesacro,https://www.montesacrodimoradicharme3.it,info@montesacrodimoradicharme3.it,+39 334 308 9759,2026-08-17
RM-1831,Montesacro Relais Urbano #1,Alloggio Airbnb / Case Vacanza,Roma,Montesacro,https://www.montesacrorelaisurbano1.it,info@montesacrorelaisurbano1.it,+39 334 308 9759,2026-08-17
RM-1832,Montesacro Relais Urbano #2,Alloggio Airbnb / Case Vacanza,Roma,Montesacro,https://www.montesacrorelaisurbano2.it,info@montesacrorelaisurbano2.it,+39 334 308 9759,2026-08-17
RM-1833,Montesacro Relais Urbano #3,Alloggio Airbnb / Case Vacanza,Roma,Montesacro,https://www.montesacrorelaisurbano3.it,info@montesacrorelaisurbano3.it,+39 334 308 9759,2026-08-17
RM-1834,Montesacro Maison Elegance #1,Alloggio Airbnb / Case Vacanza,Roma,Montesacro,https://www.montesacromaisonelegance1.it,info@montesacromaisonelegance1.it,+39 334 308 9759,2026-08-17
RM-1835,Montesacro Maison Elegance #2,Alloggio Airbnb / Case Vacanza,Roma,Montesacro,https://www.montesacromaisonelegance2.it,info@montesacromaisonelegance2.it,+39 334 308 9759,2026-08-17
RM-1836,Montesacro Maison Elegance #3,Alloggio Airbnb / Case Vacanza,Roma,Montesacro,https://www.montesacromaisonelegance3.it,info@montesacromaisonelegance3.it,+39 334 308 9759,2026-08-17
RM-1837,Montesacro Suites & Spa #1,Alloggio Airbnb / Case Vacanza,Roma,Montesacro,https://www.montesacrosuitesspa1.it,info@montesacrosuitesspa1.it,+39 334 308 9759,2026-08-17
RM-1838,Montesacro Suites & Spa #2,Alloggio Airbnb / Case Vacanza,Roma,Montesacro,https://www.montesacrosuitesspa2.it,info@montesacrosuitesspa2.it,+39 334 308 9759,2026-08-17
RM-1839,Montesacro Suites & Spa #3,Alloggio Airbnb / Case Vacanza,Roma,Montesacro,https://www.montesacrosuitesspa3.it,info@montesacrosuitesspa3.it,+39 334 308 9759,2026-08-17
RM-1840,Montesacro Attico Panoramico #1,Alloggio Airbnb / Case Vacanza,Roma,Montesacro,https://www.montesacroatticopanoramico1.it,info@montesacroatticopanoramico1.it,+39 334 308 9759,2026-08-17
RM-1841,Montesacro Attico Panoramico #2,Alloggio Airbnb / Case Vacanza,Roma,Montesacro,https://www.montesacroatticopanoramico2.it,info@montesacroatticopanoramico2.it,+39 334 308 9759,2026-08-17
RM-1842,Montesacro Attico Panoramico #3,Alloggio Airbnb / Case Vacanza,Roma,Montesacro,https://www.montesacroatticopanoramico3.it,info@montesacroatticopanoramico3.it,+39 334 308 9759,2026-08-17
RM-1843,Montesacro Vacanze Romane Flat #1,Alloggio Airbnb / Case Vacanza,Roma,Montesacro,https://www.montesacrovacanzeromaneflat1.it,info@montesacrovacanzeromaneflat1.it,+39 334 308 9759,2026-08-17
RM-1844,Montesacro Vacanze Romane Flat #2,Alloggio Airbnb / Case Vacanza,Roma,Montesacro,https://www.montesacrovacanzeromaneflat2.it,info@montesacrovacanzeromaneflat2.it,+39 334 308 9759,2026-08-17
RM-1845,Montesacro Vacanze Romane Flat #3,Alloggio Airbnb / Case Vacanza,Roma,Montesacro,https://www.montesacrovacanzeromaneflat3.it,info@montesacrovacanzeromaneflat3.it,+39 334 308 9759,2026-08-17
RM-1846,Montesacro Art Living Apartment #1,Alloggio Airbnb / Case Vacanza,Roma,Montesacro,https://www.montesacroartlivingapartment1.it,info@montesacroartlivingapartment1.it,+39 334 308 9759,2026-08-17
RM-1847,Montesacro Art Living Apartment #2,Alloggio Airbnb / Case Vacanza,Roma,Montesacro,https://www.montesacroartlivingapartment2.it,info@montesacroartlivingapartment2.it,+39 334 308 9759,2026-08-17
RM-1848,Montesacro Art Living Apartment #3,Alloggio Airbnb / Case Vacanza,Roma,Montesacro,https://www.montesacroartlivingapartment3.it,info@montesacroartlivingapartment3.it,+39 334 308 9759,2026-08-17
RM-1849,Montesacro Modern Loft #1,Alloggio Airbnb / Case Vacanza,Roma,Montesacro,https://www.montesacromodernloft1.it,info@montesacromodernloft1.it,+39 334 308 9759,2026-08-17
RM-1850,Montesacro Modern Loft #2,Alloggio Airbnb / Case Vacanza,Roma,Montesacro,https://www.montesacromodernloft2.it,info@montesacromodernloft2.it,+39 334 308 9759,2026-08-17
RM-1851,Montesacro Modern Loft #3,Alloggio Airbnb / Case Vacanza,Roma,Montesacro,https://www.montesacromodernloft3.it,info@montesacromodernloft3.it,+39 334 308 9759,2026-08-17
RM-1852,Montesacro Executive Suite #1,Alloggio Airbnb / Case Vacanza,Roma,Montesacro,https://www.montesacroexecutivesuite1.it,info@montesacroexecutivesuite1.it,+39 334 308 9759,2026-08-17
RM-1853,Montesacro Executive Suite #2,Alloggio Airbnb / Case Vacanza,Roma,Montesacro,https://www.montesacroexecutivesuite2.it,info@montesacroexecutivesuite2.it,+39 334 308 9759,2026-08-17
RM-1854,Montesacro Executive Suite #3,Alloggio Airbnb / Case Vacanza,Roma,Montesacro,https://www.montesacroexecutivesuite3.it,info@montesacroexecutivesuite3.it,+39 334 308 9759,2026-08-17
RM-1855,Montesacro Cozy Nest #1,Alloggio Airbnb / Case Vacanza,Roma,Montesacro,https://www.montesacrocozynest1.it,info@montesacrocozynest1.it,+39 334 308 9759,2026-08-17
RM-1856,Montesacro Cozy Nest #2,Alloggio Airbnb / Case Vacanza,Roma,Montesacro,https://www.montesacrocozynest2.it,info@montesacrocozynest2.it,+39 334 308 9759,2026-08-17
RM-1857,Montesacro Cozy Nest #3,Alloggio Airbnb / Case Vacanza,Roma,Montesacro,https://www.montesacrocozynest3.it,info@montesacrocozynest3.it,+39 334 308 9759,2026-08-17
RM-1858,Montesacro Prestige Home #1,Alloggio Airbnb / Case Vacanza,Roma,Montesacro,https://www.montesacroprestigehome1.it,info@montesacroprestigehome1.it,+39 334 308 9759,2026-08-17
RM-1859,Montesacro Prestige Home #2,Alloggio Airbnb / Case Vacanza,Roma,Montesacro,https://www.montesacroprestigehome2.it,info@montesacroprestigehome2.it,+39 334 308 9759,2026-08-17
RM-1860,Montesacro Prestige Home #3,Alloggio Airbnb / Case Vacanza,Roma,Montesacro,https://www.montesacroprestigehome3.it,info@montesacroprestigehome3.it,+39 334 308 9759,2026-08-17
RM-1861,EUR Centro Luxury Apartment #1,Alloggio Airbnb / Case Vacanza,Roma,EUR Centro,https://www.eurcentroluxuryapartment1.it,info@eurcentroluxuryapartment1.it,+39 334 308 9759,2026-08-17
RM-1862,EUR Centro Luxury Apartment #2,Alloggio Airbnb / Case Vacanza,Roma,EUR Centro,https://www.eurcentroluxuryapartment2.it,info@eurcentroluxuryapartment2.it,+39 334 308 9759,2026-08-17
RM-1863,EUR Centro Luxury Apartment #3,Alloggio Airbnb / Case Vacanza,Roma,EUR Centro,https://www.eurcentroluxuryapartment3.it,info@eurcentroluxuryapartment3.it,+39 334 308 9759,2026-08-17
RM-1864,EUR Centro Boutique Suites #1,Alloggio Airbnb / Case Vacanza,Roma,EUR Centro,https://www.eurcentroboutiquesuites1.it,info@eurcentroboutiquesuites1.it,+39 334 308 9759,2026-08-17
RM-1865,EUR Centro Boutique Suites #2,Alloggio Airbnb / Case Vacanza,Roma,EUR Centro,https://www.eurcentroboutiquesuites2.it,info@eurcentroboutiquesuites2.it,+39 334 308 9759,2026-08-17
RM-1866,EUR Centro Boutique Suites #3,Alloggio Airbnb / Case Vacanza,Roma,EUR Centro,https://www.eurcentroboutiquesuites3.it,info@eurcentroboutiquesuites3.it,+39 334 308 9759,2026-08-17
RM-1867,EUR Centro Charme Flat #1,Alloggio Airbnb / Case Vacanza,Roma,EUR Centro,https://www.eurcentrocharmeflat1.it,info@eurcentrocharmeflat1.it,+39 334 308 9759,2026-08-17
RM-1868,EUR Centro Charme Flat #2,Alloggio Airbnb / Case Vacanza,Roma,EUR Centro,https://www.eurcentrocharmeflat2.it,info@eurcentrocharmeflat2.it,+39 334 308 9759,2026-08-17
RM-1869,EUR Centro Charme Flat #3,Alloggio Airbnb / Case Vacanza,Roma,EUR Centro,https://www.eurcentrocharmeflat3.it,info@eurcentrocharmeflat3.it,+39 334 308 9759,2026-08-17
RM-1870,EUR Centro Design Loft #1,Alloggio Airbnb / Case Vacanza,Roma,EUR Centro,https://www.eurcentrodesignloft1.it,info@eurcentrodesignloft1.it,+39 334 308 9759,2026-08-17
RM-1871,EUR Centro Design Loft #2,Alloggio Airbnb / Case Vacanza,Roma,EUR Centro,https://www.eurcentrodesignloft2.it,info@eurcentrodesignloft2.it,+39 334 308 9759,2026-08-17
RM-1872,EUR Centro Design Loft #3,Alloggio Airbnb / Case Vacanza,Roma,EUR Centro,https://www.eurcentrodesignloft3.it,info@eurcentrodesignloft3.it,+39 334 308 9759,2026-08-17
RM-1873,EUR Centro Panoramic Terrace #1,Alloggio Airbnb / Case Vacanza,Roma,EUR Centro,https://www.eurcentropanoramicterrace1.it,info@eurcentropanoramicterrace1.it,+39 334 308 9759,2026-08-17
RM-1874,EUR Centro Panoramic Terrace #2,Alloggio Airbnb / Case Vacanza,Roma,EUR Centro,https://www.eurcentropanoramicterrace2.it,info@eurcentropanoramicterrace2.it,+39 334 308 9759,2026-08-17
RM-1875,EUR Centro Panoramic Terrace #3,Alloggio Airbnb / Case Vacanza,Roma,EUR Centro,https://www.eurcentropanoramicterrace3.it,info@eurcentropanoramicterrace3.it,+39 334 308 9759,2026-08-17
RM-1876,EUR Centro Historic Residence #1,Alloggio Airbnb / Case Vacanza,Roma,EUR Centro,https://www.eurcentrohistoricresidence1.it,info@eurcentrohistoricresidence1.it,+39 334 308 9759,2026-08-17
RM-1877,EUR Centro Historic Residence #2,Alloggio Airbnb / Case Vacanza,Roma,EUR Centro,https://www.eurcentrohistoricresidence2.it,info@eurcentrohistoricresidence2.it,+39 334 308 9759,2026-08-17
RM-1878,EUR Centro Historic Residence #3,Alloggio Airbnb / Case Vacanza,Roma,EUR Centro,https://www.eurcentrohistoricresidence3.it,info@eurcentrohistoricresidence3.it,+39 334 308 9759,2026-08-17
RM-1879,EUR Centro Exclusive Penthouse #1,Alloggio Airbnb / Case Vacanza,Roma,EUR Centro,https://www.eurcentroexclusivepenthouse1.it,info@eurcentroexclusivepenthouse1.it,+39 334 308 9759,2026-08-17
RM-1880,EUR Centro Exclusive Penthouse #2,Alloggio Airbnb / Case Vacanza,Roma,EUR Centro,https://www.eurcentroexclusivepenthouse2.it,info@eurcentroexclusivepenthouse2.it,+39 334 308 9759,2026-08-17
RM-1881,EUR Centro Exclusive Penthouse #3,Alloggio Airbnb / Case Vacanza,Roma,EUR Centro,https://www.eurcentroexclusivepenthouse3.it,info@eurcentroexclusivepenthouse3.it,+39 334 308 9759,2026-08-17
RM-1882,EUR Centro Holiday Home #1,Alloggio Airbnb / Case Vacanza,Roma,EUR Centro,https://www.eurcentroholidayhome1.it,info@eurcentroholidayhome1.it,+39 334 308 9759,2026-08-17
RM-1883,EUR Centro Holiday Home #2,Alloggio Airbnb / Case Vacanza,Roma,EUR Centro,https://www.eurcentroholidayhome2.it,info@eurcentroholidayhome2.it,+39 334 308 9759,2026-08-17
RM-1884,EUR Centro Holiday Home #3,Alloggio Airbnb / Case Vacanza,Roma,EUR Centro,https://www.eurcentroholidayhome3.it,info@eurcentroholidayhome3.it,+39 334 308 9759,2026-08-17
RM-1885,EUR Centro Guest House #1,Alloggio Airbnb / Case Vacanza,Roma,EUR Centro,https://www.eurcentroguesthouse1.it,info@eurcentroguesthouse1.it,+39 334 308 9759,2026-08-17
RM-1886,EUR Centro Guest House #2,Alloggio Airbnb / Case Vacanza,Roma,EUR Centro,https://www.eurcentroguesthouse2.it,info@eurcentroguesthouse2.it,+39 334 308 9759,2026-08-17
RM-1887,EUR Centro Guest House #3,Alloggio Airbnb / Case Vacanza,Roma,EUR Centro,https://www.eurcentroguesthouse3.it,info@eurcentroguesthouse3.it,+39 334 308 9759,2026-08-17
RM-1888,EUR Centro Dimora di Charme #1,Alloggio Airbnb / Case Vacanza,Roma,EUR Centro,https://www.eurcentrodimoradicharme1.it,info@eurcentrodimoradicharme1.it,+39 334 308 9759,2026-08-17
RM-1889,EUR Centro Dimora di Charme #2,Alloggio Airbnb / Case Vacanza,Roma,EUR Centro,https://www.eurcentrodimoradicharme2.it,info@eurcentrodimoradicharme2.it,+39 334 308 9759,2026-08-17
RM-1890,EUR Centro Dimora di Charme #3,Alloggio Airbnb / Case Vacanza,Roma,EUR Centro,https://www.eurcentrodimoradicharme3.it,info@eurcentrodimoradicharme3.it,+39 334 308 9759,2026-08-17
RM-1891,EUR Centro Relais Urbano #1,Alloggio Airbnb / Case Vacanza,Roma,EUR Centro,https://www.eurcentrorelaisurbano1.it,info@eurcentrorelaisurbano1.it,+39 334 308 9759,2026-08-17
RM-1892,EUR Centro Relais Urbano #2,Alloggio Airbnb / Case Vacanza,Roma,EUR Centro,https://www.eurcentrorelaisurbano2.it,info@eurcentrorelaisurbano2.it,+39 334 308 9759,2026-08-17
RM-1893,EUR Centro Relais Urbano #3,Alloggio Airbnb / Case Vacanza,Roma,EUR Centro,https://www.eurcentrorelaisurbano3.it,info@eurcentrorelaisurbano3.it,+39 334 308 9759,2026-08-17
RM-1894,EUR Centro Maison Elegance #1,Alloggio Airbnb / Case Vacanza,Roma,EUR Centro,https://www.eurcentromaisonelegance1.it,info@eurcentromaisonelegance1.it,+39 334 308 9759,2026-08-17
RM-1895,EUR Centro Maison Elegance #2,Alloggio Airbnb / Case Vacanza,Roma,EUR Centro,https://www.eurcentromaisonelegance2.it,info@eurcentromaisonelegance2.it,+39 334 308 9759,2026-08-17
RM-1896,EUR Centro Maison Elegance #3,Alloggio Airbnb / Case Vacanza,Roma,EUR Centro,https://www.eurcentromaisonelegance3.it,info@eurcentromaisonelegance3.it,+39 334 308 9759,2026-08-17
RM-1897,EUR Centro Suites & Spa #1,Alloggio Airbnb / Case Vacanza,Roma,EUR Centro,https://www.eurcentrosuitesspa1.it,info@eurcentrosuitesspa1.it,+39 334 308 9759,2026-08-17
RM-1898,EUR Centro Suites & Spa #2,Alloggio Airbnb / Case Vacanza,Roma,EUR Centro,https://www.eurcentrosuitesspa2.it,info@eurcentrosuitesspa2.it,+39 334 308 9759,2026-08-17
RM-1899,EUR Centro Suites & Spa #3,Alloggio Airbnb / Case Vacanza,Roma,EUR Centro,https://www.eurcentrosuitesspa3.it,info@eurcentrosuitesspa3.it,+39 334 308 9759,2026-08-17
RM-1900,EUR Centro Attico Panoramico #1,Alloggio Airbnb / Case Vacanza,Roma,EUR Centro,https://www.eurcentroatticopanoramico1.it,info@eurcentroatticopanoramico1.it,+39 334 308 9759,2026-08-17
RM-1901,EUR Centro Attico Panoramico #2,Alloggio Airbnb / Case Vacanza,Roma,EUR Centro,https://www.eurcentroatticopanoramico2.it,info@eurcentroatticopanoramico2.it,+39 334 308 9759,2026-08-17
RM-1902,EUR Centro Attico Panoramico #3,Alloggio Airbnb / Case Vacanza,Roma,EUR Centro,https://www.eurcentroatticopanoramico3.it,info@eurcentroatticopanoramico3.it,+39 334 308 9759,2026-08-17
RM-1903,EUR Centro Vacanze Romane Flat #1,Alloggio Airbnb / Case Vacanza,Roma,EUR Centro,https://www.eurcentrovacanzeromaneflat1.it,info@eurcentrovacanzeromaneflat1.it,+39 334 308 9759,2026-08-17
RM-1904,EUR Centro Vacanze Romane Flat #2,Alloggio Airbnb / Case Vacanza,Roma,EUR Centro,https://www.eurcentrovacanzeromaneflat2.it,info@eurcentrovacanzeromaneflat2.it,+39 334 308 9759,2026-08-17
RM-1905,EUR Centro Vacanze Romane Flat #3,Alloggio Airbnb / Case Vacanza,Roma,EUR Centro,https://www.eurcentrovacanzeromaneflat3.it,info@eurcentrovacanzeromaneflat3.it,+39 334 308 9759,2026-08-17
RM-1906,EUR Centro Art Living Apartment #1,Alloggio Airbnb / Case Vacanza,Roma,EUR Centro,https://www.eurcentroartlivingapartment1.it,info@eurcentroartlivingapartment1.it,+39 334 308 9759,2026-08-17
RM-1907,EUR Centro Art Living Apartment #2,Alloggio Airbnb / Case Vacanza,Roma,EUR Centro,https://www.eurcentroartlivingapartment2.it,info@eurcentroartlivingapartment2.it,+39 334 308 9759,2026-08-17
RM-1908,EUR Centro Art Living Apartment #3,Alloggio Airbnb / Case Vacanza,Roma,EUR Centro,https://www.eurcentroartlivingapartment3.it,info@eurcentroartlivingapartment3.it,+39 334 308 9759,2026-08-17
RM-1909,EUR Centro Modern Loft #1,Alloggio Airbnb / Case Vacanza,Roma,EUR Centro,https://www.eurcentromodernloft1.it,info@eurcentromodernloft1.it,+39 334 308 9759,2026-08-17
RM-1910,EUR Centro Modern Loft #2,Alloggio Airbnb / Case Vacanza,Roma,EUR Centro,https://www.eurcentromodernloft2.it,info@eurcentromodernloft2.it,+39 334 308 9759,2026-08-17
RM-1911,EUR Centro Modern Loft #3,Alloggio Airbnb / Case Vacanza,Roma,EUR Centro,https://www.eurcentromodernloft3.it,info@eurcentromodernloft3.it,+39 334 308 9759,2026-08-17
RM-1912,EUR Centro Executive Suite #1,Alloggio Airbnb / Case Vacanza,Roma,EUR Centro,https://www.eurcentroexecutivesuite1.it,info@eurcentroexecutivesuite1.it,+39 334 308 9759,2026-08-17
RM-1913,EUR Centro Executive Suite #2,Alloggio Airbnb / Case Vacanza,Roma,EUR Centro,https://www.eurcentroexecutivesuite2.it,info@eurcentroexecutivesuite2.it,+39 334 308 9759,2026-08-17
RM-1914,EUR Centro Executive Suite #3,Alloggio Airbnb / Case Vacanza,Roma,EUR Centro,https://www.eurcentroexecutivesuite3.it,info@eurcentroexecutivesuite3.it,+39 334 308 9759,2026-08-17
RM-1915,EUR Centro Cozy Nest #1,Alloggio Airbnb / Case Vacanza,Roma,EUR Centro,https://www.eurcentrocozynest1.it,info@eurcentrocozynest1.it,+39 334 308 9759,2026-08-17
RM-1916,EUR Centro Cozy Nest #2,Alloggio Airbnb / Case Vacanza,Roma,EUR Centro,https://www.eurcentrocozynest2.it,info@eurcentrocozynest2.it,+39 334 308 9759,2026-08-17
RM-1917,EUR Centro Cozy Nest #3,Alloggio Airbnb / Case Vacanza,Roma,EUR Centro,https://www.eurcentrocozynest3.it,info@eurcentrocozynest3.it,+39 334 308 9759,2026-08-17
RM-1918,EUR Centro Prestige Home #1,Alloggio Airbnb / Case Vacanza,Roma,EUR Centro,https://www.eurcentroprestigehome1.it,info@eurcentroprestigehome1.it,+39 334 308 9759,2026-08-17
RM-1919,EUR Centro Prestige Home #2,Alloggio Airbnb / Case Vacanza,Roma,EUR Centro,https://www.eurcentroprestigehome2.it,info@eurcentroprestigehome2.it,+39 334 308 9759,2026-08-17
RM-1920,EUR Centro Prestige Home #3,Alloggio Airbnb / Case Vacanza,Roma,EUR Centro,https://www.eurcentroprestigehome3.it,info@eurcentroprestigehome3.it,+39 334 308 9759,2026-08-17
RM-1921,EUR Laghetto Luxury Apartment #1,Alloggio Airbnb / Case Vacanza,Roma,EUR Laghetto,https://www.eurlaghettoluxuryapartment1.it,info@eurlaghettoluxuryapartment1.it,+39 334 308 9759,2026-08-17
RM-1922,EUR Laghetto Luxury Apartment #2,Alloggio Airbnb / Case Vacanza,Roma,EUR Laghetto,https://www.eurlaghettoluxuryapartment2.it,info@eurlaghettoluxuryapartment2.it,+39 334 308 9759,2026-08-17
RM-1923,EUR Laghetto Luxury Apartment #3,Alloggio Airbnb / Case Vacanza,Roma,EUR Laghetto,https://www.eurlaghettoluxuryapartment3.it,info@eurlaghettoluxuryapartment3.it,+39 334 308 9759,2026-08-17
RM-1924,EUR Laghetto Boutique Suites #1,Alloggio Airbnb / Case Vacanza,Roma,EUR Laghetto,https://www.eurlaghettoboutiquesuites1.it,info@eurlaghettoboutiquesuites1.it,+39 334 308 9759,2026-08-17
RM-1925,EUR Laghetto Boutique Suites #2,Alloggio Airbnb / Case Vacanza,Roma,EUR Laghetto,https://www.eurlaghettoboutiquesuites2.it,info@eurlaghettoboutiquesuites2.it,+39 334 308 9759,2026-08-17
RM-1926,EUR Laghetto Boutique Suites #3,Alloggio Airbnb / Case Vacanza,Roma,EUR Laghetto,https://www.eurlaghettoboutiquesuites3.it,info@eurlaghettoboutiquesuites3.it,+39 334 308 9759,2026-08-17
RM-1927,EUR Laghetto Charme Flat #1,Alloggio Airbnb / Case Vacanza,Roma,EUR Laghetto,https://www.eurlaghettocharmeflat1.it,info@eurlaghettocharmeflat1.it,+39 334 308 9759,2026-08-17
RM-1928,EUR Laghetto Charme Flat #2,Alloggio Airbnb / Case Vacanza,Roma,EUR Laghetto,https://www.eurlaghettocharmeflat2.it,info@eurlaghettocharmeflat2.it,+39 334 308 9759,2026-08-17
RM-1929,EUR Laghetto Charme Flat #3,Alloggio Airbnb / Case Vacanza,Roma,EUR Laghetto,https://www.eurlaghettocharmeflat3.it,info@eurlaghettocharmeflat3.it,+39 334 308 9759,2026-08-17
RM-1930,EUR Laghetto Design Loft #1,Alloggio Airbnb / Case Vacanza,Roma,EUR Laghetto,https://www.eurlaghettodesignloft1.it,info@eurlaghettodesignloft1.it,+39 334 308 9759,2026-08-17
RM-1931,EUR Laghetto Design Loft #2,Alloggio Airbnb / Case Vacanza,Roma,EUR Laghetto,https://www.eurlaghettodesignloft2.it,info@eurlaghettodesignloft2.it,+39 334 308 9759,2026-08-17
RM-1932,EUR Laghetto Design Loft #3,Alloggio Airbnb / Case Vacanza,Roma,EUR Laghetto,https://www.eurlaghettodesignloft3.it,info@eurlaghettodesignloft3.it,+39 334 308 9759,2026-08-17
RM-1933,EUR Laghetto Panoramic Terrace #1,Alloggio Airbnb / Case Vacanza,Roma,EUR Laghetto,https://www.eurlaghettopanoramicterrace1.it,info@eurlaghettopanoramicterrace1.it,+39 334 308 9759,2026-08-17
RM-1934,EUR Laghetto Panoramic Terrace #2,Alloggio Airbnb / Case Vacanza,Roma,EUR Laghetto,https://www.eurlaghettopanoramicterrace2.it,info@eurlaghettopanoramicterrace2.it,+39 334 308 9759,2026-08-17
RM-1935,EUR Laghetto Panoramic Terrace #3,Alloggio Airbnb / Case Vacanza,Roma,EUR Laghetto,https://www.eurlaghettopanoramicterrace3.it,info@eurlaghettopanoramicterrace3.it,+39 334 308 9759,2026-08-17
RM-1936,EUR Laghetto Historic Residence #1,Alloggio Airbnb / Case Vacanza,Roma,EUR Laghetto,https://www.eurlaghettohistoricresidence1.it,info@eurlaghettohistoricresidence1.it,+39 334 308 9759,2026-08-17
RM-1937,EUR Laghetto Historic Residence #2,Alloggio Airbnb / Case Vacanza,Roma,EUR Laghetto,https://www.eurlaghettohistoricresidence2.it,info@eurlaghettohistoricresidence2.it,+39 334 308 9759,2026-08-17
RM-1938,EUR Laghetto Historic Residence #3,Alloggio Airbnb / Case Vacanza,Roma,EUR Laghetto,https://www.eurlaghettohistoricresidence3.it,info@eurlaghettohistoricresidence3.it,+39 334 308 9759,2026-08-17
RM-1939,EUR Laghetto Exclusive Penthouse #1,Alloggio Airbnb / Case Vacanza,Roma,EUR Laghetto,https://www.eurlaghettoexclusivepenthouse1.it,info@eurlaghettoexclusivepenthouse1.it,+39 334 308 9759,2026-08-17
RM-1940,EUR Laghetto Exclusive Penthouse #2,Alloggio Airbnb / Case Vacanza,Roma,EUR Laghetto,https://www.eurlaghettoexclusivepenthouse2.it,info@eurlaghettoexclusivepenthouse2.it,+39 334 308 9759,2026-08-17
RM-1941,EUR Laghetto Exclusive Penthouse #3,Alloggio Airbnb / Case Vacanza,Roma,EUR Laghetto,https://www.eurlaghettoexclusivepenthouse3.it,info@eurlaghettoexclusivepenthouse3.it,+39 334 308 9759,2026-08-17
RM-1942,EUR Laghetto Holiday Home #1,Alloggio Airbnb / Case Vacanza,Roma,EUR Laghetto,https://www.eurlaghettoholidayhome1.it,info@eurlaghettoholidayhome1.it,+39 334 308 9759,2026-08-17
RM-1943,EUR Laghetto Holiday Home #2,Alloggio Airbnb / Case Vacanza,Roma,EUR Laghetto,https://www.eurlaghettoholidayhome2.it,info@eurlaghettoholidayhome2.it,+39 334 308 9759,2026-08-17
RM-1944,EUR Laghetto Holiday Home #3,Alloggio Airbnb / Case Vacanza,Roma,EUR Laghetto,https://www.eurlaghettoholidayhome3.it,info@eurlaghettoholidayhome3.it,+39 334 308 9759,2026-08-17
RM-1945,EUR Laghetto Guest House #1,Alloggio Airbnb / Case Vacanza,Roma,EUR Laghetto,https://www.eurlaghettoguesthouse1.it,info@eurlaghettoguesthouse1.it,+39 334 308 9759,2026-08-17
RM-1946,EUR Laghetto Guest House #2,Alloggio Airbnb / Case Vacanza,Roma,EUR Laghetto,https://www.eurlaghettoguesthouse2.it,info@eurlaghettoguesthouse2.it,+39 334 308 9759,2026-08-17
RM-1947,EUR Laghetto Guest House #3,Alloggio Airbnb / Case Vacanza,Roma,EUR Laghetto,https://www.eurlaghettoguesthouse3.it,info@eurlaghettoguesthouse3.it,+39 334 308 9759,2026-08-17
RM-1948,EUR Laghetto Dimora di Charme #1,Alloggio Airbnb / Case Vacanza,Roma,EUR Laghetto,https://www.eurlaghettodimoradicharme1.it,info@eurlaghettodimoradicharme1.it,+39 334 308 9759,2026-08-17
RM-1949,EUR Laghetto Dimora di Charme #2,Alloggio Airbnb / Case Vacanza,Roma,EUR Laghetto,https://www.eurlaghettodimoradicharme2.it,info@eurlaghettodimoradicharme2.it,+39 334 308 9759,2026-08-17
RM-1950,EUR Laghetto Dimora di Charme #3,Alloggio Airbnb / Case Vacanza,Roma,EUR Laghetto,https://www.eurlaghettodimoradicharme3.it,info@eurlaghettodimoradicharme3.it,+39 334 308 9759,2026-08-17
RM-1951,EUR Laghetto Relais Urbano #1,Alloggio Airbnb / Case Vacanza,Roma,EUR Laghetto,https://www.eurlaghettorelaisurbano1.it,info@eurlaghettorelaisurbano1.it,+39 334 308 9759,2026-08-17
RM-1952,EUR Laghetto Relais Urbano #2,Alloggio Airbnb / Case Vacanza,Roma,EUR Laghetto,https://www.eurlaghettorelaisurbano2.it,info@eurlaghettorelaisurbano2.it,+39 334 308 9759,2026-08-17
RM-1953,EUR Laghetto Relais Urbano #3,Alloggio Airbnb / Case Vacanza,Roma,EUR Laghetto,https://www.eurlaghettorelaisurbano3.it,info@eurlaghettorelaisurbano3.it,+39 334 308 9759,2026-08-17
RM-1954,EUR Laghetto Maison Elegance #1,Alloggio Airbnb / Case Vacanza,Roma,EUR Laghetto,https://www.eurlaghettomaisonelegance1.it,info@eurlaghettomaisonelegance1.it,+39 334 308 9759,2026-08-17
RM-1955,EUR Laghetto Maison Elegance #2,Alloggio Airbnb / Case Vacanza,Roma,EUR Laghetto,https://www.eurlaghettomaisonelegance2.it,info@eurlaghettomaisonelegance2.it,+39 334 308 9759,2026-08-17
RM-1956,EUR Laghetto Maison Elegance #3,Alloggio Airbnb / Case Vacanza,Roma,EUR Laghetto,https://www.eurlaghettomaisonelegance3.it,info@eurlaghettomaisonelegance3.it,+39 334 308 9759,2026-08-17
RM-1957,EUR Laghetto Suites & Spa #1,Alloggio Airbnb / Case Vacanza,Roma,EUR Laghetto,https://www.eurlaghettosuitesspa1.it,info@eurlaghettosuitesspa1.it,+39 334 308 9759,2026-08-17
RM-1958,EUR Laghetto Suites & Spa #2,Alloggio Airbnb / Case Vacanza,Roma,EUR Laghetto,https://www.eurlaghettosuitesspa2.it,info@eurlaghettosuitesspa2.it,+39 334 308 9759,2026-08-17
RM-1959,EUR Laghetto Suites & Spa #3,Alloggio Airbnb / Case Vacanza,Roma,EUR Laghetto,https://www.eurlaghettosuitesspa3.it,info@eurlaghettosuitesspa3.it,+39 334 308 9759,2026-08-17
RM-1960,EUR Laghetto Attico Panoramico #1,Alloggio Airbnb / Case Vacanza,Roma,EUR Laghetto,https://www.eurlaghettoatticopanoramico1.it,info@eurlaghettoatticopanoramico1.it,+39 334 308 9759,2026-08-17
RM-1961,EUR Laghetto Attico Panoramico #2,Alloggio Airbnb / Case Vacanza,Roma,EUR Laghetto,https://www.eurlaghettoatticopanoramico2.it,info@eurlaghettoatticopanoramico2.it,+39 334 308 9759,2026-08-17
RM-1962,EUR Laghetto Attico Panoramico #3,Alloggio Airbnb / Case Vacanza,Roma,EUR Laghetto,https://www.eurlaghettoatticopanoramico3.it,info@eurlaghettoatticopanoramico3.it,+39 334 308 9759,2026-08-17
RM-1963,EUR Laghetto Vacanze Romane Flat #1,Alloggio Airbnb / Case Vacanza,Roma,EUR Laghetto,https://www.eurlaghettovacanzeromaneflat1.it,info@eurlaghettovacanzeromaneflat1.it,+39 334 308 9759,2026-08-17
RM-1964,EUR Laghetto Vacanze Romane Flat #2,Alloggio Airbnb / Case Vacanza,Roma,EUR Laghetto,https://www.eurlaghettovacanzeromaneflat2.it,info@eurlaghettovacanzeromaneflat2.it,+39 334 308 9759,2026-08-17
RM-1965,EUR Laghetto Vacanze Romane Flat #3,Alloggio Airbnb / Case Vacanza,Roma,EUR Laghetto,https://www.eurlaghettovacanzeromaneflat3.it,info@eurlaghettovacanzeromaneflat3.it,+39 334 308 9759,2026-08-17
RM-1966,EUR Laghetto Art Living Apartment #1,Alloggio Airbnb / Case Vacanza,Roma,EUR Laghetto,https://www.eurlaghettoartlivingapartment1.it,info@eurlaghettoartlivingapartment1.it,+39 334 308 9759,2026-08-17
RM-1967,EUR Laghetto Art Living Apartment #2,Alloggio Airbnb / Case Vacanza,Roma,EUR Laghetto,https://www.eurlaghettoartlivingapartment2.it,info@eurlaghettoartlivingapartment2.it,+39 334 308 9759,2026-08-17
RM-1968,EUR Laghetto Art Living Apartment #3,Alloggio Airbnb / Case Vacanza,Roma,EUR Laghetto,https://www.eurlaghettoartlivingapartment3.it,info@eurlaghettoartlivingapartment3.it,+39 334 308 9759,2026-08-17
RM-1969,EUR Laghetto Modern Loft #1,Alloggio Airbnb / Case Vacanza,Roma,EUR Laghetto,https://www.eurlaghettomodernloft1.it,info@eurlaghettomodernloft1.it,+39 334 308 9759,2026-08-17
RM-1970,EUR Laghetto Modern Loft #2,Alloggio Airbnb / Case Vacanza,Roma,EUR Laghetto,https://www.eurlaghettomodernloft2.it,info@eurlaghettomodernloft2.it,+39 334 308 9759,2026-08-17
RM-1971,EUR Laghetto Modern Loft #3,Alloggio Airbnb / Case Vacanza,Roma,EUR Laghetto,https://www.eurlaghettomodernloft3.it,info@eurlaghettomodernloft3.it,+39 334 308 9759,2026-08-17
RM-1972,EUR Laghetto Executive Suite #1,Alloggio Airbnb / Case Vacanza,Roma,EUR Laghetto,https://www.eurlaghettoexecutivesuite1.it,info@eurlaghettoexecutivesuite1.it,+39 334 308 9759,2026-08-17
RM-1973,EUR Laghetto Executive Suite #2,Alloggio Airbnb / Case Vacanza,Roma,EUR Laghetto,https://www.eurlaghettoexecutivesuite2.it,info@eurlaghettoexecutivesuite2.it,+39 334 308 9759,2026-08-17
RM-1974,EUR Laghetto Executive Suite #3,Alloggio Airbnb / Case Vacanza,Roma,EUR Laghetto,https://www.eurlaghettoexecutivesuite3.it,info@eurlaghettoexecutivesuite3.it,+39 334 308 9759,2026-08-17
RM-1975,EUR Laghetto Cozy Nest #1,Alloggio Airbnb / Case Vacanza,Roma,EUR Laghetto,https://www.eurlaghettocozynest1.it,info@eurlaghettocozynest1.it,+39 334 308 9759,2026-08-17
RM-1976,EUR Laghetto Cozy Nest #2,Alloggio Airbnb / Case Vacanza,Roma,EUR Laghetto,https://www.eurlaghettocozynest2.it,info@eurlaghettocozynest2.it,+39 334 308 9759,2026-08-17
RM-1977,EUR Laghetto Cozy Nest #3,Alloggio Airbnb / Case Vacanza,Roma,EUR Laghetto,https://www.eurlaghettocozynest3.it,info@eurlaghettocozynest3.it,+39 334 308 9759,2026-08-17
RM-1978,EUR Laghetto Prestige Home #1,Alloggio Airbnb / Case Vacanza,Roma,EUR Laghetto,https://www.eurlaghettoprestigehome1.it,info@eurlaghettoprestigehome1.it,+39 334 308 9759,2026-08-17
RM-1979,EUR Laghetto Prestige Home #2,Alloggio Airbnb / Case Vacanza,Roma,EUR Laghetto,https://www.eurlaghettoprestigehome2.it,info@eurlaghettoprestigehome2.it,+39 334 308 9759,2026-08-17
RM-1980,EUR Laghetto Prestige Home #3,Alloggio Airbnb / Case Vacanza,Roma,EUR Laghetto,https://www.eurlaghettoprestigehome3.it,info@eurlaghettoprestigehome3.it,+39 334 308 9759,2026-08-17
RM-1981,Torrino Luxury Apartment #1,Alloggio Airbnb / Case Vacanza,Roma,Torrino,https://www.torrinoluxuryapartment1.it,info@torrinoluxuryapartment1.it,+39 334 308 9759,2026-08-17
RM-1982,Torrino Luxury Apartment #2,Alloggio Airbnb / Case Vacanza,Roma,Torrino,https://www.torrinoluxuryapartment2.it,info@torrinoluxuryapartment2.it,+39 334 308 9759,2026-08-17
RM-1983,Torrino Luxury Apartment #3,Alloggio Airbnb / Case Vacanza,Roma,Torrino,https://www.torrinoluxuryapartment3.it,info@torrinoluxuryapartment3.it,+39 334 308 9759,2026-08-17
RM-1984,Torrino Boutique Suites #1,Alloggio Airbnb / Case Vacanza,Roma,Torrino,https://www.torrinoboutiquesuites1.it,info@torrinoboutiquesuites1.it,+39 334 308 9759,2026-08-17
RM-1985,Torrino Boutique Suites #2,Alloggio Airbnb / Case Vacanza,Roma,Torrino,https://www.torrinoboutiquesuites2.it,info@torrinoboutiquesuites2.it,+39 334 308 9759,2026-08-17
RM-1986,Torrino Boutique Suites #3,Alloggio Airbnb / Case Vacanza,Roma,Torrino,https://www.torrinoboutiquesuites3.it,info@torrinoboutiquesuites3.it,+39 334 308 9759,2026-08-17
RM-1987,Torrino Charme Flat #1,Alloggio Airbnb / Case Vacanza,Roma,Torrino,https://www.torrinocharmeflat1.it,info@torrinocharmeflat1.it,+39 334 308 9759,2026-08-17
RM-1988,Torrino Charme Flat #2,Alloggio Airbnb / Case Vacanza,Roma,Torrino,https://www.torrinocharmeflat2.it,info@torrinocharmeflat2.it,+39 334 308 9759,2026-08-17
RM-1989,Torrino Charme Flat #3,Alloggio Airbnb / Case Vacanza,Roma,Torrino,https://www.torrinocharmeflat3.it,info@torrinocharmeflat3.it,+39 334 308 9759,2026-08-17
RM-1990,Torrino Design Loft #1,Alloggio Airbnb / Case Vacanza,Roma,Torrino,https://www.torrinodesignloft1.it,info@torrinodesignloft1.it,+39 334 308 9759,2026-08-17
RM-1991,Torrino Design Loft #2,Alloggio Airbnb / Case Vacanza,Roma,Torrino,https://www.torrinodesignloft2.it,info@torrinodesignloft2.it,+39 334 308 9759,2026-08-17
RM-1992,Torrino Design Loft #3,Alloggio Airbnb / Case Vacanza,Roma,Torrino,https://www.torrinodesignloft3.it,info@torrinodesignloft3.it,+39 334 308 9759,2026-08-17
RM-1993,Torrino Panoramic Terrace #1,Alloggio Airbnb / Case Vacanza,Roma,Torrino,https://www.torrinopanoramicterrace1.it,info@torrinopanoramicterrace1.it,+39 334 308 9759,2026-08-17
RM-1994,Torrino Panoramic Terrace #2,Alloggio Airbnb / Case Vacanza,Roma,Torrino,https://www.torrinopanoramicterrace2.it,info@torrinopanoramicterrace2.it,+39 334 308 9759,2026-08-17
RM-1995,Torrino Panoramic Terrace #3,Alloggio Airbnb / Case Vacanza,Roma,Torrino,https://www.torrinopanoramicterrace3.it,info@torrinopanoramicterrace3.it,+39 334 308 9759,2026-08-17
RM-1996,Torrino Historic Residence #1,Alloggio Airbnb / Case Vacanza,Roma,Torrino,https://www.torrinohistoricresidence1.it,info@torrinohistoricresidence1.it,+39 334 308 9759,2026-08-17
RM-1997,Torrino Historic Residence #2,Alloggio Airbnb / Case Vacanza,Roma,Torrino,https://www.torrinohistoricresidence2.it,info@torrinohistoricresidence2.it,+39 334 308 9759,2026-08-17
RM-1998,Torrino Historic Residence #3,Alloggio Airbnb / Case Vacanza,Roma,Torrino,https://www.torrinohistoricresidence3.it,info@torrinohistoricresidence3.it,+39 334 308 9759,2026-08-17
RM-1999,Torrino Exclusive Penthouse #1,Alloggio Airbnb / Case Vacanza,Roma,Torrino,https://www.torrinoexclusivepenthouse1.it,info@torrinoexclusivepenthouse1.it,+39 334 308 9759,2026-08-17
RM-2000,Torrino Exclusive Penthouse #2,Alloggio Airbnb / Case Vacanza,Roma,Torrino,https://www.torrinoexclusivepenthouse2.it,info@torrinoexclusivepenthouse2.it,+39 334 308 9759,2026-08-17
RM-2001,Torrino Exclusive Penthouse #3,Alloggio Airbnb / Case Vacanza,Roma,Torrino,https://www.torrinoexclusivepenthouse3.it,info@torrinoexclusivepenthouse3.it,+39 334 308 9759,2026-08-17
RM-2002,Torrino Holiday Home #1,Alloggio Airbnb / Case Vacanza,Roma,Torrino,https://www.torrinoholidayhome1.it,info@torrinoholidayhome1.it,+39 334 308 9759,2026-08-17
RM-2003,Torrino Holiday Home #2,Alloggio Airbnb / Case Vacanza,Roma,Torrino,https://www.torrinoholidayhome2.it,info@torrinoholidayhome2.it,+39 334 308 9759,2026-08-17
RM-2004,Torrino Holiday Home #3,Alloggio Airbnb / Case Vacanza,Roma,Torrino,https://www.torrinoholidayhome3.it,info@torrinoholidayhome3.it,+39 334 308 9759,2026-08-17
RM-2005,Torrino Guest House #1,Alloggio Airbnb / Case Vacanza,Roma,Torrino,https://www.torrinoguesthouse1.it,info@torrinoguesthouse1.it,+39 334 308 9759,2026-08-17
RM-2006,Torrino Guest House #2,Alloggio Airbnb / Case Vacanza,Roma,Torrino,https://www.torrinoguesthouse2.it,info@torrinoguesthouse2.it,+39 334 308 9759,2026-08-17
RM-2007,Torrino Guest House #3,Alloggio Airbnb / Case Vacanza,Roma,Torrino,https://www.torrinoguesthouse3.it,info@torrinoguesthouse3.it,+39 334 308 9759,2026-08-17
RM-2008,Torrino Dimora di Charme #1,Alloggio Airbnb / Case Vacanza,Roma,Torrino,https://www.torrinodimoradicharme1.it,info@torrinodimoradicharme1.it,+39 334 308 9759,2026-08-17
RM-2009,Torrino Dimora di Charme #2,Alloggio Airbnb / Case Vacanza,Roma,Torrino,https://www.torrinodimoradicharme2.it,info@torrinodimoradicharme2.it,+39 334 308 9759,2026-08-17
RM-2010,Torrino Dimora di Charme #3,Alloggio Airbnb / Case Vacanza,Roma,Torrino,https://www.torrinodimoradicharme3.it,info@torrinodimoradicharme3.it,+39 334 308 9759,2026-08-17
RM-2011,Torrino Relais Urbano #1,Alloggio Airbnb / Case Vacanza,Roma,Torrino,https://www.torrinorelaisurbano1.it,info@torrinorelaisurbano1.it,+39 334 308 9759,2026-08-17
RM-2012,Torrino Relais Urbano #2,Alloggio Airbnb / Case Vacanza,Roma,Torrino,https://www.torrinorelaisurbano2.it,info@torrinorelaisurbano2.it,+39 334 308 9759,2026-08-17
RM-2013,Torrino Relais Urbano #3,Alloggio Airbnb / Case Vacanza,Roma,Torrino,https://www.torrinorelaisurbano3.it,info@torrinorelaisurbano3.it,+39 334 308 9759,2026-08-17
RM-2014,Torrino Maison Elegance #1,Alloggio Airbnb / Case Vacanza,Roma,Torrino,https://www.torrinomaisonelegance1.it,info@torrinomaisonelegance1.it,+39 334 308 9759,2026-08-17
RM-2015,Torrino Maison Elegance #2,Alloggio Airbnb / Case Vacanza,Roma,Torrino,https://www.torrinomaisonelegance2.it,info@torrinomaisonelegance2.it,+39 334 308 9759,2026-08-17
RM-2016,Torrino Maison Elegance #3,Alloggio Airbnb / Case Vacanza,Roma,Torrino,https://www.torrinomaisonelegance3.it,info@torrinomaisonelegance3.it,+39 334 308 9759,2026-08-17
RM-2017,Torrino Suites & Spa #1,Alloggio Airbnb / Case Vacanza,Roma,Torrino,https://www.torrinosuitesspa1.it,info@torrinosuitesspa1.it,+39 334 308 9759,2026-08-17
RM-2018,Torrino Suites & Spa #2,Alloggio Airbnb / Case Vacanza,Roma,Torrino,https://www.torrinosuitesspa2.it,info@torrinosuitesspa2.it,+39 334 308 9759,2026-08-17
RM-2019,Torrino Suites & Spa #3,Alloggio Airbnb / Case Vacanza,Roma,Torrino,https://www.torrinosuitesspa3.it,info@torrinosuitesspa3.it,+39 334 308 9759,2026-08-17
RM-2020,Torrino Attico Panoramico #1,Alloggio Airbnb / Case Vacanza,Roma,Torrino,https://www.torrinoatticopanoramico1.it,info@torrinoatticopanoramico1.it,+39 334 308 9759,2026-08-17
RM-2021,Torrino Attico Panoramico #2,Alloggio Airbnb / Case Vacanza,Roma,Torrino,https://www.torrinoatticopanoramico2.it,info@torrinoatticopanoramico2.it,+39 334 308 9759,2026-08-17
RM-2022,Torrino Attico Panoramico #3,Alloggio Airbnb / Case Vacanza,Roma,Torrino,https://www.torrinoatticopanoramico3.it,info@torrinoatticopanoramico3.it,+39 334 308 9759,2026-08-17
RM-2023,Torrino Vacanze Romane Flat #1,Alloggio Airbnb / Case Vacanza,Roma,Torrino,https://www.torrinovacanzeromaneflat1.it,info@torrinovacanzeromaneflat1.it,+39 334 308 9759,2026-08-17
RM-2024,Torrino Vacanze Romane Flat #2,Alloggio Airbnb / Case Vacanza,Roma,Torrino,https://www.torrinovacanzeromaneflat2.it,info@torrinovacanzeromaneflat2.it,+39 334 308 9759,2026-08-17
RM-2025,Torrino Vacanze Romane Flat #3,Alloggio Airbnb / Case Vacanza,Roma,Torrino,https://www.torrinovacanzeromaneflat3.it,info@torrinovacanzeromaneflat3.it,+39 334 308 9759,2026-08-17
RM-2026,Torrino Art Living Apartment #1,Alloggio Airbnb / Case Vacanza,Roma,Torrino,https://www.torrinoartlivingapartment1.it,info@torrinoartlivingapartment1.it,+39 334 308 9759,2026-08-17
RM-2027,Torrino Art Living Apartment #2,Alloggio Airbnb / Case Vacanza,Roma,Torrino,https://www.torrinoartlivingapartment2.it,info@torrinoartlivingapartment2.it,+39 334 308 9759,2026-08-17
RM-2028,Torrino Art Living Apartment #3,Alloggio Airbnb / Case Vacanza,Roma,Torrino,https://www.torrinoartlivingapartment3.it,info@torrinoartlivingapartment3.it,+39 334 308 9759,2026-08-17
RM-2029,Torrino Modern Loft #1,Alloggio Airbnb / Case Vacanza,Roma,Torrino,https://www.torrinomodernloft1.it,info@torrinomodernloft1.it,+39 334 308 9759,2026-08-17
RM-2030,Torrino Modern Loft #2,Alloggio Airbnb / Case Vacanza,Roma,Torrino,https://www.torrinomodernloft2.it,info@torrinomodernloft2.it,+39 334 308 9759,2026-08-17
RM-2031,Torrino Modern Loft #3,Alloggio Airbnb / Case Vacanza,Roma,Torrino,https://www.torrinomodernloft3.it,info@torrinomodernloft3.it,+39 334 308 9759,2026-08-17
RM-2032,Torrino Executive Suite #1,Alloggio Airbnb / Case Vacanza,Roma,Torrino,https://www.torrinoexecutivesuite1.it,info@torrinoexecutivesuite1.it,+39 334 308 9759,2026-08-17
RM-2033,Torrino Executive Suite #2,Alloggio Airbnb / Case Vacanza,Roma,Torrino,https://www.torrinoexecutivesuite2.it,info@torrinoexecutivesuite2.it,+39 334 308 9759,2026-08-17
RM-2034,Torrino Executive Suite #3,Alloggio Airbnb / Case Vacanza,Roma,Torrino,https://www.torrinoexecutivesuite3.it,info@torrinoexecutivesuite3.it,+39 334 308 9759,2026-08-17
RM-2035,Torrino Cozy Nest #1,Alloggio Airbnb / Case Vacanza,Roma,Torrino,https://www.torrinocozynest1.it,info@torrinocozynest1.it,+39 334 308 9759,2026-08-17
RM-2036,Torrino Cozy Nest #2,Alloggio Airbnb / Case Vacanza,Roma,Torrino,https://www.torrinocozynest2.it,info@torrinocozynest2.it,+39 334 308 9759,2026-08-17
RM-2037,Torrino Cozy Nest #3,Alloggio Airbnb / Case Vacanza,Roma,Torrino,https://www.torrinocozynest3.it,info@torrinocozynest3.it,+39 334 308 9759,2026-08-17
RM-2038,Torrino Prestige Home #1,Alloggio Airbnb / Case Vacanza,Roma,Torrino,https://www.torrinoprestigehome1.it,info@torrinoprestigehome1.it,+39 334 308 9759,2026-08-17
RM-2039,Torrino Prestige Home #2,Alloggio Airbnb / Case Vacanza,Roma,Torrino,https://www.torrinoprestigehome2.it,info@torrinoprestigehome2.it,+39 334 308 9759,2026-08-17
RM-2040,Torrino Prestige Home #3,Alloggio Airbnb / Case Vacanza,Roma,Torrino,https://www.torrinoprestigehome3.it,info@torrinoprestigehome3.it,+39 334 308 9759,2026-08-17
RM-2041,San Lorenzo Luxury Apartment #1,Alloggio Airbnb / Case Vacanza,Roma,San Lorenzo,https://www.sanlorenzoluxuryapartment1.it,info@sanlorenzoluxuryapartment1.it,+39 334 308 9759,2026-08-17
RM-2042,San Lorenzo Luxury Apartment #2,Alloggio Airbnb / Case Vacanza,Roma,San Lorenzo,https://www.sanlorenzoluxuryapartment2.it,info@sanlorenzoluxuryapartment2.it,+39 334 308 9759,2026-08-17
RM-2043,San Lorenzo Luxury Apartment #3,Alloggio Airbnb / Case Vacanza,Roma,San Lorenzo,https://www.sanlorenzoluxuryapartment3.it,info@sanlorenzoluxuryapartment3.it,+39 334 308 9759,2026-08-17
RM-2044,San Lorenzo Boutique Suites #1,Alloggio Airbnb / Case Vacanza,Roma,San Lorenzo,https://www.sanlorenzoboutiquesuites1.it,info@sanlorenzoboutiquesuites1.it,+39 334 308 9759,2026-08-17
RM-2045,San Lorenzo Boutique Suites #2,Alloggio Airbnb / Case Vacanza,Roma,San Lorenzo,https://www.sanlorenzoboutiquesuites2.it,info@sanlorenzoboutiquesuites2.it,+39 334 308 9759,2026-08-17
RM-2046,San Lorenzo Boutique Suites #3,Alloggio Airbnb / Case Vacanza,Roma,San Lorenzo,https://www.sanlorenzoboutiquesuites3.it,info@sanlorenzoboutiquesuites3.it,+39 334 308 9759,2026-08-17
RM-2047,San Lorenzo Charme Flat #1,Alloggio Airbnb / Case Vacanza,Roma,San Lorenzo,https://www.sanlorenzocharmeflat1.it,info@sanlorenzocharmeflat1.it,+39 334 308 9759,2026-08-17
RM-2048,San Lorenzo Charme Flat #2,Alloggio Airbnb / Case Vacanza,Roma,San Lorenzo,https://www.sanlorenzocharmeflat2.it,info@sanlorenzocharmeflat2.it,+39 334 308 9759,2026-08-17
RM-2049,San Lorenzo Charme Flat #3,Alloggio Airbnb / Case Vacanza,Roma,San Lorenzo,https://www.sanlorenzocharmeflat3.it,info@sanlorenzocharmeflat3.it,+39 334 308 9759,2026-08-17
RM-2050,San Lorenzo Design Loft #1,Alloggio Airbnb / Case Vacanza,Roma,San Lorenzo,https://www.sanlorenzodesignloft1.it,info@sanlorenzodesignloft1.it,+39 334 308 9759,2026-08-17
RM-2051,San Lorenzo Design Loft #2,Alloggio Airbnb / Case Vacanza,Roma,San Lorenzo,https://www.sanlorenzodesignloft2.it,info@sanlorenzodesignloft2.it,+39 334 308 9759,2026-08-17
RM-2052,San Lorenzo Design Loft #3,Alloggio Airbnb / Case Vacanza,Roma,San Lorenzo,https://www.sanlorenzodesignloft3.it,info@sanlorenzodesignloft3.it,+39 334 308 9759,2026-08-17
RM-2053,San Lorenzo Panoramic Terrace #1,Alloggio Airbnb / Case Vacanza,Roma,San Lorenzo,https://www.sanlorenzopanoramicterrace1.it,info@sanlorenzopanoramicterrace1.it,+39 334 308 9759,2026-08-17
RM-2054,San Lorenzo Panoramic Terrace #2,Alloggio Airbnb / Case Vacanza,Roma,San Lorenzo,https://www.sanlorenzopanoramicterrace2.it,info@sanlorenzopanoramicterrace2.it,+39 334 308 9759,2026-08-17
RM-2055,San Lorenzo Panoramic Terrace #3,Alloggio Airbnb / Case Vacanza,Roma,San Lorenzo,https://www.sanlorenzopanoramicterrace3.it,info@sanlorenzopanoramicterrace3.it,+39 334 308 9759,2026-08-17
RM-2056,San Lorenzo Historic Residence #1,Alloggio Airbnb / Case Vacanza,Roma,San Lorenzo,https://www.sanlorenzohistoricresidence1.it,info@sanlorenzohistoricresidence1.it,+39 334 308 9759,2026-08-17
RM-2057,San Lorenzo Historic Residence #2,Alloggio Airbnb / Case Vacanza,Roma,San Lorenzo,https://www.sanlorenzohistoricresidence2.it,info@sanlorenzohistoricresidence2.it,+39 334 308 9759,2026-08-17
RM-2058,San Lorenzo Historic Residence #3,Alloggio Airbnb / Case Vacanza,Roma,San Lorenzo,https://www.sanlorenzohistoricresidence3.it,info@sanlorenzohistoricresidence3.it,+39 334 308 9759,2026-08-17
RM-2059,San Lorenzo Exclusive Penthouse #1,Alloggio Airbnb / Case Vacanza,Roma,San Lorenzo,https://www.sanlorenzoexclusivepenthouse1.it,info@sanlorenzoexclusivepenthouse1.it,+39 334 308 9759,2026-08-17
RM-2060,San Lorenzo Exclusive Penthouse #2,Alloggio Airbnb / Case Vacanza,Roma,San Lorenzo,https://www.sanlorenzoexclusivepenthouse2.it,info@sanlorenzoexclusivepenthouse2.it,+39 334 308 9759,2026-08-17
RM-2061,San Lorenzo Exclusive Penthouse #3,Alloggio Airbnb / Case Vacanza,Roma,San Lorenzo,https://www.sanlorenzoexclusivepenthouse3.it,info@sanlorenzoexclusivepenthouse3.it,+39 334 308 9759,2026-08-17
RM-2062,San Lorenzo Holiday Home #1,Alloggio Airbnb / Case Vacanza,Roma,San Lorenzo,https://www.sanlorenzoholidayhome1.it,info@sanlorenzoholidayhome1.it,+39 334 308 9759,2026-08-17
RM-2063,San Lorenzo Holiday Home #2,Alloggio Airbnb / Case Vacanza,Roma,San Lorenzo,https://www.sanlorenzoholidayhome2.it,info@sanlorenzoholidayhome2.it,+39 334 308 9759,2026-08-17
RM-2064,San Lorenzo Holiday Home #3,Alloggio Airbnb / Case Vacanza,Roma,San Lorenzo,https://www.sanlorenzoholidayhome3.it,info@sanlorenzoholidayhome3.it,+39 334 308 9759,2026-08-17
RM-2065,San Lorenzo Guest House #1,Alloggio Airbnb / Case Vacanza,Roma,San Lorenzo,https://www.sanlorenzoguesthouse1.it,info@sanlorenzoguesthouse1.it,+39 334 308 9759,2026-08-17
RM-2066,San Lorenzo Guest House #2,Alloggio Airbnb / Case Vacanza,Roma,San Lorenzo,https://www.sanlorenzoguesthouse2.it,info@sanlorenzoguesthouse2.it,+39 334 308 9759,2026-08-17
RM-2067,San Lorenzo Guest House #3,Alloggio Airbnb / Case Vacanza,Roma,San Lorenzo,https://www.sanlorenzoguesthouse3.it,info@sanlorenzoguesthouse3.it,+39 334 308 9759,2026-08-17
RM-2068,San Lorenzo Dimora di Charme #1,Alloggio Airbnb / Case Vacanza,Roma,San Lorenzo,https://www.sanlorenzodimoradicharme1.it,info@sanlorenzodimoradicharme1.it,+39 334 308 9759,2026-08-17
RM-2069,San Lorenzo Dimora di Charme #2,Alloggio Airbnb / Case Vacanza,Roma,San Lorenzo,https://www.sanlorenzodimoradicharme2.it,info@sanlorenzodimoradicharme2.it,+39 334 308 9759,2026-08-17
RM-2070,San Lorenzo Dimora di Charme #3,Alloggio Airbnb / Case Vacanza,Roma,San Lorenzo,https://www.sanlorenzodimoradicharme3.it,info@sanlorenzodimoradicharme3.it,+39 334 308 9759,2026-08-17
RM-2071,San Lorenzo Relais Urbano #1,Alloggio Airbnb / Case Vacanza,Roma,San Lorenzo,https://www.sanlorenzorelaisurbano1.it,info@sanlorenzorelaisurbano1.it,+39 334 308 9759,2026-08-17
RM-2072,San Lorenzo Relais Urbano #2,Alloggio Airbnb / Case Vacanza,Roma,San Lorenzo,https://www.sanlorenzorelaisurbano2.it,info@sanlorenzorelaisurbano2.it,+39 334 308 9759,2026-08-17
RM-2073,San Lorenzo Relais Urbano #3,Alloggio Airbnb / Case Vacanza,Roma,San Lorenzo,https://www.sanlorenzorelaisurbano3.it,info@sanlorenzorelaisurbano3.it,+39 334 308 9759,2026-08-17
RM-2074,San Lorenzo Maison Elegance #1,Alloggio Airbnb / Case Vacanza,Roma,San Lorenzo,https://www.sanlorenzomaisonelegance1.it,info@sanlorenzomaisonelegance1.it,+39 334 308 9759,2026-08-17
RM-2075,San Lorenzo Maison Elegance #2,Alloggio Airbnb / Case Vacanza,Roma,San Lorenzo,https://www.sanlorenzomaisonelegance2.it,info@sanlorenzomaisonelegance2.it,+39 334 308 9759,2026-08-17
RM-2076,San Lorenzo Maison Elegance #3,Alloggio Airbnb / Case Vacanza,Roma,San Lorenzo,https://www.sanlorenzomaisonelegance3.it,info@sanlorenzomaisonelegance3.it,+39 334 308 9759,2026-08-17
RM-2077,San Lorenzo Suites & Spa #1,Alloggio Airbnb / Case Vacanza,Roma,San Lorenzo,https://www.sanlorenzosuitesspa1.it,info@sanlorenzosuitesspa1.it,+39 334 308 9759,2026-08-17
RM-2078,San Lorenzo Suites & Spa #2,Alloggio Airbnb / Case Vacanza,Roma,San Lorenzo,https://www.sanlorenzosuitesspa2.it,info@sanlorenzosuitesspa2.it,+39 334 308 9759,2026-08-17
RM-2079,San Lorenzo Suites & Spa #3,Alloggio Airbnb / Case Vacanza,Roma,San Lorenzo,https://www.sanlorenzosuitesspa3.it,info@sanlorenzosuitesspa3.it,+39 334 308 9759,2026-08-17
RM-2080,San Lorenzo Attico Panoramico #1,Alloggio Airbnb / Case Vacanza,Roma,San Lorenzo,https://www.sanlorenzoatticopanoramico1.it,info@sanlorenzoatticopanoramico1.it,+39 334 308 9759,2026-08-17
RM-2081,San Lorenzo Attico Panoramico #2,Alloggio Airbnb / Case Vacanza,Roma,San Lorenzo,https://www.sanlorenzoatticopanoramico2.it,info@sanlorenzoatticopanoramico2.it,+39 334 308 9759,2026-08-17
RM-2082,San Lorenzo Attico Panoramico #3,Alloggio Airbnb / Case Vacanza,Roma,San Lorenzo,https://www.sanlorenzoatticopanoramico3.it,info@sanlorenzoatticopanoramico3.it,+39 334 308 9759,2026-08-17
RM-2083,San Lorenzo Vacanze Romane Flat #1,Alloggio Airbnb / Case Vacanza,Roma,San Lorenzo,https://www.sanlorenzovacanzeromaneflat1.it,info@sanlorenzovacanzeromaneflat1.it,+39 334 308 9759,2026-08-17
RM-2084,San Lorenzo Vacanze Romane Flat #2,Alloggio Airbnb / Case Vacanza,Roma,San Lorenzo,https://www.sanlorenzovacanzeromaneflat2.it,info@sanlorenzovacanzeromaneflat2.it,+39 334 308 9759,2026-08-17
RM-2085,San Lorenzo Vacanze Romane Flat #3,Alloggio Airbnb / Case Vacanza,Roma,San Lorenzo,https://www.sanlorenzovacanzeromaneflat3.it,info@sanlorenzovacanzeromaneflat3.it,+39 334 308 9759,2026-08-17
RM-2086,San Lorenzo Art Living Apartment #1,Alloggio Airbnb / Case Vacanza,Roma,San Lorenzo,https://www.sanlorenzoartlivingapartment1.it,info@sanlorenzoartlivingapartment1.it,+39 334 308 9759,2026-08-17
RM-2087,San Lorenzo Art Living Apartment #2,Alloggio Airbnb / Case Vacanza,Roma,San Lorenzo,https://www.sanlorenzoartlivingapartment2.it,info@sanlorenzoartlivingapartment2.it,+39 334 308 9759,2026-08-17
RM-2088,San Lorenzo Art Living Apartment #3,Alloggio Airbnb / Case Vacanza,Roma,San Lorenzo,https://www.sanlorenzoartlivingapartment3.it,info@sanlorenzoartlivingapartment3.it,+39 334 308 9759,2026-08-17
RM-2089,San Lorenzo Modern Loft #1,Alloggio Airbnb / Case Vacanza,Roma,San Lorenzo,https://www.sanlorenzomodernloft1.it,info@sanlorenzomodernloft1.it,+39 334 308 9759,2026-08-17
RM-2090,San Lorenzo Modern Loft #2,Alloggio Airbnb / Case Vacanza,Roma,San Lorenzo,https://www.sanlorenzomodernloft2.it,info@sanlorenzomodernloft2.it,+39 334 308 9759,2026-08-17
RM-2091,San Lorenzo Modern Loft #3,Alloggio Airbnb / Case Vacanza,Roma,San Lorenzo,https://www.sanlorenzomodernloft3.it,info@sanlorenzomodernloft3.it,+39 334 308 9759,2026-08-17
RM-2092,San Lorenzo Executive Suite #1,Alloggio Airbnb / Case Vacanza,Roma,San Lorenzo,https://www.sanlorenzoexecutivesuite1.it,info@sanlorenzoexecutivesuite1.it,+39 334 308 9759,2026-08-17
RM-2093,San Lorenzo Executive Suite #2,Alloggio Airbnb / Case Vacanza,Roma,San Lorenzo,https://www.sanlorenzoexecutivesuite2.it,info@sanlorenzoexecutivesuite2.it,+39 334 308 9759,2026-08-17
RM-2094,San Lorenzo Executive Suite #3,Alloggio Airbnb / Case Vacanza,Roma,San Lorenzo,https://www.sanlorenzoexecutivesuite3.it,info@sanlorenzoexecutivesuite3.it,+39 334 308 9759,2026-08-17
RM-2095,San Lorenzo Cozy Nest #1,Alloggio Airbnb / Case Vacanza,Roma,San Lorenzo,https://www.sanlorenzocozynest1.it,info@sanlorenzocozynest1.it,+39 334 308 9759,2026-08-17
RM-2096,San Lorenzo Cozy Nest #2,Alloggio Airbnb / Case Vacanza,Roma,San Lorenzo,https://www.sanlorenzocozynest2.it,info@sanlorenzocozynest2.it,+39 334 308 9759,2026-08-17
RM-2097,San Lorenzo Cozy Nest #3,Alloggio Airbnb / Case Vacanza,Roma,San Lorenzo,https://www.sanlorenzocozynest3.it,info@sanlorenzocozynest3.it,+39 334 308 9759,2026-08-17
RM-2098,San Lorenzo Prestige Home #1,Alloggio Airbnb / Case Vacanza,Roma,San Lorenzo,https://www.sanlorenzoprestigehome1.it,info@sanlorenzoprestigehome1.it,+39 334 308 9759,2026-08-17
RM-2099,San Lorenzo Prestige Home #2,Alloggio Airbnb / Case Vacanza,Roma,San Lorenzo,https://www.sanlorenzoprestigehome2.it,info@sanlorenzoprestigehome2.it,+39 334 308 9759,2026-08-17
RM-2100,San Lorenzo Prestige Home #3,Alloggio Airbnb / Case Vacanza,Roma,San Lorenzo,https://www.sanlorenzoprestigehome3.it,info@sanlorenzoprestigehome3.it,+39 334 308 9759,2026-08-17
RM-2101,Pigneto Luxury Apartment #1,Alloggio Airbnb / Case Vacanza,Roma,Pigneto,https://www.pignetoluxuryapartment1.it,info@pignetoluxuryapartment1.it,+39 334 308 9759,2026-08-17
RM-2102,Pigneto Luxury Apartment #2,Alloggio Airbnb / Case Vacanza,Roma,Pigneto,https://www.pignetoluxuryapartment2.it,info@pignetoluxuryapartment2.it,+39 334 308 9759,2026-08-17
RM-2103,Pigneto Luxury Apartment #3,Alloggio Airbnb / Case Vacanza,Roma,Pigneto,https://www.pignetoluxuryapartment3.it,info@pignetoluxuryapartment3.it,+39 334 308 9759,2026-08-17
RM-2104,Pigneto Boutique Suites #1,Alloggio Airbnb / Case Vacanza,Roma,Pigneto,https://www.pignetoboutiquesuites1.it,info@pignetoboutiquesuites1.it,+39 334 308 9759,2026-08-17
RM-2105,Pigneto Boutique Suites #2,Alloggio Airbnb / Case Vacanza,Roma,Pigneto,https://www.pignetoboutiquesuites2.it,info@pignetoboutiquesuites2.it,+39 334 308 9759,2026-08-17
RM-2106,Pigneto Boutique Suites #3,Alloggio Airbnb / Case Vacanza,Roma,Pigneto,https://www.pignetoboutiquesuites3.it,info@pignetoboutiquesuites3.it,+39 334 308 9759,2026-08-17
RM-2107,Pigneto Charme Flat #1,Alloggio Airbnb / Case Vacanza,Roma,Pigneto,https://www.pignetocharmeflat1.it,info@pignetocharmeflat1.it,+39 334 308 9759,2026-08-17
RM-2108,Pigneto Charme Flat #2,Alloggio Airbnb / Case Vacanza,Roma,Pigneto,https://www.pignetocharmeflat2.it,info@pignetocharmeflat2.it,+39 334 308 9759,2026-08-17
RM-2109,Pigneto Charme Flat #3,Alloggio Airbnb / Case Vacanza,Roma,Pigneto,https://www.pignetocharmeflat3.it,info@pignetocharmeflat3.it,+39 334 308 9759,2026-08-17
RM-2110,Pigneto Design Loft #1,Alloggio Airbnb / Case Vacanza,Roma,Pigneto,https://www.pignetodesignloft1.it,info@pignetodesignloft1.it,+39 334 308 9759,2026-08-17
RM-2111,Pigneto Design Loft #2,Alloggio Airbnb / Case Vacanza,Roma,Pigneto,https://www.pignetodesignloft2.it,info@pignetodesignloft2.it,+39 334 308 9759,2026-08-17
RM-2112,Pigneto Design Loft #3,Alloggio Airbnb / Case Vacanza,Roma,Pigneto,https://www.pignetodesignloft3.it,info@pignetodesignloft3.it,+39 334 308 9759,2026-08-17
RM-2113,Pigneto Panoramic Terrace #1,Alloggio Airbnb / Case Vacanza,Roma,Pigneto,https://www.pignetopanoramicterrace1.it,info@pignetopanoramicterrace1.it,+39 334 308 9759,2026-08-17
RM-2114,Pigneto Panoramic Terrace #2,Alloggio Airbnb / Case Vacanza,Roma,Pigneto,https://www.pignetopanoramicterrace2.it,info@pignetopanoramicterrace2.it,+39 334 308 9759,2026-08-17
RM-2115,Pigneto Panoramic Terrace #3,Alloggio Airbnb / Case Vacanza,Roma,Pigneto,https://www.pignetopanoramicterrace3.it,info@pignetopanoramicterrace3.it,+39 334 308 9759,2026-08-17
RM-2116,Pigneto Historic Residence #1,Alloggio Airbnb / Case Vacanza,Roma,Pigneto,https://www.pignetohistoricresidence1.it,info@pignetohistoricresidence1.it,+39 334 308 9759,2026-08-17
RM-2117,Pigneto Historic Residence #2,Alloggio Airbnb / Case Vacanza,Roma,Pigneto,https://www.pignetohistoricresidence2.it,info@pignetohistoricresidence2.it,+39 334 308 9759,2026-08-17
RM-2118,Pigneto Historic Residence #3,Alloggio Airbnb / Case Vacanza,Roma,Pigneto,https://www.pignetohistoricresidence3.it,info@pignetohistoricresidence3.it,+39 334 308 9759,2026-08-17
RM-2119,Pigneto Exclusive Penthouse #1,Alloggio Airbnb / Case Vacanza,Roma,Pigneto,https://www.pignetoexclusivepenthouse1.it,info@pignetoexclusivepenthouse1.it,+39 334 308 9759,2026-08-17
RM-2120,Pigneto Exclusive Penthouse #2,Alloggio Airbnb / Case Vacanza,Roma,Pigneto,https://www.pignetoexclusivepenthouse2.it,info@pignetoexclusivepenthouse2.it,+39 334 308 9759,2026-08-17
RM-2121,Pigneto Exclusive Penthouse #3,Alloggio Airbnb / Case Vacanza,Roma,Pigneto,https://www.pignetoexclusivepenthouse3.it,info@pignetoexclusivepenthouse3.it,+39 334 308 9759,2026-08-17
RM-2122,Pigneto Holiday Home #1,Alloggio Airbnb / Case Vacanza,Roma,Pigneto,https://www.pignetoholidayhome1.it,info@pignetoholidayhome1.it,+39 334 308 9759,2026-08-17
RM-2123,Pigneto Holiday Home #2,Alloggio Airbnb / Case Vacanza,Roma,Pigneto,https://www.pignetoholidayhome2.it,info@pignetoholidayhome2.it,+39 334 308 9759,2026-08-17
RM-2124,Pigneto Holiday Home #3,Alloggio Airbnb / Case Vacanza,Roma,Pigneto,https://www.pignetoholidayhome3.it,info@pignetoholidayhome3.it,+39 334 308 9759,2026-08-17
RM-2125,Pigneto Guest House #1,Alloggio Airbnb / Case Vacanza,Roma,Pigneto,https://www.pignetoguesthouse1.it,info@pignetoguesthouse1.it,+39 334 308 9759,2026-08-17
RM-2126,Pigneto Guest House #2,Alloggio Airbnb / Case Vacanza,Roma,Pigneto,https://www.pignetoguesthouse2.it,info@pignetoguesthouse2.it,+39 334 308 9759,2026-08-17
RM-2127,Pigneto Guest House #3,Alloggio Airbnb / Case Vacanza,Roma,Pigneto,https://www.pignetoguesthouse3.it,info@pignetoguesthouse3.it,+39 334 308 9759,2026-08-17
RM-2128,Pigneto Dimora di Charme #1,Alloggio Airbnb / Case Vacanza,Roma,Pigneto,https://www.pignetodimoradicharme1.it,info@pignetodimoradicharme1.it,+39 334 308 9759,2026-08-17
RM-2129,Pigneto Dimora di Charme #2,Alloggio Airbnb / Case Vacanza,Roma,Pigneto,https://www.pignetodimoradicharme2.it,info@pignetodimoradicharme2.it,+39 334 308 9759,2026-08-17
RM-2130,Pigneto Dimora di Charme #3,Alloggio Airbnb / Case Vacanza,Roma,Pigneto,https://www.pignetodimoradicharme3.it,info@pignetodimoradicharme3.it,+39 334 308 9759,2026-08-17
RM-2131,Pigneto Relais Urbano #1,Alloggio Airbnb / Case Vacanza,Roma,Pigneto,https://www.pignetorelaisurbano1.it,info@pignetorelaisurbano1.it,+39 334 308 9759,2026-08-17
RM-2132,Pigneto Relais Urbano #2,Alloggio Airbnb / Case Vacanza,Roma,Pigneto,https://www.pignetorelaisurbano2.it,info@pignetorelaisurbano2.it,+39 334 308 9759,2026-08-17
RM-2133,Pigneto Relais Urbano #3,Alloggio Airbnb / Case Vacanza,Roma,Pigneto,https://www.pignetorelaisurbano3.it,info@pignetorelaisurbano3.it,+39 334 308 9759,2026-08-17
RM-2134,Pigneto Maison Elegance #1,Alloggio Airbnb / Case Vacanza,Roma,Pigneto,https://www.pignetomaisonelegance1.it,info@pignetomaisonelegance1.it,+39 334 308 9759,2026-08-17
RM-2135,Pigneto Maison Elegance #2,Alloggio Airbnb / Case Vacanza,Roma,Pigneto,https://www.pignetomaisonelegance2.it,info@pignetomaisonelegance2.it,+39 334 308 9759,2026-08-17
RM-2136,Pigneto Maison Elegance #3,Alloggio Airbnb / Case Vacanza,Roma,Pigneto,https://www.pignetomaisonelegance3.it,info@pignetomaisonelegance3.it,+39 334 308 9759,2026-08-17
RM-2137,Pigneto Suites & Spa #1,Alloggio Airbnb / Case Vacanza,Roma,Pigneto,https://www.pignetosuitesspa1.it,info@pignetosuitesspa1.it,+39 334 308 9759,2026-08-17
RM-2138,Pigneto Suites & Spa #2,Alloggio Airbnb / Case Vacanza,Roma,Pigneto,https://www.pignetosuitesspa2.it,info@pignetosuitesspa2.it,+39 334 308 9759,2026-08-17
RM-2139,Pigneto Suites & Spa #3,Alloggio Airbnb / Case Vacanza,Roma,Pigneto,https://www.pignetosuitesspa3.it,info@pignetosuitesspa3.it,+39 334 308 9759,2026-08-17
RM-2140,Pigneto Attico Panoramico #1,Alloggio Airbnb / Case Vacanza,Roma,Pigneto,https://www.pignetoatticopanoramico1.it,info@pignetoatticopanoramico1.it,+39 334 308 9759,2026-08-17
RM-2141,Pigneto Attico Panoramico #2,Alloggio Airbnb / Case Vacanza,Roma,Pigneto,https://www.pignetoatticopanoramico2.it,info@pignetoatticopanoramico2.it,+39 334 308 9759,2026-08-17
RM-2142,Pigneto Attico Panoramico #3,Alloggio Airbnb / Case Vacanza,Roma,Pigneto,https://www.pignetoatticopanoramico3.it,info@pignetoatticopanoramico3.it,+39 334 308 9759,2026-08-17
RM-2143,Pigneto Vacanze Romane Flat #1,Alloggio Airbnb / Case Vacanza,Roma,Pigneto,https://www.pignetovacanzeromaneflat1.it,info@pignetovacanzeromaneflat1.it,+39 334 308 9759,2026-08-17
RM-2144,Pigneto Vacanze Romane Flat #2,Alloggio Airbnb / Case Vacanza,Roma,Pigneto,https://www.pignetovacanzeromaneflat2.it,info@pignetovacanzeromaneflat2.it,+39 334 308 9759,2026-08-17
RM-2145,Pigneto Vacanze Romane Flat #3,Alloggio Airbnb / Case Vacanza,Roma,Pigneto,https://www.pignetovacanzeromaneflat3.it,info@pignetovacanzeromaneflat3.it,+39 334 308 9759,2026-08-17
RM-2146,Pigneto Art Living Apartment #1,Alloggio Airbnb / Case Vacanza,Roma,Pigneto,https://www.pignetoartlivingapartment1.it,info@pignetoartlivingapartment1.it,+39 334 308 9759,2026-08-17
RM-2147,Pigneto Art Living Apartment #2,Alloggio Airbnb / Case Vacanza,Roma,Pigneto,https://www.pignetoartlivingapartment2.it,info@pignetoartlivingapartment2.it,+39 334 308 9759,2026-08-17
RM-2148,Pigneto Art Living Apartment #3,Alloggio Airbnb / Case Vacanza,Roma,Pigneto,https://www.pignetoartlivingapartment3.it,info@pignetoartlivingapartment3.it,+39 334 308 9759,2026-08-17
RM-2149,Pigneto Modern Loft #1,Alloggio Airbnb / Case Vacanza,Roma,Pigneto,https://www.pignetomodernloft1.it,info@pignetomodernloft1.it,+39 334 308 9759,2026-08-17
RM-2150,Pigneto Modern Loft #2,Alloggio Airbnb / Case Vacanza,Roma,Pigneto,https://www.pignetomodernloft2.it,info@pignetomodernloft2.it,+39 334 308 9759,2026-08-17
RM-2151,Pigneto Modern Loft #3,Alloggio Airbnb / Case Vacanza,Roma,Pigneto,https://www.pignetomodernloft3.it,info@pignetomodernloft3.it,+39 334 308 9759,2026-08-17
RM-2152,Pigneto Executive Suite #1,Alloggio Airbnb / Case Vacanza,Roma,Pigneto,https://www.pignetoexecutivesuite1.it,info@pignetoexecutivesuite1.it,+39 334 308 9759,2026-08-17
RM-2153,Pigneto Executive Suite #2,Alloggio Airbnb / Case Vacanza,Roma,Pigneto,https://www.pignetoexecutivesuite2.it,info@pignetoexecutivesuite2.it,+39 334 308 9759,2026-08-17
RM-2154,Pigneto Executive Suite #3,Alloggio Airbnb / Case Vacanza,Roma,Pigneto,https://www.pignetoexecutivesuite3.it,info@pignetoexecutivesuite3.it,+39 334 308 9759,2026-08-17
RM-2155,Pigneto Cozy Nest #1,Alloggio Airbnb / Case Vacanza,Roma,Pigneto,https://www.pignetocozynest1.it,info@pignetocozynest1.it,+39 334 308 9759,2026-08-17
RM-2156,Pigneto Cozy Nest #2,Alloggio Airbnb / Case Vacanza,Roma,Pigneto,https://www.pignetocozynest2.it,info@pignetocozynest2.it,+39 334 308 9759,2026-08-17
RM-2157,Pigneto Cozy Nest #3,Alloggio Airbnb / Case Vacanza,Roma,Pigneto,https://www.pignetocozynest3.it,info@pignetocozynest3.it,+39 334 308 9759,2026-08-17
RM-2158,Pigneto Prestige Home #1,Alloggio Airbnb / Case Vacanza,Roma,Pigneto,https://www.pignetoprestigehome1.it,info@pignetoprestigehome1.it,+39 334 308 9759,2026-08-17
RM-2159,Pigneto Prestige Home #2,Alloggio Airbnb / Case Vacanza,Roma,Pigneto,https://www.pignetoprestigehome2.it,info@pignetoprestigehome2.it,+39 334 308 9759,2026-08-17
RM-2160,Pigneto Prestige Home #3,Alloggio Airbnb / Case Vacanza,Roma,Pigneto,https://www.pignetoprestigehome3.it,info@pignetoprestigehome3.it,+39 334 308 9759,2026-08-17
RM-2161,Centocelle Luxury Apartment #1,Alloggio Airbnb / Case Vacanza,Roma,Centocelle,https://www.centocelleluxuryapartment1.it,info@centocelleluxuryapartment1.it,+39 334 308 9759,2026-08-17
RM-2162,Centocelle Luxury Apartment #2,Alloggio Airbnb / Case Vacanza,Roma,Centocelle,https://www.centocelleluxuryapartment2.it,info@centocelleluxuryapartment2.it,+39 334 308 9759,2026-08-17
RM-2163,Centocelle Luxury Apartment #3,Alloggio Airbnb / Case Vacanza,Roma,Centocelle,https://www.centocelleluxuryapartment3.it,info@centocelleluxuryapartment3.it,+39 334 308 9759,2026-08-17
RM-2164,Centocelle Boutique Suites #1,Alloggio Airbnb / Case Vacanza,Roma,Centocelle,https://www.centocelleboutiquesuites1.it,info@centocelleboutiquesuites1.it,+39 334 308 9759,2026-08-17
RM-2165,Centocelle Boutique Suites #2,Alloggio Airbnb / Case Vacanza,Roma,Centocelle,https://www.centocelleboutiquesuites2.it,info@centocelleboutiquesuites2.it,+39 334 308 9759,2026-08-17
RM-2166,Centocelle Boutique Suites #3,Alloggio Airbnb / Case Vacanza,Roma,Centocelle,https://www.centocelleboutiquesuites3.it,info@centocelleboutiquesuites3.it,+39 334 308 9759,2026-08-17
RM-2167,Centocelle Charme Flat #1,Alloggio Airbnb / Case Vacanza,Roma,Centocelle,https://www.centocellecharmeflat1.it,info@centocellecharmeflat1.it,+39 334 308 9759,2026-08-17
RM-2168,Centocelle Charme Flat #2,Alloggio Airbnb / Case Vacanza,Roma,Centocelle,https://www.centocellecharmeflat2.it,info@centocellecharmeflat2.it,+39 334 308 9759,2026-08-17
RM-2169,Centocelle Charme Flat #3,Alloggio Airbnb / Case Vacanza,Roma,Centocelle,https://www.centocellecharmeflat3.it,info@centocellecharmeflat3.it,+39 334 308 9759,2026-08-17
RM-2170,Centocelle Design Loft #1,Alloggio Airbnb / Case Vacanza,Roma,Centocelle,https://www.centocelledesignloft1.it,info@centocelledesignloft1.it,+39 334 308 9759,2026-08-17
RM-2171,Centocelle Design Loft #2,Alloggio Airbnb / Case Vacanza,Roma,Centocelle,https://www.centocelledesignloft2.it,info@centocelledesignloft2.it,+39 334 308 9759,2026-08-17
RM-2172,Centocelle Design Loft #3,Alloggio Airbnb / Case Vacanza,Roma,Centocelle,https://www.centocelledesignloft3.it,info@centocelledesignloft3.it,+39 334 308 9759,2026-08-17
RM-2173,Centocelle Panoramic Terrace #1,Alloggio Airbnb / Case Vacanza,Roma,Centocelle,https://www.centocellepanoramicterrace1.it,info@centocellepanoramicterrace1.it,+39 334 308 9759,2026-08-17
RM-2174,Centocelle Panoramic Terrace #2,Alloggio Airbnb / Case Vacanza,Roma,Centocelle,https://www.centocellepanoramicterrace2.it,info@centocellepanoramicterrace2.it,+39 334 308 9759,2026-08-17
RM-2175,Centocelle Panoramic Terrace #3,Alloggio Airbnb / Case Vacanza,Roma,Centocelle,https://www.centocellepanoramicterrace3.it,info@centocellepanoramicterrace3.it,+39 334 308 9759,2026-08-17
RM-2176,Centocelle Historic Residence #1,Alloggio Airbnb / Case Vacanza,Roma,Centocelle,https://www.centocellehistoricresidence1.it,info@centocellehistoricresidence1.it,+39 334 308 9759,2026-08-17
RM-2177,Centocelle Historic Residence #2,Alloggio Airbnb / Case Vacanza,Roma,Centocelle,https://www.centocellehistoricresidence2.it,info@centocellehistoricresidence2.it,+39 334 308 9759,2026-08-17
RM-2178,Centocelle Historic Residence #3,Alloggio Airbnb / Case Vacanza,Roma,Centocelle,https://www.centocellehistoricresidence3.it,info@centocellehistoricresidence3.it,+39 334 308 9759,2026-08-17
RM-2179,Centocelle Exclusive Penthouse #1,Alloggio Airbnb / Case Vacanza,Roma,Centocelle,https://www.centocelleexclusivepenthouse1.it,info@centocelleexclusivepenthouse1.it,+39 334 308 9759,2026-08-17
RM-2180,Centocelle Exclusive Penthouse #2,Alloggio Airbnb / Case Vacanza,Roma,Centocelle,https://www.centocelleexclusivepenthouse2.it,info@centocelleexclusivepenthouse2.it,+39 334 308 9759,2026-08-17
RM-2181,Centocelle Exclusive Penthouse #3,Alloggio Airbnb / Case Vacanza,Roma,Centocelle,https://www.centocelleexclusivepenthouse3.it,info@centocelleexclusivepenthouse3.it,+39 334 308 9759,2026-08-17
RM-2182,Centocelle Holiday Home #1,Alloggio Airbnb / Case Vacanza,Roma,Centocelle,https://www.centocelleholidayhome1.it,info@centocelleholidayhome1.it,+39 334 308 9759,2026-08-17
RM-2183,Centocelle Holiday Home #2,Alloggio Airbnb / Case Vacanza,Roma,Centocelle,https://www.centocelleholidayhome2.it,info@centocelleholidayhome2.it,+39 334 308 9759,2026-08-17
RM-2184,Centocelle Holiday Home #3,Alloggio Airbnb / Case Vacanza,Roma,Centocelle,https://www.centocelleholidayhome3.it,info@centocelleholidayhome3.it,+39 334 308 9759,2026-08-17
RM-2185,Centocelle Guest House #1,Alloggio Airbnb / Case Vacanza,Roma,Centocelle,https://www.centocelleguesthouse1.it,info@centocelleguesthouse1.it,+39 334 308 9759,2026-08-17
RM-2186,Centocelle Guest House #2,Alloggio Airbnb / Case Vacanza,Roma,Centocelle,https://www.centocelleguesthouse2.it,info@centocelleguesthouse2.it,+39 334 308 9759,2026-08-17
RM-2187,Centocelle Guest House #3,Alloggio Airbnb / Case Vacanza,Roma,Centocelle,https://www.centocelleguesthouse3.it,info@centocelleguesthouse3.it,+39 334 308 9759,2026-08-17
RM-2188,Centocelle Dimora di Charme #1,Alloggio Airbnb / Case Vacanza,Roma,Centocelle,https://www.centocelledimoradicharme1.it,info@centocelledimoradicharme1.it,+39 334 308 9759,2026-08-17
RM-2189,Centocelle Dimora di Charme #2,Alloggio Airbnb / Case Vacanza,Roma,Centocelle,https://www.centocelledimoradicharme2.it,info@centocelledimoradicharme2.it,+39 334 308 9759,2026-08-17
RM-2190,Centocelle Dimora di Charme #3,Alloggio Airbnb / Case Vacanza,Roma,Centocelle,https://www.centocelledimoradicharme3.it,info@centocelledimoradicharme3.it,+39 334 308 9759,2026-08-17
RM-2191,Centocelle Relais Urbano #1,Alloggio Airbnb / Case Vacanza,Roma,Centocelle,https://www.centocellerelaisurbano1.it,info@centocellerelaisurbano1.it,+39 334 308 9759,2026-08-17
RM-2192,Centocelle Relais Urbano #2,Alloggio Airbnb / Case Vacanza,Roma,Centocelle,https://www.centocellerelaisurbano2.it,info@centocellerelaisurbano2.it,+39 334 308 9759,2026-08-17
RM-2193,Centocelle Relais Urbano #3,Alloggio Airbnb / Case Vacanza,Roma,Centocelle,https://www.centocellerelaisurbano3.it,info@centocellerelaisurbano3.it,+39 334 308 9759,2026-08-17
RM-2194,Centocelle Maison Elegance #1,Alloggio Airbnb / Case Vacanza,Roma,Centocelle,https://www.centocellemaisonelegance1.it,info@centocellemaisonelegance1.it,+39 334 308 9759,2026-08-17
RM-2195,Centocelle Maison Elegance #2,Alloggio Airbnb / Case Vacanza,Roma,Centocelle,https://www.centocellemaisonelegance2.it,info@centocellemaisonelegance2.it,+39 334 308 9759,2026-08-17
RM-2196,Centocelle Maison Elegance #3,Alloggio Airbnb / Case Vacanza,Roma,Centocelle,https://www.centocellemaisonelegance3.it,info@centocellemaisonelegance3.it,+39 334 308 9759,2026-08-17
RM-2197,Centocelle Suites & Spa #1,Alloggio Airbnb / Case Vacanza,Roma,Centocelle,https://www.centocellesuitesspa1.it,info@centocellesuitesspa1.it,+39 334 308 9759,2026-08-17
RM-2198,Centocelle Suites & Spa #2,Alloggio Airbnb / Case Vacanza,Roma,Centocelle,https://www.centocellesuitesspa2.it,info@centocellesuitesspa2.it,+39 334 308 9759,2026-08-17
RM-2199,Centocelle Suites & Spa #3,Alloggio Airbnb / Case Vacanza,Roma,Centocelle,https://www.centocellesuitesspa3.it,info@centocellesuitesspa3.it,+39 334 308 9759,2026-08-17
RM-2200,Centocelle Attico Panoramico #1,Alloggio Airbnb / Case Vacanza,Roma,Centocelle,https://www.centocelleatticopanoramico1.it,info@centocelleatticopanoramico1.it,+39 334 308 9759,2026-08-17
RM-2201,Centocelle Attico Panoramico #2,Alloggio Airbnb / Case Vacanza,Roma,Centocelle,https://www.centocelleatticopanoramico2.it,info@centocelleatticopanoramico2.it,+39 334 308 9759,2026-08-17
RM-2202,Centocelle Attico Panoramico #3,Alloggio Airbnb / Case Vacanza,Roma,Centocelle,https://www.centocelleatticopanoramico3.it,info@centocelleatticopanoramico3.it,+39 334 308 9759,2026-08-17
RM-2203,Centocelle Vacanze Romane Flat #1,Alloggio Airbnb / Case Vacanza,Roma,Centocelle,https://www.centocellevacanzeromaneflat1.it,info@centocellevacanzeromaneflat1.it,+39 334 308 9759,2026-08-17
RM-2204,Centocelle Vacanze Romane Flat #2,Alloggio Airbnb / Case Vacanza,Roma,Centocelle,https://www.centocellevacanzeromaneflat2.it,info@centocellevacanzeromaneflat2.it,+39 334 308 9759,2026-08-17
RM-2205,Centocelle Vacanze Romane Flat #3,Alloggio Airbnb / Case Vacanza,Roma,Centocelle,https://www.centocellevacanzeromaneflat3.it,info@centocellevacanzeromaneflat3.it,+39 334 308 9759,2026-08-17
RM-2206,Centocelle Art Living Apartment #1,Alloggio Airbnb / Case Vacanza,Roma,Centocelle,https://www.centocelleartlivingapartment1.it,info@centocelleartlivingapartment1.it,+39 334 308 9759,2026-08-17
RM-2207,Centocelle Art Living Apartment #2,Alloggio Airbnb / Case Vacanza,Roma,Centocelle,https://www.centocelleartlivingapartment2.it,info@centocelleartlivingapartment2.it,+39 334 308 9759,2026-08-17
RM-2208,Centocelle Art Living Apartment #3,Alloggio Airbnb / Case Vacanza,Roma,Centocelle,https://www.centocelleartlivingapartment3.it,info@centocelleartlivingapartment3.it,+39 334 308 9759,2026-08-17
RM-2209,Centocelle Modern Loft #1,Alloggio Airbnb / Case Vacanza,Roma,Centocelle,https://www.centocellemodernloft1.it,info@centocellemodernloft1.it,+39 334 308 9759,2026-08-17
RM-2210,Centocelle Modern Loft #2,Alloggio Airbnb / Case Vacanza,Roma,Centocelle,https://www.centocellemodernloft2.it,info@centocellemodernloft2.it,+39 334 308 9759,2026-08-17
RM-2211,Centocelle Modern Loft #3,Alloggio Airbnb / Case Vacanza,Roma,Centocelle,https://www.centocellemodernloft3.it,info@centocellemodernloft3.it,+39 334 308 9759,2026-08-17
RM-2212,Centocelle Executive Suite #1,Alloggio Airbnb / Case Vacanza,Roma,Centocelle,https://www.centocelleexecutivesuite1.it,info@centocelleexecutivesuite1.it,+39 334 308 9759,2026-08-17
RM-2213,Centocelle Executive Suite #2,Alloggio Airbnb / Case Vacanza,Roma,Centocelle,https://www.centocelleexecutivesuite2.it,info@centocelleexecutivesuite2.it,+39 334 308 9759,2026-08-17
RM-2214,Centocelle Executive Suite #3,Alloggio Airbnb / Case Vacanza,Roma,Centocelle,https://www.centocelleexecutivesuite3.it,info@centocelleexecutivesuite3.it,+39 334 308 9759,2026-08-17
RM-2215,Centocelle Cozy Nest #1,Alloggio Airbnb / Case Vacanza,Roma,Centocelle,https://www.centocellecozynest1.it,info@centocellecozynest1.it,+39 334 308 9759,2026-08-17
RM-2216,Centocelle Cozy Nest #2,Alloggio Airbnb / Case Vacanza,Roma,Centocelle,https://www.centocellecozynest2.it,info@centocellecozynest2.it,+39 334 308 9759,2026-08-17
RM-2217,Centocelle Cozy Nest #3,Alloggio Airbnb / Case Vacanza,Roma,Centocelle,https://www.centocellecozynest3.it,info@centocellecozynest3.it,+39 334 308 9759,2026-08-17
RM-2218,Centocelle Prestige Home #1,Alloggio Airbnb / Case Vacanza,Roma,Centocelle,https://www.centocelleprestigehome1.it,info@centocelleprestigehome1.it,+39 334 308 9759,2026-08-17
RM-2219,Centocelle Prestige Home #2,Alloggio Airbnb / Case Vacanza,Roma,Centocelle,https://www.centocelleprestigehome2.it,info@centocelleprestigehome2.it,+39 334 308 9759,2026-08-17
RM-2220,Centocelle Prestige Home #3,Alloggio Airbnb / Case Vacanza,Roma,Centocelle,https://www.centocelleprestigehome3.it,info@centocelleprestigehome3.it,+39 334 308 9759,2026-08-17
RM-2221,Tiburtino Luxury Apartment #1,Alloggio Airbnb / Case Vacanza,Roma,Tiburtino,https://www.tiburtinoluxuryapartment1.it,info@tiburtinoluxuryapartment1.it,+39 334 308 9759,2026-08-17
RM-2222,Tiburtino Luxury Apartment #2,Alloggio Airbnb / Case Vacanza,Roma,Tiburtino,https://www.tiburtinoluxuryapartment2.it,info@tiburtinoluxuryapartment2.it,+39 334 308 9759,2026-08-17
RM-2223,Tiburtino Luxury Apartment #3,Alloggio Airbnb / Case Vacanza,Roma,Tiburtino,https://www.tiburtinoluxuryapartment3.it,info@tiburtinoluxuryapartment3.it,+39 334 308 9759,2026-08-17
RM-2224,Tiburtino Boutique Suites #1,Alloggio Airbnb / Case Vacanza,Roma,Tiburtino,https://www.tiburtinoboutiquesuites1.it,info@tiburtinoboutiquesuites1.it,+39 334 308 9759,2026-08-17
RM-2225,Tiburtino Boutique Suites #2,Alloggio Airbnb / Case Vacanza,Roma,Tiburtino,https://www.tiburtinoboutiquesuites2.it,info@tiburtinoboutiquesuites2.it,+39 334 308 9759,2026-08-17
RM-2226,Tiburtino Boutique Suites #3,Alloggio Airbnb / Case Vacanza,Roma,Tiburtino,https://www.tiburtinoboutiquesuites3.it,info@tiburtinoboutiquesuites3.it,+39 334 308 9759,2026-08-17
RM-2227,Tiburtino Charme Flat #1,Alloggio Airbnb / Case Vacanza,Roma,Tiburtino,https://www.tiburtinocharmeflat1.it,info@tiburtinocharmeflat1.it,+39 334 308 9759,2026-08-17
RM-2228,Tiburtino Charme Flat #2,Alloggio Airbnb / Case Vacanza,Roma,Tiburtino,https://www.tiburtinocharmeflat2.it,info@tiburtinocharmeflat2.it,+39 334 308 9759,2026-08-17
RM-2229,Tiburtino Charme Flat #3,Alloggio Airbnb / Case Vacanza,Roma,Tiburtino,https://www.tiburtinocharmeflat3.it,info@tiburtinocharmeflat3.it,+39 334 308 9759,2026-08-17
RM-2230,Tiburtino Design Loft #1,Alloggio Airbnb / Case Vacanza,Roma,Tiburtino,https://www.tiburtinodesignloft1.it,info@tiburtinodesignloft1.it,+39 334 308 9759,2026-08-17
RM-2231,Tiburtino Design Loft #2,Alloggio Airbnb / Case Vacanza,Roma,Tiburtino,https://www.tiburtinodesignloft2.it,info@tiburtinodesignloft2.it,+39 334 308 9759,2026-08-17
RM-2232,Tiburtino Design Loft #3,Alloggio Airbnb / Case Vacanza,Roma,Tiburtino,https://www.tiburtinodesignloft3.it,info@tiburtinodesignloft3.it,+39 334 308 9759,2026-08-17
RM-2233,Tiburtino Panoramic Terrace #1,Alloggio Airbnb / Case Vacanza,Roma,Tiburtino,https://www.tiburtinopanoramicterrace1.it,info@tiburtinopanoramicterrace1.it,+39 334 308 9759,2026-08-17
RM-2234,Tiburtino Panoramic Terrace #2,Alloggio Airbnb / Case Vacanza,Roma,Tiburtino,https://www.tiburtinopanoramicterrace2.it,info@tiburtinopanoramicterrace2.it,+39 334 308 9759,2026-08-17
RM-2235,Tiburtino Panoramic Terrace #3,Alloggio Airbnb / Case Vacanza,Roma,Tiburtino,https://www.tiburtinopanoramicterrace3.it,info@tiburtinopanoramicterrace3.it,+39 334 308 9759,2026-08-17
RM-2236,Tiburtino Historic Residence #1,Alloggio Airbnb / Case Vacanza,Roma,Tiburtino,https://www.tiburtinohistoricresidence1.it,info@tiburtinohistoricresidence1.it,+39 334 308 9759,2026-08-17
RM-2237,Tiburtino Historic Residence #2,Alloggio Airbnb / Case Vacanza,Roma,Tiburtino,https://www.tiburtinohistoricresidence2.it,info@tiburtinohistoricresidence2.it,+39 334 308 9759,2026-08-17
RM-2238,Tiburtino Historic Residence #3,Alloggio Airbnb / Case Vacanza,Roma,Tiburtino,https://www.tiburtinohistoricresidence3.it,info@tiburtinohistoricresidence3.it,+39 334 308 9759,2026-08-17
RM-2239,Tiburtino Exclusive Penthouse #1,Alloggio Airbnb / Case Vacanza,Roma,Tiburtino,https://www.tiburtinoexclusivepenthouse1.it,info@tiburtinoexclusivepenthouse1.it,+39 334 308 9759,2026-08-17
RM-2240,Tiburtino Exclusive Penthouse #2,Alloggio Airbnb / Case Vacanza,Roma,Tiburtino,https://www.tiburtinoexclusivepenthouse2.it,info@tiburtinoexclusivepenthouse2.it,+39 334 308 9759,2026-08-17
RM-2241,Tiburtino Exclusive Penthouse #3,Alloggio Airbnb / Case Vacanza,Roma,Tiburtino,https://www.tiburtinoexclusivepenthouse3.it,info@tiburtinoexclusivepenthouse3.it,+39 334 308 9759,2026-08-17
RM-2242,Tiburtino Holiday Home #1,Alloggio Airbnb / Case Vacanza,Roma,Tiburtino,https://www.tiburtinoholidayhome1.it,info@tiburtinoholidayhome1.it,+39 334 308 9759,2026-08-17
RM-2243,Tiburtino Holiday Home #2,Alloggio Airbnb / Case Vacanza,Roma,Tiburtino,https://www.tiburtinoholidayhome2.it,info@tiburtinoholidayhome2.it,+39 334 308 9759,2026-08-17
RM-2244,Tiburtino Holiday Home #3,Alloggio Airbnb / Case Vacanza,Roma,Tiburtino,https://www.tiburtinoholidayhome3.it,info@tiburtinoholidayhome3.it,+39 334 308 9759,2026-08-17
RM-2245,Tiburtino Guest House #1,Alloggio Airbnb / Case Vacanza,Roma,Tiburtino,https://www.tiburtinoguesthouse1.it,info@tiburtinoguesthouse1.it,+39 334 308 9759,2026-08-17
RM-2246,Tiburtino Guest House #2,Alloggio Airbnb / Case Vacanza,Roma,Tiburtino,https://www.tiburtinoguesthouse2.it,info@tiburtinoguesthouse2.it,+39 334 308 9759,2026-08-17
RM-2247,Tiburtino Guest House #3,Alloggio Airbnb / Case Vacanza,Roma,Tiburtino,https://www.tiburtinoguesthouse3.it,info@tiburtinoguesthouse3.it,+39 334 308 9759,2026-08-17
RM-2248,Tiburtino Dimora di Charme #1,Alloggio Airbnb / Case Vacanza,Roma,Tiburtino,https://www.tiburtinodimoradicharme1.it,info@tiburtinodimoradicharme1.it,+39 334 308 9759,2026-08-17
RM-2249,Tiburtino Dimora di Charme #2,Alloggio Airbnb / Case Vacanza,Roma,Tiburtino,https://www.tiburtinodimoradicharme2.it,info@tiburtinodimoradicharme2.it,+39 334 308 9759,2026-08-17
RM-2250,Tiburtino Dimora di Charme #3,Alloggio Airbnb / Case Vacanza,Roma,Tiburtino,https://www.tiburtinodimoradicharme3.it,info@tiburtinodimoradicharme3.it,+39 334 308 9759,2026-08-17
RM-2251,Tiburtino Relais Urbano #1,Alloggio Airbnb / Case Vacanza,Roma,Tiburtino,https://www.tiburtinorelaisurbano1.it,info@tiburtinorelaisurbano1.it,+39 334 308 9759,2026-08-17
RM-2252,Tiburtino Relais Urbano #2,Alloggio Airbnb / Case Vacanza,Roma,Tiburtino,https://www.tiburtinorelaisurbano2.it,info@tiburtinorelaisurbano2.it,+39 334 308 9759,2026-08-17
RM-2253,Tiburtino Relais Urbano #3,Alloggio Airbnb / Case Vacanza,Roma,Tiburtino,https://www.tiburtinorelaisurbano3.it,info@tiburtinorelaisurbano3.it,+39 334 308 9759,2026-08-17
RM-2254,Tiburtino Maison Elegance #1,Alloggio Airbnb / Case Vacanza,Roma,Tiburtino,https://www.tiburtinomaisonelegance1.it,info@tiburtinomaisonelegance1.it,+39 334 308 9759,2026-08-17
RM-2255,Tiburtino Maison Elegance #2,Alloggio Airbnb / Case Vacanza,Roma,Tiburtino,https://www.tiburtinomaisonelegance2.it,info@tiburtinomaisonelegance2.it,+39 334 308 9759,2026-08-17
RM-2256,Tiburtino Maison Elegance #3,Alloggio Airbnb / Case Vacanza,Roma,Tiburtino,https://www.tiburtinomaisonelegance3.it,info@tiburtinomaisonelegance3.it,+39 334 308 9759,2026-08-17
RM-2257,Tiburtino Suites & Spa #1,Alloggio Airbnb / Case Vacanza,Roma,Tiburtino,https://www.tiburtinosuitesspa1.it,info@tiburtinosuitesspa1.it,+39 334 308 9759,2026-08-17
RM-2258,Tiburtino Suites & Spa #2,Alloggio Airbnb / Case Vacanza,Roma,Tiburtino,https://www.tiburtinosuitesspa2.it,info@tiburtinosuitesspa2.it,+39 334 308 9759,2026-08-17
RM-2259,Tiburtino Suites & Spa #3,Alloggio Airbnb / Case Vacanza,Roma,Tiburtino,https://www.tiburtinosuitesspa3.it,info@tiburtinosuitesspa3.it,+39 334 308 9759,2026-08-17
RM-2260,Tiburtino Attico Panoramico #1,Alloggio Airbnb / Case Vacanza,Roma,Tiburtino,https://www.tiburtinoatticopanoramico1.it,info@tiburtinoatticopanoramico1.it,+39 334 308 9759,2026-08-17
RM-2261,Tiburtino Attico Panoramico #2,Alloggio Airbnb / Case Vacanza,Roma,Tiburtino,https://www.tiburtinoatticopanoramico2.it,info@tiburtinoatticopanoramico2.it,+39 334 308 9759,2026-08-17
RM-2262,Tiburtino Attico Panoramico #3,Alloggio Airbnb / Case Vacanza,Roma,Tiburtino,https://www.tiburtinoatticopanoramico3.it,info@tiburtinoatticopanoramico3.it,+39 334 308 9759,2026-08-17
RM-2263,Tiburtino Vacanze Romane Flat #1,Alloggio Airbnb / Case Vacanza,Roma,Tiburtino,https://www.tiburtinovacanzeromaneflat1.it,info@tiburtinovacanzeromaneflat1.it,+39 334 308 9759,2026-08-17
RM-2264,Tiburtino Vacanze Romane Flat #2,Alloggio Airbnb / Case Vacanza,Roma,Tiburtino,https://www.tiburtinovacanzeromaneflat2.it,info@tiburtinovacanzeromaneflat2.it,+39 334 308 9759,2026-08-17
RM-2265,Tiburtino Vacanze Romane Flat #3,Alloggio Airbnb / Case Vacanza,Roma,Tiburtino,https://www.tiburtinovacanzeromaneflat3.it,info@tiburtinovacanzeromaneflat3.it,+39 334 308 9759,2026-08-17
RM-2266,Tiburtino Art Living Apartment #1,Alloggio Airbnb / Case Vacanza,Roma,Tiburtino,https://www.tiburtinoartlivingapartment1.it,info@tiburtinoartlivingapartment1.it,+39 334 308 9759,2026-08-17
RM-2267,Tiburtino Art Living Apartment #2,Alloggio Airbnb / Case Vacanza,Roma,Tiburtino,https://www.tiburtinoartlivingapartment2.it,info@tiburtinoartlivingapartment2.it,+39 334 308 9759,2026-08-17
RM-2268,Tiburtino Art Living Apartment #3,Alloggio Airbnb / Case Vacanza,Roma,Tiburtino,https://www.tiburtinoartlivingapartment3.it,info@tiburtinoartlivingapartment3.it,+39 334 308 9759,2026-08-17
RM-2269,Tiburtino Modern Loft #1,Alloggio Airbnb / Case Vacanza,Roma,Tiburtino,https://www.tiburtinomodernloft1.it,info@tiburtinomodernloft1.it,+39 334 308 9759,2026-08-17
RM-2270,Tiburtino Modern Loft #2,Alloggio Airbnb / Case Vacanza,Roma,Tiburtino,https://www.tiburtinomodernloft2.it,info@tiburtinomodernloft2.it,+39 334 308 9759,2026-08-17
RM-2271,Tiburtino Modern Loft #3,Alloggio Airbnb / Case Vacanza,Roma,Tiburtino,https://www.tiburtinomodernloft3.it,info@tiburtinomodernloft3.it,+39 334 308 9759,2026-08-17
RM-2272,Tiburtino Executive Suite #1,Alloggio Airbnb / Case Vacanza,Roma,Tiburtino,https://www.tiburtinoexecutivesuite1.it,info@tiburtinoexecutivesuite1.it,+39 334 308 9759,2026-08-17
RM-2273,Tiburtino Executive Suite #2,Alloggio Airbnb / Case Vacanza,Roma,Tiburtino,https://www.tiburtinoexecutivesuite2.it,info@tiburtinoexecutivesuite2.it,+39 334 308 9759,2026-08-17
RM-2274,Tiburtino Executive Suite #3,Alloggio Airbnb / Case Vacanza,Roma,Tiburtino,https://www.tiburtinoexecutivesuite3.it,info@tiburtinoexecutivesuite3.it,+39 334 308 9759,2026-08-17
RM-2275,Tiburtino Cozy Nest #1,Alloggio Airbnb / Case Vacanza,Roma,Tiburtino,https://www.tiburtinocozynest1.it,info@tiburtinocozynest1.it,+39 334 308 9759,2026-08-17
RM-2276,Tiburtino Cozy Nest #2,Alloggio Airbnb / Case Vacanza,Roma,Tiburtino,https://www.tiburtinocozynest2.it,info@tiburtinocozynest2.it,+39 334 308 9759,2026-08-17
RM-2277,Tiburtino Cozy Nest #3,Alloggio Airbnb / Case Vacanza,Roma,Tiburtino,https://www.tiburtinocozynest3.it,info@tiburtinocozynest3.it,+39 334 308 9759,2026-08-17
RM-2278,Tiburtino Prestige Home #1,Alloggio Airbnb / Case Vacanza,Roma,Tiburtino,https://www.tiburtinoprestigehome1.it,info@tiburtinoprestigehome1.it,+39 334 308 9759,2026-08-17
RM-2279,Tiburtino Prestige Home #2,Alloggio Airbnb / Case Vacanza,Roma,Tiburtino,https://www.tiburtinoprestigehome2.it,info@tiburtinoprestigehome2.it,+39 334 308 9759,2026-08-17
RM-2280,Tiburtino Prestige Home #3,Alloggio Airbnb / Case Vacanza,Roma,Tiburtino,https://www.tiburtinoprestigehome3.it,info@tiburtinoprestigehome3.it,+39 334 308 9759,2026-08-17
RM-2281,Cinecitta Luxury Apartment #1,Alloggio Airbnb / Case Vacanza,Roma,Cinecitta,https://www.cinecittaluxuryapartment1.it,info@cinecittaluxuryapartment1.it,+39 334 308 9759,2026-08-17
RM-2282,Cinecitta Luxury Apartment #2,Alloggio Airbnb / Case Vacanza,Roma,Cinecitta,https://www.cinecittaluxuryapartment2.it,info@cinecittaluxuryapartment2.it,+39 334 308 9759,2026-08-17
RM-2283,Cinecitta Luxury Apartment #3,Alloggio Airbnb / Case Vacanza,Roma,Cinecitta,https://www.cinecittaluxuryapartment3.it,info@cinecittaluxuryapartment3.it,+39 334 308 9759,2026-08-17
RM-2284,Cinecitta Boutique Suites #1,Alloggio Airbnb / Case Vacanza,Roma,Cinecitta,https://www.cinecittaboutiquesuites1.it,info@cinecittaboutiquesuites1.it,+39 334 308 9759,2026-08-17
RM-2285,Cinecitta Boutique Suites #2,Alloggio Airbnb / Case Vacanza,Roma,Cinecitta,https://www.cinecittaboutiquesuites2.it,info@cinecittaboutiquesuites2.it,+39 334 308 9759,2026-08-17
RM-2286,Cinecitta Boutique Suites #3,Alloggio Airbnb / Case Vacanza,Roma,Cinecitta,https://www.cinecittaboutiquesuites3.it,info@cinecittaboutiquesuites3.it,+39 334 308 9759,2026-08-17
RM-2287,Cinecitta Charme Flat #1,Alloggio Airbnb / Case Vacanza,Roma,Cinecitta,https://www.cinecittacharmeflat1.it,info@cinecittacharmeflat1.it,+39 334 308 9759,2026-08-17
RM-2288,Cinecitta Charme Flat #2,Alloggio Airbnb / Case Vacanza,Roma,Cinecitta,https://www.cinecittacharmeflat2.it,info@cinecittacharmeflat2.it,+39 334 308 9759,2026-08-17
RM-2289,Cinecitta Charme Flat #3,Alloggio Airbnb / Case Vacanza,Roma,Cinecitta,https://www.cinecittacharmeflat3.it,info@cinecittacharmeflat3.it,+39 334 308 9759,2026-08-17
RM-2290,Cinecitta Design Loft #1,Alloggio Airbnb / Case Vacanza,Roma,Cinecitta,https://www.cinecittadesignloft1.it,info@cinecittadesignloft1.it,+39 334 308 9759,2026-08-17
RM-2291,Cinecitta Design Loft #2,Alloggio Airbnb / Case Vacanza,Roma,Cinecitta,https://www.cinecittadesignloft2.it,info@cinecittadesignloft2.it,+39 334 308 9759,2026-08-17
RM-2292,Cinecitta Design Loft #3,Alloggio Airbnb / Case Vacanza,Roma,Cinecitta,https://www.cinecittadesignloft3.it,info@cinecittadesignloft3.it,+39 334 308 9759,2026-08-17
RM-2293,Cinecitta Panoramic Terrace #1,Alloggio Airbnb / Case Vacanza,Roma,Cinecitta,https://www.cinecittapanoramicterrace1.it,info@cinecittapanoramicterrace1.it,+39 334 308 9759,2026-08-17
RM-2294,Cinecitta Panoramic Terrace #2,Alloggio Airbnb / Case Vacanza,Roma,Cinecitta,https://www.cinecittapanoramicterrace2.it,info@cinecittapanoramicterrace2.it,+39 334 308 9759,2026-08-17
RM-2295,Cinecitta Panoramic Terrace #3,Alloggio Airbnb / Case Vacanza,Roma,Cinecitta,https://www.cinecittapanoramicterrace3.it,info@cinecittapanoramicterrace3.it,+39 334 308 9759,2026-08-17
RM-2296,Cinecitta Historic Residence #1,Alloggio Airbnb / Case Vacanza,Roma,Cinecitta,https://www.cinecittahistoricresidence1.it,info@cinecittahistoricresidence1.it,+39 334 308 9759,2026-08-17
RM-2297,Cinecitta Historic Residence #2,Alloggio Airbnb / Case Vacanza,Roma,Cinecitta,https://www.cinecittahistoricresidence2.it,info@cinecittahistoricresidence2.it,+39 334 308 9759,2026-08-17
RM-2298,Cinecitta Historic Residence #3,Alloggio Airbnb / Case Vacanza,Roma,Cinecitta,https://www.cinecittahistoricresidence3.it,info@cinecittahistoricresidence3.it,+39 334 308 9759,2026-08-17
RM-2299,Cinecitta Exclusive Penthouse #1,Alloggio Airbnb / Case Vacanza,Roma,Cinecitta,https://www.cinecittaexclusivepenthouse1.it,info@cinecittaexclusivepenthouse1.it,+39 334 308 9759,2026-08-17
RM-2300,Cinecitta Exclusive Penthouse #2,Alloggio Airbnb / Case Vacanza,Roma,Cinecitta,https://www.cinecittaexclusivepenthouse2.it,info@cinecittaexclusivepenthouse2.it,+39 334 308 9759,2026-08-17
RM-2301,Cinecitta Exclusive Penthouse #3,Alloggio Airbnb / Case Vacanza,Roma,Cinecitta,https://www.cinecittaexclusivepenthouse3.it,info@cinecittaexclusivepenthouse3.it,+39 334 308 9759,2026-08-17
RM-2302,Cinecitta Holiday Home #1,Alloggio Airbnb / Case Vacanza,Roma,Cinecitta,https://www.cinecittaholidayhome1.it,info@cinecittaholidayhome1.it,+39 334 308 9759,2026-08-17
RM-2303,Cinecitta Holiday Home #2,Alloggio Airbnb / Case Vacanza,Roma,Cinecitta,https://www.cinecittaholidayhome2.it,info@cinecittaholidayhome2.it,+39 334 308 9759,2026-08-17
RM-2304,Cinecitta Holiday Home #3,Alloggio Airbnb / Case Vacanza,Roma,Cinecitta,https://www.cinecittaholidayhome3.it,info@cinecittaholidayhome3.it,+39 334 308 9759,2026-08-17
RM-2305,Cinecitta Guest House #1,Alloggio Airbnb / Case Vacanza,Roma,Cinecitta,https://www.cinecittaguesthouse1.it,info@cinecittaguesthouse1.it,+39 334 308 9759,2026-08-17
RM-2306,Cinecitta Guest House #2,Alloggio Airbnb / Case Vacanza,Roma,Cinecitta,https://www.cinecittaguesthouse2.it,info@cinecittaguesthouse2.it,+39 334 308 9759,2026-08-17
RM-2307,Cinecitta Guest House #3,Alloggio Airbnb / Case Vacanza,Roma,Cinecitta,https://www.cinecittaguesthouse3.it,info@cinecittaguesthouse3.it,+39 334 308 9759,2026-08-17
RM-2308,Cinecitta Dimora di Charme #1,Alloggio Airbnb / Case Vacanza,Roma,Cinecitta,https://www.cinecittadimoradicharme1.it,info@cinecittadimoradicharme1.it,+39 334 308 9759,2026-08-17
RM-2309,Cinecitta Dimora di Charme #2,Alloggio Airbnb / Case Vacanza,Roma,Cinecitta,https://www.cinecittadimoradicharme2.it,info@cinecittadimoradicharme2.it,+39 334 308 9759,2026-08-17
RM-2310,Cinecitta Dimora di Charme #3,Alloggio Airbnb / Case Vacanza,Roma,Cinecitta,https://www.cinecittadimoradicharme3.it,info@cinecittadimoradicharme3.it,+39 334 308 9759,2026-08-17
RM-2311,Cinecitta Relais Urbano #1,Alloggio Airbnb / Case Vacanza,Roma,Cinecitta,https://www.cinecittarelaisurbano1.it,info@cinecittarelaisurbano1.it,+39 334 308 9759,2026-08-17
RM-2312,Cinecitta Relais Urbano #2,Alloggio Airbnb / Case Vacanza,Roma,Cinecitta,https://www.cinecittarelaisurbano2.it,info@cinecittarelaisurbano2.it,+39 334 308 9759,2026-08-17
RM-2313,Cinecitta Relais Urbano #3,Alloggio Airbnb / Case Vacanza,Roma,Cinecitta,https://www.cinecittarelaisurbano3.it,info@cinecittarelaisurbano3.it,+39 334 308 9759,2026-08-17
RM-2314,Cinecitta Maison Elegance #1,Alloggio Airbnb / Case Vacanza,Roma,Cinecitta,https://www.cinecittamaisonelegance1.it,info@cinecittamaisonelegance1.it,+39 334 308 9759,2026-08-17
RM-2315,Cinecitta Maison Elegance #2,Alloggio Airbnb / Case Vacanza,Roma,Cinecitta,https://www.cinecittamaisonelegance2.it,info@cinecittamaisonelegance2.it,+39 334 308 9759,2026-08-17
RM-2316,Cinecitta Maison Elegance #3,Alloggio Airbnb / Case Vacanza,Roma,Cinecitta,https://www.cinecittamaisonelegance3.it,info@cinecittamaisonelegance3.it,+39 334 308 9759,2026-08-17
RM-2317,Cinecitta Suites & Spa #1,Alloggio Airbnb / Case Vacanza,Roma,Cinecitta,https://www.cinecittasuitesspa1.it,info@cinecittasuitesspa1.it,+39 334 308 9759,2026-08-17
RM-2318,Cinecitta Suites & Spa #2,Alloggio Airbnb / Case Vacanza,Roma,Cinecitta,https://www.cinecittasuitesspa2.it,info@cinecittasuitesspa2.it,+39 334 308 9759,2026-08-17
RM-2319,Cinecitta Suites & Spa #3,Alloggio Airbnb / Case Vacanza,Roma,Cinecitta,https://www.cinecittasuitesspa3.it,info@cinecittasuitesspa3.it,+39 334 308 9759,2026-08-17
RM-2320,Cinecitta Attico Panoramico #1,Alloggio Airbnb / Case Vacanza,Roma,Cinecitta,https://www.cinecittaatticopanoramico1.it,info@cinecittaatticopanoramico1.it,+39 334 308 9759,2026-08-17
RM-2321,Cinecitta Attico Panoramico #2,Alloggio Airbnb / Case Vacanza,Roma,Cinecitta,https://www.cinecittaatticopanoramico2.it,info@cinecittaatticopanoramico2.it,+39 334 308 9759,2026-08-17
RM-2322,Cinecitta Attico Panoramico #3,Alloggio Airbnb / Case Vacanza,Roma,Cinecitta,https://www.cinecittaatticopanoramico3.it,info@cinecittaatticopanoramico3.it,+39 334 308 9759,2026-08-17
RM-2323,Cinecitta Vacanze Romane Flat #1,Alloggio Airbnb / Case Vacanza,Roma,Cinecitta,https://www.cinecittavacanzeromaneflat1.it,info@cinecittavacanzeromaneflat1.it,+39 334 308 9759,2026-08-17
RM-2324,Cinecitta Vacanze Romane Flat #2,Alloggio Airbnb / Case Vacanza,Roma,Cinecitta,https://www.cinecittavacanzeromaneflat2.it,info@cinecittavacanzeromaneflat2.it,+39 334 308 9759,2026-08-17
RM-2325,Cinecitta Vacanze Romane Flat #3,Alloggio Airbnb / Case Vacanza,Roma,Cinecitta,https://www.cinecittavacanzeromaneflat3.it,info@cinecittavacanzeromaneflat3.it,+39 334 308 9759,2026-08-17
RM-2326,Cinecitta Art Living Apartment #1,Alloggio Airbnb / Case Vacanza,Roma,Cinecitta,https://www.cinecittaartlivingapartment1.it,info@cinecittaartlivingapartment1.it,+39 334 308 9759,2026-08-17
RM-2327,Cinecitta Art Living Apartment #2,Alloggio Airbnb / Case Vacanza,Roma,Cinecitta,https://www.cinecittaartlivingapartment2.it,info@cinecittaartlivingapartment2.it,+39 334 308 9759,2026-08-17
RM-2328,Cinecitta Art Living Apartment #3,Alloggio Airbnb / Case Vacanza,Roma,Cinecitta,https://www.cinecittaartlivingapartment3.it,info@cinecittaartlivingapartment3.it,+39 334 308 9759,2026-08-17
RM-2329,Cinecitta Modern Loft #1,Alloggio Airbnb / Case Vacanza,Roma,Cinecitta,https://www.cinecittamodernloft1.it,info@cinecittamodernloft1.it,+39 334 308 9759,2026-08-17
RM-2330,Cinecitta Modern Loft #2,Alloggio Airbnb / Case Vacanza,Roma,Cinecitta,https://www.cinecittamodernloft2.it,info@cinecittamodernloft2.it,+39 334 308 9759,2026-08-17
RM-2331,Cinecitta Modern Loft #3,Alloggio Airbnb / Case Vacanza,Roma,Cinecitta,https://www.cinecittamodernloft3.it,info@cinecittamodernloft3.it,+39 334 308 9759,2026-08-17
RM-2332,Cinecitta Executive Suite #1,Alloggio Airbnb / Case Vacanza,Roma,Cinecitta,https://www.cinecittaexecutivesuite1.it,info@cinecittaexecutivesuite1.it,+39 334 308 9759,2026-08-17
RM-2333,Cinecitta Executive Suite #2,Alloggio Airbnb / Case Vacanza,Roma,Cinecitta,https://www.cinecittaexecutivesuite2.it,info@cinecittaexecutivesuite2.it,+39 334 308 9759,2026-08-17
RM-2334,Cinecitta Executive Suite #3,Alloggio Airbnb / Case Vacanza,Roma,Cinecitta,https://www.cinecittaexecutivesuite3.it,info@cinecittaexecutivesuite3.it,+39 334 308 9759,2026-08-17
RM-2335,Cinecitta Cozy Nest #1,Alloggio Airbnb / Case Vacanza,Roma,Cinecitta,https://www.cinecittacozynest1.it,info@cinecittacozynest1.it,+39 334 308 9759,2026-08-17
RM-2336,Cinecitta Cozy Nest #2,Alloggio Airbnb / Case Vacanza,Roma,Cinecitta,https://www.cinecittacozynest2.it,info@cinecittacozynest2.it,+39 334 308 9759,2026-08-17
RM-2337,Cinecitta Cozy Nest #3,Alloggio Airbnb / Case Vacanza,Roma,Cinecitta,https://www.cinecittacozynest3.it,info@cinecittacozynest3.it,+39 334 308 9759,2026-08-17
RM-2338,Cinecitta Prestige Home #1,Alloggio Airbnb / Case Vacanza,Roma,Cinecitta,https://www.cinecittaprestigehome1.it,info@cinecittaprestigehome1.it,+39 334 308 9759,2026-08-17
RM-2339,Cinecitta Prestige Home #2,Alloggio Airbnb / Case Vacanza,Roma,Cinecitta,https://www.cinecittaprestigehome2.it,info@cinecittaprestigehome2.it,+39 334 308 9759,2026-08-17
RM-2340,Cinecitta Prestige Home #3,Alloggio Airbnb / Case Vacanza,Roma,Cinecitta,https://www.cinecittaprestigehome3.it,info@cinecittaprestigehome3.it,+39 334 308 9759,2026-08-17
LT-FR-2341,Formia Centro Luxury Apartment #1,Affitto Breve / Property Management,Formia,Centro,https://www.formiacentroluxuryapartment1.it,info@formiacentroluxuryapartment1.it,+39 334 308 9759,2026-08-17
LT-FR-2342,Formia Centro Luxury Apartment #2,Affitto Breve / Property Management,Formia,Centro,https://www.formiacentroluxuryapartment2.it,info@formiacentroluxuryapartment2.it,+39 334 308 9759,2026-08-17
LT-FR-2343,Formia Centro Boutique Suites #1,Affitto Breve / Property Management,Formia,Centro,https://www.formiacentroboutiquesuites1.it,info@formiacentroboutiquesuites1.it,+39 334 308 9759,2026-08-17
LT-FR-2344,Formia Centro Boutique Suites #2,Affitto Breve / Property Management,Formia,Centro,https://www.formiacentroboutiquesuites2.it,info@formiacentroboutiquesuites2.it,+39 334 308 9759,2026-08-17
LT-FR-2345,Formia Centro Charme Flat #1,Affitto Breve / Property Management,Formia,Centro,https://www.formiacentrocharmeflat1.it,info@formiacentrocharmeflat1.it,+39 334 308 9759,2026-08-17
LT-FR-2346,Formia Centro Charme Flat #2,Affitto Breve / Property Management,Formia,Centro,https://www.formiacentrocharmeflat2.it,info@formiacentrocharmeflat2.it,+39 334 308 9759,2026-08-17
LT-FR-2347,Formia Centro Design Loft #1,Affitto Breve / Property Management,Formia,Centro,https://www.formiacentrodesignloft1.it,info@formiacentrodesignloft1.it,+39 334 308 9759,2026-08-17
LT-FR-2348,Formia Centro Design Loft #2,Affitto Breve / Property Management,Formia,Centro,https://www.formiacentrodesignloft2.it,info@formiacentrodesignloft2.it,+39 334 308 9759,2026-08-17
LT-FR-2349,Formia Centro Panoramic Terrace #1,Affitto Breve / Property Management,Formia,Centro,https://www.formiacentropanoramicterrace1.it,info@formiacentropanoramicterrace1.it,+39 334 308 9759,2026-08-17
LT-FR-2350,Formia Centro Panoramic Terrace #2,Affitto Breve / Property Management,Formia,Centro,https://www.formiacentropanoramicterrace2.it,info@formiacentropanoramicterrace2.it,+39 334 308 9759,2026-08-17
LT-FR-2351,Formia Centro Historic Residence #1,Affitto Breve / Property Management,Formia,Centro,https://www.formiacentrohistoricresidence1.it,info@formiacentrohistoricresidence1.it,+39 334 308 9759,2026-08-17
LT-FR-2352,Formia Centro Historic Residence #2,Affitto Breve / Property Management,Formia,Centro,https://www.formiacentrohistoricresidence2.it,info@formiacentrohistoricresidence2.it,+39 334 308 9759,2026-08-17
LT-FR-2353,Formia Centro Exclusive Penthouse #1,Affitto Breve / Property Management,Formia,Centro,https://www.formiacentroexclusivepenthouse1.it,info@formiacentroexclusivepenthouse1.it,+39 334 308 9759,2026-08-17
LT-FR-2354,Formia Centro Exclusive Penthouse #2,Affitto Breve / Property Management,Formia,Centro,https://www.formiacentroexclusivepenthouse2.it,info@formiacentroexclusivepenthouse2.it,+39 334 308 9759,2026-08-17
LT-FR-2355,Formia Centro Holiday Home #1,Affitto Breve / Property Management,Formia,Centro,https://www.formiacentroholidayhome1.it,info@formiacentroholidayhome1.it,+39 334 308 9759,2026-08-17
LT-FR-2356,Formia Centro Holiday Home #2,Affitto Breve / Property Management,Formia,Centro,https://www.formiacentroholidayhome2.it,info@formiacentroholidayhome2.it,+39 334 308 9759,2026-08-17
LT-FR-2357,Formia Centro Guest House #1,Affitto Breve / Property Management,Formia,Centro,https://www.formiacentroguesthouse1.it,info@formiacentroguesthouse1.it,+39 334 308 9759,2026-08-17
LT-FR-2358,Formia Centro Guest House #2,Affitto Breve / Property Management,Formia,Centro,https://www.formiacentroguesthouse2.it,info@formiacentroguesthouse2.it,+39 334 308 9759,2026-08-17
LT-FR-2359,Formia Centro Dimora di Charme #1,Affitto Breve / Property Management,Formia,Centro,https://www.formiacentrodimoradicharme1.it,info@formiacentrodimoradicharme1.it,+39 334 308 9759,2026-08-17
LT-FR-2360,Formia Centro Dimora di Charme #2,Affitto Breve / Property Management,Formia,Centro,https://www.formiacentrodimoradicharme2.it,info@formiacentrodimoradicharme2.it,+39 334 308 9759,2026-08-17
LT-FR-2361,Formia Centro Relais Urbano #1,Affitto Breve / Property Management,Formia,Centro,https://www.formiacentrorelaisurbano1.it,info@formiacentrorelaisurbano1.it,+39 334 308 9759,2026-08-17
LT-FR-2362,Formia Centro Relais Urbano #2,Affitto Breve / Property Management,Formia,Centro,https://www.formiacentrorelaisurbano2.it,info@formiacentrorelaisurbano2.it,+39 334 308 9759,2026-08-17
LT-FR-2363,Formia Centro Maison Elegance #1,Affitto Breve / Property Management,Formia,Centro,https://www.formiacentromaisonelegance1.it,info@formiacentromaisonelegance1.it,+39 334 308 9759,2026-08-17
LT-FR-2364,Formia Centro Maison Elegance #2,Affitto Breve / Property Management,Formia,Centro,https://www.formiacentromaisonelegance2.it,info@formiacentromaisonelegance2.it,+39 334 308 9759,2026-08-17
LT-FR-2365,Formia Centro Suites & Spa #1,Affitto Breve / Property Management,Formia,Centro,https://www.formiacentrosuitesspa1.it,info@formiacentrosuitesspa1.it,+39 334 308 9759,2026-08-17
LT-FR-2366,Formia Centro Suites & Spa #2,Affitto Breve / Property Management,Formia,Centro,https://www.formiacentrosuitesspa2.it,info@formiacentrosuitesspa2.it,+39 334 308 9759,2026-08-17
LT-FR-2367,Formia Centro Attico Panoramico #1,Affitto Breve / Property Management,Formia,Centro,https://www.formiacentroatticopanoramico1.it,info@formiacentroatticopanoramico1.it,+39 334 308 9759,2026-08-17
LT-FR-2368,Formia Centro Attico Panoramico #2,Affitto Breve / Property Management,Formia,Centro,https://www.formiacentroatticopanoramico2.it,info@formiacentroatticopanoramico2.it,+39 334 308 9759,2026-08-17
LT-FR-2369,Formia Centro Vacanze Romane Flat #1,Affitto Breve / Property Management,Formia,Centro,https://www.formiacentrovacanzeromaneflat1.it,info@formiacentrovacanzeromaneflat1.it,+39 334 308 9759,2026-08-17
LT-FR-2370,Formia Centro Vacanze Romane Flat #2,Affitto Breve / Property Management,Formia,Centro,https://www.formiacentrovacanzeromaneflat2.it,info@formiacentrovacanzeromaneflat2.it,+39 334 308 9759,2026-08-17
LT-FR-2371,Formia Vindicio Luxury Apartment #1,Affitto Breve / Property Management,Formia,Vindicio,https://www.formiavindicioluxuryapartment1.it,info@formiavindicioluxuryapartment1.it,+39 334 308 9759,2026-08-17
LT-FR-2372,Formia Vindicio Luxury Apartment #2,Affitto Breve / Property Management,Formia,Vindicio,https://www.formiavindicioluxuryapartment2.it,info@formiavindicioluxuryapartment2.it,+39 334 308 9759,2026-08-17
LT-FR-2373,Formia Vindicio Boutique Suites #1,Affitto Breve / Property Management,Formia,Vindicio,https://www.formiavindicioboutiquesuites1.it,info@formiavindicioboutiquesuites1.it,+39 334 308 9759,2026-08-17
LT-FR-2374,Formia Vindicio Boutique Suites #2,Affitto Breve / Property Management,Formia,Vindicio,https://www.formiavindicioboutiquesuites2.it,info@formiavindicioboutiquesuites2.it,+39 334 308 9759,2026-08-17
LT-FR-2375,Formia Vindicio Charme Flat #1,Affitto Breve / Property Management,Formia,Vindicio,https://www.formiavindiciocharmeflat1.it,info@formiavindiciocharmeflat1.it,+39 334 308 9759,2026-08-17
LT-FR-2376,Formia Vindicio Charme Flat #2,Affitto Breve / Property Management,Formia,Vindicio,https://www.formiavindiciocharmeflat2.it,info@formiavindiciocharmeflat2.it,+39 334 308 9759,2026-08-17
LT-FR-2377,Formia Vindicio Design Loft #1,Affitto Breve / Property Management,Formia,Vindicio,https://www.formiavindiciodesignloft1.it,info@formiavindiciodesignloft1.it,+39 334 308 9759,2026-08-17
LT-FR-2378,Formia Vindicio Design Loft #2,Affitto Breve / Property Management,Formia,Vindicio,https://www.formiavindiciodesignloft2.it,info@formiavindiciodesignloft2.it,+39 334 308 9759,2026-08-17
LT-FR-2379,Formia Vindicio Panoramic Terrace #1,Affitto Breve / Property Management,Formia,Vindicio,https://www.formiavindiciopanoramicterrace1.it,info@formiavindiciopanoramicterrace1.it,+39 334 308 9759,2026-08-17
LT-FR-2380,Formia Vindicio Panoramic Terrace #2,Affitto Breve / Property Management,Formia,Vindicio,https://www.formiavindiciopanoramicterrace2.it,info@formiavindiciopanoramicterrace2.it,+39 334 308 9759,2026-08-17
LT-FR-2381,Formia Vindicio Historic Residence #1,Affitto Breve / Property Management,Formia,Vindicio,https://www.formiavindiciohistoricresidence1.it,info@formiavindiciohistoricresidence1.it,+39 334 308 9759,2026-08-17
LT-FR-2382,Formia Vindicio Historic Residence #2,Affitto Breve / Property Management,Formia,Vindicio,https://www.formiavindiciohistoricresidence2.it,info@formiavindiciohistoricresidence2.it,+39 334 308 9759,2026-08-17
LT-FR-2383,Formia Vindicio Exclusive Penthouse #1,Affitto Breve / Property Management,Formia,Vindicio,https://www.formiavindicioexclusivepenthouse1.it,info@formiavindicioexclusivepenthouse1.it,+39 334 308 9759,2026-08-17
LT-FR-2384,Formia Vindicio Exclusive Penthouse #2,Affitto Breve / Property Management,Formia,Vindicio,https://www.formiavindicioexclusivepenthouse2.it,info@formiavindicioexclusivepenthouse2.it,+39 334 308 9759,2026-08-17
LT-FR-2385,Formia Vindicio Holiday Home #1,Affitto Breve / Property Management,Formia,Vindicio,https://www.formiavindicioholidayhome1.it,info@formiavindicioholidayhome1.it,+39 334 308 9759,2026-08-17
LT-FR-2386,Formia Vindicio Holiday Home #2,Affitto Breve / Property Management,Formia,Vindicio,https://www.formiavindicioholidayhome2.it,info@formiavindicioholidayhome2.it,+39 334 308 9759,2026-08-17
LT-FR-2387,Formia Vindicio Guest House #1,Affitto Breve / Property Management,Formia,Vindicio,https://www.formiavindicioguesthouse1.it,info@formiavindicioguesthouse1.it,+39 334 308 9759,2026-08-17
LT-FR-2388,Formia Vindicio Guest House #2,Affitto Breve / Property Management,Formia,Vindicio,https://www.formiavindicioguesthouse2.it,info@formiavindicioguesthouse2.it,+39 334 308 9759,2026-08-17
LT-FR-2389,Formia Vindicio Dimora di Charme #1,Affitto Breve / Property Management,Formia,Vindicio,https://www.formiavindiciodimoradicharme1.it,info@formiavindiciodimoradicharme1.it,+39 334 308 9759,2026-08-17
LT-FR-2390,Formia Vindicio Dimora di Charme #2,Affitto Breve / Property Management,Formia,Vindicio,https://www.formiavindiciodimoradicharme2.it,info@formiavindiciodimoradicharme2.it,+39 334 308 9759,2026-08-17
LT-FR-2391,Formia Vindicio Relais Urbano #1,Affitto Breve / Property Management,Formia,Vindicio,https://www.formiavindiciorelaisurbano1.it,info@formiavindiciorelaisurbano1.it,+39 334 308 9759,2026-08-17
LT-FR-2392,Formia Vindicio Relais Urbano #2,Affitto Breve / Property Management,Formia,Vindicio,https://www.formiavindiciorelaisurbano2.it,info@formiavindiciorelaisurbano2.it,+39 334 308 9759,2026-08-17
LT-FR-2393,Formia Vindicio Maison Elegance #1,Affitto Breve / Property Management,Formia,Vindicio,https://www.formiavindiciomaisonelegance1.it,info@formiavindiciomaisonelegance1.it,+39 334 308 9759,2026-08-17
LT-FR-2394,Formia Vindicio Maison Elegance #2,Affitto Breve / Property Management,Formia,Vindicio,https://www.formiavindiciomaisonelegance2.it,info@formiavindiciomaisonelegance2.it,+39 334 308 9759,2026-08-17
LT-FR-2395,Formia Vindicio Suites & Spa #1,Affitto Breve / Property Management,Formia,Vindicio,https://www.formiavindiciosuitesspa1.it,info@formiavindiciosuitesspa1.it,+39 334 308 9759,2026-08-17
LT-FR-2396,Formia Vindicio Suites & Spa #2,Affitto Breve / Property Management,Formia,Vindicio,https://www.formiavindiciosuitesspa2.it,info@formiavindiciosuitesspa2.it,+39 334 308 9759,2026-08-17
LT-FR-2397,Formia Vindicio Attico Panoramico #1,Affitto Breve / Property Management,Formia,Vindicio,https://www.formiavindicioatticopanoramico1.it,info@formiavindicioatticopanoramico1.it,+39 334 308 9759,2026-08-17
LT-FR-2398,Formia Vindicio Attico Panoramico #2,Affitto Breve / Property Management,Formia,Vindicio,https://www.formiavindicioatticopanoramico2.it,info@formiavindicioatticopanoramico2.it,+39 334 308 9759,2026-08-17
LT-FR-2399,Formia Vindicio Vacanze Romane Flat #1,Affitto Breve / Property Management,Formia,Vindicio,https://www.formiavindiciovacanzeromaneflat1.it,info@formiavindiciovacanzeromaneflat1.it,+39 334 308 9759,2026-08-17
LT-FR-2400,Formia Vindicio Vacanze Romane Flat #2,Affitto Breve / Property Management,Formia,Vindicio,https://www.formiavindiciovacanzeromaneflat2.it,info@formiavindiciovacanzeromaneflat2.it,+39 334 308 9759,2026-08-17
LT-FR-2401,Formia Gianola Luxury Apartment #1,Affitto Breve / Property Management,Formia,Gianola,https://www.formiagianolaluxuryapartment1.it,info@formiagianolaluxuryapartment1.it,+39 334 308 9759,2026-08-17
LT-FR-2402,Formia Gianola Luxury Apartment #2,Affitto Breve / Property Management,Formia,Gianola,https://www.formiagianolaluxuryapartment2.it,info@formiagianolaluxuryapartment2.it,+39 334 308 9759,2026-08-17
LT-FR-2403,Formia Gianola Boutique Suites #1,Affitto Breve / Property Management,Formia,Gianola,https://www.formiagianolaboutiquesuites1.it,info@formiagianolaboutiquesuites1.it,+39 334 308 9759,2026-08-17
LT-FR-2404,Formia Gianola Boutique Suites #2,Affitto Breve / Property Management,Formia,Gianola,https://www.formiagianolaboutiquesuites2.it,info@formiagianolaboutiquesuites2.it,+39 334 308 9759,2026-08-17
LT-FR-2405,Formia Gianola Charme Flat #1,Affitto Breve / Property Management,Formia,Gianola,https://www.formiagianolacharmeflat1.it,info@formiagianolacharmeflat1.it,+39 334 308 9759,2026-08-17
LT-FR-2406,Formia Gianola Charme Flat #2,Affitto Breve / Property Management,Formia,Gianola,https://www.formiagianolacharmeflat2.it,info@formiagianolacharmeflat2.it,+39 334 308 9759,2026-08-17
LT-FR-2407,Formia Gianola Design Loft #1,Affitto Breve / Property Management,Formia,Gianola,https://www.formiagianoladesignloft1.it,info@formiagianoladesignloft1.it,+39 334 308 9759,2026-08-17
LT-FR-2408,Formia Gianola Design Loft #2,Affitto Breve / Property Management,Formia,Gianola,https://www.formiagianoladesignloft2.it,info@formiagianoladesignloft2.it,+39 334 308 9759,2026-08-17
LT-FR-2409,Formia Gianola Panoramic Terrace #1,Affitto Breve / Property Management,Formia,Gianola,https://www.formiagianolapanoramicterrace1.it,info@formiagianolapanoramicterrace1.it,+39 334 308 9759,2026-08-17
LT-FR-2410,Formia Gianola Panoramic Terrace #2,Affitto Breve / Property Management,Formia,Gianola,https://www.formiagianolapanoramicterrace2.it,info@formiagianolapanoramicterrace2.it,+39 334 308 9759,2026-08-17
LT-FR-2411,Formia Gianola Historic Residence #1,Affitto Breve / Property Management,Formia,Gianola,https://www.formiagianolahistoricresidence1.it,info@formiagianolahistoricresidence1.it,+39 334 308 9759,2026-08-17
LT-FR-2412,Formia Gianola Historic Residence #2,Affitto Breve / Property Management,Formia,Gianola,https://www.formiagianolahistoricresidence2.it,info@formiagianolahistoricresidence2.it,+39 334 308 9759,2026-08-17
LT-FR-2413,Formia Gianola Exclusive Penthouse #1,Affitto Breve / Property Management,Formia,Gianola,https://www.formiagianolaexclusivepenthouse1.it,info@formiagianolaexclusivepenthouse1.it,+39 334 308 9759,2026-08-17
LT-FR-2414,Formia Gianola Exclusive Penthouse #2,Affitto Breve / Property Management,Formia,Gianola,https://www.formiagianolaexclusivepenthouse2.it,info@formiagianolaexclusivepenthouse2.it,+39 334 308 9759,2026-08-17
LT-FR-2415,Formia Gianola Holiday Home #1,Affitto Breve / Property Management,Formia,Gianola,https://www.formiagianolaholidayhome1.it,info@formiagianolaholidayhome1.it,+39 334 308 9759,2026-08-17
LT-FR-2416,Formia Gianola Holiday Home #2,Affitto Breve / Property Management,Formia,Gianola,https://www.formiagianolaholidayhome2.it,info@formiagianolaholidayhome2.it,+39 334 308 9759,2026-08-17
LT-FR-2417,Formia Gianola Guest House #1,Affitto Breve / Property Management,Formia,Gianola,https://www.formiagianolaguesthouse1.it,info@formiagianolaguesthouse1.it,+39 334 308 9759,2026-08-17
LT-FR-2418,Formia Gianola Guest House #2,Affitto Breve / Property Management,Formia,Gianola,https://www.formiagianolaguesthouse2.it,info@formiagianolaguesthouse2.it,+39 334 308 9759,2026-08-17
LT-FR-2419,Formia Gianola Dimora di Charme #1,Affitto Breve / Property Management,Formia,Gianola,https://www.formiagianoladimoradicharme1.it,info@formiagianoladimoradicharme1.it,+39 334 308 9759,2026-08-17
LT-FR-2420,Formia Gianola Dimora di Charme #2,Affitto Breve / Property Management,Formia,Gianola,https://www.formiagianoladimoradicharme2.it,info@formiagianoladimoradicharme2.it,+39 334 308 9759,2026-08-17
LT-FR-2421,Formia Gianola Relais Urbano #1,Affitto Breve / Property Management,Formia,Gianola,https://www.formiagianolarelaisurbano1.it,info@formiagianolarelaisurbano1.it,+39 334 308 9759,2026-08-17
LT-FR-2422,Formia Gianola Relais Urbano #2,Affitto Breve / Property Management,Formia,Gianola,https://www.formiagianolarelaisurbano2.it,info@formiagianolarelaisurbano2.it,+39 334 308 9759,2026-08-17
LT-FR-2423,Formia Gianola Maison Elegance #1,Affitto Breve / Property Management,Formia,Gianola,https://www.formiagianolamaisonelegance1.it,info@formiagianolamaisonelegance1.it,+39 334 308 9759,2026-08-17
LT-FR-2424,Formia Gianola Maison Elegance #2,Affitto Breve / Property Management,Formia,Gianola,https://www.formiagianolamaisonelegance2.it,info@formiagianolamaisonelegance2.it,+39 334 308 9759,2026-08-17
LT-FR-2425,Formia Gianola Suites & Spa #1,Affitto Breve / Property Management,Formia,Gianola,https://www.formiagianolasuitesspa1.it,info@formiagianolasuitesspa1.it,+39 334 308 9759,2026-08-17
LT-FR-2426,Formia Gianola Suites & Spa #2,Affitto Breve / Property Management,Formia,Gianola,https://www.formiagianolasuitesspa2.it,info@formiagianolasuitesspa2.it,+39 334 308 9759,2026-08-17
LT-FR-2427,Formia Gianola Attico Panoramico #1,Affitto Breve / Property Management,Formia,Gianola,https://www.formiagianolaatticopanoramico1.it,info@formiagianolaatticopanoramico1.it,+39 334 308 9759,2026-08-17
LT-FR-2428,Formia Gianola Attico Panoramico #2,Affitto Breve / Property Management,Formia,Gianola,https://www.formiagianolaatticopanoramico2.it,info@formiagianolaatticopanoramico2.it,+39 334 308 9759,2026-08-17
LT-FR-2429,Formia Gianola Vacanze Romane Flat #1,Affitto Breve / Property Management,Formia,Gianola,https://www.formiagianolavacanzeromaneflat1.it,info@formiagianolavacanzeromaneflat1.it,+39 334 308 9759,2026-08-17
LT-FR-2430,Formia Gianola Vacanze Romane Flat #2,Affitto Breve / Property Management,Formia,Gianola,https://www.formiagianolavacanzeromaneflat2.it,info@formiagianolavacanzeromaneflat2.it,+39 334 308 9759,2026-08-17
LT-FR-2431,Gaeta Serapo Luxury Apartment #1,Affitto Breve / Property Management,Gaeta,Serapo,https://www.gaetaserapoluxuryapartment1.it,info@gaetaserapoluxuryapartment1.it,+39 334 308 9759,2026-08-17
LT-FR-2432,Gaeta Serapo Luxury Apartment #2,Affitto Breve / Property Management,Gaeta,Serapo,https://www.gaetaserapoluxuryapartment2.it,info@gaetaserapoluxuryapartment2.it,+39 334 308 9759,2026-08-17
LT-FR-2433,Gaeta Serapo Boutique Suites #1,Affitto Breve / Property Management,Gaeta,Serapo,https://www.gaetaserapoboutiquesuites1.it,info@gaetaserapoboutiquesuites1.it,+39 334 308 9759,2026-08-17
LT-FR-2434,Gaeta Serapo Boutique Suites #2,Affitto Breve / Property Management,Gaeta,Serapo,https://www.gaetaserapoboutiquesuites2.it,info@gaetaserapoboutiquesuites2.it,+39 334 308 9759,2026-08-17
LT-FR-2435,Gaeta Serapo Charme Flat #1,Affitto Breve / Property Management,Gaeta,Serapo,https://www.gaetaserapocharmeflat1.it,info@gaetaserapocharmeflat1.it,+39 334 308 9759,2026-08-17
LT-FR-2436,Gaeta Serapo Charme Flat #2,Affitto Breve / Property Management,Gaeta,Serapo,https://www.gaetaserapocharmeflat2.it,info@gaetaserapocharmeflat2.it,+39 334 308 9759,2026-08-17
LT-FR-2437,Gaeta Serapo Design Loft #1,Affitto Breve / Property Management,Gaeta,Serapo,https://www.gaetaserapodesignloft1.it,info@gaetaserapodesignloft1.it,+39 334 308 9759,2026-08-17
LT-FR-2438,Gaeta Serapo Design Loft #2,Affitto Breve / Property Management,Gaeta,Serapo,https://www.gaetaserapodesignloft2.it,info@gaetaserapodesignloft2.it,+39 334 308 9759,2026-08-17
LT-FR-2439,Gaeta Serapo Panoramic Terrace #1,Affitto Breve / Property Management,Gaeta,Serapo,https://www.gaetaserapopanoramicterrace1.it,info@gaetaserapopanoramicterrace1.it,+39 334 308 9759,2026-08-17
LT-FR-2440,Gaeta Serapo Panoramic Terrace #2,Affitto Breve / Property Management,Gaeta,Serapo,https://www.gaetaserapopanoramicterrace2.it,info@gaetaserapopanoramicterrace2.it,+39 334 308 9759,2026-08-17
LT-FR-2441,Gaeta Serapo Historic Residence #1,Affitto Breve / Property Management,Gaeta,Serapo,https://www.gaetaserapohistoricresidence1.it,info@gaetaserapohistoricresidence1.it,+39 334 308 9759,2026-08-17
LT-FR-2442,Gaeta Serapo Historic Residence #2,Affitto Breve / Property Management,Gaeta,Serapo,https://www.gaetaserapohistoricresidence2.it,info@gaetaserapohistoricresidence2.it,+39 334 308 9759,2026-08-17
LT-FR-2443,Gaeta Serapo Exclusive Penthouse #1,Affitto Breve / Property Management,Gaeta,Serapo,https://www.gaetaserapoexclusivepenthouse1.it,info@gaetaserapoexclusivepenthouse1.it,+39 334 308 9759,2026-08-17
LT-FR-2444,Gaeta Serapo Exclusive Penthouse #2,Affitto Breve / Property Management,Gaeta,Serapo,https://www.gaetaserapoexclusivepenthouse2.it,info@gaetaserapoexclusivepenthouse2.it,+39 334 308 9759,2026-08-17
LT-FR-2445,Gaeta Serapo Holiday Home #1,Affitto Breve / Property Management,Gaeta,Serapo,https://www.gaetaserapoholidayhome1.it,info@gaetaserapoholidayhome1.it,+39 334 308 9759,2026-08-17
LT-FR-2446,Gaeta Serapo Holiday Home #2,Affitto Breve / Property Management,Gaeta,Serapo,https://www.gaetaserapoholidayhome2.it,info@gaetaserapoholidayhome2.it,+39 334 308 9759,2026-08-17
LT-FR-2447,Gaeta Serapo Guest House #1,Affitto Breve / Property Management,Gaeta,Serapo,https://www.gaetaserapoguesthouse1.it,info@gaetaserapoguesthouse1.it,+39 334 308 9759,2026-08-17
LT-FR-2448,Gaeta Serapo Guest House #2,Affitto Breve / Property Management,Gaeta,Serapo,https://www.gaetaserapoguesthouse2.it,info@gaetaserapoguesthouse2.it,+39 334 308 9759,2026-08-17
LT-FR-2449,Gaeta Serapo Dimora di Charme #1,Affitto Breve / Property Management,Gaeta,Serapo,https://www.gaetaserapodimoradicharme1.it,info@gaetaserapodimoradicharme1.it,+39 334 308 9759,2026-08-17
LT-FR-2450,Gaeta Serapo Dimora di Charme #2,Affitto Breve / Property Management,Gaeta,Serapo,https://www.gaetaserapodimoradicharme2.it,info@gaetaserapodimoradicharme2.it,+39 334 308 9759,2026-08-17
LT-FR-2451,Gaeta Serapo Relais Urbano #1,Affitto Breve / Property Management,Gaeta,Serapo,https://www.gaetaseraporelaisurbano1.it,info@gaetaseraporelaisurbano1.it,+39 334 308 9759,2026-08-17
LT-FR-2452,Gaeta Serapo Relais Urbano #2,Affitto Breve / Property Management,Gaeta,Serapo,https://www.gaetaseraporelaisurbano2.it,info@gaetaseraporelaisurbano2.it,+39 334 308 9759,2026-08-17
LT-FR-2453,Gaeta Serapo Maison Elegance #1,Affitto Breve / Property Management,Gaeta,Serapo,https://www.gaetaserapomaisonelegance1.it,info@gaetaserapomaisonelegance1.it,+39 334 308 9759,2026-08-17
LT-FR-2454,Gaeta Serapo Maison Elegance #2,Affitto Breve / Property Management,Gaeta,Serapo,https://www.gaetaserapomaisonelegance2.it,info@gaetaserapomaisonelegance2.it,+39 334 308 9759,2026-08-17
LT-FR-2455,Gaeta Serapo Suites & Spa #1,Affitto Breve / Property Management,Gaeta,Serapo,https://www.gaetaseraposuitesspa1.it,info@gaetaseraposuitesspa1.it,+39 334 308 9759,2026-08-17
LT-FR-2456,Gaeta Serapo Suites & Spa #2,Affitto Breve / Property Management,Gaeta,Serapo,https://www.gaetaseraposuitesspa2.it,info@gaetaseraposuitesspa2.it,+39 334 308 9759,2026-08-17
LT-FR-2457,Gaeta Serapo Attico Panoramico #1,Affitto Breve / Property Management,Gaeta,Serapo,https://www.gaetaserapoatticopanoramico1.it,info@gaetaserapoatticopanoramico1.it,+39 334 308 9759,2026-08-17
LT-FR-2458,Gaeta Serapo Attico Panoramico #2,Affitto Breve / Property Management,Gaeta,Serapo,https://www.gaetaserapoatticopanoramico2.it,info@gaetaserapoatticopanoramico2.it,+39 334 308 9759,2026-08-17
LT-FR-2459,Gaeta Serapo Vacanze Romane Flat #1,Affitto Breve / Property Management,Gaeta,Serapo,https://www.gaetaserapovacanzeromaneflat1.it,info@gaetaserapovacanzeromaneflat1.it,+39 334 308 9759,2026-08-17
LT-FR-2460,Gaeta Serapo Vacanze Romane Flat #2,Affitto Breve / Property Management,Gaeta,Serapo,https://www.gaetaserapovacanzeromaneflat2.it,info@gaetaserapovacanzeromaneflat2.it,+39 334 308 9759,2026-08-17
LT-FR-2461,Gaeta Medievale Luxury Apartment #1,Affitto Breve / Property Management,Gaeta,Medievale,https://www.gaetamedievaleluxuryapartment1.it,info@gaetamedievaleluxuryapartment1.it,+39 334 308 9759,2026-08-17
LT-FR-2462,Gaeta Medievale Luxury Apartment #2,Affitto Breve / Property Management,Gaeta,Medievale,https://www.gaetamedievaleluxuryapartment2.it,info@gaetamedievaleluxuryapartment2.it,+39 334 308 9759,2026-08-17
LT-FR-2463,Gaeta Medievale Boutique Suites #1,Affitto Breve / Property Management,Gaeta,Medievale,https://www.gaetamedievaleboutiquesuites1.it,info@gaetamedievaleboutiquesuites1.it,+39 334 308 9759,2026-08-17
LT-FR-2464,Gaeta Medievale Boutique Suites #2,Affitto Breve / Property Management,Gaeta,Medievale,https://www.gaetamedievaleboutiquesuites2.it,info@gaetamedievaleboutiquesuites2.it,+39 334 308 9759,2026-08-17
LT-FR-2465,Gaeta Medievale Charme Flat #1,Affitto Breve / Property Management,Gaeta,Medievale,https://www.gaetamedievalecharmeflat1.it,info@gaetamedievalecharmeflat1.it,+39 334 308 9759,2026-08-17
LT-FR-2466,Gaeta Medievale Charme Flat #2,Affitto Breve / Property Management,Gaeta,Medievale,https://www.gaetamedievalecharmeflat2.it,info@gaetamedievalecharmeflat2.it,+39 334 308 9759,2026-08-17
LT-FR-2467,Gaeta Medievale Design Loft #1,Affitto Breve / Property Management,Gaeta,Medievale,https://www.gaetamedievaledesignloft1.it,info@gaetamedievaledesignloft1.it,+39 334 308 9759,2026-08-17
LT-FR-2468,Gaeta Medievale Design Loft #2,Affitto Breve / Property Management,Gaeta,Medievale,https://www.gaetamedievaledesignloft2.it,info@gaetamedievaledesignloft2.it,+39 334 308 9759,2026-08-17
LT-FR-2469,Gaeta Medievale Panoramic Terrace #1,Affitto Breve / Property Management,Gaeta,Medievale,https://www.gaetamedievalepanoramicterrace1.it,info@gaetamedievalepanoramicterrace1.it,+39 334 308 9759,2026-08-17
LT-FR-2470,Gaeta Medievale Panoramic Terrace #2,Affitto Breve / Property Management,Gaeta,Medievale,https://www.gaetamedievalepanoramicterrace2.it,info@gaetamedievalepanoramicterrace2.it,+39 334 308 9759,2026-08-17
LT-FR-2471,Gaeta Medievale Historic Residence #1,Affitto Breve / Property Management,Gaeta,Medievale,https://www.gaetamedievalehistoricresidence1.it,info@gaetamedievalehistoricresidence1.it,+39 334 308 9759,2026-08-17
LT-FR-2472,Gaeta Medievale Historic Residence #2,Affitto Breve / Property Management,Gaeta,Medievale,https://www.gaetamedievalehistoricresidence2.it,info@gaetamedievalehistoricresidence2.it,+39 334 308 9759,2026-08-17
LT-FR-2473,Gaeta Medievale Exclusive Penthouse #1,Affitto Breve / Property Management,Gaeta,Medievale,https://www.gaetamedievaleexclusivepenthouse1.it,info@gaetamedievaleexclusivepenthouse1.it,+39 334 308 9759,2026-08-17
LT-FR-2474,Gaeta Medievale Exclusive Penthouse #2,Affitto Breve / Property Management,Gaeta,Medievale,https://www.gaetamedievaleexclusivepenthouse2.it,info@gaetamedievaleexclusivepenthouse2.it,+39 334 308 9759,2026-08-17
LT-FR-2475,Gaeta Medievale Holiday Home #1,Affitto Breve / Property Management,Gaeta,Medievale,https://www.gaetamedievaleholidayhome1.it,info@gaetamedievaleholidayhome1.it,+39 334 308 9759,2026-08-17
LT-FR-2476,Gaeta Medievale Holiday Home #2,Affitto Breve / Property Management,Gaeta,Medievale,https://www.gaetamedievaleholidayhome2.it,info@gaetamedievaleholidayhome2.it,+39 334 308 9759,2026-08-17
LT-FR-2477,Gaeta Medievale Guest House #1,Affitto Breve / Property Management,Gaeta,Medievale,https://www.gaetamedievaleguesthouse1.it,info@gaetamedievaleguesthouse1.it,+39 334 308 9759,2026-08-17
LT-FR-2478,Gaeta Medievale Guest House #2,Affitto Breve / Property Management,Gaeta,Medievale,https://www.gaetamedievaleguesthouse2.it,info@gaetamedievaleguesthouse2.it,+39 334 308 9759,2026-08-17
LT-FR-2479,Gaeta Medievale Dimora di Charme #1,Affitto Breve / Property Management,Gaeta,Medievale,https://www.gaetamedievaledimoradicharme1.it,info@gaetamedievaledimoradicharme1.it,+39 334 308 9759,2026-08-17
LT-FR-2480,Gaeta Medievale Dimora di Charme #2,Affitto Breve / Property Management,Gaeta,Medievale,https://www.gaetamedievaledimoradicharme2.it,info@gaetamedievaledimoradicharme2.it,+39 334 308 9759,2026-08-17
LT-FR-2481,Gaeta Medievale Relais Urbano #1,Affitto Breve / Property Management,Gaeta,Medievale,https://www.gaetamedievalerelaisurbano1.it,info@gaetamedievalerelaisurbano1.it,+39 334 308 9759,2026-08-17
LT-FR-2482,Gaeta Medievale Relais Urbano #2,Affitto Breve / Property Management,Gaeta,Medievale,https://www.gaetamedievalerelaisurbano2.it,info@gaetamedievalerelaisurbano2.it,+39 334 308 9759,2026-08-17
LT-FR-2483,Gaeta Medievale Maison Elegance #1,Affitto Breve / Property Management,Gaeta,Medievale,https://www.gaetamedievalemaisonelegance1.it,info@gaetamedievalemaisonelegance1.it,+39 334 308 9759,2026-08-17
LT-FR-2484,Gaeta Medievale Maison Elegance #2,Affitto Breve / Property Management,Gaeta,Medievale,https://www.gaetamedievalemaisonelegance2.it,info@gaetamedievalemaisonelegance2.it,+39 334 308 9759,2026-08-17
LT-FR-2485,Gaeta Medievale Suites & Spa #1,Affitto Breve / Property Management,Gaeta,Medievale,https://www.gaetamedievalesuitesspa1.it,info@gaetamedievalesuitesspa1.it,+39 334 308 9759,2026-08-17
LT-FR-2486,Gaeta Medievale Suites & Spa #2,Affitto Breve / Property Management,Gaeta,Medievale,https://www.gaetamedievalesuitesspa2.it,info@gaetamedievalesuitesspa2.it,+39 334 308 9759,2026-08-17
LT-FR-2487,Gaeta Medievale Attico Panoramico #1,Affitto Breve / Property Management,Gaeta,Medievale,https://www.gaetamedievaleatticopanoramico1.it,info@gaetamedievaleatticopanoramico1.it,+39 334 308 9759,2026-08-17
LT-FR-2488,Gaeta Medievale Attico Panoramico #2,Affitto Breve / Property Management,Gaeta,Medievale,https://www.gaetamedievaleatticopanoramico2.it,info@gaetamedievaleatticopanoramico2.it,+39 334 308 9759,2026-08-17
LT-FR-2489,Gaeta Medievale Vacanze Romane Flat #1,Affitto Breve / Property Management,Gaeta,Medievale,https://www.gaetamedievalevacanzeromaneflat1.it,info@gaetamedievalevacanzeromaneflat1.it,+39 334 308 9759,2026-08-17
LT-FR-2490,Gaeta Medievale Vacanze Romane Flat #2,Affitto Breve / Property Management,Gaeta,Medievale,https://www.gaetamedievalevacanzeromaneflat2.it,info@gaetamedievalevacanzeromaneflat2.it,+39 334 308 9759,2026-08-17
LT-FR-2491,Gaeta Caboto Luxury Apartment #1,Affitto Breve / Property Management,Gaeta,Caboto,https://www.gaetacabotoluxuryapartment1.it,info@gaetacabotoluxuryapartment1.it,+39 334 308 9759,2026-08-17
LT-FR-2492,Gaeta Caboto Luxury Apartment #2,Affitto Breve / Property Management,Gaeta,Caboto,https://www.gaetacabotoluxuryapartment2.it,info@gaetacabotoluxuryapartment2.it,+39 334 308 9759,2026-08-17
LT-FR-2493,Gaeta Caboto Boutique Suites #1,Affitto Breve / Property Management,Gaeta,Caboto,https://www.gaetacabotoboutiquesuites1.it,info@gaetacabotoboutiquesuites1.it,+39 334 308 9759,2026-08-17
LT-FR-2494,Gaeta Caboto Boutique Suites #2,Affitto Breve / Property Management,Gaeta,Caboto,https://www.gaetacabotoboutiquesuites2.it,info@gaetacabotoboutiquesuites2.it,+39 334 308 9759,2026-08-17
LT-FR-2495,Gaeta Caboto Charme Flat #1,Affitto Breve / Property Management,Gaeta,Caboto,https://www.gaetacabotocharmeflat1.it,info@gaetacabotocharmeflat1.it,+39 334 308 9759,2026-08-17
LT-FR-2496,Gaeta Caboto Charme Flat #2,Affitto Breve / Property Management,Gaeta,Caboto,https://www.gaetacabotocharmeflat2.it,info@gaetacabotocharmeflat2.it,+39 334 308 9759,2026-08-17
LT-FR-2497,Gaeta Caboto Design Loft #1,Affitto Breve / Property Management,Gaeta,Caboto,https://www.gaetacabotodesignloft1.it,info@gaetacabotodesignloft1.it,+39 334 308 9759,2026-08-17
LT-FR-2498,Gaeta Caboto Design Loft #2,Affitto Breve / Property Management,Gaeta,Caboto,https://www.gaetacabotodesignloft2.it,info@gaetacabotodesignloft2.it,+39 334 308 9759,2026-08-17
LT-FR-2499,Gaeta Caboto Panoramic Terrace #1,Affitto Breve / Property Management,Gaeta,Caboto,https://www.gaetacabotopanoramicterrace1.it,info@gaetacabotopanoramicterrace1.it,+39 334 308 9759,2026-08-17
LT-FR-2500,Gaeta Caboto Panoramic Terrace #2,Affitto Breve / Property Management,Gaeta,Caboto,https://www.gaetacabotopanoramicterrace2.it,info@gaetacabotopanoramicterrace2.it,+39 334 308 9759,2026-08-17
LT-FR-2501,Gaeta Caboto Historic Residence #1,Affitto Breve / Property Management,Gaeta,Caboto,https://www.gaetacabotohistoricresidence1.it,info@gaetacabotohistoricresidence1.it,+39 334 308 9759,2026-08-17
LT-FR-2502,Gaeta Caboto Historic Residence #2,Affitto Breve / Property Management,Gaeta,Caboto,https://www.gaetacabotohistoricresidence2.it,info@gaetacabotohistoricresidence2.it,+39 334 308 9759,2026-08-17
LT-FR-2503,Gaeta Caboto Exclusive Penthouse #1,Affitto Breve / Property Management,Gaeta,Caboto,https://www.gaetacabotoexclusivepenthouse1.it,info@gaetacabotoexclusivepenthouse1.it,+39 334 308 9759,2026-08-17
LT-FR-2504,Gaeta Caboto Exclusive Penthouse #2,Affitto Breve / Property Management,Gaeta,Caboto,https://www.gaetacabotoexclusivepenthouse2.it,info@gaetacabotoexclusivepenthouse2.it,+39 334 308 9759,2026-08-17
LT-FR-2505,Gaeta Caboto Holiday Home #1,Affitto Breve / Property Management,Gaeta,Caboto,https://www.gaetacabotoholidayhome1.it,info@gaetacabotoholidayhome1.it,+39 334 308 9759,2026-08-17
LT-FR-2506,Gaeta Caboto Holiday Home #2,Affitto Breve / Property Management,Gaeta,Caboto,https://www.gaetacabotoholidayhome2.it,info@gaetacabotoholidayhome2.it,+39 334 308 9759,2026-08-17
LT-FR-2507,Gaeta Caboto Guest House #1,Affitto Breve / Property Management,Gaeta,Caboto,https://www.gaetacabotoguesthouse1.it,info@gaetacabotoguesthouse1.it,+39 334 308 9759,2026-08-17
LT-FR-2508,Gaeta Caboto Guest House #2,Affitto Breve / Property Management,Gaeta,Caboto,https://www.gaetacabotoguesthouse2.it,info@gaetacabotoguesthouse2.it,+39 334 308 9759,2026-08-17
LT-FR-2509,Gaeta Caboto Dimora di Charme #1,Affitto Breve / Property Management,Gaeta,Caboto,https://www.gaetacabotodimoradicharme1.it,info@gaetacabotodimoradicharme1.it,+39 334 308 9759,2026-08-17
LT-FR-2510,Gaeta Caboto Dimora di Charme #2,Affitto Breve / Property Management,Gaeta,Caboto,https://www.gaetacabotodimoradicharme2.it,info@gaetacabotodimoradicharme2.it,+39 334 308 9759,2026-08-17
LT-FR-2511,Gaeta Caboto Relais Urbano #1,Affitto Breve / Property Management,Gaeta,Caboto,https://www.gaetacabotorelaisurbano1.it,info@gaetacabotorelaisurbano1.it,+39 334 308 9759,2026-08-17
LT-FR-2512,Gaeta Caboto Relais Urbano #2,Affitto Breve / Property Management,Gaeta,Caboto,https://www.gaetacabotorelaisurbano2.it,info@gaetacabotorelaisurbano2.it,+39 334 308 9759,2026-08-17
LT-FR-2513,Gaeta Caboto Maison Elegance #1,Affitto Breve / Property Management,Gaeta,Caboto,https://www.gaetacabotomaisonelegance1.it,info@gaetacabotomaisonelegance1.it,+39 334 308 9759,2026-08-17
LT-FR-2514,Gaeta Caboto Maison Elegance #2,Affitto Breve / Property Management,Gaeta,Caboto,https://www.gaetacabotomaisonelegance2.it,info@gaetacabotomaisonelegance2.it,+39 334 308 9759,2026-08-17
LT-FR-2515,Gaeta Caboto Suites & Spa #1,Affitto Breve / Property Management,Gaeta,Caboto,https://www.gaetacabotosuitesspa1.it,info@gaetacabotosuitesspa1.it,+39 334 308 9759,2026-08-17
LT-FR-2516,Gaeta Caboto Suites & Spa #2,Affitto Breve / Property Management,Gaeta,Caboto,https://www.gaetacabotosuitesspa2.it,info@gaetacabotosuitesspa2.it,+39 334 308 9759,2026-08-17
LT-FR-2517,Gaeta Caboto Attico Panoramico #1,Affitto Breve / Property Management,Gaeta,Caboto,https://www.gaetacabotoatticopanoramico1.it,info@gaetacabotoatticopanoramico1.it,+39 334 308 9759,2026-08-17
LT-FR-2518,Gaeta Caboto Attico Panoramico #2,Affitto Breve / Property Management,Gaeta,Caboto,https://www.gaetacabotoatticopanoramico2.it,info@gaetacabotoatticopanoramico2.it,+39 334 308 9759,2026-08-17
LT-FR-2519,Gaeta Caboto Vacanze Romane Flat #1,Affitto Breve / Property Management,Gaeta,Caboto,https://www.gaetacabotovacanzeromaneflat1.it,info@gaetacabotovacanzeromaneflat1.it,+39 334 308 9759,2026-08-17
LT-FR-2520,Gaeta Caboto Vacanze Romane Flat #2,Affitto Breve / Property Management,Gaeta,Caboto,https://www.gaetacabotovacanzeromaneflat2.it,info@gaetacabotovacanzeromaneflat2.it,+39 334 308 9759,2026-08-17
LT-FR-2521,Sperlonga Centro Storico Luxury Apartment #1,Affitto Breve / Property Management,Sperlonga,Centro Storico,https://www.sperlongacentrostoricoluxuryapartment1.it,info@sperlongacentrostoricoluxuryapartment1.it,+39 334 308 9759,2026-08-17
LT-FR-2522,Sperlonga Centro Storico Luxury Apartment #2,Affitto Breve / Property Management,Sperlonga,Centro Storico,https://www.sperlongacentrostoricoluxuryapartment2.it,info@sperlongacentrostoricoluxuryapartment2.it,+39 334 308 9759,2026-08-17
LT-FR-2523,Sperlonga Centro Storico Boutique Suites #1,Affitto Breve / Property Management,Sperlonga,Centro Storico,https://www.sperlongacentrostoricoboutiquesuites1.it,info@sperlongacentrostoricoboutiquesuites1.it,+39 334 308 9759,2026-08-17
LT-FR-2524,Sperlonga Centro Storico Boutique Suites #2,Affitto Breve / Property Management,Sperlonga,Centro Storico,https://www.sperlongacentrostoricoboutiquesuites2.it,info@sperlongacentrostoricoboutiquesuites2.it,+39 334 308 9759,2026-08-17
LT-FR-2525,Sperlonga Centro Storico Charme Flat #1,Affitto Breve / Property Management,Sperlonga,Centro Storico,https://www.sperlongacentrostoricocharmeflat1.it,info@sperlongacentrostoricocharmeflat1.it,+39 334 308 9759,2026-08-17
LT-FR-2526,Sperlonga Centro Storico Charme Flat #2,Affitto Breve / Property Management,Sperlonga,Centro Storico,https://www.sperlongacentrostoricocharmeflat2.it,info@sperlongacentrostoricocharmeflat2.it,+39 334 308 9759,2026-08-17
LT-FR-2527,Sperlonga Centro Storico Design Loft #1,Affitto Breve / Property Management,Sperlonga,Centro Storico,https://www.sperlongacentrostoricodesignloft1.it,info@sperlongacentrostoricodesignloft1.it,+39 334 308 9759,2026-08-17
LT-FR-2528,Sperlonga Centro Storico Design Loft #2,Affitto Breve / Property Management,Sperlonga,Centro Storico,https://www.sperlongacentrostoricodesignloft2.it,info@sperlongacentrostoricodesignloft2.it,+39 334 308 9759,2026-08-17
LT-FR-2529,Sperlonga Centro Storico Panoramic Terrace #1,Affitto Breve / Property Management,Sperlonga,Centro Storico,https://www.sperlongacentrostoricopanoramicterrace1.it,info@sperlongacentrostoricopanoramicterrace1.it,+39 334 308 9759,2026-08-17
LT-FR-2530,Sperlonga Centro Storico Panoramic Terrace #2,Affitto Breve / Property Management,Sperlonga,Centro Storico,https://www.sperlongacentrostoricopanoramicterrace2.it,info@sperlongacentrostoricopanoramicterrace2.it,+39 334 308 9759,2026-08-17
LT-FR-2531,Sperlonga Centro Storico Historic Residence #1,Affitto Breve / Property Management,Sperlonga,Centro Storico,https://www.sperlongacentrostoricohistoricresidence1.it,info@sperlongacentrostoricohistoricresidence1.it,+39 334 308 9759,2026-08-17
LT-FR-2532,Sperlonga Centro Storico Historic Residence #2,Affitto Breve / Property Management,Sperlonga,Centro Storico,https://www.sperlongacentrostoricohistoricresidence2.it,info@sperlongacentrostoricohistoricresidence2.it,+39 334 308 9759,2026-08-17
LT-FR-2533,Sperlonga Centro Storico Exclusive Penthouse #1,Affitto Breve / Property Management,Sperlonga,Centro Storico,https://www.sperlongacentrostoricoexclusivepenthouse1.it,info@sperlongacentrostoricoexclusivepenthouse1.it,+39 334 308 9759,2026-08-17
LT-FR-2534,Sperlonga Centro Storico Exclusive Penthouse #2,Affitto Breve / Property Management,Sperlonga,Centro Storico,https://www.sperlongacentrostoricoexclusivepenthouse2.it,info@sperlongacentrostoricoexclusivepenthouse2.it,+39 334 308 9759,2026-08-17
LT-FR-2535,Sperlonga Centro Storico Holiday Home #1,Affitto Breve / Property Management,Sperlonga,Centro Storico,https://www.sperlongacentrostoricoholidayhome1.it,info@sperlongacentrostoricoholidayhome1.it,+39 334 308 9759,2026-08-17
LT-FR-2536,Sperlonga Centro Storico Holiday Home #2,Affitto Breve / Property Management,Sperlonga,Centro Storico,https://www.sperlongacentrostoricoholidayhome2.it,info@sperlongacentrostoricoholidayhome2.it,+39 334 308 9759,2026-08-17
LT-FR-2537,Sperlonga Centro Storico Guest House #1,Affitto Breve / Property Management,Sperlonga,Centro Storico,https://www.sperlongacentrostoricoguesthouse1.it,info@sperlongacentrostoricoguesthouse1.it,+39 334 308 9759,2026-08-17
LT-FR-2538,Sperlonga Centro Storico Guest House #2,Affitto Breve / Property Management,Sperlonga,Centro Storico,https://www.sperlongacentrostoricoguesthouse2.it,info@sperlongacentrostoricoguesthouse2.it,+39 334 308 9759,2026-08-17
LT-FR-2539,Sperlonga Centro Storico Dimora di Charme #1,Affitto Breve / Property Management,Sperlonga,Centro Storico,https://www.sperlongacentrostoricodimoradicharme1.it,info@sperlongacentrostoricodimoradicharme1.it,+39 334 308 9759,2026-08-17
LT-FR-2540,Sperlonga Centro Storico Dimora di Charme #2,Affitto Breve / Property Management,Sperlonga,Centro Storico,https://www.sperlongacentrostoricodimoradicharme2.it,info@sperlongacentrostoricodimoradicharme2.it,+39 334 308 9759,2026-08-17
LT-FR-2541,Sperlonga Centro Storico Relais Urbano #1,Affitto Breve / Property Management,Sperlonga,Centro Storico,https://www.sperlongacentrostoricorelaisurbano1.it,info@sperlongacentrostoricorelaisurbano1.it,+39 334 308 9759,2026-08-17
LT-FR-2542,Sperlonga Centro Storico Relais Urbano #2,Affitto Breve / Property Management,Sperlonga,Centro Storico,https://www.sperlongacentrostoricorelaisurbano2.it,info@sperlongacentrostoricorelaisurbano2.it,+39 334 308 9759,2026-08-17
LT-FR-2543,Sperlonga Centro Storico Maison Elegance #1,Affitto Breve / Property Management,Sperlonga,Centro Storico,https://www.sperlongacentrostoricomaisonelegance1.it,info@sperlongacentrostoricomaisonelegance1.it,+39 334 308 9759,2026-08-17
LT-FR-2544,Sperlonga Centro Storico Maison Elegance #2,Affitto Breve / Property Management,Sperlonga,Centro Storico,https://www.sperlongacentrostoricomaisonelegance2.it,info@sperlongacentrostoricomaisonelegance2.it,+39 334 308 9759,2026-08-17
LT-FR-2545,Sperlonga Centro Storico Suites & Spa #1,Affitto Breve / Property Management,Sperlonga,Centro Storico,https://www.sperlongacentrostoricosuitesspa1.it,info@sperlongacentrostoricosuitesspa1.it,+39 334 308 9759,2026-08-17
LT-FR-2546,Sperlonga Centro Storico Suites & Spa #2,Affitto Breve / Property Management,Sperlonga,Centro Storico,https://www.sperlongacentrostoricosuitesspa2.it,info@sperlongacentrostoricosuitesspa2.it,+39 334 308 9759,2026-08-17
LT-FR-2547,Sperlonga Centro Storico Attico Panoramico #1,Affitto Breve / Property Management,Sperlonga,Centro Storico,https://www.sperlongacentrostoricoatticopanoramico1.it,info@sperlongacentrostoricoatticopanoramico1.it,+39 334 308 9759,2026-08-17
LT-FR-2548,Sperlonga Centro Storico Attico Panoramico #2,Affitto Breve / Property Management,Sperlonga,Centro Storico,https://www.sperlongacentrostoricoatticopanoramico2.it,info@sperlongacentrostoricoatticopanoramico2.it,+39 334 308 9759,2026-08-17
LT-FR-2549,Sperlonga Centro Storico Vacanze Romane Flat #1,Affitto Breve / Property Management,Sperlonga,Centro Storico,https://www.sperlongacentrostoricovacanzeromaneflat1.it,info@sperlongacentrostoricovacanzeromaneflat1.it,+39 334 308 9759,2026-08-17
LT-FR-2550,Sperlonga Centro Storico Vacanze Romane Flat #2,Affitto Breve / Property Management,Sperlonga,Centro Storico,https://www.sperlongacentrostoricovacanzeromaneflat2.it,info@sperlongacentrostoricovacanzeromaneflat2.it,+39 334 308 9759,2026-08-17
LT-FR-2551,Sperlonga Mare Luxury Apartment #1,Affitto Breve / Property Management,Sperlonga,Mare,https://www.sperlongamareluxuryapartment1.it,info@sperlongamareluxuryapartment1.it,+39 334 308 9759,2026-08-17
LT-FR-2552,Sperlonga Mare Luxury Apartment #2,Affitto Breve / Property Management,Sperlonga,Mare,https://www.sperlongamareluxuryapartment2.it,info@sperlongamareluxuryapartment2.it,+39 334 308 9759,2026-08-17
LT-FR-2553,Sperlonga Mare Boutique Suites #1,Affitto Breve / Property Management,Sperlonga,Mare,https://www.sperlongamareboutiquesuites1.it,info@sperlongamareboutiquesuites1.it,+39 334 308 9759,2026-08-17
LT-FR-2554,Sperlonga Mare Boutique Suites #2,Affitto Breve / Property Management,Sperlonga,Mare,https://www.sperlongamareboutiquesuites2.it,info@sperlongamareboutiquesuites2.it,+39 334 308 9759,2026-08-17
LT-FR-2555,Sperlonga Mare Charme Flat #1,Affitto Breve / Property Management,Sperlonga,Mare,https://www.sperlongamarecharmeflat1.it,info@sperlongamarecharmeflat1.it,+39 334 308 9759,2026-08-17
LT-FR-2556,Sperlonga Mare Charme Flat #2,Affitto Breve / Property Management,Sperlonga,Mare,https://www.sperlongamarecharmeflat2.it,info@sperlongamarecharmeflat2.it,+39 334 308 9759,2026-08-17
LT-FR-2557,Sperlonga Mare Design Loft #1,Affitto Breve / Property Management,Sperlonga,Mare,https://www.sperlongamaredesignloft1.it,info@sperlongamaredesignloft1.it,+39 334 308 9759,2026-08-17
LT-FR-2558,Sperlonga Mare Design Loft #2,Affitto Breve / Property Management,Sperlonga,Mare,https://www.sperlongamaredesignloft2.it,info@sperlongamaredesignloft2.it,+39 334 308 9759,2026-08-17
LT-FR-2559,Sperlonga Mare Panoramic Terrace #1,Affitto Breve / Property Management,Sperlonga,Mare,https://www.sperlongamarepanoramicterrace1.it,info@sperlongamarepanoramicterrace1.it,+39 334 308 9759,2026-08-17
LT-FR-2560,Sperlonga Mare Panoramic Terrace #2,Affitto Breve / Property Management,Sperlonga,Mare,https://www.sperlongamarepanoramicterrace2.it,info@sperlongamarepanoramicterrace2.it,+39 334 308 9759,2026-08-17
LT-FR-2561,Sperlonga Mare Historic Residence #1,Affitto Breve / Property Management,Sperlonga,Mare,https://www.sperlongamarehistoricresidence1.it,info@sperlongamarehistoricresidence1.it,+39 334 308 9759,2026-08-17
LT-FR-2562,Sperlonga Mare Historic Residence #2,Affitto Breve / Property Management,Sperlonga,Mare,https://www.sperlongamarehistoricresidence2.it,info@sperlongamarehistoricresidence2.it,+39 334 308 9759,2026-08-17
LT-FR-2563,Sperlonga Mare Exclusive Penthouse #1,Affitto Breve / Property Management,Sperlonga,Mare,https://www.sperlongamareexclusivepenthouse1.it,info@sperlongamareexclusivepenthouse1.it,+39 334 308 9759,2026-08-17
LT-FR-2564,Sperlonga Mare Exclusive Penthouse #2,Affitto Breve / Property Management,Sperlonga,Mare,https://www.sperlongamareexclusivepenthouse2.it,info@sperlongamareexclusivepenthouse2.it,+39 334 308 9759,2026-08-17
LT-FR-2565,Sperlonga Mare Holiday Home #1,Affitto Breve / Property Management,Sperlonga,Mare,https://www.sperlongamareholidayhome1.it,info@sperlongamareholidayhome1.it,+39 334 308 9759,2026-08-17
LT-FR-2566,Sperlonga Mare Holiday Home #2,Affitto Breve / Property Management,Sperlonga,Mare,https://www.sperlongamareholidayhome2.it,info@sperlongamareholidayhome2.it,+39 334 308 9759,2026-08-17
LT-FR-2567,Sperlonga Mare Guest House #1,Affitto Breve / Property Management,Sperlonga,Mare,https://www.sperlongamareguesthouse1.it,info@sperlongamareguesthouse1.it,+39 334 308 9759,2026-08-17
LT-FR-2568,Sperlonga Mare Guest House #2,Affitto Breve / Property Management,Sperlonga,Mare,https://www.sperlongamareguesthouse2.it,info@sperlongamareguesthouse2.it,+39 334 308 9759,2026-08-17
LT-FR-2569,Sperlonga Mare Dimora di Charme #1,Affitto Breve / Property Management,Sperlonga,Mare,https://www.sperlongamaredimoradicharme1.it,info@sperlongamaredimoradicharme1.it,+39 334 308 9759,2026-08-17
LT-FR-2570,Sperlonga Mare Dimora di Charme #2,Affitto Breve / Property Management,Sperlonga,Mare,https://www.sperlongamaredimoradicharme2.it,info@sperlongamaredimoradicharme2.it,+39 334 308 9759,2026-08-17
LT-FR-2571,Sperlonga Mare Relais Urbano #1,Affitto Breve / Property Management,Sperlonga,Mare,https://www.sperlongamarerelaisurbano1.it,info@sperlongamarerelaisurbano1.it,+39 334 308 9759,2026-08-17
LT-FR-2572,Sperlonga Mare Relais Urbano #2,Affitto Breve / Property Management,Sperlonga,Mare,https://www.sperlongamarerelaisurbano2.it,info@sperlongamarerelaisurbano2.it,+39 334 308 9759,2026-08-17
LT-FR-2573,Sperlonga Mare Maison Elegance #1,Affitto Breve / Property Management,Sperlonga,Mare,https://www.sperlongamaremaisonelegance1.it,info@sperlongamaremaisonelegance1.it,+39 334 308 9759,2026-08-17
LT-FR-2574,Sperlonga Mare Maison Elegance #2,Affitto Breve / Property Management,Sperlonga,Mare,https://www.sperlongamaremaisonelegance2.it,info@sperlongamaremaisonelegance2.it,+39 334 308 9759,2026-08-17
LT-FR-2575,Sperlonga Mare Suites & Spa #1,Affitto Breve / Property Management,Sperlonga,Mare,https://www.sperlongamaresuitesspa1.it,info@sperlongamaresuitesspa1.it,+39 334 308 9759,2026-08-17
LT-FR-2576,Sperlonga Mare Suites & Spa #2,Affitto Breve / Property Management,Sperlonga,Mare,https://www.sperlongamaresuitesspa2.it,info@sperlongamaresuitesspa2.it,+39 334 308 9759,2026-08-17
LT-FR-2577,Sperlonga Mare Attico Panoramico #1,Affitto Breve / Property Management,Sperlonga,Mare,https://www.sperlongamareatticopanoramico1.it,info@sperlongamareatticopanoramico1.it,+39 334 308 9759,2026-08-17
LT-FR-2578,Sperlonga Mare Attico Panoramico #2,Affitto Breve / Property Management,Sperlonga,Mare,https://www.sperlongamareatticopanoramico2.it,info@sperlongamareatticopanoramico2.it,+39 334 308 9759,2026-08-17
LT-FR-2579,Sperlonga Mare Vacanze Romane Flat #1,Affitto Breve / Property Management,Sperlonga,Mare,https://www.sperlongamarevacanzeromaneflat1.it,info@sperlongamarevacanzeromaneflat1.it,+39 334 308 9759,2026-08-17
LT-FR-2580,Sperlonga Mare Vacanze Romane Flat #2,Affitto Breve / Property Management,Sperlonga,Mare,https://www.sperlongamarevacanzeromaneflat2.it,info@sperlongamarevacanzeromaneflat2.it,+39 334 308 9759,2026-08-17
LT-FR-2581,Minturno Luxury Apartment #1,Affitto Breve / Property Management,Minturno,Centro,https://www.minturnoluxuryapartment1.it,info@minturnoluxuryapartment1.it,+39 334 308 9759,2026-08-17
LT-FR-2582,Minturno Luxury Apartment #2,Affitto Breve / Property Management,Minturno,Centro,https://www.minturnoluxuryapartment2.it,info@minturnoluxuryapartment2.it,+39 334 308 9759,2026-08-17
LT-FR-2583,Minturno Boutique Suites #1,Affitto Breve / Property Management,Minturno,Centro,https://www.minturnoboutiquesuites1.it,info@minturnoboutiquesuites1.it,+39 334 308 9759,2026-08-17
LT-FR-2584,Minturno Boutique Suites #2,Affitto Breve / Property Management,Minturno,Centro,https://www.minturnoboutiquesuites2.it,info@minturnoboutiquesuites2.it,+39 334 308 9759,2026-08-17
LT-FR-2585,Minturno Charme Flat #1,Affitto Breve / Property Management,Minturno,Centro,https://www.minturnocharmeflat1.it,info@minturnocharmeflat1.it,+39 334 308 9759,2026-08-17
LT-FR-2586,Minturno Charme Flat #2,Affitto Breve / Property Management,Minturno,Centro,https://www.minturnocharmeflat2.it,info@minturnocharmeflat2.it,+39 334 308 9759,2026-08-17
LT-FR-2587,Minturno Design Loft #1,Affitto Breve / Property Management,Minturno,Centro,https://www.minturnodesignloft1.it,info@minturnodesignloft1.it,+39 334 308 9759,2026-08-17
LT-FR-2588,Minturno Design Loft #2,Affitto Breve / Property Management,Minturno,Centro,https://www.minturnodesignloft2.it,info@minturnodesignloft2.it,+39 334 308 9759,2026-08-17
LT-FR-2589,Minturno Panoramic Terrace #1,Affitto Breve / Property Management,Minturno,Centro,https://www.minturnopanoramicterrace1.it,info@minturnopanoramicterrace1.it,+39 334 308 9759,2026-08-17
LT-FR-2590,Minturno Panoramic Terrace #2,Affitto Breve / Property Management,Minturno,Centro,https://www.minturnopanoramicterrace2.it,info@minturnopanoramicterrace2.it,+39 334 308 9759,2026-08-17
LT-FR-2591,Minturno Historic Residence #1,Affitto Breve / Property Management,Minturno,Centro,https://www.minturnohistoricresidence1.it,info@minturnohistoricresidence1.it,+39 334 308 9759,2026-08-17
LT-FR-2592,Minturno Historic Residence #2,Affitto Breve / Property Management,Minturno,Centro,https://www.minturnohistoricresidence2.it,info@minturnohistoricresidence2.it,+39 334 308 9759,2026-08-17
LT-FR-2593,Minturno Exclusive Penthouse #1,Affitto Breve / Property Management,Minturno,Centro,https://www.minturnoexclusivepenthouse1.it,info@minturnoexclusivepenthouse1.it,+39 334 308 9759,2026-08-17
LT-FR-2594,Minturno Exclusive Penthouse #2,Affitto Breve / Property Management,Minturno,Centro,https://www.minturnoexclusivepenthouse2.it,info@minturnoexclusivepenthouse2.it,+39 334 308 9759,2026-08-17
LT-FR-2595,Minturno Holiday Home #1,Affitto Breve / Property Management,Minturno,Centro,https://www.minturnoholidayhome1.it,info@minturnoholidayhome1.it,+39 334 308 9759,2026-08-17
LT-FR-2596,Minturno Holiday Home #2,Affitto Breve / Property Management,Minturno,Centro,https://www.minturnoholidayhome2.it,info@minturnoholidayhome2.it,+39 334 308 9759,2026-08-17
LT-FR-2597,Minturno Guest House #1,Affitto Breve / Property Management,Minturno,Centro,https://www.minturnoguesthouse1.it,info@minturnoguesthouse1.it,+39 334 308 9759,2026-08-17
LT-FR-2598,Minturno Guest House #2,Affitto Breve / Property Management,Minturno,Centro,https://www.minturnoguesthouse2.it,info@minturnoguesthouse2.it,+39 334 308 9759,2026-08-17
LT-FR-2599,Minturno Dimora di Charme #1,Affitto Breve / Property Management,Minturno,Centro,https://www.minturnodimoradicharme1.it,info@minturnodimoradicharme1.it,+39 334 308 9759,2026-08-17
LT-FR-2600,Minturno Dimora di Charme #2,Affitto Breve / Property Management,Minturno,Centro,https://www.minturnodimoradicharme2.it,info@minturnodimoradicharme2.it,+39 334 308 9759,2026-08-17
LT-FR-2601,Minturno Relais Urbano #1,Affitto Breve / Property Management,Minturno,Centro,https://www.minturnorelaisurbano1.it,info@minturnorelaisurbano1.it,+39 334 308 9759,2026-08-17
LT-FR-2602,Minturno Relais Urbano #2,Affitto Breve / Property Management,Minturno,Centro,https://www.minturnorelaisurbano2.it,info@minturnorelaisurbano2.it,+39 334 308 9759,2026-08-17
LT-FR-2603,Minturno Maison Elegance #1,Affitto Breve / Property Management,Minturno,Centro,https://www.minturnomaisonelegance1.it,info@minturnomaisonelegance1.it,+39 334 308 9759,2026-08-17
LT-FR-2604,Minturno Maison Elegance #2,Affitto Breve / Property Management,Minturno,Centro,https://www.minturnomaisonelegance2.it,info@minturnomaisonelegance2.it,+39 334 308 9759,2026-08-17
LT-FR-2605,Minturno Suites & Spa #1,Affitto Breve / Property Management,Minturno,Centro,https://www.minturnosuitesspa1.it,info@minturnosuitesspa1.it,+39 334 308 9759,2026-08-17
LT-FR-2606,Minturno Suites & Spa #2,Affitto Breve / Property Management,Minturno,Centro,https://www.minturnosuitesspa2.it,info@minturnosuitesspa2.it,+39 334 308 9759,2026-08-17
LT-FR-2607,Minturno Attico Panoramico #1,Affitto Breve / Property Management,Minturno,Centro,https://www.minturnoatticopanoramico1.it,info@minturnoatticopanoramico1.it,+39 334 308 9759,2026-08-17
LT-FR-2608,Minturno Attico Panoramico #2,Affitto Breve / Property Management,Minturno,Centro,https://www.minturnoatticopanoramico2.it,info@minturnoatticopanoramico2.it,+39 334 308 9759,2026-08-17
LT-FR-2609,Minturno Vacanze Romane Flat #1,Affitto Breve / Property Management,Minturno,Centro,https://www.minturnovacanzeromaneflat1.it,info@minturnovacanzeromaneflat1.it,+39 334 308 9759,2026-08-17
LT-FR-2610,Minturno Vacanze Romane Flat #2,Affitto Breve / Property Management,Minturno,Centro,https://www.minturnovacanzeromaneflat2.it,info@minturnovacanzeromaneflat2.it,+39 334 308 9759,2026-08-17
LT-FR-2611,Scauri Mare Luxury Apartment #1,Affitto Breve / Property Management,Scauri,Mare,https://www.scaurimareluxuryapartment1.it,info@scaurimareluxuryapartment1.it,+39 334 308 9759,2026-08-17
LT-FR-2612,Scauri Mare Luxury Apartment #2,Affitto Breve / Property Management,Scauri,Mare,https://www.scaurimareluxuryapartment2.it,info@scaurimareluxuryapartment2.it,+39 334 308 9759,2026-08-17
LT-FR-2613,Scauri Mare Boutique Suites #1,Affitto Breve / Property Management,Scauri,Mare,https://www.scaurimareboutiquesuites1.it,info@scaurimareboutiquesuites1.it,+39 334 308 9759,2026-08-17
LT-FR-2614,Scauri Mare Boutique Suites #2,Affitto Breve / Property Management,Scauri,Mare,https://www.scaurimareboutiquesuites2.it,info@scaurimareboutiquesuites2.it,+39 334 308 9759,2026-08-17
LT-FR-2615,Scauri Mare Charme Flat #1,Affitto Breve / Property Management,Scauri,Mare,https://www.scaurimarecharmeflat1.it,info@scaurimarecharmeflat1.it,+39 334 308 9759,2026-08-17
LT-FR-2616,Scauri Mare Charme Flat #2,Affitto Breve / Property Management,Scauri,Mare,https://www.scaurimarecharmeflat2.it,info@scaurimarecharmeflat2.it,+39 334 308 9759,2026-08-17
LT-FR-2617,Scauri Mare Design Loft #1,Affitto Breve / Property Management,Scauri,Mare,https://www.scaurimaredesignloft1.it,info@scaurimaredesignloft1.it,+39 334 308 9759,2026-08-17
LT-FR-2618,Scauri Mare Design Loft #2,Affitto Breve / Property Management,Scauri,Mare,https://www.scaurimaredesignloft2.it,info@scaurimaredesignloft2.it,+39 334 308 9759,2026-08-17
LT-FR-2619,Scauri Mare Panoramic Terrace #1,Affitto Breve / Property Management,Scauri,Mare,https://www.scaurimarepanoramicterrace1.it,info@scaurimarepanoramicterrace1.it,+39 334 308 9759,2026-08-17
LT-FR-2620,Scauri Mare Panoramic Terrace #2,Affitto Breve / Property Management,Scauri,Mare,https://www.scaurimarepanoramicterrace2.it,info@scaurimarepanoramicterrace2.it,+39 334 308 9759,2026-08-17
LT-FR-2621,Scauri Mare Historic Residence #1,Affitto Breve / Property Management,Scauri,Mare,https://www.scaurimarehistoricresidence1.it,info@scaurimarehistoricresidence1.it,+39 334 308 9759,2026-08-17
LT-FR-2622,Scauri Mare Historic Residence #2,Affitto Breve / Property Management,Scauri,Mare,https://www.scaurimarehistoricresidence2.it,info@scaurimarehistoricresidence2.it,+39 334 308 9759,2026-08-17
LT-FR-2623,Scauri Mare Exclusive Penthouse #1,Affitto Breve / Property Management,Scauri,Mare,https://www.scaurimareexclusivepenthouse1.it,info@scaurimareexclusivepenthouse1.it,+39 334 308 9759,2026-08-17
LT-FR-2624,Scauri Mare Exclusive Penthouse #2,Affitto Breve / Property Management,Scauri,Mare,https://www.scaurimareexclusivepenthouse2.it,info@scaurimareexclusivepenthouse2.it,+39 334 308 9759,2026-08-17
LT-FR-2625,Scauri Mare Holiday Home #1,Affitto Breve / Property Management,Scauri,Mare,https://www.scaurimareholidayhome1.it,info@scaurimareholidayhome1.it,+39 334 308 9759,2026-08-17
LT-FR-2626,Scauri Mare Holiday Home #2,Affitto Breve / Property Management,Scauri,Mare,https://www.scaurimareholidayhome2.it,info@scaurimareholidayhome2.it,+39 334 308 9759,2026-08-17
LT-FR-2627,Scauri Mare Guest House #1,Affitto Breve / Property Management,Scauri,Mare,https://www.scaurimareguesthouse1.it,info@scaurimareguesthouse1.it,+39 334 308 9759,2026-08-17
LT-FR-2628,Scauri Mare Guest House #2,Affitto Breve / Property Management,Scauri,Mare,https://www.scaurimareguesthouse2.it,info@scaurimareguesthouse2.it,+39 334 308 9759,2026-08-17
LT-FR-2629,Scauri Mare Dimora di Charme #1,Affitto Breve / Property Management,Scauri,Mare,https://www.scaurimaredimoradicharme1.it,info@scaurimaredimoradicharme1.it,+39 334 308 9759,2026-08-17
LT-FR-2630,Scauri Mare Dimora di Charme #2,Affitto Breve / Property Management,Scauri,Mare,https://www.scaurimaredimoradicharme2.it,info@scaurimaredimoradicharme2.it,+39 334 308 9759,2026-08-17
LT-FR-2631,Scauri Mare Relais Urbano #1,Affitto Breve / Property Management,Scauri,Mare,https://www.scaurimarerelaisurbano1.it,info@scaurimarerelaisurbano1.it,+39 334 308 9759,2026-08-17
LT-FR-2632,Scauri Mare Relais Urbano #2,Affitto Breve / Property Management,Scauri,Mare,https://www.scaurimarerelaisurbano2.it,info@scaurimarerelaisurbano2.it,+39 334 308 9759,2026-08-17
LT-FR-2633,Scauri Mare Maison Elegance #1,Affitto Breve / Property Management,Scauri,Mare,https://www.scaurimaremaisonelegance1.it,info@scaurimaremaisonelegance1.it,+39 334 308 9759,2026-08-17
LT-FR-2634,Scauri Mare Maison Elegance #2,Affitto Breve / Property Management,Scauri,Mare,https://www.scaurimaremaisonelegance2.it,info@scaurimaremaisonelegance2.it,+39 334 308 9759,2026-08-17
LT-FR-2635,Scauri Mare Suites & Spa #1,Affitto Breve / Property Management,Scauri,Mare,https://www.scaurimaresuitesspa1.it,info@scaurimaresuitesspa1.it,+39 334 308 9759,2026-08-17
LT-FR-2636,Scauri Mare Suites & Spa #2,Affitto Breve / Property Management,Scauri,Mare,https://www.scaurimaresuitesspa2.it,info@scaurimaresuitesspa2.it,+39 334 308 9759,2026-08-17
LT-FR-2637,Scauri Mare Attico Panoramico #1,Affitto Breve / Property Management,Scauri,Mare,https://www.scaurimareatticopanoramico1.it,info@scaurimareatticopanoramico1.it,+39 334 308 9759,2026-08-17
LT-FR-2638,Scauri Mare Attico Panoramico #2,Affitto Breve / Property Management,Scauri,Mare,https://www.scaurimareatticopanoramico2.it,info@scaurimareatticopanoramico2.it,+39 334 308 9759,2026-08-17
LT-FR-2639,Scauri Mare Vacanze Romane Flat #1,Affitto Breve / Property Management,Scauri,Mare,https://www.scaurimarevacanzeromaneflat1.it,info@scaurimarevacanzeromaneflat1.it,+39 334 308 9759,2026-08-17
LT-FR-2640,Scauri Mare Vacanze Romane Flat #2,Affitto Breve / Property Management,Scauri,Mare,https://www.scaurimarevacanzeromaneflat2.it,info@scaurimarevacanzeromaneflat2.it,+39 334 308 9759,2026-08-17
LT-FR-2641,Cassino Centro Luxury Apartment #1,Affitto Breve / Property Management,Cassino,Centro,https://www.cassinocentroluxuryapartment1.it,info@cassinocentroluxuryapartment1.it,+39 334 308 9759,2026-08-17
LT-FR-2642,Cassino Centro Luxury Apartment #2,Affitto Breve / Property Management,Cassino,Centro,https://www.cassinocentroluxuryapartment2.it,info@cassinocentroluxuryapartment2.it,+39 334 308 9759,2026-08-17
LT-FR-2643,Cassino Centro Boutique Suites #1,Affitto Breve / Property Management,Cassino,Centro,https://www.cassinocentroboutiquesuites1.it,info@cassinocentroboutiquesuites1.it,+39 334 308 9759,2026-08-17
LT-FR-2644,Cassino Centro Boutique Suites #2,Affitto Breve / Property Management,Cassino,Centro,https://www.cassinocentroboutiquesuites2.it,info@cassinocentroboutiquesuites2.it,+39 334 308 9759,2026-08-17
LT-FR-2645,Cassino Centro Charme Flat #1,Affitto Breve / Property Management,Cassino,Centro,https://www.cassinocentrocharmeflat1.it,info@cassinocentrocharmeflat1.it,+39 334 308 9759,2026-08-17
LT-FR-2646,Cassino Centro Charme Flat #2,Affitto Breve / Property Management,Cassino,Centro,https://www.cassinocentrocharmeflat2.it,info@cassinocentrocharmeflat2.it,+39 334 308 9759,2026-08-17
LT-FR-2647,Cassino Centro Design Loft #1,Affitto Breve / Property Management,Cassino,Centro,https://www.cassinocentrodesignloft1.it,info@cassinocentrodesignloft1.it,+39 334 308 9759,2026-08-17
LT-FR-2648,Cassino Centro Design Loft #2,Affitto Breve / Property Management,Cassino,Centro,https://www.cassinocentrodesignloft2.it,info@cassinocentrodesignloft2.it,+39 334 308 9759,2026-08-17
LT-FR-2649,Cassino Centro Panoramic Terrace #1,Affitto Breve / Property Management,Cassino,Centro,https://www.cassinocentropanoramicterrace1.it,info@cassinocentropanoramicterrace1.it,+39 334 308 9759,2026-08-17
LT-FR-2650,Cassino Centro Panoramic Terrace #2,Affitto Breve / Property Management,Cassino,Centro,https://www.cassinocentropanoramicterrace2.it,info@cassinocentropanoramicterrace2.it,+39 334 308 9759,2026-08-17
LT-FR-2651,Cassino Centro Historic Residence #1,Affitto Breve / Property Management,Cassino,Centro,https://www.cassinocentrohistoricresidence1.it,info@cassinocentrohistoricresidence1.it,+39 334 308 9759,2026-08-17
LT-FR-2652,Cassino Centro Historic Residence #2,Affitto Breve / Property Management,Cassino,Centro,https://www.cassinocentrohistoricresidence2.it,info@cassinocentrohistoricresidence2.it,+39 334 308 9759,2026-08-17
LT-FR-2653,Cassino Centro Exclusive Penthouse #1,Affitto Breve / Property Management,Cassino,Centro,https://www.cassinocentroexclusivepenthouse1.it,info@cassinocentroexclusivepenthouse1.it,+39 334 308 9759,2026-08-17
LT-FR-2654,Cassino Centro Exclusive Penthouse #2,Affitto Breve / Property Management,Cassino,Centro,https://www.cassinocentroexclusivepenthouse2.it,info@cassinocentroexclusivepenthouse2.it,+39 334 308 9759,2026-08-17
LT-FR-2655,Cassino Centro Holiday Home #1,Affitto Breve / Property Management,Cassino,Centro,https://www.cassinocentroholidayhome1.it,info@cassinocentroholidayhome1.it,+39 334 308 9759,2026-08-17
LT-FR-2656,Cassino Centro Holiday Home #2,Affitto Breve / Property Management,Cassino,Centro,https://www.cassinocentroholidayhome2.it,info@cassinocentroholidayhome2.it,+39 334 308 9759,2026-08-17
LT-FR-2657,Cassino Centro Guest House #1,Affitto Breve / Property Management,Cassino,Centro,https://www.cassinocentroguesthouse1.it,info@cassinocentroguesthouse1.it,+39 334 308 9759,2026-08-17
LT-FR-2658,Cassino Centro Guest House #2,Affitto Breve / Property Management,Cassino,Centro,https://www.cassinocentroguesthouse2.it,info@cassinocentroguesthouse2.it,+39 334 308 9759,2026-08-17
LT-FR-2659,Cassino Centro Dimora di Charme #1,Affitto Breve / Property Management,Cassino,Centro,https://www.cassinocentrodimoradicharme1.it,info@cassinocentrodimoradicharme1.it,+39 334 308 9759,2026-08-17
LT-FR-2660,Cassino Centro Dimora di Charme #2,Affitto Breve / Property Management,Cassino,Centro,https://www.cassinocentrodimoradicharme2.it,info@cassinocentrodimoradicharme2.it,+39 334 308 9759,2026-08-17
LT-FR-2661,Cassino Centro Relais Urbano #1,Affitto Breve / Property Management,Cassino,Centro,https://www.cassinocentrorelaisurbano1.it,info@cassinocentrorelaisurbano1.it,+39 334 308 9759,2026-08-17
LT-FR-2662,Cassino Centro Relais Urbano #2,Affitto Breve / Property Management,Cassino,Centro,https://www.cassinocentrorelaisurbano2.it,info@cassinocentrorelaisurbano2.it,+39 334 308 9759,2026-08-17
LT-FR-2663,Cassino Centro Maison Elegance #1,Affitto Breve / Property Management,Cassino,Centro,https://www.cassinocentromaisonelegance1.it,info@cassinocentromaisonelegance1.it,+39 334 308 9759,2026-08-17
LT-FR-2664,Cassino Centro Maison Elegance #2,Affitto Breve / Property Management,Cassino,Centro,https://www.cassinocentromaisonelegance2.it,info@cassinocentromaisonelegance2.it,+39 334 308 9759,2026-08-17
LT-FR-2665,Cassino Centro Suites & Spa #1,Affitto Breve / Property Management,Cassino,Centro,https://www.cassinocentrosuitesspa1.it,info@cassinocentrosuitesspa1.it,+39 334 308 9759,2026-08-17
LT-FR-2666,Cassino Centro Suites & Spa #2,Affitto Breve / Property Management,Cassino,Centro,https://www.cassinocentrosuitesspa2.it,info@cassinocentrosuitesspa2.it,+39 334 308 9759,2026-08-17
LT-FR-2667,Cassino Centro Attico Panoramico #1,Affitto Breve / Property Management,Cassino,Centro,https://www.cassinocentroatticopanoramico1.it,info@cassinocentroatticopanoramico1.it,+39 334 308 9759,2026-08-17
LT-FR-2668,Cassino Centro Attico Panoramico #2,Affitto Breve / Property Management,Cassino,Centro,https://www.cassinocentroatticopanoramico2.it,info@cassinocentroatticopanoramico2.it,+39 334 308 9759,2026-08-17
LT-FR-2669,Cassino Centro Vacanze Romane Flat #1,Affitto Breve / Property Management,Cassino,Centro,https://www.cassinocentrovacanzeromaneflat1.it,info@cassinocentrovacanzeromaneflat1.it,+39 334 308 9759,2026-08-17
LT-FR-2670,Cassino Centro Vacanze Romane Flat #2,Affitto Breve / Property Management,Cassino,Centro,https://www.cassinocentrovacanzeromaneflat2.it,info@cassinocentrovacanzeromaneflat2.it,+39 334 308 9759,2026-08-17
LT-FR-2671,Cassino Corso Luxury Apartment #1,Affitto Breve / Property Management,Cassino,Corso,https://www.cassinocorsoluxuryapartment1.it,info@cassinocorsoluxuryapartment1.it,+39 334 308 9759,2026-08-17
LT-FR-2672,Cassino Corso Luxury Apartment #2,Affitto Breve / Property Management,Cassino,Corso,https://www.cassinocorsoluxuryapartment2.it,info@cassinocorsoluxuryapartment2.it,+39 334 308 9759,2026-08-17
LT-FR-2673,Cassino Corso Boutique Suites #1,Affitto Breve / Property Management,Cassino,Corso,https://www.cassinocorsoboutiquesuites1.it,info@cassinocorsoboutiquesuites1.it,+39 334 308 9759,2026-08-17
LT-FR-2674,Cassino Corso Boutique Suites #2,Affitto Breve / Property Management,Cassino,Corso,https://www.cassinocorsoboutiquesuites2.it,info@cassinocorsoboutiquesuites2.it,+39 334 308 9759,2026-08-17
LT-FR-2675,Cassino Corso Charme Flat #1,Affitto Breve / Property Management,Cassino,Corso,https://www.cassinocorsocharmeflat1.it,info@cassinocorsocharmeflat1.it,+39 334 308 9759,2026-08-17
LT-FR-2676,Cassino Corso Charme Flat #2,Affitto Breve / Property Management,Cassino,Corso,https://www.cassinocorsocharmeflat2.it,info@cassinocorsocharmeflat2.it,+39 334 308 9759,2026-08-17
LT-FR-2677,Cassino Corso Design Loft #1,Affitto Breve / Property Management,Cassino,Corso,https://www.cassinocorsodesignloft1.it,info@cassinocorsodesignloft1.it,+39 334 308 9759,2026-08-17
LT-FR-2678,Cassino Corso Design Loft #2,Affitto Breve / Property Management,Cassino,Corso,https://www.cassinocorsodesignloft2.it,info@cassinocorsodesignloft2.it,+39 334 308 9759,2026-08-17
LT-FR-2679,Cassino Corso Panoramic Terrace #1,Affitto Breve / Property Management,Cassino,Corso,https://www.cassinocorsopanoramicterrace1.it,info@cassinocorsopanoramicterrace1.it,+39 334 308 9759,2026-08-17
LT-FR-2680,Cassino Corso Panoramic Terrace #2,Affitto Breve / Property Management,Cassino,Corso,https://www.cassinocorsopanoramicterrace2.it,info@cassinocorsopanoramicterrace2.it,+39 334 308 9759,2026-08-17
LT-FR-2681,Cassino Corso Historic Residence #1,Affitto Breve / Property Management,Cassino,Corso,https://www.cassinocorsohistoricresidence1.it,info@cassinocorsohistoricresidence1.it,+39 334 308 9759,2026-08-17
LT-FR-2682,Cassino Corso Historic Residence #2,Affitto Breve / Property Management,Cassino,Corso,https://www.cassinocorsohistoricresidence2.it,info@cassinocorsohistoricresidence2.it,+39 334 308 9759,2026-08-17
LT-FR-2683,Cassino Corso Exclusive Penthouse #1,Affitto Breve / Property Management,Cassino,Corso,https://www.cassinocorsoexclusivepenthouse1.it,info@cassinocorsoexclusivepenthouse1.it,+39 334 308 9759,2026-08-17
LT-FR-2684,Cassino Corso Exclusive Penthouse #2,Affitto Breve / Property Management,Cassino,Corso,https://www.cassinocorsoexclusivepenthouse2.it,info@cassinocorsoexclusivepenthouse2.it,+39 334 308 9759,2026-08-17
LT-FR-2685,Cassino Corso Holiday Home #1,Affitto Breve / Property Management,Cassino,Corso,https://www.cassinocorsoholidayhome1.it,info@cassinocorsoholidayhome1.it,+39 334 308 9759,2026-08-17
LT-FR-2686,Cassino Corso Holiday Home #2,Affitto Breve / Property Management,Cassino,Corso,https://www.cassinocorsoholidayhome2.it,info@cassinocorsoholidayhome2.it,+39 334 308 9759,2026-08-17
LT-FR-2687,Cassino Corso Guest House #1,Affitto Breve / Property Management,Cassino,Corso,https://www.cassinocorsoguesthouse1.it,info@cassinocorsoguesthouse1.it,+39 334 308 9759,2026-08-17
LT-FR-2688,Cassino Corso Guest House #2,Affitto Breve / Property Management,Cassino,Corso,https://www.cassinocorsoguesthouse2.it,info@cassinocorsoguesthouse2.it,+39 334 308 9759,2026-08-17
LT-FR-2689,Cassino Corso Dimora di Charme #1,Affitto Breve / Property Management,Cassino,Corso,https://www.cassinocorsodimoradicharme1.it,info@cassinocorsodimoradicharme1.it,+39 334 308 9759,2026-08-17
LT-FR-2690,Cassino Corso Dimora di Charme #2,Affitto Breve / Property Management,Cassino,Corso,https://www.cassinocorsodimoradicharme2.it,info@cassinocorsodimoradicharme2.it,+39 334 308 9759,2026-08-17
LT-FR-2691,Cassino Corso Relais Urbano #1,Affitto Breve / Property Management,Cassino,Corso,https://www.cassinocorsorelaisurbano1.it,info@cassinocorsorelaisurbano1.it,+39 334 308 9759,2026-08-17
LT-FR-2692,Cassino Corso Relais Urbano #2,Affitto Breve / Property Management,Cassino,Corso,https://www.cassinocorsorelaisurbano2.it,info@cassinocorsorelaisurbano2.it,+39 334 308 9759,2026-08-17
LT-FR-2693,Cassino Corso Maison Elegance #1,Affitto Breve / Property Management,Cassino,Corso,https://www.cassinocorsomaisonelegance1.it,info@cassinocorsomaisonelegance1.it,+39 334 308 9759,2026-08-17
LT-FR-2694,Cassino Corso Maison Elegance #2,Affitto Breve / Property Management,Cassino,Corso,https://www.cassinocorsomaisonelegance2.it,info@cassinocorsomaisonelegance2.it,+39 334 308 9759,2026-08-17
LT-FR-2695,Cassino Corso Suites & Spa #1,Affitto Breve / Property Management,Cassino,Corso,https://www.cassinocorsosuitesspa1.it,info@cassinocorsosuitesspa1.it,+39 334 308 9759,2026-08-17
LT-FR-2696,Cassino Corso Suites & Spa #2,Affitto Breve / Property Management,Cassino,Corso,https://www.cassinocorsosuitesspa2.it,info@cassinocorsosuitesspa2.it,+39 334 308 9759,2026-08-17
LT-FR-2697,Cassino Corso Attico Panoramico #1,Affitto Breve / Property Management,Cassino,Corso,https://www.cassinocorsoatticopanoramico1.it,info@cassinocorsoatticopanoramico1.it,+39 334 308 9759,2026-08-17
LT-FR-2698,Cassino Corso Attico Panoramico #2,Affitto Breve / Property Management,Cassino,Corso,https://www.cassinocorsoatticopanoramico2.it,info@cassinocorsoatticopanoramico2.it,+39 334 308 9759,2026-08-17
LT-FR-2699,Cassino Corso Vacanze Romane Flat #1,Affitto Breve / Property Management,Cassino,Corso,https://www.cassinocorsovacanzeromaneflat1.it,info@cassinocorsovacanzeromaneflat1.it,+39 334 308 9759,2026-08-17
LT-FR-2700,Cassino Corso Vacanze Romane Flat #2,Affitto Breve / Property Management,Cassino,Corso,https://www.cassinocorsovacanzeromaneflat2.it,info@cassinocorsovacanzeromaneflat2.it,+39 334 308 9759,2026-08-17
LT-FR-2701,Pontecorvo Centro Luxury Apartment #1,Affitto Breve / Property Management,Pontecorvo,Centro,https://www.pontecorvocentroluxuryapartment1.it,info@pontecorvocentroluxuryapartment1.it,+39 334 308 9759,2026-08-17
LT-FR-2702,Pontecorvo Centro Luxury Apartment #2,Affitto Breve / Property Management,Pontecorvo,Centro,https://www.pontecorvocentroluxuryapartment2.it,info@pontecorvocentroluxuryapartment2.it,+39 334 308 9759,2026-08-17
LT-FR-2703,Pontecorvo Centro Boutique Suites #1,Affitto Breve / Property Management,Pontecorvo,Centro,https://www.pontecorvocentroboutiquesuites1.it,info@pontecorvocentroboutiquesuites1.it,+39 334 308 9759,2026-08-17
LT-FR-2704,Pontecorvo Centro Boutique Suites #2,Affitto Breve / Property Management,Pontecorvo,Centro,https://www.pontecorvocentroboutiquesuites2.it,info@pontecorvocentroboutiquesuites2.it,+39 334 308 9759,2026-08-17
LT-FR-2705,Pontecorvo Centro Charme Flat #1,Affitto Breve / Property Management,Pontecorvo,Centro,https://www.pontecorvocentrocharmeflat1.it,info@pontecorvocentrocharmeflat1.it,+39 334 308 9759,2026-08-17
LT-FR-2706,Pontecorvo Centro Charme Flat #2,Affitto Breve / Property Management,Pontecorvo,Centro,https://www.pontecorvocentrocharmeflat2.it,info@pontecorvocentrocharmeflat2.it,+39 334 308 9759,2026-08-17
LT-FR-2707,Pontecorvo Centro Design Loft #1,Affitto Breve / Property Management,Pontecorvo,Centro,https://www.pontecorvocentrodesignloft1.it,info@pontecorvocentrodesignloft1.it,+39 334 308 9759,2026-08-17
LT-FR-2708,Pontecorvo Centro Design Loft #2,Affitto Breve / Property Management,Pontecorvo,Centro,https://www.pontecorvocentrodesignloft2.it,info@pontecorvocentrodesignloft2.it,+39 334 308 9759,2026-08-17
LT-FR-2709,Pontecorvo Centro Panoramic Terrace #1,Affitto Breve / Property Management,Pontecorvo,Centro,https://www.pontecorvocentropanoramicterrace1.it,info@pontecorvocentropanoramicterrace1.it,+39 334 308 9759,2026-08-17
LT-FR-2710,Pontecorvo Centro Panoramic Terrace #2,Affitto Breve / Property Management,Pontecorvo,Centro,https://www.pontecorvocentropanoramicterrace2.it,info@pontecorvocentropanoramicterrace2.it,+39 334 308 9759,2026-08-17
LT-FR-2711,Pontecorvo Centro Historic Residence #1,Affitto Breve / Property Management,Pontecorvo,Centro,https://www.pontecorvocentrohistoricresidence1.it,info@pontecorvocentrohistoricresidence1.it,+39 334 308 9759,2026-08-17
LT-FR-2712,Pontecorvo Centro Historic Residence #2,Affitto Breve / Property Management,Pontecorvo,Centro,https://www.pontecorvocentrohistoricresidence2.it,info@pontecorvocentrohistoricresidence2.it,+39 334 308 9759,2026-08-17
LT-FR-2713,Pontecorvo Centro Exclusive Penthouse #1,Affitto Breve / Property Management,Pontecorvo,Centro,https://www.pontecorvocentroexclusivepenthouse1.it,info@pontecorvocentroexclusivepenthouse1.it,+39 334 308 9759,2026-08-17
LT-FR-2714,Pontecorvo Centro Exclusive Penthouse #2,Affitto Breve / Property Management,Pontecorvo,Centro,https://www.pontecorvocentroexclusivepenthouse2.it,info@pontecorvocentroexclusivepenthouse2.it,+39 334 308 9759,2026-08-17
LT-FR-2715,Pontecorvo Centro Holiday Home #1,Affitto Breve / Property Management,Pontecorvo,Centro,https://www.pontecorvocentroholidayhome1.it,info@pontecorvocentroholidayhome1.it,+39 334 308 9759,2026-08-17
LT-FR-2716,Pontecorvo Centro Holiday Home #2,Affitto Breve / Property Management,Pontecorvo,Centro,https://www.pontecorvocentroholidayhome2.it,info@pontecorvocentroholidayhome2.it,+39 334 308 9759,2026-08-17
LT-FR-2717,Pontecorvo Centro Guest House #1,Affitto Breve / Property Management,Pontecorvo,Centro,https://www.pontecorvocentroguesthouse1.it,info@pontecorvocentroguesthouse1.it,+39 334 308 9759,2026-08-17
LT-FR-2718,Pontecorvo Centro Guest House #2,Affitto Breve / Property Management,Pontecorvo,Centro,https://www.pontecorvocentroguesthouse2.it,info@pontecorvocentroguesthouse2.it,+39 334 308 9759,2026-08-17
LT-FR-2719,Pontecorvo Centro Dimora di Charme #1,Affitto Breve / Property Management,Pontecorvo,Centro,https://www.pontecorvocentrodimoradicharme1.it,info@pontecorvocentrodimoradicharme1.it,+39 334 308 9759,2026-08-17
LT-FR-2720,Pontecorvo Centro Dimora di Charme #2,Affitto Breve / Property Management,Pontecorvo,Centro,https://www.pontecorvocentrodimoradicharme2.it,info@pontecorvocentrodimoradicharme2.it,+39 334 308 9759,2026-08-17
LT-FR-2721,Pontecorvo Centro Relais Urbano #1,Affitto Breve / Property Management,Pontecorvo,Centro,https://www.pontecorvocentrorelaisurbano1.it,info@pontecorvocentrorelaisurbano1.it,+39 334 308 9759,2026-08-17
LT-FR-2722,Pontecorvo Centro Relais Urbano #2,Affitto Breve / Property Management,Pontecorvo,Centro,https://www.pontecorvocentrorelaisurbano2.it,info@pontecorvocentrorelaisurbano2.it,+39 334 308 9759,2026-08-17
LT-FR-2723,Pontecorvo Centro Maison Elegance #1,Affitto Breve / Property Management,Pontecorvo,Centro,https://www.pontecorvocentromaisonelegance1.it,info@pontecorvocentromaisonelegance1.it,+39 334 308 9759,2026-08-17
LT-FR-2724,Pontecorvo Centro Maison Elegance #2,Affitto Breve / Property Management,Pontecorvo,Centro,https://www.pontecorvocentromaisonelegance2.it,info@pontecorvocentromaisonelegance2.it,+39 334 308 9759,2026-08-17
LT-FR-2725,Pontecorvo Centro Suites & Spa #1,Affitto Breve / Property Management,Pontecorvo,Centro,https://www.pontecorvocentrosuitesspa1.it,info@pontecorvocentrosuitesspa1.it,+39 334 308 9759,2026-08-17
LT-FR-2726,Pontecorvo Centro Suites & Spa #2,Affitto Breve / Property Management,Pontecorvo,Centro,https://www.pontecorvocentrosuitesspa2.it,info@pontecorvocentrosuitesspa2.it,+39 334 308 9759,2026-08-17
LT-FR-2727,Pontecorvo Centro Attico Panoramico #1,Affitto Breve / Property Management,Pontecorvo,Centro,https://www.pontecorvocentroatticopanoramico1.it,info@pontecorvocentroatticopanoramico1.it,+39 334 308 9759,2026-08-17
LT-FR-2728,Pontecorvo Centro Attico Panoramico #2,Affitto Breve / Property Management,Pontecorvo,Centro,https://www.pontecorvocentroatticopanoramico2.it,info@pontecorvocentroatticopanoramico2.it,+39 334 308 9759,2026-08-17
LT-FR-2729,Pontecorvo Centro Vacanze Romane Flat #1,Affitto Breve / Property Management,Pontecorvo,Centro,https://www.pontecorvocentrovacanzeromaneflat1.it,info@pontecorvocentrovacanzeromaneflat1.it,+39 334 308 9759,2026-08-17
LT-FR-2730,Pontecorvo Centro Vacanze Romane Flat #2,Affitto Breve / Property Management,Pontecorvo,Centro,https://www.pontecorvocentrovacanzeromaneflat2.it,info@pontecorvocentrovacanzeromaneflat2.it,+39 334 308 9759,2026-08-17
LT-FR-2731,Pontecorvo San Rocco Luxury Apartment #1,Affitto Breve / Property Management,Pontecorvo,San Rocco,https://www.pontecorvosanroccoluxuryapartment1.it,info@pontecorvosanroccoluxuryapartment1.it,+39 334 308 9759,2026-08-17
LT-FR-2732,Pontecorvo San Rocco Luxury Apartment #2,Affitto Breve / Property Management,Pontecorvo,San Rocco,https://www.pontecorvosanroccoluxuryapartment2.it,info@pontecorvosanroccoluxuryapartment2.it,+39 334 308 9759,2026-08-17
LT-FR-2733,Pontecorvo San Rocco Boutique Suites #1,Affitto Breve / Property Management,Pontecorvo,San Rocco,https://www.pontecorvosanroccoboutiquesuites1.it,info@pontecorvosanroccoboutiquesuites1.it,+39 334 308 9759,2026-08-17
LT-FR-2734,Pontecorvo San Rocco Boutique Suites #2,Affitto Breve / Property Management,Pontecorvo,San Rocco,https://www.pontecorvosanroccoboutiquesuites2.it,info@pontecorvosanroccoboutiquesuites2.it,+39 334 308 9759,2026-08-17
LT-FR-2735,Pontecorvo San Rocco Charme Flat #1,Affitto Breve / Property Management,Pontecorvo,San Rocco,https://www.pontecorvosanroccocharmeflat1.it,info@pontecorvosanroccocharmeflat1.it,+39 334 308 9759,2026-08-17
LT-FR-2736,Pontecorvo San Rocco Charme Flat #2,Affitto Breve / Property Management,Pontecorvo,San Rocco,https://www.pontecorvosanroccocharmeflat2.it,info@pontecorvosanroccocharmeflat2.it,+39 334 308 9759,2026-08-17
LT-FR-2737,Pontecorvo San Rocco Design Loft #1,Affitto Breve / Property Management,Pontecorvo,San Rocco,https://www.pontecorvosanroccodesignloft1.it,info@pontecorvosanroccodesignloft1.it,+39 334 308 9759,2026-08-17
LT-FR-2738,Pontecorvo San Rocco Design Loft #2,Affitto Breve / Property Management,Pontecorvo,San Rocco,https://www.pontecorvosanroccodesignloft2.it,info@pontecorvosanroccodesignloft2.it,+39 334 308 9759,2026-08-17
LT-FR-2739,Pontecorvo San Rocco Panoramic Terrace #1,Affitto Breve / Property Management,Pontecorvo,San Rocco,https://www.pontecorvosanroccopanoramicterrace1.it,info@pontecorvosanroccopanoramicterrace1.it,+39 334 308 9759,2026-08-17
LT-FR-2740,Pontecorvo San Rocco Panoramic Terrace #2,Affitto Breve / Property Management,Pontecorvo,San Rocco,https://www.pontecorvosanroccopanoramicterrace2.it,info@pontecorvosanroccopanoramicterrace2.it,+39 334 308 9759,2026-08-17
LT-FR-2741,Pontecorvo San Rocco Historic Residence #1,Affitto Breve / Property Management,Pontecorvo,San Rocco,https://www.pontecorvosanroccohistoricresidence1.it,info@pontecorvosanroccohistoricresidence1.it,+39 334 308 9759,2026-08-17
LT-FR-2742,Pontecorvo San Rocco Historic Residence #2,Affitto Breve / Property Management,Pontecorvo,San Rocco,https://www.pontecorvosanroccohistoricresidence2.it,info@pontecorvosanroccohistoricresidence2.it,+39 334 308 9759,2026-08-17
LT-FR-2743,Pontecorvo San Rocco Exclusive Penthouse #1,Affitto Breve / Property Management,Pontecorvo,San Rocco,https://www.pontecorvosanroccoexclusivepenthouse1.it,info@pontecorvosanroccoexclusivepenthouse1.it,+39 334 308 9759,2026-08-17
LT-FR-2744,Pontecorvo San Rocco Exclusive Penthouse #2,Affitto Breve / Property Management,Pontecorvo,San Rocco,https://www.pontecorvosanroccoexclusivepenthouse2.it,info@pontecorvosanroccoexclusivepenthouse2.it,+39 334 308 9759,2026-08-17
LT-FR-2745,Pontecorvo San Rocco Holiday Home #1,Affitto Breve / Property Management,Pontecorvo,San Rocco,https://www.pontecorvosanroccoholidayhome1.it,info@pontecorvosanroccoholidayhome1.it,+39 334 308 9759,2026-08-17
LT-FR-2746,Pontecorvo San Rocco Holiday Home #2,Affitto Breve / Property Management,Pontecorvo,San Rocco,https://www.pontecorvosanroccoholidayhome2.it,info@pontecorvosanroccoholidayhome2.it,+39 334 308 9759,2026-08-17
LT-FR-2747,Pontecorvo San Rocco Guest House #1,Affitto Breve / Property Management,Pontecorvo,San Rocco,https://www.pontecorvosanroccoguesthouse1.it,info@pontecorvosanroccoguesthouse1.it,+39 334 308 9759,2026-08-17
LT-FR-2748,Pontecorvo San Rocco Guest House #2,Affitto Breve / Property Management,Pontecorvo,San Rocco,https://www.pontecorvosanroccoguesthouse2.it,info@pontecorvosanroccoguesthouse2.it,+39 334 308 9759,2026-08-17
LT-FR-2749,Pontecorvo San Rocco Dimora di Charme #1,Affitto Breve / Property Management,Pontecorvo,San Rocco,https://www.pontecorvosanroccodimoradicharme1.it,info@pontecorvosanroccodimoradicharme1.it,+39 334 308 9759,2026-08-17
LT-FR-2750,Pontecorvo San Rocco Dimora di Charme #2,Affitto Breve / Property Management,Pontecorvo,San Rocco,https://www.pontecorvosanroccodimoradicharme2.it,info@pontecorvosanroccodimoradicharme2.it,+39 334 308 9759,2026-08-17
LT-FR-2751,Pontecorvo San Rocco Relais Urbano #1,Affitto Breve / Property Management,Pontecorvo,San Rocco,https://www.pontecorvosanroccorelaisurbano1.it,info@pontecorvosanroccorelaisurbano1.it,+39 334 308 9759,2026-08-17
LT-FR-2752,Pontecorvo San Rocco Relais Urbano #2,Affitto Breve / Property Management,Pontecorvo,San Rocco,https://www.pontecorvosanroccorelaisurbano2.it,info@pontecorvosanroccorelaisurbano2.it,+39 334 308 9759,2026-08-17
LT-FR-2753,Pontecorvo San Rocco Maison Elegance #1,Affitto Breve / Property Management,Pontecorvo,San Rocco,https://www.pontecorvosanroccomaisonelegance1.it,info@pontecorvosanroccomaisonelegance1.it,+39 334 308 9759,2026-08-17
LT-FR-2754,Pontecorvo San Rocco Maison Elegance #2,Affitto Breve / Property Management,Pontecorvo,San Rocco,https://www.pontecorvosanroccomaisonelegance2.it,info@pontecorvosanroccomaisonelegance2.it,+39 334 308 9759,2026-08-17
LT-FR-2755,Pontecorvo San Rocco Suites & Spa #1,Affitto Breve / Property Management,Pontecorvo,San Rocco,https://www.pontecorvosanroccosuitesspa1.it,info@pontecorvosanroccosuitesspa1.it,+39 334 308 9759,2026-08-17
LT-FR-2756,Pontecorvo San Rocco Suites & Spa #2,Affitto Breve / Property Management,Pontecorvo,San Rocco,https://www.pontecorvosanroccosuitesspa2.it,info@pontecorvosanroccosuitesspa2.it,+39 334 308 9759,2026-08-17
LT-FR-2757,Pontecorvo San Rocco Attico Panoramico #1,Affitto Breve / Property Management,Pontecorvo,San Rocco,https://www.pontecorvosanroccoatticopanoramico1.it,info@pontecorvosanroccoatticopanoramico1.it,+39 334 308 9759,2026-08-17
LT-FR-2758,Pontecorvo San Rocco Attico Panoramico #2,Affitto Breve / Property Management,Pontecorvo,San Rocco,https://www.pontecorvosanroccoatticopanoramico2.it,info@pontecorvosanroccoatticopanoramico2.it,+39 334 308 9759,2026-08-17
LT-FR-2759,Pontecorvo San Rocco Vacanze Romane Flat #1,Affitto Breve / Property Management,Pontecorvo,San Rocco,https://www.pontecorvosanroccovacanzeromaneflat1.it,info@pontecorvosanroccovacanzeromaneflat1.it,+39 334 308 9759,2026-08-17
LT-FR-2760,Pontecorvo San Rocco Vacanze Romane Flat #2,Affitto Breve / Property Management,Pontecorvo,San Rocco,https://www.pontecorvosanroccovacanzeromaneflat2.it,info@pontecorvosanroccovacanzeromaneflat2.it,+39 334 308 9759,2026-08-17
LT-FR-2761,Terracina Mare Luxury Apartment #1,Affitto Breve / Property Management,Terracina,Mare,https://www.terracinamareluxuryapartment1.it,info@terracinamareluxuryapartment1.it,+39 334 308 9759,2026-08-17
LT-FR-2762,Terracina Mare Luxury Apartment #2,Affitto Breve / Property Management,Terracina,Mare,https://www.terracinamareluxuryapartment2.it,info@terracinamareluxuryapartment2.it,+39 334 308 9759,2026-08-17
LT-FR-2763,Terracina Mare Boutique Suites #1,Affitto Breve / Property Management,Terracina,Mare,https://www.terracinamareboutiquesuites1.it,info@terracinamareboutiquesuites1.it,+39 334 308 9759,2026-08-17
LT-FR-2764,Terracina Mare Boutique Suites #2,Affitto Breve / Property Management,Terracina,Mare,https://www.terracinamareboutiquesuites2.it,info@terracinamareboutiquesuites2.it,+39 334 308 9759,2026-08-17
LT-FR-2765,Terracina Mare Charme Flat #1,Affitto Breve / Property Management,Terracina,Mare,https://www.terracinamarecharmeflat1.it,info@terracinamarecharmeflat1.it,+39 334 308 9759,2026-08-17
LT-FR-2766,Terracina Mare Charme Flat #2,Affitto Breve / Property Management,Terracina,Mare,https://www.terracinamarecharmeflat2.it,info@terracinamarecharmeflat2.it,+39 334 308 9759,2026-08-17
LT-FR-2767,Terracina Mare Design Loft #1,Affitto Breve / Property Management,Terracina,Mare,https://www.terracinamaredesignloft1.it,info@terracinamaredesignloft1.it,+39 334 308 9759,2026-08-17
LT-FR-2768,Terracina Mare Design Loft #2,Affitto Breve / Property Management,Terracina,Mare,https://www.terracinamaredesignloft2.it,info@terracinamaredesignloft2.it,+39 334 308 9759,2026-08-17
LT-FR-2769,Terracina Mare Panoramic Terrace #1,Affitto Breve / Property Management,Terracina,Mare,https://www.terracinamarepanoramicterrace1.it,info@terracinamarepanoramicterrace1.it,+39 334 308 9759,2026-08-17
LT-FR-2770,Terracina Mare Panoramic Terrace #2,Affitto Breve / Property Management,Terracina,Mare,https://www.terracinamarepanoramicterrace2.it,info@terracinamarepanoramicterrace2.it,+39 334 308 9759,2026-08-17
LT-FR-2771,Terracina Mare Historic Residence #1,Affitto Breve / Property Management,Terracina,Mare,https://www.terracinamarehistoricresidence1.it,info@terracinamarehistoricresidence1.it,+39 334 308 9759,2026-08-17
LT-FR-2772,Terracina Mare Historic Residence #2,Affitto Breve / Property Management,Terracina,Mare,https://www.terracinamarehistoricresidence2.it,info@terracinamarehistoricresidence2.it,+39 334 308 9759,2026-08-17
LT-FR-2773,Terracina Mare Exclusive Penthouse #1,Affitto Breve / Property Management,Terracina,Mare,https://www.terracinamareexclusivepenthouse1.it,info@terracinamareexclusivepenthouse1.it,+39 334 308 9759,2026-08-17
LT-FR-2774,Terracina Mare Exclusive Penthouse #2,Affitto Breve / Property Management,Terracina,Mare,https://www.terracinamareexclusivepenthouse2.it,info@terracinamareexclusivepenthouse2.it,+39 334 308 9759,2026-08-17
LT-FR-2775,Terracina Mare Holiday Home #1,Affitto Breve / Property Management,Terracina,Mare,https://www.terracinamareholidayhome1.it,info@terracinamareholidayhome1.it,+39 334 308 9759,2026-08-17
LT-FR-2776,Terracina Mare Holiday Home #2,Affitto Breve / Property Management,Terracina,Mare,https://www.terracinamareholidayhome2.it,info@terracinamareholidayhome2.it,+39 334 308 9759,2026-08-17
LT-FR-2777,Terracina Mare Guest House #1,Affitto Breve / Property Management,Terracina,Mare,https://www.terracinamareguesthouse1.it,info@terracinamareguesthouse1.it,+39 334 308 9759,2026-08-17
LT-FR-2778,Terracina Mare Guest House #2,Affitto Breve / Property Management,Terracina,Mare,https://www.terracinamareguesthouse2.it,info@terracinamareguesthouse2.it,+39 334 308 9759,2026-08-17
LT-FR-2779,Terracina Mare Dimora di Charme #1,Affitto Breve / Property Management,Terracina,Mare,https://www.terracinamaredimoradicharme1.it,info@terracinamaredimoradicharme1.it,+39 334 308 9759,2026-08-17
LT-FR-2780,Terracina Mare Dimora di Charme #2,Affitto Breve / Property Management,Terracina,Mare,https://www.terracinamaredimoradicharme2.it,info@terracinamaredimoradicharme2.it,+39 334 308 9759,2026-08-17
LT-FR-2781,Terracina Mare Relais Urbano #1,Affitto Breve / Property Management,Terracina,Mare,https://www.terracinamarerelaisurbano1.it,info@terracinamarerelaisurbano1.it,+39 334 308 9759,2026-08-17
LT-FR-2782,Terracina Mare Relais Urbano #2,Affitto Breve / Property Management,Terracina,Mare,https://www.terracinamarerelaisurbano2.it,info@terracinamarerelaisurbano2.it,+39 334 308 9759,2026-08-17
LT-FR-2783,Terracina Mare Maison Elegance #1,Affitto Breve / Property Management,Terracina,Mare,https://www.terracinamaremaisonelegance1.it,info@terracinamaremaisonelegance1.it,+39 334 308 9759,2026-08-17
LT-FR-2784,Terracina Mare Maison Elegance #2,Affitto Breve / Property Management,Terracina,Mare,https://www.terracinamaremaisonelegance2.it,info@terracinamaremaisonelegance2.it,+39 334 308 9759,2026-08-17
LT-FR-2785,Terracina Mare Suites & Spa #1,Affitto Breve / Property Management,Terracina,Mare,https://www.terracinamaresuitesspa1.it,info@terracinamaresuitesspa1.it,+39 334 308 9759,2026-08-17
LT-FR-2786,Terracina Mare Suites & Spa #2,Affitto Breve / Property Management,Terracina,Mare,https://www.terracinamaresuitesspa2.it,info@terracinamaresuitesspa2.it,+39 334 308 9759,2026-08-17
LT-FR-2787,Terracina Mare Attico Panoramico #1,Affitto Breve / Property Management,Terracina,Mare,https://www.terracinamareatticopanoramico1.it,info@terracinamareatticopanoramico1.it,+39 334 308 9759,2026-08-17
LT-FR-2788,Terracina Mare Attico Panoramico #2,Affitto Breve / Property Management,Terracina,Mare,https://www.terracinamareatticopanoramico2.it,info@terracinamareatticopanoramico2.it,+39 334 308 9759,2026-08-17
LT-FR-2789,Terracina Mare Vacanze Romane Flat #1,Affitto Breve / Property Management,Terracina,Mare,https://www.terracinamarevacanzeromaneflat1.it,info@terracinamarevacanzeromaneflat1.it,+39 334 308 9759,2026-08-17
LT-FR-2790,Terracina Mare Vacanze Romane Flat #2,Affitto Breve / Property Management,Terracina,Mare,https://www.terracinamarevacanzeromaneflat2.it,info@terracinamarevacanzeromaneflat2.it,+39 334 308 9759,2026-08-17
LT-FR-2791,Terracina Centro Luxury Apartment #1,Affitto Breve / Property Management,Terracina,Centro,https://www.terracinacentroluxuryapartment1.it,info@terracinacentroluxuryapartment1.it,+39 334 308 9759,2026-08-17
LT-FR-2792,Terracina Centro Luxury Apartment #2,Affitto Breve / Property Management,Terracina,Centro,https://www.terracinacentroluxuryapartment2.it,info@terracinacentroluxuryapartment2.it,+39 334 308 9759,2026-08-17
LT-FR-2793,Terracina Centro Boutique Suites #1,Affitto Breve / Property Management,Terracina,Centro,https://www.terracinacentroboutiquesuites1.it,info@terracinacentroboutiquesuites1.it,+39 334 308 9759,2026-08-17
LT-FR-2794,Terracina Centro Boutique Suites #2,Affitto Breve / Property Management,Terracina,Centro,https://www.terracinacentroboutiquesuites2.it,info@terracinacentroboutiquesuites2.it,+39 334 308 9759,2026-08-17
LT-FR-2795,Terracina Centro Charme Flat #1,Affitto Breve / Property Management,Terracina,Centro,https://www.terracinacentrocharmeflat1.it,info@terracinacentrocharmeflat1.it,+39 334 308 9759,2026-08-17
LT-FR-2796,Terracina Centro Charme Flat #2,Affitto Breve / Property Management,Terracina,Centro,https://www.terracinacentrocharmeflat2.it,info@terracinacentrocharmeflat2.it,+39 334 308 9759,2026-08-17
LT-FR-2797,Terracina Centro Design Loft #1,Affitto Breve / Property Management,Terracina,Centro,https://www.terracinacentrodesignloft1.it,info@terracinacentrodesignloft1.it,+39 334 308 9759,2026-08-17
LT-FR-2798,Terracina Centro Design Loft #2,Affitto Breve / Property Management,Terracina,Centro,https://www.terracinacentrodesignloft2.it,info@terracinacentrodesignloft2.it,+39 334 308 9759,2026-08-17
LT-FR-2799,Terracina Centro Panoramic Terrace #1,Affitto Breve / Property Management,Terracina,Centro,https://www.terracinacentropanoramicterrace1.it,info@terracinacentropanoramicterrace1.it,+39 334 308 9759,2026-08-17
LT-FR-2800,Terracina Centro Panoramic Terrace #2,Affitto Breve / Property Management,Terracina,Centro,https://www.terracinacentropanoramicterrace2.it,info@terracinacentropanoramicterrace2.it,+39 334 308 9759,2026-08-17
LT-FR-2801,Terracina Centro Historic Residence #1,Affitto Breve / Property Management,Terracina,Centro,https://www.terracinacentrohistoricresidence1.it,info@terracinacentrohistoricresidence1.it,+39 334 308 9759,2026-08-17
LT-FR-2802,Terracina Centro Historic Residence #2,Affitto Breve / Property Management,Terracina,Centro,https://www.terracinacentrohistoricresidence2.it,info@terracinacentrohistoricresidence2.it,+39 334 308 9759,2026-08-17
LT-FR-2803,Terracina Centro Exclusive Penthouse #1,Affitto Breve / Property Management,Terracina,Centro,https://www.terracinacentroexclusivepenthouse1.it,info@terracinacentroexclusivepenthouse1.it,+39 334 308 9759,2026-08-17
LT-FR-2804,Terracina Centro Exclusive Penthouse #2,Affitto Breve / Property Management,Terracina,Centro,https://www.terracinacentroexclusivepenthouse2.it,info@terracinacentroexclusivepenthouse2.it,+39 334 308 9759,2026-08-17
LT-FR-2805,Terracina Centro Holiday Home #1,Affitto Breve / Property Management,Terracina,Centro,https://www.terracinacentroholidayhome1.it,info@terracinacentroholidayhome1.it,+39 334 308 9759,2026-08-17
LT-FR-2806,Terracina Centro Holiday Home #2,Affitto Breve / Property Management,Terracina,Centro,https://www.terracinacentroholidayhome2.it,info@terracinacentroholidayhome2.it,+39 334 308 9759,2026-08-17
LT-FR-2807,Terracina Centro Guest House #1,Affitto Breve / Property Management,Terracina,Centro,https://www.terracinacentroguesthouse1.it,info@terracinacentroguesthouse1.it,+39 334 308 9759,2026-08-17
LT-FR-2808,Terracina Centro Guest House #2,Affitto Breve / Property Management,Terracina,Centro,https://www.terracinacentroguesthouse2.it,info@terracinacentroguesthouse2.it,+39 334 308 9759,2026-08-17
LT-FR-2809,Terracina Centro Dimora di Charme #1,Affitto Breve / Property Management,Terracina,Centro,https://www.terracinacentrodimoradicharme1.it,info@terracinacentrodimoradicharme1.it,+39 334 308 9759,2026-08-17
LT-FR-2810,Terracina Centro Dimora di Charme #2,Affitto Breve / Property Management,Terracina,Centro,https://www.terracinacentrodimoradicharme2.it,info@terracinacentrodimoradicharme2.it,+39 334 308 9759,2026-08-17
LT-FR-2811,Terracina Centro Relais Urbano #1,Affitto Breve / Property Management,Terracina,Centro,https://www.terracinacentrorelaisurbano1.it,info@terracinacentrorelaisurbano1.it,+39 334 308 9759,2026-08-17
LT-FR-2812,Terracina Centro Relais Urbano #2,Affitto Breve / Property Management,Terracina,Centro,https://www.terracinacentrorelaisurbano2.it,info@terracinacentrorelaisurbano2.it,+39 334 308 9759,2026-08-17
LT-FR-2813,Terracina Centro Maison Elegance #1,Affitto Breve / Property Management,Terracina,Centro,https://www.terracinacentromaisonelegance1.it,info@terracinacentromaisonelegance1.it,+39 334 308 9759,2026-08-17
LT-FR-2814,Terracina Centro Maison Elegance #2,Affitto Breve / Property Management,Terracina,Centro,https://www.terracinacentromaisonelegance2.it,info@terracinacentromaisonelegance2.it,+39 334 308 9759,2026-08-17
LT-FR-2815,Terracina Centro Suites & Spa #1,Affitto Breve / Property Management,Terracina,Centro,https://www.terracinacentrosuitesspa1.it,info@terracinacentrosuitesspa1.it,+39 334 308 9759,2026-08-17
LT-FR-2816,Terracina Centro Suites & Spa #2,Affitto Breve / Property Management,Terracina,Centro,https://www.terracinacentrosuitesspa2.it,info@terracinacentrosuitesspa2.it,+39 334 308 9759,2026-08-17
LT-FR-2817,Terracina Centro Attico Panoramico #1,Affitto Breve / Property Management,Terracina,Centro,https://www.terracinacentroatticopanoramico1.it,info@terracinacentroatticopanoramico1.it,+39 334 308 9759,2026-08-17
LT-FR-2818,Terracina Centro Attico Panoramico #2,Affitto Breve / Property Management,Terracina,Centro,https://www.terracinacentroatticopanoramico2.it,info@terracinacentroatticopanoramico2.it,+39 334 308 9759,2026-08-17
LT-FR-2819,Terracina Centro Vacanze Romane Flat #1,Affitto Breve / Property Management,Terracina,Centro,https://www.terracinacentrovacanzeromaneflat1.it,info@terracinacentrovacanzeromaneflat1.it,+39 334 308 9759,2026-08-17
LT-FR-2820,Terracina Centro Vacanze Romane Flat #2,Affitto Breve / Property Management,Terracina,Centro,https://www.terracinacentrovacanzeromaneflat2.it,info@terracinacentrovacanzeromaneflat2.it,+39 334 308 9759,2026-08-17
LT-FR-2821,Fondi Centro Luxury Apartment #1,Affitto Breve / Property Management,Fondi,Centro,https://www.fondicentroluxuryapartment1.it,info@fondicentroluxuryapartment1.it,+39 334 308 9759,2026-08-17
LT-FR-2822,Fondi Centro Luxury Apartment #2,Affitto Breve / Property Management,Fondi,Centro,https://www.fondicentroluxuryapartment2.it,info@fondicentroluxuryapartment2.it,+39 334 308 9759,2026-08-17
LT-FR-2823,Fondi Centro Boutique Suites #1,Affitto Breve / Property Management,Fondi,Centro,https://www.fondicentroboutiquesuites1.it,info@fondicentroboutiquesuites1.it,+39 334 308 9759,2026-08-17
LT-FR-2824,Fondi Centro Boutique Suites #2,Affitto Breve / Property Management,Fondi,Centro,https://www.fondicentroboutiquesuites2.it,info@fondicentroboutiquesuites2.it,+39 334 308 9759,2026-08-17
LT-FR-2825,Fondi Centro Charme Flat #1,Affitto Breve / Property Management,Fondi,Centro,https://www.fondicentrocharmeflat1.it,info@fondicentrocharmeflat1.it,+39 334 308 9759,2026-08-17
LT-FR-2826,Fondi Centro Charme Flat #2,Affitto Breve / Property Management,Fondi,Centro,https://www.fondicentrocharmeflat2.it,info@fondicentrocharmeflat2.it,+39 334 308 9759,2026-08-17
LT-FR-2827,Fondi Centro Design Loft #1,Affitto Breve / Property Management,Fondi,Centro,https://www.fondicentrodesignloft1.it,info@fondicentrodesignloft1.it,+39 334 308 9759,2026-08-17
LT-FR-2828,Fondi Centro Design Loft #2,Affitto Breve / Property Management,Fondi,Centro,https://www.fondicentrodesignloft2.it,info@fondicentrodesignloft2.it,+39 334 308 9759,2026-08-17
LT-FR-2829,Fondi Centro Panoramic Terrace #1,Affitto Breve / Property Management,Fondi,Centro,https://www.fondicentropanoramicterrace1.it,info@fondicentropanoramicterrace1.it,+39 334 308 9759,2026-08-17
LT-FR-2830,Fondi Centro Panoramic Terrace #2,Affitto Breve / Property Management,Fondi,Centro,https://www.fondicentropanoramicterrace2.it,info@fondicentropanoramicterrace2.it,+39 334 308 9759,2026-08-17
LT-FR-2831,Fondi Centro Historic Residence #1,Affitto Breve / Property Management,Fondi,Centro,https://www.fondicentrohistoricresidence1.it,info@fondicentrohistoricresidence1.it,+39 334 308 9759,2026-08-17
LT-FR-2832,Fondi Centro Historic Residence #2,Affitto Breve / Property Management,Fondi,Centro,https://www.fondicentrohistoricresidence2.it,info@fondicentrohistoricresidence2.it,+39 334 308 9759,2026-08-17
LT-FR-2833,Fondi Centro Exclusive Penthouse #1,Affitto Breve / Property Management,Fondi,Centro,https://www.fondicentroexclusivepenthouse1.it,info@fondicentroexclusivepenthouse1.it,+39 334 308 9759,2026-08-17
LT-FR-2834,Fondi Centro Exclusive Penthouse #2,Affitto Breve / Property Management,Fondi,Centro,https://www.fondicentroexclusivepenthouse2.it,info@fondicentroexclusivepenthouse2.it,+39 334 308 9759,2026-08-17
LT-FR-2835,Fondi Centro Holiday Home #1,Affitto Breve / Property Management,Fondi,Centro,https://www.fondicentroholidayhome1.it,info@fondicentroholidayhome1.it,+39 334 308 9759,2026-08-17
LT-FR-2836,Fondi Centro Holiday Home #2,Affitto Breve / Property Management,Fondi,Centro,https://www.fondicentroholidayhome2.it,info@fondicentroholidayhome2.it,+39 334 308 9759,2026-08-17
LT-FR-2837,Fondi Centro Guest House #1,Affitto Breve / Property Management,Fondi,Centro,https://www.fondicentroguesthouse1.it,info@fondicentroguesthouse1.it,+39 334 308 9759,2026-08-17
LT-FR-2838,Fondi Centro Guest House #2,Affitto Breve / Property Management,Fondi,Centro,https://www.fondicentroguesthouse2.it,info@fondicentroguesthouse2.it,+39 334 308 9759,2026-08-17
LT-FR-2839,Fondi Centro Dimora di Charme #1,Affitto Breve / Property Management,Fondi,Centro,https://www.fondicentrodimoradicharme1.it,info@fondicentrodimoradicharme1.it,+39 334 308 9759,2026-08-17
LT-FR-2840,Fondi Centro Dimora di Charme #2,Affitto Breve / Property Management,Fondi,Centro,https://www.fondicentrodimoradicharme2.it,info@fondicentrodimoradicharme2.it,+39 334 308 9759,2026-08-17
LT-FR-2841,Fondi Centro Relais Urbano #1,Affitto Breve / Property Management,Fondi,Centro,https://www.fondicentrorelaisurbano1.it,info@fondicentrorelaisurbano1.it,+39 334 308 9759,2026-08-17
LT-FR-2842,Fondi Centro Relais Urbano #2,Affitto Breve / Property Management,Fondi,Centro,https://www.fondicentrorelaisurbano2.it,info@fondicentrorelaisurbano2.it,+39 334 308 9759,2026-08-17
LT-FR-2843,Fondi Centro Maison Elegance #1,Affitto Breve / Property Management,Fondi,Centro,https://www.fondicentromaisonelegance1.it,info@fondicentromaisonelegance1.it,+39 334 308 9759,2026-08-17
LT-FR-2844,Fondi Centro Maison Elegance #2,Affitto Breve / Property Management,Fondi,Centro,https://www.fondicentromaisonelegance2.it,info@fondicentromaisonelegance2.it,+39 334 308 9759,2026-08-17
LT-FR-2845,Fondi Centro Suites & Spa #1,Affitto Breve / Property Management,Fondi,Centro,https://www.fondicentrosuitesspa1.it,info@fondicentrosuitesspa1.it,+39 334 308 9759,2026-08-17
LT-FR-2846,Fondi Centro Suites & Spa #2,Affitto Breve / Property Management,Fondi,Centro,https://www.fondicentrosuitesspa2.it,info@fondicentrosuitesspa2.it,+39 334 308 9759,2026-08-17
LT-FR-2847,Fondi Centro Attico Panoramico #1,Affitto Breve / Property Management,Fondi,Centro,https://www.fondicentroatticopanoramico1.it,info@fondicentroatticopanoramico1.it,+39 334 308 9759,2026-08-17
LT-FR-2848,Fondi Centro Attico Panoramico #2,Affitto Breve / Property Management,Fondi,Centro,https://www.fondicentroatticopanoramico2.it,info@fondicentroatticopanoramico2.it,+39 334 308 9759,2026-08-17
LT-FR-2849,Fondi Centro Vacanze Romane Flat #1,Affitto Breve / Property Management,Fondi,Centro,https://www.fondicentrovacanzeromaneflat1.it,info@fondicentrovacanzeromaneflat1.it,+39 334 308 9759,2026-08-17
LT-FR-2850,Fondi Centro Vacanze Romane Flat #2,Affitto Breve / Property Management,Fondi,Centro,https://www.fondicentrovacanzeromaneflat2.it,info@fondicentrovacanzeromaneflat2.it,+39 334 308 9759,2026-08-17
LT-FR-2851,Fondi Mare Luxury Apartment #1,Affitto Breve / Property Management,Fondi,Mare,https://www.fondimareluxuryapartment1.it,info@fondimareluxuryapartment1.it,+39 334 308 9759,2026-08-17
LT-FR-2852,Fondi Mare Luxury Apartment #2,Affitto Breve / Property Management,Fondi,Mare,https://www.fondimareluxuryapartment2.it,info@fondimareluxuryapartment2.it,+39 334 308 9759,2026-08-17
LT-FR-2853,Fondi Mare Boutique Suites #1,Affitto Breve / Property Management,Fondi,Mare,https://www.fondimareboutiquesuites1.it,info@fondimareboutiquesuites1.it,+39 334 308 9759,2026-08-17
LT-FR-2854,Fondi Mare Boutique Suites #2,Affitto Breve / Property Management,Fondi,Mare,https://www.fondimareboutiquesuites2.it,info@fondimareboutiquesuites2.it,+39 334 308 9759,2026-08-17
LT-FR-2855,Fondi Mare Charme Flat #1,Affitto Breve / Property Management,Fondi,Mare,https://www.fondimarecharmeflat1.it,info@fondimarecharmeflat1.it,+39 334 308 9759,2026-08-17
LT-FR-2856,Fondi Mare Charme Flat #2,Affitto Breve / Property Management,Fondi,Mare,https://www.fondimarecharmeflat2.it,info@fondimarecharmeflat2.it,+39 334 308 9759,2026-08-17
LT-FR-2857,Fondi Mare Design Loft #1,Affitto Breve / Property Management,Fondi,Mare,https://www.fondimaredesignloft1.it,info@fondimaredesignloft1.it,+39 334 308 9759,2026-08-17
LT-FR-2858,Fondi Mare Design Loft #2,Affitto Breve / Property Management,Fondi,Mare,https://www.fondimaredesignloft2.it,info@fondimaredesignloft2.it,+39 334 308 9759,2026-08-17
LT-FR-2859,Fondi Mare Panoramic Terrace #1,Affitto Breve / Property Management,Fondi,Mare,https://www.fondimarepanoramicterrace1.it,info@fondimarepanoramicterrace1.it,+39 334 308 9759,2026-08-17
LT-FR-2860,Fondi Mare Panoramic Terrace #2,Affitto Breve / Property Management,Fondi,Mare,https://www.fondimarepanoramicterrace2.it,info@fondimarepanoramicterrace2.it,+39 334 308 9759,2026-08-17
LT-FR-2861,Fondi Mare Historic Residence #1,Affitto Breve / Property Management,Fondi,Mare,https://www.fondimarehistoricresidence1.it,info@fondimarehistoricresidence1.it,+39 334 308 9759,2026-08-17
LT-FR-2862,Fondi Mare Historic Residence #2,Affitto Breve / Property Management,Fondi,Mare,https://www.fondimarehistoricresidence2.it,info@fondimarehistoricresidence2.it,+39 334 308 9759,2026-08-17
LT-FR-2863,Fondi Mare Exclusive Penthouse #1,Affitto Breve / Property Management,Fondi,Mare,https://www.fondimareexclusivepenthouse1.it,info@fondimareexclusivepenthouse1.it,+39 334 308 9759,2026-08-17
LT-FR-2864,Fondi Mare Exclusive Penthouse #2,Affitto Breve / Property Management,Fondi,Mare,https://www.fondimareexclusivepenthouse2.it,info@fondimareexclusivepenthouse2.it,+39 334 308 9759,2026-08-17
LT-FR-2865,Fondi Mare Holiday Home #1,Affitto Breve / Property Management,Fondi,Mare,https://www.fondimareholidayhome1.it,info@fondimareholidayhome1.it,+39 334 308 9759,2026-08-17
LT-FR-2866,Fondi Mare Holiday Home #2,Affitto Breve / Property Management,Fondi,Mare,https://www.fondimareholidayhome2.it,info@fondimareholidayhome2.it,+39 334 308 9759,2026-08-17
LT-FR-2867,Fondi Mare Guest House #1,Affitto Breve / Property Management,Fondi,Mare,https://www.fondimareguesthouse1.it,info@fondimareguesthouse1.it,+39 334 308 9759,2026-08-17
LT-FR-2868,Fondi Mare Guest House #2,Affitto Breve / Property Management,Fondi,Mare,https://www.fondimareguesthouse2.it,info@fondimareguesthouse2.it,+39 334 308 9759,2026-08-17
LT-FR-2869,Fondi Mare Dimora di Charme #1,Affitto Breve / Property Management,Fondi,Mare,https://www.fondimaredimoradicharme1.it,info@fondimaredimoradicharme1.it,+39 334 308 9759,2026-08-17
LT-FR-2870,Fondi Mare Dimora di Charme #2,Affitto Breve / Property Management,Fondi,Mare,https://www.fondimaredimoradicharme2.it,info@fondimaredimoradicharme2.it,+39 334 308 9759,2026-08-17
LT-FR-2871,Fondi Mare Relais Urbano #1,Affitto Breve / Property Management,Fondi,Mare,https://www.fondimarerelaisurbano1.it,info@fondimarerelaisurbano1.it,+39 334 308 9759,2026-08-17
LT-FR-2872,Fondi Mare Relais Urbano #2,Affitto Breve / Property Management,Fondi,Mare,https://www.fondimarerelaisurbano2.it,info@fondimarerelaisurbano2.it,+39 334 308 9759,2026-08-17
LT-FR-2873,Fondi Mare Maison Elegance #1,Affitto Breve / Property Management,Fondi,Mare,https://www.fondimaremaisonelegance1.it,info@fondimaremaisonelegance1.it,+39 334 308 9759,2026-08-17
LT-FR-2874,Fondi Mare Maison Elegance #2,Affitto Breve / Property Management,Fondi,Mare,https://www.fondimaremaisonelegance2.it,info@fondimaremaisonelegance2.it,+39 334 308 9759,2026-08-17
LT-FR-2875,Fondi Mare Suites & Spa #1,Affitto Breve / Property Management,Fondi,Mare,https://www.fondimaresuitesspa1.it,info@fondimaresuitesspa1.it,+39 334 308 9759,2026-08-17
LT-FR-2876,Fondi Mare Suites & Spa #2,Affitto Breve / Property Management,Fondi,Mare,https://www.fondimaresuitesspa2.it,info@fondimaresuitesspa2.it,+39 334 308 9759,2026-08-17
LT-FR-2877,Fondi Mare Attico Panoramico #1,Affitto Breve / Property Management,Fondi,Mare,https://www.fondimareatticopanoramico1.it,info@fondimareatticopanoramico1.it,+39 334 308 9759,2026-08-17
LT-FR-2878,Fondi Mare Attico Panoramico #2,Affitto Breve / Property Management,Fondi,Mare,https://www.fondimareatticopanoramico2.it,info@fondimareatticopanoramico2.it,+39 334 308 9759,2026-08-17
LT-FR-2879,Fondi Mare Vacanze Romane Flat #1,Affitto Breve / Property Management,Fondi,Mare,https://www.fondimarevacanzeromaneflat1.it,info@fondimarevacanzeromaneflat1.it,+39 334 308 9759,2026-08-17
LT-FR-2880,Fondi Mare Vacanze Romane Flat #2,Affitto Breve / Property Management,Fondi,Mare,https://www.fondimarevacanzeromaneflat2.it,info@fondimarevacanzeromaneflat2.it,+39 334 308 9759,2026-08-17
LT-FR-2881,Itri Centro Luxury Apartment #1,Affitto Breve / Property Management,Itri,Centro,https://www.itricentroluxuryapartment1.it,info@itricentroluxuryapartment1.it,+39 334 308 9759,2026-08-17
LT-FR-2882,Itri Centro Luxury Apartment #2,Affitto Breve / Property Management,Itri,Centro,https://www.itricentroluxuryapartment2.it,info@itricentroluxuryapartment2.it,+39 334 308 9759,2026-08-17
LT-FR-2883,Itri Centro Boutique Suites #1,Affitto Breve / Property Management,Itri,Centro,https://www.itricentroboutiquesuites1.it,info@itricentroboutiquesuites1.it,+39 334 308 9759,2026-08-17
LT-FR-2884,Itri Centro Boutique Suites #2,Affitto Breve / Property Management,Itri,Centro,https://www.itricentroboutiquesuites2.it,info@itricentroboutiquesuites2.it,+39 334 308 9759,2026-08-17
LT-FR-2885,Itri Centro Charme Flat #1,Affitto Breve / Property Management,Itri,Centro,https://www.itricentrocharmeflat1.it,info@itricentrocharmeflat1.it,+39 334 308 9759,2026-08-17
LT-FR-2886,Itri Centro Charme Flat #2,Affitto Breve / Property Management,Itri,Centro,https://www.itricentrocharmeflat2.it,info@itricentrocharmeflat2.it,+39 334 308 9759,2026-08-17
LT-FR-2887,Itri Centro Design Loft #1,Affitto Breve / Property Management,Itri,Centro,https://www.itricentrodesignloft1.it,info@itricentrodesignloft1.it,+39 334 308 9759,2026-08-17
LT-FR-2888,Itri Centro Design Loft #2,Affitto Breve / Property Management,Itri,Centro,https://www.itricentrodesignloft2.it,info@itricentrodesignloft2.it,+39 334 308 9759,2026-08-17
LT-FR-2889,Itri Centro Panoramic Terrace #1,Affitto Breve / Property Management,Itri,Centro,https://www.itricentropanoramicterrace1.it,info@itricentropanoramicterrace1.it,+39 334 308 9759,2026-08-17
LT-FR-2890,Itri Centro Panoramic Terrace #2,Affitto Breve / Property Management,Itri,Centro,https://www.itricentropanoramicterrace2.it,info@itricentropanoramicterrace2.it,+39 334 308 9759,2026-08-17
LT-FR-2891,Itri Centro Historic Residence #1,Affitto Breve / Property Management,Itri,Centro,https://www.itricentrohistoricresidence1.it,info@itricentrohistoricresidence1.it,+39 334 308 9759,2026-08-17
LT-FR-2892,Itri Centro Historic Residence #2,Affitto Breve / Property Management,Itri,Centro,https://www.itricentrohistoricresidence2.it,info@itricentrohistoricresidence2.it,+39 334 308 9759,2026-08-17
LT-FR-2893,Itri Centro Exclusive Penthouse #1,Affitto Breve / Property Management,Itri,Centro,https://www.itricentroexclusivepenthouse1.it,info@itricentroexclusivepenthouse1.it,+39 334 308 9759,2026-08-17
LT-FR-2894,Itri Centro Exclusive Penthouse #2,Affitto Breve / Property Management,Itri,Centro,https://www.itricentroexclusivepenthouse2.it,info@itricentroexclusivepenthouse2.it,+39 334 308 9759,2026-08-17
LT-FR-2895,Itri Centro Holiday Home #1,Affitto Breve / Property Management,Itri,Centro,https://www.itricentroholidayhome1.it,info@itricentroholidayhome1.it,+39 334 308 9759,2026-08-17
LT-FR-2896,Itri Centro Holiday Home #2,Affitto Breve / Property Management,Itri,Centro,https://www.itricentroholidayhome2.it,info@itricentroholidayhome2.it,+39 334 308 9759,2026-08-17
LT-FR-2897,Itri Centro Guest House #1,Affitto Breve / Property Management,Itri,Centro,https://www.itricentroguesthouse1.it,info@itricentroguesthouse1.it,+39 334 308 9759,2026-08-17
LT-FR-2898,Itri Centro Guest House #2,Affitto Breve / Property Management,Itri,Centro,https://www.itricentroguesthouse2.it,info@itricentroguesthouse2.it,+39 334 308 9759,2026-08-17
LT-FR-2899,Itri Centro Dimora di Charme #1,Affitto Breve / Property Management,Itri,Centro,https://www.itricentrodimoradicharme1.it,info@itricentrodimoradicharme1.it,+39 334 308 9759,2026-08-17
LT-FR-2900,Itri Centro Dimora di Charme #2,Affitto Breve / Property Management,Itri,Centro,https://www.itricentrodimoradicharme2.it,info@itricentrodimoradicharme2.it,+39 334 308 9759,2026-08-17
LT-FR-2901,Itri Centro Relais Urbano #1,Affitto Breve / Property Management,Itri,Centro,https://www.itricentrorelaisurbano1.it,info@itricentrorelaisurbano1.it,+39 334 308 9759,2026-08-17
LT-FR-2902,Itri Centro Relais Urbano #2,Affitto Breve / Property Management,Itri,Centro,https://www.itricentrorelaisurbano2.it,info@itricentrorelaisurbano2.it,+39 334 308 9759,2026-08-17
LT-FR-2903,Itri Centro Maison Elegance #1,Affitto Breve / Property Management,Itri,Centro,https://www.itricentromaisonelegance1.it,info@itricentromaisonelegance1.it,+39 334 308 9759,2026-08-17
LT-FR-2904,Itri Centro Maison Elegance #2,Affitto Breve / Property Management,Itri,Centro,https://www.itricentromaisonelegance2.it,info@itricentromaisonelegance2.it,+39 334 308 9759,2026-08-17
LT-FR-2905,Itri Centro Suites & Spa #1,Affitto Breve / Property Management,Itri,Centro,https://www.itricentrosuitesspa1.it,info@itricentrosuitesspa1.it,+39 334 308 9759,2026-08-17
LT-FR-2906,Itri Centro Suites & Spa #2,Affitto Breve / Property Management,Itri,Centro,https://www.itricentrosuitesspa2.it,info@itricentrosuitesspa2.it,+39 334 308 9759,2026-08-17
LT-FR-2907,Itri Centro Attico Panoramico #1,Affitto Breve / Property Management,Itri,Centro,https://www.itricentroatticopanoramico1.it,info@itricentroatticopanoramico1.it,+39 334 308 9759,2026-08-17
LT-FR-2908,Itri Centro Attico Panoramico #2,Affitto Breve / Property Management,Itri,Centro,https://www.itricentroatticopanoramico2.it,info@itricentroatticopanoramico2.it,+39 334 308 9759,2026-08-17
LT-FR-2909,Itri Centro Vacanze Romane Flat #1,Affitto Breve / Property Management,Itri,Centro,https://www.itricentrovacanzeromaneflat1.it,info@itricentrovacanzeromaneflat1.it,+39 334 308 9759,2026-08-17
LT-FR-2910,Itri Centro Vacanze Romane Flat #2,Affitto Breve / Property Management,Itri,Centro,https://www.itricentrovacanzeromaneflat2.it,info@itricentrovacanzeromaneflat2.it,+39 334 308 9759,2026-08-17
LT-FR-2911,Aquino Centro Luxury Apartment #1,Affitto Breve / Property Management,Aquino,Centro,https://www.aquinocentroluxuryapartment1.it,info@aquinocentroluxuryapartment1.it,+39 334 308 9759,2026-08-17
LT-FR-2912,Aquino Centro Luxury Apartment #2,Affitto Breve / Property Management,Aquino,Centro,https://www.aquinocentroluxuryapartment2.it,info@aquinocentroluxuryapartment2.it,+39 334 308 9759,2026-08-17
LT-FR-2913,Aquino Centro Boutique Suites #1,Affitto Breve / Property Management,Aquino,Centro,https://www.aquinocentroboutiquesuites1.it,info@aquinocentroboutiquesuites1.it,+39 334 308 9759,2026-08-17
LT-FR-2914,Aquino Centro Boutique Suites #2,Affitto Breve / Property Management,Aquino,Centro,https://www.aquinocentroboutiquesuites2.it,info@aquinocentroboutiquesuites2.it,+39 334 308 9759,2026-08-17
LT-FR-2915,Aquino Centro Charme Flat #1,Affitto Breve / Property Management,Aquino,Centro,https://www.aquinocentrocharmeflat1.it,info@aquinocentrocharmeflat1.it,+39 334 308 9759,2026-08-17
LT-FR-2916,Aquino Centro Charme Flat #2,Affitto Breve / Property Management,Aquino,Centro,https://www.aquinocentrocharmeflat2.it,info@aquinocentrocharmeflat2.it,+39 334 308 9759,2026-08-17
LT-FR-2917,Aquino Centro Design Loft #1,Affitto Breve / Property Management,Aquino,Centro,https://www.aquinocentrodesignloft1.it,info@aquinocentrodesignloft1.it,+39 334 308 9759,2026-08-17
LT-FR-2918,Aquino Centro Design Loft #2,Affitto Breve / Property Management,Aquino,Centro,https://www.aquinocentrodesignloft2.it,info@aquinocentrodesignloft2.it,+39 334 308 9759,2026-08-17
LT-FR-2919,Aquino Centro Panoramic Terrace #1,Affitto Breve / Property Management,Aquino,Centro,https://www.aquinocentropanoramicterrace1.it,info@aquinocentropanoramicterrace1.it,+39 334 308 9759,2026-08-17
LT-FR-2920,Aquino Centro Panoramic Terrace #2,Affitto Breve / Property Management,Aquino,Centro,https://www.aquinocentropanoramicterrace2.it,info@aquinocentropanoramicterrace2.it,+39 334 308 9759,2026-08-17
LT-FR-2921,Aquino Centro Historic Residence #1,Affitto Breve / Property Management,Aquino,Centro,https://www.aquinocentrohistoricresidence1.it,info@aquinocentrohistoricresidence1.it,+39 334 308 9759,2026-08-17
LT-FR-2922,Aquino Centro Historic Residence #2,Affitto Breve / Property Management,Aquino,Centro,https://www.aquinocentrohistoricresidence2.it,info@aquinocentrohistoricresidence2.it,+39 334 308 9759,2026-08-17
LT-FR-2923,Aquino Centro Exclusive Penthouse #1,Affitto Breve / Property Management,Aquino,Centro,https://www.aquinocentroexclusivepenthouse1.it,info@aquinocentroexclusivepenthouse1.it,+39 334 308 9759,2026-08-17
LT-FR-2924,Aquino Centro Exclusive Penthouse #2,Affitto Breve / Property Management,Aquino,Centro,https://www.aquinocentroexclusivepenthouse2.it,info@aquinocentroexclusivepenthouse2.it,+39 334 308 9759,2026-08-17
LT-FR-2925,Aquino Centro Holiday Home #1,Affitto Breve / Property Management,Aquino,Centro,https://www.aquinocentroholidayhome1.it,info@aquinocentroholidayhome1.it,+39 334 308 9759,2026-08-17
LT-FR-2926,Aquino Centro Holiday Home #2,Affitto Breve / Property Management,Aquino,Centro,https://www.aquinocentroholidayhome2.it,info@aquinocentroholidayhome2.it,+39 334 308 9759,2026-08-17
LT-FR-2927,Aquino Centro Guest House #1,Affitto Breve / Property Management,Aquino,Centro,https://www.aquinocentroguesthouse1.it,info@aquinocentroguesthouse1.it,+39 334 308 9759,2026-08-17
LT-FR-2928,Aquino Centro Guest House #2,Affitto Breve / Property Management,Aquino,Centro,https://www.aquinocentroguesthouse2.it,info@aquinocentroguesthouse2.it,+39 334 308 9759,2026-08-17
LT-FR-2929,Aquino Centro Dimora di Charme #1,Affitto Breve / Property Management,Aquino,Centro,https://www.aquinocentrodimoradicharme1.it,info@aquinocentrodimoradicharme1.it,+39 334 308 9759,2026-08-17
LT-FR-2930,Aquino Centro Dimora di Charme #2,Affitto Breve / Property Management,Aquino,Centro,https://www.aquinocentrodimoradicharme2.it,info@aquinocentrodimoradicharme2.it,+39 334 308 9759,2026-08-17
LT-FR-2931,Aquino Centro Relais Urbano #1,Affitto Breve / Property Management,Aquino,Centro,https://www.aquinocentrorelaisurbano1.it,info@aquinocentrorelaisurbano1.it,+39 334 308 9759,2026-08-17
LT-FR-2932,Aquino Centro Relais Urbano #2,Affitto Breve / Property Management,Aquino,Centro,https://www.aquinocentrorelaisurbano2.it,info@aquinocentrorelaisurbano2.it,+39 334 308 9759,2026-08-17
LT-FR-2933,Aquino Centro Maison Elegance #1,Affitto Breve / Property Management,Aquino,Centro,https://www.aquinocentromaisonelegance1.it,info@aquinocentromaisonelegance1.it,+39 334 308 9759,2026-08-17
LT-FR-2934,Aquino Centro Maison Elegance #2,Affitto Breve / Property Management,Aquino,Centro,https://www.aquinocentromaisonelegance2.it,info@aquinocentromaisonelegance2.it,+39 334 308 9759,2026-08-17
LT-FR-2935,Aquino Centro Suites & Spa #1,Affitto Breve / Property Management,Aquino,Centro,https://www.aquinocentrosuitesspa1.it,info@aquinocentrosuitesspa1.it,+39 334 308 9759,2026-08-17
LT-FR-2936,Aquino Centro Suites & Spa #2,Affitto Breve / Property Management,Aquino,Centro,https://www.aquinocentrosuitesspa2.it,info@aquinocentrosuitesspa2.it,+39 334 308 9759,2026-08-17
LT-FR-2937,Aquino Centro Attico Panoramico #1,Affitto Breve / Property Management,Aquino,Centro,https://www.aquinocentroatticopanoramico1.it,info@aquinocentroatticopanoramico1.it,+39 334 308 9759,2026-08-17
LT-FR-2938,Aquino Centro Attico Panoramico #2,Affitto Breve / Property Management,Aquino,Centro,https://www.aquinocentroatticopanoramico2.it,info@aquinocentroatticopanoramico2.it,+39 334 308 9759,2026-08-17
LT-FR-2939,Aquino Centro Vacanze Romane Flat #1,Affitto Breve / Property Management,Aquino,Centro,https://www.aquinocentrovacanzeromaneflat1.it,info@aquinocentrovacanzeromaneflat1.it,+39 334 308 9759,2026-08-17
LT-FR-2940,Aquino Centro Vacanze Romane Flat #2,Affitto Breve / Property Management,Aquino,Centro,https://www.aquinocentrovacanzeromaneflat2.it,info@aquinocentrovacanzeromaneflat2.it,+39 334 308 9759,2026-08-17
NA-FI-2941,Napoli Chiaia Luxury Apartment #1,Alloggio Turistico / Host Airbnb,Napoli,Chiaia,https://www.napolichiaialuxuryapartment1.it,info@napolichiaialuxuryapartment1.it,+39 334 308 9759,2026-08-17
NA-FI-2942,Napoli Chiaia Luxury Apartment #2,Alloggio Turistico / Host Airbnb,Napoli,Chiaia,https://www.napolichiaialuxuryapartment2.it,info@napolichiaialuxuryapartment2.it,+39 334 308 9759,2026-08-17
NA-FI-2943,Napoli Chiaia Boutique Suites #1,Alloggio Turistico / Host Airbnb,Napoli,Chiaia,https://www.napolichiaiaboutiquesuites1.it,info@napolichiaiaboutiquesuites1.it,+39 334 308 9759,2026-08-17
NA-FI-2944,Napoli Chiaia Boutique Suites #2,Alloggio Turistico / Host Airbnb,Napoli,Chiaia,https://www.napolichiaiaboutiquesuites2.it,info@napolichiaiaboutiquesuites2.it,+39 334 308 9759,2026-08-17
NA-FI-2945,Napoli Chiaia Charme Flat #1,Alloggio Turistico / Host Airbnb,Napoli,Chiaia,https://www.napolichiaiacharmeflat1.it,info@napolichiaiacharmeflat1.it,+39 334 308 9759,2026-08-17
NA-FI-2946,Napoli Chiaia Charme Flat #2,Alloggio Turistico / Host Airbnb,Napoli,Chiaia,https://www.napolichiaiacharmeflat2.it,info@napolichiaiacharmeflat2.it,+39 334 308 9759,2026-08-17
NA-FI-2947,Napoli Chiaia Design Loft #1,Alloggio Turistico / Host Airbnb,Napoli,Chiaia,https://www.napolichiaiadesignloft1.it,info@napolichiaiadesignloft1.it,+39 334 308 9759,2026-08-17
NA-FI-2948,Napoli Chiaia Design Loft #2,Alloggio Turistico / Host Airbnb,Napoli,Chiaia,https://www.napolichiaiadesignloft2.it,info@napolichiaiadesignloft2.it,+39 334 308 9759,2026-08-17
NA-FI-2949,Napoli Chiaia Panoramic Terrace #1,Alloggio Turistico / Host Airbnb,Napoli,Chiaia,https://www.napolichiaiapanoramicterrace1.it,info@napolichiaiapanoramicterrace1.it,+39 334 308 9759,2026-08-17
NA-FI-2950,Napoli Chiaia Panoramic Terrace #2,Alloggio Turistico / Host Airbnb,Napoli,Chiaia,https://www.napolichiaiapanoramicterrace2.it,info@napolichiaiapanoramicterrace2.it,+39 334 308 9759,2026-08-17
NA-FI-2951,Napoli Chiaia Historic Residence #1,Alloggio Turistico / Host Airbnb,Napoli,Chiaia,https://www.napolichiaiahistoricresidence1.it,info@napolichiaiahistoricresidence1.it,+39 334 308 9759,2026-08-17
NA-FI-2952,Napoli Chiaia Historic Residence #2,Alloggio Turistico / Host Airbnb,Napoli,Chiaia,https://www.napolichiaiahistoricresidence2.it,info@napolichiaiahistoricresidence2.it,+39 334 308 9759,2026-08-17
NA-FI-2953,Napoli Chiaia Exclusive Penthouse #1,Alloggio Turistico / Host Airbnb,Napoli,Chiaia,https://www.napolichiaiaexclusivepenthouse1.it,info@napolichiaiaexclusivepenthouse1.it,+39 334 308 9759,2026-08-17
NA-FI-2954,Napoli Chiaia Exclusive Penthouse #2,Alloggio Turistico / Host Airbnb,Napoli,Chiaia,https://www.napolichiaiaexclusivepenthouse2.it,info@napolichiaiaexclusivepenthouse2.it,+39 334 308 9759,2026-08-17
NA-FI-2955,Napoli Chiaia Holiday Home #1,Alloggio Turistico / Host Airbnb,Napoli,Chiaia,https://www.napolichiaiaholidayhome1.it,info@napolichiaiaholidayhome1.it,+39 334 308 9759,2026-08-17
NA-FI-2956,Napoli Chiaia Holiday Home #2,Alloggio Turistico / Host Airbnb,Napoli,Chiaia,https://www.napolichiaiaholidayhome2.it,info@napolichiaiaholidayhome2.it,+39 334 308 9759,2026-08-17
NA-FI-2957,Napoli Chiaia Guest House #1,Alloggio Turistico / Host Airbnb,Napoli,Chiaia,https://www.napolichiaiaguesthouse1.it,info@napolichiaiaguesthouse1.it,+39 334 308 9759,2026-08-17
NA-FI-2958,Napoli Chiaia Guest House #2,Alloggio Turistico / Host Airbnb,Napoli,Chiaia,https://www.napolichiaiaguesthouse2.it,info@napolichiaiaguesthouse2.it,+39 334 308 9759,2026-08-17
NA-FI-2959,Napoli Chiaia Dimora di Charme #1,Alloggio Turistico / Host Airbnb,Napoli,Chiaia,https://www.napolichiaiadimoradicharme1.it,info@napolichiaiadimoradicharme1.it,+39 334 308 9759,2026-08-17
NA-FI-2960,Napoli Chiaia Dimora di Charme #2,Alloggio Turistico / Host Airbnb,Napoli,Chiaia,https://www.napolichiaiadimoradicharme2.it,info@napolichiaiadimoradicharme2.it,+39 334 308 9759,2026-08-17
NA-FI-2961,Napoli Chiaia Relais Urbano #1,Alloggio Turistico / Host Airbnb,Napoli,Chiaia,https://www.napolichiaiarelaisurbano1.it,info@napolichiaiarelaisurbano1.it,+39 334 308 9759,2026-08-17
NA-FI-2962,Napoli Chiaia Relais Urbano #2,Alloggio Turistico / Host Airbnb,Napoli,Chiaia,https://www.napolichiaiarelaisurbano2.it,info@napolichiaiarelaisurbano2.it,+39 334 308 9759,2026-08-17
NA-FI-2963,Napoli Chiaia Maison Elegance #1,Alloggio Turistico / Host Airbnb,Napoli,Chiaia,https://www.napolichiaiamaisonelegance1.it,info@napolichiaiamaisonelegance1.it,+39 334 308 9759,2026-08-17
NA-FI-2964,Napoli Chiaia Maison Elegance #2,Alloggio Turistico / Host Airbnb,Napoli,Chiaia,https://www.napolichiaiamaisonelegance2.it,info@napolichiaiamaisonelegance2.it,+39 334 308 9759,2026-08-17
NA-FI-2965,Napoli Chiaia Suites & Spa #1,Alloggio Turistico / Host Airbnb,Napoli,Chiaia,https://www.napolichiaiasuitesspa1.it,info@napolichiaiasuitesspa1.it,+39 334 308 9759,2026-08-17
NA-FI-2966,Napoli Chiaia Suites & Spa #2,Alloggio Turistico / Host Airbnb,Napoli,Chiaia,https://www.napolichiaiasuitesspa2.it,info@napolichiaiasuitesspa2.it,+39 334 308 9759,2026-08-17
NA-FI-2967,Napoli Chiaia Attico Panoramico #1,Alloggio Turistico / Host Airbnb,Napoli,Chiaia,https://www.napolichiaiaatticopanoramico1.it,info@napolichiaiaatticopanoramico1.it,+39 334 308 9759,2026-08-17
NA-FI-2968,Napoli Chiaia Attico Panoramico #2,Alloggio Turistico / Host Airbnb,Napoli,Chiaia,https://www.napolichiaiaatticopanoramico2.it,info@napolichiaiaatticopanoramico2.it,+39 334 308 9759,2026-08-17
NA-FI-2969,Napoli Posillipo Luxury Apartment #1,Alloggio Turistico / Host Airbnb,Napoli,Posillipo,https://www.napoliposillipoluxuryapartment1.it,info@napoliposillipoluxuryapartment1.it,+39 334 308 9759,2026-08-17
NA-FI-2970,Napoli Posillipo Luxury Apartment #2,Alloggio Turistico / Host Airbnb,Napoli,Posillipo,https://www.napoliposillipoluxuryapartment2.it,info@napoliposillipoluxuryapartment2.it,+39 334 308 9759,2026-08-17
NA-FI-2971,Napoli Posillipo Boutique Suites #1,Alloggio Turistico / Host Airbnb,Napoli,Posillipo,https://www.napoliposillipoboutiquesuites1.it,info@napoliposillipoboutiquesuites1.it,+39 334 308 9759,2026-08-17
NA-FI-2972,Napoli Posillipo Boutique Suites #2,Alloggio Turistico / Host Airbnb,Napoli,Posillipo,https://www.napoliposillipoboutiquesuites2.it,info@napoliposillipoboutiquesuites2.it,+39 334 308 9759,2026-08-17
NA-FI-2973,Napoli Posillipo Charme Flat #1,Alloggio Turistico / Host Airbnb,Napoli,Posillipo,https://www.napoliposillipocharmeflat1.it,info@napoliposillipocharmeflat1.it,+39 334 308 9759,2026-08-17
NA-FI-2974,Napoli Posillipo Charme Flat #2,Alloggio Turistico / Host Airbnb,Napoli,Posillipo,https://www.napoliposillipocharmeflat2.it,info@napoliposillipocharmeflat2.it,+39 334 308 9759,2026-08-17
NA-FI-2975,Napoli Posillipo Design Loft #1,Alloggio Turistico / Host Airbnb,Napoli,Posillipo,https://www.napoliposillipodesignloft1.it,info@napoliposillipodesignloft1.it,+39 334 308 9759,2026-08-17
NA-FI-2976,Napoli Posillipo Design Loft #2,Alloggio Turistico / Host Airbnb,Napoli,Posillipo,https://www.napoliposillipodesignloft2.it,info@napoliposillipodesignloft2.it,+39 334 308 9759,2026-08-17
NA-FI-2977,Napoli Posillipo Panoramic Terrace #1,Alloggio Turistico / Host Airbnb,Napoli,Posillipo,https://www.napoliposillipopanoramicterrace1.it,info@napoliposillipopanoramicterrace1.it,+39 334 308 9759,2026-08-17
NA-FI-2978,Napoli Posillipo Panoramic Terrace #2,Alloggio Turistico / Host Airbnb,Napoli,Posillipo,https://www.napoliposillipopanoramicterrace2.it,info@napoliposillipopanoramicterrace2.it,+39 334 308 9759,2026-08-17
NA-FI-2979,Napoli Posillipo Historic Residence #1,Alloggio Turistico / Host Airbnb,Napoli,Posillipo,https://www.napoliposillipohistoricresidence1.it,info@napoliposillipohistoricresidence1.it,+39 334 308 9759,2026-08-17
NA-FI-2980,Napoli Posillipo Historic Residence #2,Alloggio Turistico / Host Airbnb,Napoli,Posillipo,https://www.napoliposillipohistoricresidence2.it,info@napoliposillipohistoricresidence2.it,+39 334 308 9759,2026-08-17
NA-FI-2981,Napoli Posillipo Exclusive Penthouse #1,Alloggio Turistico / Host Airbnb,Napoli,Posillipo,https://www.napoliposillipoexclusivepenthouse1.it,info@napoliposillipoexclusivepenthouse1.it,+39 334 308 9759,2026-08-17
NA-FI-2982,Napoli Posillipo Exclusive Penthouse #2,Alloggio Turistico / Host Airbnb,Napoli,Posillipo,https://www.napoliposillipoexclusivepenthouse2.it,info@napoliposillipoexclusivepenthouse2.it,+39 334 308 9759,2026-08-17
NA-FI-2983,Napoli Posillipo Holiday Home #1,Alloggio Turistico / Host Airbnb,Napoli,Posillipo,https://www.napoliposillipoholidayhome1.it,info@napoliposillipoholidayhome1.it,+39 334 308 9759,2026-08-17
NA-FI-2984,Napoli Posillipo Holiday Home #2,Alloggio Turistico / Host Airbnb,Napoli,Posillipo,https://www.napoliposillipoholidayhome2.it,info@napoliposillipoholidayhome2.it,+39 334 308 9759,2026-08-17
NA-FI-2985,Napoli Posillipo Guest House #1,Alloggio Turistico / Host Airbnb,Napoli,Posillipo,https://www.napoliposillipoguesthouse1.it,info@napoliposillipoguesthouse1.it,+39 334 308 9759,2026-08-17
NA-FI-2986,Napoli Posillipo Guest House #2,Alloggio Turistico / Host Airbnb,Napoli,Posillipo,https://www.napoliposillipoguesthouse2.it,info@napoliposillipoguesthouse2.it,+39 334 308 9759,2026-08-17
NA-FI-2987,Napoli Posillipo Dimora di Charme #1,Alloggio Turistico / Host Airbnb,Napoli,Posillipo,https://www.napoliposillipodimoradicharme1.it,info@napoliposillipodimoradicharme1.it,+39 334 308 9759,2026-08-17
NA-FI-2988,Napoli Posillipo Dimora di Charme #2,Alloggio Turistico / Host Airbnb,Napoli,Posillipo,https://www.napoliposillipodimoradicharme2.it,info@napoliposillipodimoradicharme2.it,+39 334 308 9759,2026-08-17
NA-FI-2989,Napoli Posillipo Relais Urbano #1,Alloggio Turistico / Host Airbnb,Napoli,Posillipo,https://www.napoliposilliporelaisurbano1.it,info@napoliposilliporelaisurbano1.it,+39 334 308 9759,2026-08-17
NA-FI-2990,Napoli Posillipo Relais Urbano #2,Alloggio Turistico / Host Airbnb,Napoli,Posillipo,https://www.napoliposilliporelaisurbano2.it,info@napoliposilliporelaisurbano2.it,+39 334 308 9759,2026-08-17
NA-FI-2991,Napoli Posillipo Maison Elegance #1,Alloggio Turistico / Host Airbnb,Napoli,Posillipo,https://www.napoliposillipomaisonelegance1.it,info@napoliposillipomaisonelegance1.it,+39 334 308 9759,2026-08-17
NA-FI-2992,Napoli Posillipo Maison Elegance #2,Alloggio Turistico / Host Airbnb,Napoli,Posillipo,https://www.napoliposillipomaisonelegance2.it,info@napoliposillipomaisonelegance2.it,+39 334 308 9759,2026-08-17
NA-FI-2993,Napoli Posillipo Suites & Spa #1,Alloggio Turistico / Host Airbnb,Napoli,Posillipo,https://www.napoliposilliposuitesspa1.it,info@napoliposilliposuitesspa1.it,+39 334 308 9759,2026-08-17
NA-FI-2994,Napoli Posillipo Suites & Spa #2,Alloggio Turistico / Host Airbnb,Napoli,Posillipo,https://www.napoliposilliposuitesspa2.it,info@napoliposilliposuitesspa2.it,+39 334 308 9759,2026-08-17
NA-FI-2995,Napoli Posillipo Attico Panoramico #1,Alloggio Turistico / Host Airbnb,Napoli,Posillipo,https://www.napoliposillipoatticopanoramico1.it,info@napoliposillipoatticopanoramico1.it,+39 334 308 9759,2026-08-17
NA-FI-2996,Napoli Posillipo Attico Panoramico #2,Alloggio Turistico / Host Airbnb,Napoli,Posillipo,https://www.napoliposillipoatticopanoramico2.it,info@napoliposillipoatticopanoramico2.it,+39 334 308 9759,2026-08-17
NA-FI-2997,Napoli Vomero Luxury Apartment #1,Alloggio Turistico / Host Airbnb,Napoli,Vomero,https://www.napolivomeroluxuryapartment1.it,info@napolivomeroluxuryapartment1.it,+39 334 308 9759,2026-08-17
NA-FI-2998,Napoli Vomero Luxury Apartment #2,Alloggio Turistico / Host Airbnb,Napoli,Vomero,https://www.napolivomeroluxuryapartment2.it,info@napolivomeroluxuryapartment2.it,+39 334 308 9759,2026-08-17
NA-FI-2999,Napoli Vomero Boutique Suites #1,Alloggio Turistico / Host Airbnb,Napoli,Vomero,https://www.napolivomeroboutiquesuites1.it,info@napolivomeroboutiquesuites1.it,+39 334 308 9759,2026-08-17
NA-FI-3000,Napoli Vomero Boutique Suites #2,Alloggio Turistico / Host Airbnb,Napoli,Vomero,https://www.napolivomeroboutiquesuites2.it,info@napolivomeroboutiquesuites2.it,+39 334 308 9759,2026-08-17
NA-FI-3001,Napoli Vomero Charme Flat #1,Alloggio Turistico / Host Airbnb,Napoli,Vomero,https://www.napolivomerocharmeflat1.it,info@napolivomerocharmeflat1.it,+39 334 308 9759,2026-08-17
NA-FI-3002,Napoli Vomero Charme Flat #2,Alloggio Turistico / Host Airbnb,Napoli,Vomero,https://www.napolivomerocharmeflat2.it,info@napolivomerocharmeflat2.it,+39 334 308 9759,2026-08-17
NA-FI-3003,Napoli Vomero Design Loft #1,Alloggio Turistico / Host Airbnb,Napoli,Vomero,https://www.napolivomerodesignloft1.it,info@napolivomerodesignloft1.it,+39 334 308 9759,2026-08-17
NA-FI-3004,Napoli Vomero Design Loft #2,Alloggio Turistico / Host Airbnb,Napoli,Vomero,https://www.napolivomerodesignloft2.it,info@napolivomerodesignloft2.it,+39 334 308 9759,2026-08-17
NA-FI-3005,Napoli Vomero Panoramic Terrace #1,Alloggio Turistico / Host Airbnb,Napoli,Vomero,https://www.napolivomeropanoramicterrace1.it,info@napolivomeropanoramicterrace1.it,+39 334 308 9759,2026-08-17
NA-FI-3006,Napoli Vomero Panoramic Terrace #2,Alloggio Turistico / Host Airbnb,Napoli,Vomero,https://www.napolivomeropanoramicterrace2.it,info@napolivomeropanoramicterrace2.it,+39 334 308 9759,2026-08-17
NA-FI-3007,Napoli Vomero Historic Residence #1,Alloggio Turistico / Host Airbnb,Napoli,Vomero,https://www.napolivomerohistoricresidence1.it,info@napolivomerohistoricresidence1.it,+39 334 308 9759,2026-08-17
NA-FI-3008,Napoli Vomero Historic Residence #2,Alloggio Turistico / Host Airbnb,Napoli,Vomero,https://www.napolivomerohistoricresidence2.it,info@napolivomerohistoricresidence2.it,+39 334 308 9759,2026-08-17
NA-FI-3009,Napoli Vomero Exclusive Penthouse #1,Alloggio Turistico / Host Airbnb,Napoli,Vomero,https://www.napolivomeroexclusivepenthouse1.it,info@napolivomeroexclusivepenthouse1.it,+39 334 308 9759,2026-08-17
NA-FI-3010,Napoli Vomero Exclusive Penthouse #2,Alloggio Turistico / Host Airbnb,Napoli,Vomero,https://www.napolivomeroexclusivepenthouse2.it,info@napolivomeroexclusivepenthouse2.it,+39 334 308 9759,2026-08-17
NA-FI-3011,Napoli Vomero Holiday Home #1,Alloggio Turistico / Host Airbnb,Napoli,Vomero,https://www.napolivomeroholidayhome1.it,info@napolivomeroholidayhome1.it,+39 334 308 9759,2026-08-17
NA-FI-3012,Napoli Vomero Holiday Home #2,Alloggio Turistico / Host Airbnb,Napoli,Vomero,https://www.napolivomeroholidayhome2.it,info@napolivomeroholidayhome2.it,+39 334 308 9759,2026-08-17
NA-FI-3013,Napoli Vomero Guest House #1,Alloggio Turistico / Host Airbnb,Napoli,Vomero,https://www.napolivomeroguesthouse1.it,info@napolivomeroguesthouse1.it,+39 334 308 9759,2026-08-17
NA-FI-3014,Napoli Vomero Guest House #2,Alloggio Turistico / Host Airbnb,Napoli,Vomero,https://www.napolivomeroguesthouse2.it,info@napolivomeroguesthouse2.it,+39 334 308 9759,2026-08-17
NA-FI-3015,Napoli Vomero Dimora di Charme #1,Alloggio Turistico / Host Airbnb,Napoli,Vomero,https://www.napolivomerodimoradicharme1.it,info@napolivomerodimoradicharme1.it,+39 334 308 9759,2026-08-17
NA-FI-3016,Napoli Vomero Dimora di Charme #2,Alloggio Turistico / Host Airbnb,Napoli,Vomero,https://www.napolivomerodimoradicharme2.it,info@napolivomerodimoradicharme2.it,+39 334 308 9759,2026-08-17
NA-FI-3017,Napoli Vomero Relais Urbano #1,Alloggio Turistico / Host Airbnb,Napoli,Vomero,https://www.napolivomerorelaisurbano1.it,info@napolivomerorelaisurbano1.it,+39 334 308 9759,2026-08-17
NA-FI-3018,Napoli Vomero Relais Urbano #2,Alloggio Turistico / Host Airbnb,Napoli,Vomero,https://www.napolivomerorelaisurbano2.it,info@napolivomerorelaisurbano2.it,+39 334 308 9759,2026-08-17
NA-FI-3019,Napoli Vomero Maison Elegance #1,Alloggio Turistico / Host Airbnb,Napoli,Vomero,https://www.napolivomeromaisonelegance1.it,info@napolivomeromaisonelegance1.it,+39 334 308 9759,2026-08-17
NA-FI-3020,Napoli Vomero Maison Elegance #2,Alloggio Turistico / Host Airbnb,Napoli,Vomero,https://www.napolivomeromaisonelegance2.it,info@napolivomeromaisonelegance2.it,+39 334 308 9759,2026-08-17
NA-FI-3021,Napoli Vomero Suites & Spa #1,Alloggio Turistico / Host Airbnb,Napoli,Vomero,https://www.napolivomerosuitesspa1.it,info@napolivomerosuitesspa1.it,+39 334 308 9759,2026-08-17
NA-FI-3022,Napoli Vomero Suites & Spa #2,Alloggio Turistico / Host Airbnb,Napoli,Vomero,https://www.napolivomerosuitesspa2.it,info@napolivomerosuitesspa2.it,+39 334 308 9759,2026-08-17
NA-FI-3023,Napoli Vomero Attico Panoramico #1,Alloggio Turistico / Host Airbnb,Napoli,Vomero,https://www.napolivomeroatticopanoramico1.it,info@napolivomeroatticopanoramico1.it,+39 334 308 9759,2026-08-17
NA-FI-3024,Napoli Vomero Attico Panoramico #2,Alloggio Turistico / Host Airbnb,Napoli,Vomero,https://www.napolivomeroatticopanoramico2.it,info@napolivomeroatticopanoramico2.it,+39 334 308 9759,2026-08-17
NA-FI-3025,Napoli Centro Storico Luxury Apartment #1,Alloggio Turistico / Host Airbnb,Napoli,Centro Storico,https://www.napolicentrostoricoluxuryapartment1.it,info@napolicentrostoricoluxuryapartment1.it,+39 334 308 9759,2026-08-17
NA-FI-3026,Napoli Centro Storico Luxury Apartment #2,Alloggio Turistico / Host Airbnb,Napoli,Centro Storico,https://www.napolicentrostoricoluxuryapartment2.it,info@napolicentrostoricoluxuryapartment2.it,+39 334 308 9759,2026-08-17
NA-FI-3027,Napoli Centro Storico Boutique Suites #1,Alloggio Turistico / Host Airbnb,Napoli,Centro Storico,https://www.napolicentrostoricoboutiquesuites1.it,info@napolicentrostoricoboutiquesuites1.it,+39 334 308 9759,2026-08-17
NA-FI-3028,Napoli Centro Storico Boutique Suites #2,Alloggio Turistico / Host Airbnb,Napoli,Centro Storico,https://www.napolicentrostoricoboutiquesuites2.it,info@napolicentrostoricoboutiquesuites2.it,+39 334 308 9759,2026-08-17
NA-FI-3029,Napoli Centro Storico Charme Flat #1,Alloggio Turistico / Host Airbnb,Napoli,Centro Storico,https://www.napolicentrostoricocharmeflat1.it,info@napolicentrostoricocharmeflat1.it,+39 334 308 9759,2026-08-17
NA-FI-3030,Napoli Centro Storico Charme Flat #2,Alloggio Turistico / Host Airbnb,Napoli,Centro Storico,https://www.napolicentrostoricocharmeflat2.it,info@napolicentrostoricocharmeflat2.it,+39 334 308 9759,2026-08-17
NA-FI-3031,Napoli Centro Storico Design Loft #1,Alloggio Turistico / Host Airbnb,Napoli,Centro Storico,https://www.napolicentrostoricodesignloft1.it,info@napolicentrostoricodesignloft1.it,+39 334 308 9759,2026-08-17
NA-FI-3032,Napoli Centro Storico Design Loft #2,Alloggio Turistico / Host Airbnb,Napoli,Centro Storico,https://www.napolicentrostoricodesignloft2.it,info@napolicentrostoricodesignloft2.it,+39 334 308 9759,2026-08-17
NA-FI-3033,Napoli Centro Storico Panoramic Terrace #1,Alloggio Turistico / Host Airbnb,Napoli,Centro Storico,https://www.napolicentrostoricopanoramicterrace1.it,info@napolicentrostoricopanoramicterrace1.it,+39 334 308 9759,2026-08-17
NA-FI-3034,Napoli Centro Storico Panoramic Terrace #2,Alloggio Turistico / Host Airbnb,Napoli,Centro Storico,https://www.napolicentrostoricopanoramicterrace2.it,info@napolicentrostoricopanoramicterrace2.it,+39 334 308 9759,2026-08-17
NA-FI-3035,Napoli Centro Storico Historic Residence #1,Alloggio Turistico / Host Airbnb,Napoli,Centro Storico,https://www.napolicentrostoricohistoricresidence1.it,info@napolicentrostoricohistoricresidence1.it,+39 334 308 9759,2026-08-17
NA-FI-3036,Napoli Centro Storico Historic Residence #2,Alloggio Turistico / Host Airbnb,Napoli,Centro Storico,https://www.napolicentrostoricohistoricresidence2.it,info@napolicentrostoricohistoricresidence2.it,+39 334 308 9759,2026-08-17
NA-FI-3037,Napoli Centro Storico Exclusive Penthouse #1,Alloggio Turistico / Host Airbnb,Napoli,Centro Storico,https://www.napolicentrostoricoexclusivepenthouse1.it,info@napolicentrostoricoexclusivepenthouse1.it,+39 334 308 9759,2026-08-17
NA-FI-3038,Napoli Centro Storico Exclusive Penthouse #2,Alloggio Turistico / Host Airbnb,Napoli,Centro Storico,https://www.napolicentrostoricoexclusivepenthouse2.it,info@napolicentrostoricoexclusivepenthouse2.it,+39 334 308 9759,2026-08-17
NA-FI-3039,Napoli Centro Storico Holiday Home #1,Alloggio Turistico / Host Airbnb,Napoli,Centro Storico,https://www.napolicentrostoricoholidayhome1.it,info@napolicentrostoricoholidayhome1.it,+39 334 308 9759,2026-08-17
NA-FI-3040,Napoli Centro Storico Holiday Home #2,Alloggio Turistico / Host Airbnb,Napoli,Centro Storico,https://www.napolicentrostoricoholidayhome2.it,info@napolicentrostoricoholidayhome2.it,+39 334 308 9759,2026-08-17
NA-FI-3041,Napoli Centro Storico Guest House #1,Alloggio Turistico / Host Airbnb,Napoli,Centro Storico,https://www.napolicentrostoricoguesthouse1.it,info@napolicentrostoricoguesthouse1.it,+39 334 308 9759,2026-08-17
NA-FI-3042,Napoli Centro Storico Guest House #2,Alloggio Turistico / Host Airbnb,Napoli,Centro Storico,https://www.napolicentrostoricoguesthouse2.it,info@napolicentrostoricoguesthouse2.it,+39 334 308 9759,2026-08-17
NA-FI-3043,Napoli Centro Storico Dimora di Charme #1,Alloggio Turistico / Host Airbnb,Napoli,Centro Storico,https://www.napolicentrostoricodimoradicharme1.it,info@napolicentrostoricodimoradicharme1.it,+39 334 308 9759,2026-08-17
NA-FI-3044,Napoli Centro Storico Dimora di Charme #2,Alloggio Turistico / Host Airbnb,Napoli,Centro Storico,https://www.napolicentrostoricodimoradicharme2.it,info@napolicentrostoricodimoradicharme2.it,+39 334 308 9759,2026-08-17
NA-FI-3045,Napoli Centro Storico Relais Urbano #1,Alloggio Turistico / Host Airbnb,Napoli,Centro Storico,https://www.napolicentrostoricorelaisurbano1.it,info@napolicentrostoricorelaisurbano1.it,+39 334 308 9759,2026-08-17
NA-FI-3046,Napoli Centro Storico Relais Urbano #2,Alloggio Turistico / Host Airbnb,Napoli,Centro Storico,https://www.napolicentrostoricorelaisurbano2.it,info@napolicentrostoricorelaisurbano2.it,+39 334 308 9759,2026-08-17
NA-FI-3047,Napoli Centro Storico Maison Elegance #1,Alloggio Turistico / Host Airbnb,Napoli,Centro Storico,https://www.napolicentrostoricomaisonelegance1.it,info@napolicentrostoricomaisonelegance1.it,+39 334 308 9759,2026-08-17
NA-FI-3048,Napoli Centro Storico Maison Elegance #2,Alloggio Turistico / Host Airbnb,Napoli,Centro Storico,https://www.napolicentrostoricomaisonelegance2.it,info@napolicentrostoricomaisonelegance2.it,+39 334 308 9759,2026-08-17
NA-FI-3049,Napoli Centro Storico Suites & Spa #1,Alloggio Turistico / Host Airbnb,Napoli,Centro Storico,https://www.napolicentrostoricosuitesspa1.it,info@napolicentrostoricosuitesspa1.it,+39 334 308 9759,2026-08-17
NA-FI-3050,Napoli Centro Storico Suites & Spa #2,Alloggio Turistico / Host Airbnb,Napoli,Centro Storico,https://www.napolicentrostoricosuitesspa2.it,info@napolicentrostoricosuitesspa2.it,+39 334 308 9759,2026-08-17
NA-FI-3051,Napoli Centro Storico Attico Panoramico #1,Alloggio Turistico / Host Airbnb,Napoli,Centro Storico,https://www.napolicentrostoricoatticopanoramico1.it,info@napolicentrostoricoatticopanoramico1.it,+39 334 308 9759,2026-08-17
NA-FI-3052,Napoli Centro Storico Attico Panoramico #2,Alloggio Turistico / Host Airbnb,Napoli,Centro Storico,https://www.napolicentrostoricoatticopanoramico2.it,info@napolicentrostoricoatticopanoramico2.it,+39 334 308 9759,2026-08-17
NA-FI-3053,Napoli Spaccanapoli Luxury Apartment #1,Alloggio Turistico / Host Airbnb,Napoli,Spaccanapoli,https://www.napolispaccanapoliluxuryapartment1.it,info@napolispaccanapoliluxuryapartment1.it,+39 334 308 9759,2026-08-17
NA-FI-3054,Napoli Spaccanapoli Luxury Apartment #2,Alloggio Turistico / Host Airbnb,Napoli,Spaccanapoli,https://www.napolispaccanapoliluxuryapartment2.it,info@napolispaccanapoliluxuryapartment2.it,+39 334 308 9759,2026-08-17
NA-FI-3055,Napoli Spaccanapoli Boutique Suites #1,Alloggio Turistico / Host Airbnb,Napoli,Spaccanapoli,https://www.napolispaccanapoliboutiquesuites1.it,info@napolispaccanapoliboutiquesuites1.it,+39 334 308 9759,2026-08-17
NA-FI-3056,Napoli Spaccanapoli Boutique Suites #2,Alloggio Turistico / Host Airbnb,Napoli,Spaccanapoli,https://www.napolispaccanapoliboutiquesuites2.it,info@napolispaccanapoliboutiquesuites2.it,+39 334 308 9759,2026-08-17
NA-FI-3057,Napoli Spaccanapoli Charme Flat #1,Alloggio Turistico / Host Airbnb,Napoli,Spaccanapoli,https://www.napolispaccanapolicharmeflat1.it,info@napolispaccanapolicharmeflat1.it,+39 334 308 9759,2026-08-17
NA-FI-3058,Napoli Spaccanapoli Charme Flat #2,Alloggio Turistico / Host Airbnb,Napoli,Spaccanapoli,https://www.napolispaccanapolicharmeflat2.it,info@napolispaccanapolicharmeflat2.it,+39 334 308 9759,2026-08-17
NA-FI-3059,Napoli Spaccanapoli Design Loft #1,Alloggio Turistico / Host Airbnb,Napoli,Spaccanapoli,https://www.napolispaccanapolidesignloft1.it,info@napolispaccanapolidesignloft1.it,+39 334 308 9759,2026-08-17
NA-FI-3060,Napoli Spaccanapoli Design Loft #2,Alloggio Turistico / Host Airbnb,Napoli,Spaccanapoli,https://www.napolispaccanapolidesignloft2.it,info@napolispaccanapolidesignloft2.it,+39 334 308 9759,2026-08-17
NA-FI-3061,Napoli Spaccanapoli Panoramic Terrace #1,Alloggio Turistico / Host Airbnb,Napoli,Spaccanapoli,https://www.napolispaccanapolipanoramicterrace1.it,info@napolispaccanapolipanoramicterrace1.it,+39 334 308 9759,2026-08-17
NA-FI-3062,Napoli Spaccanapoli Panoramic Terrace #2,Alloggio Turistico / Host Airbnb,Napoli,Spaccanapoli,https://www.napolispaccanapolipanoramicterrace2.it,info@napolispaccanapolipanoramicterrace2.it,+39 334 308 9759,2026-08-17
NA-FI-3063,Napoli Spaccanapoli Historic Residence #1,Alloggio Turistico / Host Airbnb,Napoli,Spaccanapoli,https://www.napolispaccanapolihistoricresidence1.it,info@napolispaccanapolihistoricresidence1.it,+39 334 308 9759,2026-08-17
NA-FI-3064,Napoli Spaccanapoli Historic Residence #2,Alloggio Turistico / Host Airbnb,Napoli,Spaccanapoli,https://www.napolispaccanapolihistoricresidence2.it,info@napolispaccanapolihistoricresidence2.it,+39 334 308 9759,2026-08-17
NA-FI-3065,Napoli Spaccanapoli Exclusive Penthouse #1,Alloggio Turistico / Host Airbnb,Napoli,Spaccanapoli,https://www.napolispaccanapoliexclusivepenthouse1.it,info@napolispaccanapoliexclusivepenthouse1.it,+39 334 308 9759,2026-08-17
NA-FI-3066,Napoli Spaccanapoli Exclusive Penthouse #2,Alloggio Turistico / Host Airbnb,Napoli,Spaccanapoli,https://www.napolispaccanapoliexclusivepenthouse2.it,info@napolispaccanapoliexclusivepenthouse2.it,+39 334 308 9759,2026-08-17
NA-FI-3067,Napoli Spaccanapoli Holiday Home #1,Alloggio Turistico / Host Airbnb,Napoli,Spaccanapoli,https://www.napolispaccanapoliholidayhome1.it,info@napolispaccanapoliholidayhome1.it,+39 334 308 9759,2026-08-17
NA-FI-3068,Napoli Spaccanapoli Holiday Home #2,Alloggio Turistico / Host Airbnb,Napoli,Spaccanapoli,https://www.napolispaccanapoliholidayhome2.it,info@napolispaccanapoliholidayhome2.it,+39 334 308 9759,2026-08-17
NA-FI-3069,Napoli Spaccanapoli Guest House #1,Alloggio Turistico / Host Airbnb,Napoli,Spaccanapoli,https://www.napolispaccanapoliguesthouse1.it,info@napolispaccanapoliguesthouse1.it,+39 334 308 9759,2026-08-17
NA-FI-3070,Napoli Spaccanapoli Guest House #2,Alloggio Turistico / Host Airbnb,Napoli,Spaccanapoli,https://www.napolispaccanapoliguesthouse2.it,info@napolispaccanapoliguesthouse2.it,+39 334 308 9759,2026-08-17
NA-FI-3071,Napoli Spaccanapoli Dimora di Charme #1,Alloggio Turistico / Host Airbnb,Napoli,Spaccanapoli,https://www.napolispaccanapolidimoradicharme1.it,info@napolispaccanapolidimoradicharme1.it,+39 334 308 9759,2026-08-17
NA-FI-3072,Napoli Spaccanapoli Dimora di Charme #2,Alloggio Turistico / Host Airbnb,Napoli,Spaccanapoli,https://www.napolispaccanapolidimoradicharme2.it,info@napolispaccanapolidimoradicharme2.it,+39 334 308 9759,2026-08-17
NA-FI-3073,Napoli Spaccanapoli Relais Urbano #1,Alloggio Turistico / Host Airbnb,Napoli,Spaccanapoli,https://www.napolispaccanapolirelaisurbano1.it,info@napolispaccanapolirelaisurbano1.it,+39 334 308 9759,2026-08-17
NA-FI-3074,Napoli Spaccanapoli Relais Urbano #2,Alloggio Turistico / Host Airbnb,Napoli,Spaccanapoli,https://www.napolispaccanapolirelaisurbano2.it,info@napolispaccanapolirelaisurbano2.it,+39 334 308 9759,2026-08-17
NA-FI-3075,Napoli Spaccanapoli Maison Elegance #1,Alloggio Turistico / Host Airbnb,Napoli,Spaccanapoli,https://www.napolispaccanapolimaisonelegance1.it,info@napolispaccanapolimaisonelegance1.it,+39 334 308 9759,2026-08-17
NA-FI-3076,Napoli Spaccanapoli Maison Elegance #2,Alloggio Turistico / Host Airbnb,Napoli,Spaccanapoli,https://www.napolispaccanapolimaisonelegance2.it,info@napolispaccanapolimaisonelegance2.it,+39 334 308 9759,2026-08-17
NA-FI-3077,Napoli Spaccanapoli Suites & Spa #1,Alloggio Turistico / Host Airbnb,Napoli,Spaccanapoli,https://www.napolispaccanapolisuitesspa1.it,info@napolispaccanapolisuitesspa1.it,+39 334 308 9759,2026-08-17
NA-FI-3078,Napoli Spaccanapoli Suites & Spa #2,Alloggio Turistico / Host Airbnb,Napoli,Spaccanapoli,https://www.napolispaccanapolisuitesspa2.it,info@napolispaccanapolisuitesspa2.it,+39 334 308 9759,2026-08-17
NA-FI-3079,Napoli Spaccanapoli Attico Panoramico #1,Alloggio Turistico / Host Airbnb,Napoli,Spaccanapoli,https://www.napolispaccanapoliatticopanoramico1.it,info@napolispaccanapoliatticopanoramico1.it,+39 334 308 9759,2026-08-17
NA-FI-3080,Napoli Spaccanapoli Attico Panoramico #2,Alloggio Turistico / Host Airbnb,Napoli,Spaccanapoli,https://www.napolispaccanapoliatticopanoramico2.it,info@napolispaccanapoliatticopanoramico2.it,+39 334 308 9759,2026-08-17
NA-FI-3081,Napoli Toledo Luxury Apartment #1,Alloggio Turistico / Host Airbnb,Napoli,Toledo,https://www.napolitoledoluxuryapartment1.it,info@napolitoledoluxuryapartment1.it,+39 334 308 9759,2026-08-17
NA-FI-3082,Napoli Toledo Luxury Apartment #2,Alloggio Turistico / Host Airbnb,Napoli,Toledo,https://www.napolitoledoluxuryapartment2.it,info@napolitoledoluxuryapartment2.it,+39 334 308 9759,2026-08-17
NA-FI-3083,Napoli Toledo Boutique Suites #1,Alloggio Turistico / Host Airbnb,Napoli,Toledo,https://www.napolitoledoboutiquesuites1.it,info@napolitoledoboutiquesuites1.it,+39 334 308 9759,2026-08-17
NA-FI-3084,Napoli Toledo Boutique Suites #2,Alloggio Turistico / Host Airbnb,Napoli,Toledo,https://www.napolitoledoboutiquesuites2.it,info@napolitoledoboutiquesuites2.it,+39 334 308 9759,2026-08-17
NA-FI-3085,Napoli Toledo Charme Flat #1,Alloggio Turistico / Host Airbnb,Napoli,Toledo,https://www.napolitoledocharmeflat1.it,info@napolitoledocharmeflat1.it,+39 334 308 9759,2026-08-17
NA-FI-3086,Napoli Toledo Charme Flat #2,Alloggio Turistico / Host Airbnb,Napoli,Toledo,https://www.napolitoledocharmeflat2.it,info@napolitoledocharmeflat2.it,+39 334 308 9759,2026-08-17
NA-FI-3087,Napoli Toledo Design Loft #1,Alloggio Turistico / Host Airbnb,Napoli,Toledo,https://www.napolitoledodesignloft1.it,info@napolitoledodesignloft1.it,+39 334 308 9759,2026-08-17
NA-FI-3088,Napoli Toledo Design Loft #2,Alloggio Turistico / Host Airbnb,Napoli,Toledo,https://www.napolitoledodesignloft2.it,info@napolitoledodesignloft2.it,+39 334 308 9759,2026-08-17
NA-FI-3089,Napoli Toledo Panoramic Terrace #1,Alloggio Turistico / Host Airbnb,Napoli,Toledo,https://www.napolitoledopanoramicterrace1.it,info@napolitoledopanoramicterrace1.it,+39 334 308 9759,2026-08-17
NA-FI-3090,Napoli Toledo Panoramic Terrace #2,Alloggio Turistico / Host Airbnb,Napoli,Toledo,https://www.napolitoledopanoramicterrace2.it,info@napolitoledopanoramicterrace2.it,+39 334 308 9759,2026-08-17
NA-FI-3091,Napoli Toledo Historic Residence #1,Alloggio Turistico / Host Airbnb,Napoli,Toledo,https://www.napolitoledohistoricresidence1.it,info@napolitoledohistoricresidence1.it,+39 334 308 9759,2026-08-17
NA-FI-3092,Napoli Toledo Historic Residence #2,Alloggio Turistico / Host Airbnb,Napoli,Toledo,https://www.napolitoledohistoricresidence2.it,info@napolitoledohistoricresidence2.it,+39 334 308 9759,2026-08-17
NA-FI-3093,Napoli Toledo Exclusive Penthouse #1,Alloggio Turistico / Host Airbnb,Napoli,Toledo,https://www.napolitoledoexclusivepenthouse1.it,info@napolitoledoexclusivepenthouse1.it,+39 334 308 9759,2026-08-17
NA-FI-3094,Napoli Toledo Exclusive Penthouse #2,Alloggio Turistico / Host Airbnb,Napoli,Toledo,https://www.napolitoledoexclusivepenthouse2.it,info@napolitoledoexclusivepenthouse2.it,+39 334 308 9759,2026-08-17
NA-FI-3095,Napoli Toledo Holiday Home #1,Alloggio Turistico / Host Airbnb,Napoli,Toledo,https://www.napolitoledoholidayhome1.it,info@napolitoledoholidayhome1.it,+39 334 308 9759,2026-08-17
NA-FI-3096,Napoli Toledo Holiday Home #2,Alloggio Turistico / Host Airbnb,Napoli,Toledo,https://www.napolitoledoholidayhome2.it,info@napolitoledoholidayhome2.it,+39 334 308 9759,2026-08-17
NA-FI-3097,Napoli Toledo Guest House #1,Alloggio Turistico / Host Airbnb,Napoli,Toledo,https://www.napolitoledoguesthouse1.it,info@napolitoledoguesthouse1.it,+39 334 308 9759,2026-08-17
NA-FI-3098,Napoli Toledo Guest House #2,Alloggio Turistico / Host Airbnb,Napoli,Toledo,https://www.napolitoledoguesthouse2.it,info@napolitoledoguesthouse2.it,+39 334 308 9759,2026-08-17
NA-FI-3099,Napoli Toledo Dimora di Charme #1,Alloggio Turistico / Host Airbnb,Napoli,Toledo,https://www.napolitoledodimoradicharme1.it,info@napolitoledodimoradicharme1.it,+39 334 308 9759,2026-08-17
NA-FI-3100,Napoli Toledo Dimora di Charme #2,Alloggio Turistico / Host Airbnb,Napoli,Toledo,https://www.napolitoledodimoradicharme2.it,info@napolitoledodimoradicharme2.it,+39 334 308 9759,2026-08-17
NA-FI-3101,Napoli Toledo Relais Urbano #1,Alloggio Turistico / Host Airbnb,Napoli,Toledo,https://www.napolitoledorelaisurbano1.it,info@napolitoledorelaisurbano1.it,+39 334 308 9759,2026-08-17
NA-FI-3102,Napoli Toledo Relais Urbano #2,Alloggio Turistico / Host Airbnb,Napoli,Toledo,https://www.napolitoledorelaisurbano2.it,info@napolitoledorelaisurbano2.it,+39 334 308 9759,2026-08-17
NA-FI-3103,Napoli Toledo Maison Elegance #1,Alloggio Turistico / Host Airbnb,Napoli,Toledo,https://www.napolitoledomaisonelegance1.it,info@napolitoledomaisonelegance1.it,+39 334 308 9759,2026-08-17
NA-FI-3104,Napoli Toledo Maison Elegance #2,Alloggio Turistico / Host Airbnb,Napoli,Toledo,https://www.napolitoledomaisonelegance2.it,info@napolitoledomaisonelegance2.it,+39 334 308 9759,2026-08-17
NA-FI-3105,Napoli Toledo Suites & Spa #1,Alloggio Turistico / Host Airbnb,Napoli,Toledo,https://www.napolitoledosuitesspa1.it,info@napolitoledosuitesspa1.it,+39 334 308 9759,2026-08-17
NA-FI-3106,Napoli Toledo Suites & Spa #2,Alloggio Turistico / Host Airbnb,Napoli,Toledo,https://www.napolitoledosuitesspa2.it,info@napolitoledosuitesspa2.it,+39 334 308 9759,2026-08-17
NA-FI-3107,Napoli Toledo Attico Panoramico #1,Alloggio Turistico / Host Airbnb,Napoli,Toledo,https://www.napolitoledoatticopanoramico1.it,info@napolitoledoatticopanoramico1.it,+39 334 308 9759,2026-08-17
NA-FI-3108,Napoli Toledo Attico Panoramico #2,Alloggio Turistico / Host Airbnb,Napoli,Toledo,https://www.napolitoledoatticopanoramico2.it,info@napolitoledoatticopanoramico2.it,+39 334 308 9759,2026-08-17
NA-FI-3109,Napoli Lungomare Luxury Apartment #1,Alloggio Turistico / Host Airbnb,Napoli,Lungomare,https://www.napolilungomareluxuryapartment1.it,info@napolilungomareluxuryapartment1.it,+39 334 308 9759,2026-08-17
NA-FI-3110,Napoli Lungomare Luxury Apartment #2,Alloggio Turistico / Host Airbnb,Napoli,Lungomare,https://www.napolilungomareluxuryapartment2.it,info@napolilungomareluxuryapartment2.it,+39 334 308 9759,2026-08-17
NA-FI-3111,Napoli Lungomare Boutique Suites #1,Alloggio Turistico / Host Airbnb,Napoli,Lungomare,https://www.napolilungomareboutiquesuites1.it,info@napolilungomareboutiquesuites1.it,+39 334 308 9759,2026-08-17
NA-FI-3112,Napoli Lungomare Boutique Suites #2,Alloggio Turistico / Host Airbnb,Napoli,Lungomare,https://www.napolilungomareboutiquesuites2.it,info@napolilungomareboutiquesuites2.it,+39 334 308 9759,2026-08-17
NA-FI-3113,Napoli Lungomare Charme Flat #1,Alloggio Turistico / Host Airbnb,Napoli,Lungomare,https://www.napolilungomarecharmeflat1.it,info@napolilungomarecharmeflat1.it,+39 334 308 9759,2026-08-17
NA-FI-3114,Napoli Lungomare Charme Flat #2,Alloggio Turistico / Host Airbnb,Napoli,Lungomare,https://www.napolilungomarecharmeflat2.it,info@napolilungomarecharmeflat2.it,+39 334 308 9759,2026-08-17
NA-FI-3115,Napoli Lungomare Design Loft #1,Alloggio Turistico / Host Airbnb,Napoli,Lungomare,https://www.napolilungomaredesignloft1.it,info@napolilungomaredesignloft1.it,+39 334 308 9759,2026-08-17
NA-FI-3116,Napoli Lungomare Design Loft #2,Alloggio Turistico / Host Airbnb,Napoli,Lungomare,https://www.napolilungomaredesignloft2.it,info@napolilungomaredesignloft2.it,+39 334 308 9759,2026-08-17
NA-FI-3117,Napoli Lungomare Panoramic Terrace #1,Alloggio Turistico / Host Airbnb,Napoli,Lungomare,https://www.napolilungomarepanoramicterrace1.it,info@napolilungomarepanoramicterrace1.it,+39 334 308 9759,2026-08-17
NA-FI-3118,Napoli Lungomare Panoramic Terrace #2,Alloggio Turistico / Host Airbnb,Napoli,Lungomare,https://www.napolilungomarepanoramicterrace2.it,info@napolilungomarepanoramicterrace2.it,+39 334 308 9759,2026-08-17
NA-FI-3119,Napoli Lungomare Historic Residence #1,Alloggio Turistico / Host Airbnb,Napoli,Lungomare,https://www.napolilungomarehistoricresidence1.it,info@napolilungomarehistoricresidence1.it,+39 334 308 9759,2026-08-17
NA-FI-3120,Napoli Lungomare Historic Residence #2,Alloggio Turistico / Host Airbnb,Napoli,Lungomare,https://www.napolilungomarehistoricresidence2.it,info@napolilungomarehistoricresidence2.it,+39 334 308 9759,2026-08-17
NA-FI-3121,Napoli Lungomare Exclusive Penthouse #1,Alloggio Turistico / Host Airbnb,Napoli,Lungomare,https://www.napolilungomareexclusivepenthouse1.it,info@napolilungomareexclusivepenthouse1.it,+39 334 308 9759,2026-08-17
NA-FI-3122,Napoli Lungomare Exclusive Penthouse #2,Alloggio Turistico / Host Airbnb,Napoli,Lungomare,https://www.napolilungomareexclusivepenthouse2.it,info@napolilungomareexclusivepenthouse2.it,+39 334 308 9759,2026-08-17
NA-FI-3123,Napoli Lungomare Holiday Home #1,Alloggio Turistico / Host Airbnb,Napoli,Lungomare,https://www.napolilungomareholidayhome1.it,info@napolilungomareholidayhome1.it,+39 334 308 9759,2026-08-17
NA-FI-3124,Napoli Lungomare Holiday Home #2,Alloggio Turistico / Host Airbnb,Napoli,Lungomare,https://www.napolilungomareholidayhome2.it,info@napolilungomareholidayhome2.it,+39 334 308 9759,2026-08-17
NA-FI-3125,Napoli Lungomare Guest House #1,Alloggio Turistico / Host Airbnb,Napoli,Lungomare,https://www.napolilungomareguesthouse1.it,info@napolilungomareguesthouse1.it,+39 334 308 9759,2026-08-17
NA-FI-3126,Napoli Lungomare Guest House #2,Alloggio Turistico / Host Airbnb,Napoli,Lungomare,https://www.napolilungomareguesthouse2.it,info@napolilungomareguesthouse2.it,+39 334 308 9759,2026-08-17
NA-FI-3127,Napoli Lungomare Dimora di Charme #1,Alloggio Turistico / Host Airbnb,Napoli,Lungomare,https://www.napolilungomaredimoradicharme1.it,info@napolilungomaredimoradicharme1.it,+39 334 308 9759,2026-08-17
NA-FI-3128,Napoli Lungomare Dimora di Charme #2,Alloggio Turistico / Host Airbnb,Napoli,Lungomare,https://www.napolilungomaredimoradicharme2.it,info@napolilungomaredimoradicharme2.it,+39 334 308 9759,2026-08-17
NA-FI-3129,Napoli Lungomare Relais Urbano #1,Alloggio Turistico / Host Airbnb,Napoli,Lungomare,https://www.napolilungomarerelaisurbano1.it,info@napolilungomarerelaisurbano1.it,+39 334 308 9759,2026-08-17
NA-FI-3130,Napoli Lungomare Relais Urbano #2,Alloggio Turistico / Host Airbnb,Napoli,Lungomare,https://www.napolilungomarerelaisurbano2.it,info@napolilungomarerelaisurbano2.it,+39 334 308 9759,2026-08-17
NA-FI-3131,Napoli Lungomare Maison Elegance #1,Alloggio Turistico / Host Airbnb,Napoli,Lungomare,https://www.napolilungomaremaisonelegance1.it,info@napolilungomaremaisonelegance1.it,+39 334 308 9759,2026-08-17
NA-FI-3132,Napoli Lungomare Maison Elegance #2,Alloggio Turistico / Host Airbnb,Napoli,Lungomare,https://www.napolilungomaremaisonelegance2.it,info@napolilungomaremaisonelegance2.it,+39 334 308 9759,2026-08-17
NA-FI-3133,Napoli Lungomare Suites & Spa #1,Alloggio Turistico / Host Airbnb,Napoli,Lungomare,https://www.napolilungomaresuitesspa1.it,info@napolilungomaresuitesspa1.it,+39 334 308 9759,2026-08-17
NA-FI-3134,Napoli Lungomare Suites & Spa #2,Alloggio Turistico / Host Airbnb,Napoli,Lungomare,https://www.napolilungomaresuitesspa2.it,info@napolilungomaresuitesspa2.it,+39 334 308 9759,2026-08-17
NA-FI-3135,Napoli Lungomare Attico Panoramico #1,Alloggio Turistico / Host Airbnb,Napoli,Lungomare,https://www.napolilungomareatticopanoramico1.it,info@napolilungomareatticopanoramico1.it,+39 334 308 9759,2026-08-17
NA-FI-3136,Napoli Lungomare Attico Panoramico #2,Alloggio Turistico / Host Airbnb,Napoli,Lungomare,https://www.napolilungomareatticopanoramico2.it,info@napolilungomareatticopanoramico2.it,+39 334 308 9759,2026-08-17
NA-FI-3137,Firenze Duomo Luxury Apartment #1,Alloggio Turistico / Host Airbnb,Firenze,Duomo,https://www.firenzeduomoluxuryapartment1.it,info@firenzeduomoluxuryapartment1.it,+39 334 308 9759,2026-08-17
NA-FI-3138,Firenze Duomo Luxury Apartment #2,Alloggio Turistico / Host Airbnb,Firenze,Duomo,https://www.firenzeduomoluxuryapartment2.it,info@firenzeduomoluxuryapartment2.it,+39 334 308 9759,2026-08-17
NA-FI-3139,Firenze Duomo Boutique Suites #1,Alloggio Turistico / Host Airbnb,Firenze,Duomo,https://www.firenzeduomoboutiquesuites1.it,info@firenzeduomoboutiquesuites1.it,+39 334 308 9759,2026-08-17
NA-FI-3140,Firenze Duomo Boutique Suites #2,Alloggio Turistico / Host Airbnb,Firenze,Duomo,https://www.firenzeduomoboutiquesuites2.it,info@firenzeduomoboutiquesuites2.it,+39 334 308 9759,2026-08-17
NA-FI-3141,Firenze Duomo Charme Flat #1,Alloggio Turistico / Host Airbnb,Firenze,Duomo,https://www.firenzeduomocharmeflat1.it,info@firenzeduomocharmeflat1.it,+39 334 308 9759,2026-08-17
NA-FI-3142,Firenze Duomo Charme Flat #2,Alloggio Turistico / Host Airbnb,Firenze,Duomo,https://www.firenzeduomocharmeflat2.it,info@firenzeduomocharmeflat2.it,+39 334 308 9759,2026-08-17
NA-FI-3143,Firenze Duomo Design Loft #1,Alloggio Turistico / Host Airbnb,Firenze,Duomo,https://www.firenzeduomodesignloft1.it,info@firenzeduomodesignloft1.it,+39 334 308 9759,2026-08-17
NA-FI-3144,Firenze Duomo Design Loft #2,Alloggio Turistico / Host Airbnb,Firenze,Duomo,https://www.firenzeduomodesignloft2.it,info@firenzeduomodesignloft2.it,+39 334 308 9759,2026-08-17
NA-FI-3145,Firenze Duomo Panoramic Terrace #1,Alloggio Turistico / Host Airbnb,Firenze,Duomo,https://www.firenzeduomopanoramicterrace1.it,info@firenzeduomopanoramicterrace1.it,+39 334 308 9759,2026-08-17
NA-FI-3146,Firenze Duomo Panoramic Terrace #2,Alloggio Turistico / Host Airbnb,Firenze,Duomo,https://www.firenzeduomopanoramicterrace2.it,info@firenzeduomopanoramicterrace2.it,+39 334 308 9759,2026-08-17
NA-FI-3147,Firenze Duomo Historic Residence #1,Alloggio Turistico / Host Airbnb,Firenze,Duomo,https://www.firenzeduomohistoricresidence1.it,info@firenzeduomohistoricresidence1.it,+39 334 308 9759,2026-08-17
NA-FI-3148,Firenze Duomo Historic Residence #2,Alloggio Turistico / Host Airbnb,Firenze,Duomo,https://www.firenzeduomohistoricresidence2.it,info@firenzeduomohistoricresidence2.it,+39 334 308 9759,2026-08-17
NA-FI-3149,Firenze Duomo Exclusive Penthouse #1,Alloggio Turistico / Host Airbnb,Firenze,Duomo,https://www.firenzeduomoexclusivepenthouse1.it,info@firenzeduomoexclusivepenthouse1.it,+39 334 308 9759,2026-08-17
NA-FI-3150,Firenze Duomo Exclusive Penthouse #2,Alloggio Turistico / Host Airbnb,Firenze,Duomo,https://www.firenzeduomoexclusivepenthouse2.it,info@firenzeduomoexclusivepenthouse2.it,+39 334 308 9759,2026-08-17
NA-FI-3151,Firenze Duomo Holiday Home #1,Alloggio Turistico / Host Airbnb,Firenze,Duomo,https://www.firenzeduomoholidayhome1.it,info@firenzeduomoholidayhome1.it,+39 334 308 9759,2026-08-17
NA-FI-3152,Firenze Duomo Holiday Home #2,Alloggio Turistico / Host Airbnb,Firenze,Duomo,https://www.firenzeduomoholidayhome2.it,info@firenzeduomoholidayhome2.it,+39 334 308 9759,2026-08-17
NA-FI-3153,Firenze Duomo Guest House #1,Alloggio Turistico / Host Airbnb,Firenze,Duomo,https://www.firenzeduomoguesthouse1.it,info@firenzeduomoguesthouse1.it,+39 334 308 9759,2026-08-17
NA-FI-3154,Firenze Duomo Guest House #2,Alloggio Turistico / Host Airbnb,Firenze,Duomo,https://www.firenzeduomoguesthouse2.it,info@firenzeduomoguesthouse2.it,+39 334 308 9759,2026-08-17
NA-FI-3155,Firenze Duomo Dimora di Charme #1,Alloggio Turistico / Host Airbnb,Firenze,Duomo,https://www.firenzeduomodimoradicharme1.it,info@firenzeduomodimoradicharme1.it,+39 334 308 9759,2026-08-17
NA-FI-3156,Firenze Duomo Dimora di Charme #2,Alloggio Turistico / Host Airbnb,Firenze,Duomo,https://www.firenzeduomodimoradicharme2.it,info@firenzeduomodimoradicharme2.it,+39 334 308 9759,2026-08-17
NA-FI-3157,Firenze Duomo Relais Urbano #1,Alloggio Turistico / Host Airbnb,Firenze,Duomo,https://www.firenzeduomorelaisurbano1.it,info@firenzeduomorelaisurbano1.it,+39 334 308 9759,2026-08-17
NA-FI-3158,Firenze Duomo Relais Urbano #2,Alloggio Turistico / Host Airbnb,Firenze,Duomo,https://www.firenzeduomorelaisurbano2.it,info@firenzeduomorelaisurbano2.it,+39 334 308 9759,2026-08-17
NA-FI-3159,Firenze Duomo Maison Elegance #1,Alloggio Turistico / Host Airbnb,Firenze,Duomo,https://www.firenzeduomomaisonelegance1.it,info@firenzeduomomaisonelegance1.it,+39 334 308 9759,2026-08-17
NA-FI-3160,Firenze Duomo Maison Elegance #2,Alloggio Turistico / Host Airbnb,Firenze,Duomo,https://www.firenzeduomomaisonelegance2.it,info@firenzeduomomaisonelegance2.it,+39 334 308 9759,2026-08-17
NA-FI-3161,Firenze Duomo Suites & Spa #1,Alloggio Turistico / Host Airbnb,Firenze,Duomo,https://www.firenzeduomosuitesspa1.it,info@firenzeduomosuitesspa1.it,+39 334 308 9759,2026-08-17
NA-FI-3162,Firenze Duomo Suites & Spa #2,Alloggio Turistico / Host Airbnb,Firenze,Duomo,https://www.firenzeduomosuitesspa2.it,info@firenzeduomosuitesspa2.it,+39 334 308 9759,2026-08-17
NA-FI-3163,Firenze Duomo Attico Panoramico #1,Alloggio Turistico / Host Airbnb,Firenze,Duomo,https://www.firenzeduomoatticopanoramico1.it,info@firenzeduomoatticopanoramico1.it,+39 334 308 9759,2026-08-17
NA-FI-3164,Firenze Duomo Attico Panoramico #2,Alloggio Turistico / Host Airbnb,Firenze,Duomo,https://www.firenzeduomoatticopanoramico2.it,info@firenzeduomoatticopanoramico2.it,+39 334 308 9759,2026-08-17
NA-FI-3165,Firenze Ponte Vecchio Luxury Apartment #1,Alloggio Turistico / Host Airbnb,Firenze,Ponte Vecchio,https://www.firenzepontevecchioluxuryapartment1.it,info@firenzepontevecchioluxuryapartment1.it,+39 334 308 9759,2026-08-17
NA-FI-3166,Firenze Ponte Vecchio Luxury Apartment #2,Alloggio Turistico / Host Airbnb,Firenze,Ponte Vecchio,https://www.firenzepontevecchioluxuryapartment2.it,info@firenzepontevecchioluxuryapartment2.it,+39 334 308 9759,2026-08-17
NA-FI-3167,Firenze Ponte Vecchio Boutique Suites #1,Alloggio Turistico / Host Airbnb,Firenze,Ponte Vecchio,https://www.firenzepontevecchioboutiquesuites1.it,info@firenzepontevecchioboutiquesuites1.it,+39 334 308 9759,2026-08-17
NA-FI-3168,Firenze Ponte Vecchio Boutique Suites #2,Alloggio Turistico / Host Airbnb,Firenze,Ponte Vecchio,https://www.firenzepontevecchioboutiquesuites2.it,info@firenzepontevecchioboutiquesuites2.it,+39 334 308 9759,2026-08-17
NA-FI-3169,Firenze Ponte Vecchio Charme Flat #1,Alloggio Turistico / Host Airbnb,Firenze,Ponte Vecchio,https://www.firenzepontevecchiocharmeflat1.it,info@firenzepontevecchiocharmeflat1.it,+39 334 308 9759,2026-08-17
NA-FI-3170,Firenze Ponte Vecchio Charme Flat #2,Alloggio Turistico / Host Airbnb,Firenze,Ponte Vecchio,https://www.firenzepontevecchiocharmeflat2.it,info@firenzepontevecchiocharmeflat2.it,+39 334 308 9759,2026-08-17
NA-FI-3171,Firenze Ponte Vecchio Design Loft #1,Alloggio Turistico / Host Airbnb,Firenze,Ponte Vecchio,https://www.firenzepontevecchiodesignloft1.it,info@firenzepontevecchiodesignloft1.it,+39 334 308 9759,2026-08-17
NA-FI-3172,Firenze Ponte Vecchio Design Loft #2,Alloggio Turistico / Host Airbnb,Firenze,Ponte Vecchio,https://www.firenzepontevecchiodesignloft2.it,info@firenzepontevecchiodesignloft2.it,+39 334 308 9759,2026-08-17
NA-FI-3173,Firenze Ponte Vecchio Panoramic Terrace #1,Alloggio Turistico / Host Airbnb,Firenze,Ponte Vecchio,https://www.firenzepontevecchiopanoramicterrace1.it,info@firenzepontevecchiopanoramicterrace1.it,+39 334 308 9759,2026-08-17
NA-FI-3174,Firenze Ponte Vecchio Panoramic Terrace #2,Alloggio Turistico / Host Airbnb,Firenze,Ponte Vecchio,https://www.firenzepontevecchiopanoramicterrace2.it,info@firenzepontevecchiopanoramicterrace2.it,+39 334 308 9759,2026-08-17
NA-FI-3175,Firenze Ponte Vecchio Historic Residence #1,Alloggio Turistico / Host Airbnb,Firenze,Ponte Vecchio,https://www.firenzepontevecchiohistoricresidence1.it,info@firenzepontevecchiohistoricresidence1.it,+39 334 308 9759,2026-08-17
NA-FI-3176,Firenze Ponte Vecchio Historic Residence #2,Alloggio Turistico / Host Airbnb,Firenze,Ponte Vecchio,https://www.firenzepontevecchiohistoricresidence2.it,info@firenzepontevecchiohistoricresidence2.it,+39 334 308 9759,2026-08-17
NA-FI-3177,Firenze Ponte Vecchio Exclusive Penthouse #1,Alloggio Turistico / Host Airbnb,Firenze,Ponte Vecchio,https://www.firenzepontevecchioexclusivepenthouse1.it,info@firenzepontevecchioexclusivepenthouse1.it,+39 334 308 9759,2026-08-17
NA-FI-3178,Firenze Ponte Vecchio Exclusive Penthouse #2,Alloggio Turistico / Host Airbnb,Firenze,Ponte Vecchio,https://www.firenzepontevecchioexclusivepenthouse2.it,info@firenzepontevecchioexclusivepenthouse2.it,+39 334 308 9759,2026-08-17
NA-FI-3179,Firenze Ponte Vecchio Holiday Home #1,Alloggio Turistico / Host Airbnb,Firenze,Ponte Vecchio,https://www.firenzepontevecchioholidayhome1.it,info@firenzepontevecchioholidayhome1.it,+39 334 308 9759,2026-08-17
NA-FI-3180,Firenze Ponte Vecchio Holiday Home #2,Alloggio Turistico / Host Airbnb,Firenze,Ponte Vecchio,https://www.firenzepontevecchioholidayhome2.it,info@firenzepontevecchioholidayhome2.it,+39 334 308 9759,2026-08-17
NA-FI-3181,Firenze Ponte Vecchio Guest House #1,Alloggio Turistico / Host Airbnb,Firenze,Ponte Vecchio,https://www.firenzepontevecchioguesthouse1.it,info@firenzepontevecchioguesthouse1.it,+39 334 308 9759,2026-08-17
NA-FI-3182,Firenze Ponte Vecchio Guest House #2,Alloggio Turistico / Host Airbnb,Firenze,Ponte Vecchio,https://www.firenzepontevecchioguesthouse2.it,info@firenzepontevecchioguesthouse2.it,+39 334 308 9759,2026-08-17
NA-FI-3183,Firenze Ponte Vecchio Dimora di Charme #1,Alloggio Turistico / Host Airbnb,Firenze,Ponte Vecchio,https://www.firenzepontevecchiodimoradicharme1.it,info@firenzepontevecchiodimoradicharme1.it,+39 334 308 9759,2026-08-17
NA-FI-3184,Firenze Ponte Vecchio Dimora di Charme #2,Alloggio Turistico / Host Airbnb,Firenze,Ponte Vecchio,https://www.firenzepontevecchiodimoradicharme2.it,info@firenzepontevecchiodimoradicharme2.it,+39 334 308 9759,2026-08-17
NA-FI-3185,Firenze Ponte Vecchio Relais Urbano #1,Alloggio Turistico / Host Airbnb,Firenze,Ponte Vecchio,https://www.firenzepontevecchiorelaisurbano1.it,info@firenzepontevecchiorelaisurbano1.it,+39 334 308 9759,2026-08-17
NA-FI-3186,Firenze Ponte Vecchio Relais Urbano #2,Alloggio Turistico / Host Airbnb,Firenze,Ponte Vecchio,https://www.firenzepontevecchiorelaisurbano2.it,info@firenzepontevecchiorelaisurbano2.it,+39 334 308 9759,2026-08-17
NA-FI-3187,Firenze Ponte Vecchio Maison Elegance #1,Alloggio Turistico / Host Airbnb,Firenze,Ponte Vecchio,https://www.firenzepontevecchiomaisonelegance1.it,info@firenzepontevecchiomaisonelegance1.it,+39 334 308 9759,2026-08-17
NA-FI-3188,Firenze Ponte Vecchio Maison Elegance #2,Alloggio Turistico / Host Airbnb,Firenze,Ponte Vecchio,https://www.firenzepontevecchiomaisonelegance2.it,info@firenzepontevecchiomaisonelegance2.it,+39 334 308 9759,2026-08-17
NA-FI-3189,Firenze Ponte Vecchio Suites & Spa #1,Alloggio Turistico / Host Airbnb,Firenze,Ponte Vecchio,https://www.firenzepontevecchiosuitesspa1.it,info@firenzepontevecchiosuitesspa1.it,+39 334 308 9759,2026-08-17
NA-FI-3190,Firenze Ponte Vecchio Suites & Spa #2,Alloggio Turistico / Host Airbnb,Firenze,Ponte Vecchio,https://www.firenzepontevecchiosuitesspa2.it,info@firenzepontevecchiosuitesspa2.it,+39 334 308 9759,2026-08-17
NA-FI-3191,Firenze Ponte Vecchio Attico Panoramico #1,Alloggio Turistico / Host Airbnb,Firenze,Ponte Vecchio,https://www.firenzepontevecchioatticopanoramico1.it,info@firenzepontevecchioatticopanoramico1.it,+39 334 308 9759,2026-08-17
NA-FI-3192,Firenze Ponte Vecchio Attico Panoramico #2,Alloggio Turistico / Host Airbnb,Firenze,Ponte Vecchio,https://www.firenzepontevecchioatticopanoramico2.it,info@firenzepontevecchioatticopanoramico2.it,+39 334 308 9759,2026-08-17
NA-FI-3193,Firenze Santa Croce Luxury Apartment #1,Alloggio Turistico / Host Airbnb,Firenze,Santa Croce,https://www.firenzesantacroceluxuryapartment1.it,info@firenzesantacroceluxuryapartment1.it,+39 334 308 9759,2026-08-17
NA-FI-3194,Firenze Santa Croce Luxury Apartment #2,Alloggio Turistico / Host Airbnb,Firenze,Santa Croce,https://www.firenzesantacroceluxuryapartment2.it,info@firenzesantacroceluxuryapartment2.it,+39 334 308 9759,2026-08-17
NA-FI-3195,Firenze Santa Croce Boutique Suites #1,Alloggio Turistico / Host Airbnb,Firenze,Santa Croce,https://www.firenzesantacroceboutiquesuites1.it,info@firenzesantacroceboutiquesuites1.it,+39 334 308 9759,2026-08-17
NA-FI-3196,Firenze Santa Croce Boutique Suites #2,Alloggio Turistico / Host Airbnb,Firenze,Santa Croce,https://www.firenzesantacroceboutiquesuites2.it,info@firenzesantacroceboutiquesuites2.it,+39 334 308 9759,2026-08-17
NA-FI-3197,Firenze Santa Croce Charme Flat #1,Alloggio Turistico / Host Airbnb,Firenze,Santa Croce,https://www.firenzesantacrocecharmeflat1.it,info@firenzesantacrocecharmeflat1.it,+39 334 308 9759,2026-08-17
NA-FI-3198,Firenze Santa Croce Charme Flat #2,Alloggio Turistico / Host Airbnb,Firenze,Santa Croce,https://www.firenzesantacrocecharmeflat2.it,info@firenzesantacrocecharmeflat2.it,+39 334 308 9759,2026-08-17
NA-FI-3199,Firenze Santa Croce Design Loft #1,Alloggio Turistico / Host Airbnb,Firenze,Santa Croce,https://www.firenzesantacrocedesignloft1.it,info@firenzesantacrocedesignloft1.it,+39 334 308 9759,2026-08-17
NA-FI-3200,Firenze Santa Croce Design Loft #2,Alloggio Turistico / Host Airbnb,Firenze,Santa Croce,https://www.firenzesantacrocedesignloft2.it,info@firenzesantacrocedesignloft2.it,+39 334 308 9759,2026-08-17
NA-FI-3201,Firenze Santa Croce Panoramic Terrace #1,Alloggio Turistico / Host Airbnb,Firenze,Santa Croce,https://www.firenzesantacrocepanoramicterrace1.it,info@firenzesantacrocepanoramicterrace1.it,+39 334 308 9759,2026-08-17
NA-FI-3202,Firenze Santa Croce Panoramic Terrace #2,Alloggio Turistico / Host Airbnb,Firenze,Santa Croce,https://www.firenzesantacrocepanoramicterrace2.it,info@firenzesantacrocepanoramicterrace2.it,+39 334 308 9759,2026-08-17
NA-FI-3203,Firenze Santa Croce Historic Residence #1,Alloggio Turistico / Host Airbnb,Firenze,Santa Croce,https://www.firenzesantacrocehistoricresidence1.it,info@firenzesantacrocehistoricresidence1.it,+39 334 308 9759,2026-08-17
NA-FI-3204,Firenze Santa Croce Historic Residence #2,Alloggio Turistico / Host Airbnb,Firenze,Santa Croce,https://www.firenzesantacrocehistoricresidence2.it,info@firenzesantacrocehistoricresidence2.it,+39 334 308 9759,2026-08-17
NA-FI-3205,Firenze Santa Croce Exclusive Penthouse #1,Alloggio Turistico / Host Airbnb,Firenze,Santa Croce,https://www.firenzesantacroceexclusivepenthouse1.it,info@firenzesantacroceexclusivepenthouse1.it,+39 334 308 9759,2026-08-17
NA-FI-3206,Firenze Santa Croce Exclusive Penthouse #2,Alloggio Turistico / Host Airbnb,Firenze,Santa Croce,https://www.firenzesantacroceexclusivepenthouse2.it,info@firenzesantacroceexclusivepenthouse2.it,+39 334 308 9759,2026-08-17
NA-FI-3207,Firenze Santa Croce Holiday Home #1,Alloggio Turistico / Host Airbnb,Firenze,Santa Croce,https://www.firenzesantacroceholidayhome1.it,info@firenzesantacroceholidayhome1.it,+39 334 308 9759,2026-08-17
NA-FI-3208,Firenze Santa Croce Holiday Home #2,Alloggio Turistico / Host Airbnb,Firenze,Santa Croce,https://www.firenzesantacroceholidayhome2.it,info@firenzesantacroceholidayhome2.it,+39 334 308 9759,2026-08-17
NA-FI-3209,Firenze Santa Croce Guest House #1,Alloggio Turistico / Host Airbnb,Firenze,Santa Croce,https://www.firenzesantacroceguesthouse1.it,info@firenzesantacroceguesthouse1.it,+39 334 308 9759,2026-08-17
NA-FI-3210,Firenze Santa Croce Guest House #2,Alloggio Turistico / Host Airbnb,Firenze,Santa Croce,https://www.firenzesantacroceguesthouse2.it,info@firenzesantacroceguesthouse2.it,+39 334 308 9759,2026-08-17
NA-FI-3211,Firenze Santa Croce Dimora di Charme #1,Alloggio Turistico / Host Airbnb,Firenze,Santa Croce,https://www.firenzesantacrocedimoradicharme1.it,info@firenzesantacrocedimoradicharme1.it,+39 334 308 9759,2026-08-17
NA-FI-3212,Firenze Santa Croce Dimora di Charme #2,Alloggio Turistico / Host Airbnb,Firenze,Santa Croce,https://www.firenzesantacrocedimoradicharme2.it,info@firenzesantacrocedimoradicharme2.it,+39 334 308 9759,2026-08-17
NA-FI-3213,Firenze Santa Croce Relais Urbano #1,Alloggio Turistico / Host Airbnb,Firenze,Santa Croce,https://www.firenzesantacrocerelaisurbano1.it,info@firenzesantacrocerelaisurbano1.it,+39 334 308 9759,2026-08-17
NA-FI-3214,Firenze Santa Croce Relais Urbano #2,Alloggio Turistico / Host Airbnb,Firenze,Santa Croce,https://www.firenzesantacrocerelaisurbano2.it,info@firenzesantacrocerelaisurbano2.it,+39 334 308 9759,2026-08-17
NA-FI-3215,Firenze Santa Croce Maison Elegance #1,Alloggio Turistico / Host Airbnb,Firenze,Santa Croce,https://www.firenzesantacrocemaisonelegance1.it,info@firenzesantacrocemaisonelegance1.it,+39 334 308 9759,2026-08-17
NA-FI-3216,Firenze Santa Croce Maison Elegance #2,Alloggio Turistico / Host Airbnb,Firenze,Santa Croce,https://www.firenzesantacrocemaisonelegance2.it,info@firenzesantacrocemaisonelegance2.it,+39 334 308 9759,2026-08-17
NA-FI-3217,Firenze Santa Croce Suites & Spa #1,Alloggio Turistico / Host Airbnb,Firenze,Santa Croce,https://www.firenzesantacrocesuitesspa1.it,info@firenzesantacrocesuitesspa1.it,+39 334 308 9759,2026-08-17
NA-FI-3218,Firenze Santa Croce Suites & Spa #2,Alloggio Turistico / Host Airbnb,Firenze,Santa Croce,https://www.firenzesantacrocesuitesspa2.it,info@firenzesantacrocesuitesspa2.it,+39 334 308 9759,2026-08-17
NA-FI-3219,Firenze Santa Croce Attico Panoramico #1,Alloggio Turistico / Host Airbnb,Firenze,Santa Croce,https://www.firenzesantacroceatticopanoramico1.it,info@firenzesantacroceatticopanoramico1.it,+39 334 308 9759,2026-08-17
NA-FI-3220,Firenze Santa Croce Attico Panoramico #2,Alloggio Turistico / Host Airbnb,Firenze,Santa Croce,https://www.firenzesantacroceatticopanoramico2.it,info@firenzesantacroceatticopanoramico2.it,+39 334 308 9759,2026-08-17
NA-FI-3221,Firenze Santa Maria Novella Luxury Apartment #1,Alloggio Turistico / Host Airbnb,Firenze,Santa Maria Novella,https://www.firenzesantamarianovellaluxuryapartment1.it,info@firenzesantamarianovellaluxuryapartment1.it,+39 334 308 9759,2026-08-17
NA-FI-3222,Firenze Santa Maria Novella Luxury Apartment #2,Alloggio Turistico / Host Airbnb,Firenze,Santa Maria Novella,https://www.firenzesantamarianovellaluxuryapartment2.it,info@firenzesantamarianovellaluxuryapartment2.it,+39 334 308 9759,2026-08-17
NA-FI-3223,Firenze Santa Maria Novella Boutique Suites #1,Alloggio Turistico / Host Airbnb,Firenze,Santa Maria Novella,https://www.firenzesantamarianovellaboutiquesuites1.it,info@firenzesantamarianovellaboutiquesuites1.it,+39 334 308 9759,2026-08-17
NA-FI-3224,Firenze Santa Maria Novella Boutique Suites #2,Alloggio Turistico / Host Airbnb,Firenze,Santa Maria Novella,https://www.firenzesantamarianovellaboutiquesuites2.it,info@firenzesantamarianovellaboutiquesuites2.it,+39 334 308 9759,2026-08-17
NA-FI-3225,Firenze Santa Maria Novella Charme Flat #1,Alloggio Turistico / Host Airbnb,Firenze,Santa Maria Novella,https://www.firenzesantamarianovellacharmeflat1.it,info@firenzesantamarianovellacharmeflat1.it,+39 334 308 9759,2026-08-17
NA-FI-3226,Firenze Santa Maria Novella Charme Flat #2,Alloggio Turistico / Host Airbnb,Firenze,Santa Maria Novella,https://www.firenzesantamarianovellacharmeflat2.it,info@firenzesantamarianovellacharmeflat2.it,+39 334 308 9759,2026-08-17
NA-FI-3227,Firenze Santa Maria Novella Design Loft #1,Alloggio Turistico / Host Airbnb,Firenze,Santa Maria Novella,https://www.firenzesantamarianovelladesignloft1.it,info@firenzesantamarianovelladesignloft1.it,+39 334 308 9759,2026-08-17
NA-FI-3228,Firenze Santa Maria Novella Design Loft #2,Alloggio Turistico / Host Airbnb,Firenze,Santa Maria Novella,https://www.firenzesantamarianovelladesignloft2.it,info@firenzesantamarianovelladesignloft2.it,+39 334 308 9759,2026-08-17
NA-FI-3229,Firenze Santa Maria Novella Panoramic Terrace #1,Alloggio Turistico / Host Airbnb,Firenze,Santa Maria Novella,https://www.firenzesantamarianovellapanoramicterrace1.it,info@firenzesantamarianovellapanoramicterrace1.it,+39 334 308 9759,2026-08-17
NA-FI-3230,Firenze Santa Maria Novella Panoramic Terrace #2,Alloggio Turistico / Host Airbnb,Firenze,Santa Maria Novella,https://www.firenzesantamarianovellapanoramicterrace2.it,info@firenzesantamarianovellapanoramicterrace2.it,+39 334 308 9759,2026-08-17
NA-FI-3231,Firenze Santa Maria Novella Historic Residence #1,Alloggio Turistico / Host Airbnb,Firenze,Santa Maria Novella,https://www.firenzesantamarianovellahistoricresidence1.it,info@firenzesantamarianovellahistoricresidence1.it,+39 334 308 9759,2026-08-17
NA-FI-3232,Firenze Santa Maria Novella Historic Residence #2,Alloggio Turistico / Host Airbnb,Firenze,Santa Maria Novella,https://www.firenzesantamarianovellahistoricresidence2.it,info@firenzesantamarianovellahistoricresidence2.it,+39 334 308 9759,2026-08-17
NA-FI-3233,Firenze Santa Maria Novella Exclusive Penthouse #1,Alloggio Turistico / Host Airbnb,Firenze,Santa Maria Novella,https://www.firenzesantamarianovellaexclusivepenthouse1.it,info@firenzesantamarianovellaexclusivepenthouse1.it,+39 334 308 9759,2026-08-17
NA-FI-3234,Firenze Santa Maria Novella Exclusive Penthouse #2,Alloggio Turistico / Host Airbnb,Firenze,Santa Maria Novella,https://www.firenzesantamarianovellaexclusivepenthouse2.it,info@firenzesantamarianovellaexclusivepenthouse2.it,+39 334 308 9759,2026-08-17
NA-FI-3235,Firenze Santa Maria Novella Holiday Home #1,Alloggio Turistico / Host Airbnb,Firenze,Santa Maria Novella,https://www.firenzesantamarianovellaholidayhome1.it,info@firenzesantamarianovellaholidayhome1.it,+39 334 308 9759,2026-08-17
NA-FI-3236,Firenze Santa Maria Novella Holiday Home #2,Alloggio Turistico / Host Airbnb,Firenze,Santa Maria Novella,https://www.firenzesantamarianovellaholidayhome2.it,info@firenzesantamarianovellaholidayhome2.it,+39 334 308 9759,2026-08-17
NA-FI-3237,Firenze Santa Maria Novella Guest House #1,Alloggio Turistico / Host Airbnb,Firenze,Santa Maria Novella,https://www.firenzesantamarianovellaguesthouse1.it,info@firenzesantamarianovellaguesthouse1.it,+39 334 308 9759,2026-08-17
NA-FI-3238,Firenze Santa Maria Novella Guest House #2,Alloggio Turistico / Host Airbnb,Firenze,Santa Maria Novella,https://www.firenzesantamarianovellaguesthouse2.it,info@firenzesantamarianovellaguesthouse2.it,+39 334 308 9759,2026-08-17
NA-FI-3239,Firenze Santa Maria Novella Dimora di Charme #1,Alloggio Turistico / Host Airbnb,Firenze,Santa Maria Novella,https://www.firenzesantamarianovelladimoradicharme1.it,info@firenzesantamarianovelladimoradicharme1.it,+39 334 308 9759,2026-08-17
NA-FI-3240,Firenze Santa Maria Novella Dimora di Charme #2,Alloggio Turistico / Host Airbnb,Firenze,Santa Maria Novella,https://www.firenzesantamarianovelladimoradicharme2.it,info@firenzesantamarianovelladimoradicharme2.it,+39 334 308 9759,2026-08-17
NA-FI-3241,Firenze Santa Maria Novella Relais Urbano #1,Alloggio Turistico / Host Airbnb,Firenze,Santa Maria Novella,https://www.firenzesantamarianovellarelaisurbano1.it,info@firenzesantamarianovellarelaisurbano1.it,+39 334 308 9759,2026-08-17
NA-FI-3242,Firenze Santa Maria Novella Relais Urbano #2,Alloggio Turistico / Host Airbnb,Firenze,Santa Maria Novella,https://www.firenzesantamarianovellarelaisurbano2.it,info@firenzesantamarianovellarelaisurbano2.it,+39 334 308 9759,2026-08-17
NA-FI-3243,Firenze Santa Maria Novella Maison Elegance #1,Alloggio Turistico / Host Airbnb,Firenze,Santa Maria Novella,https://www.firenzesantamarianovellamaisonelegance1.it,info@firenzesantamarianovellamaisonelegance1.it,+39 334 308 9759,2026-08-17
NA-FI-3244,Firenze Santa Maria Novella Maison Elegance #2,Alloggio Turistico / Host Airbnb,Firenze,Santa Maria Novella,https://www.firenzesantamarianovellamaisonelegance2.it,info@firenzesantamarianovellamaisonelegance2.it,+39 334 308 9759,2026-08-17
NA-FI-3245,Firenze Santa Maria Novella Suites & Spa #1,Alloggio Turistico / Host Airbnb,Firenze,Santa Maria Novella,https://www.firenzesantamarianovellasuitesspa1.it,info@firenzesantamarianovellasuitesspa1.it,+39 334 308 9759,2026-08-17
NA-FI-3246,Firenze Santa Maria Novella Suites & Spa #2,Alloggio Turistico / Host Airbnb,Firenze,Santa Maria Novella,https://www.firenzesantamarianovellasuitesspa2.it,info@firenzesantamarianovellasuitesspa2.it,+39 334 308 9759,2026-08-17
NA-FI-3247,Firenze Santa Maria Novella Attico Panoramico #1,Alloggio Turistico / Host Airbnb,Firenze,Santa Maria Novella,https://www.firenzesantamarianovellaatticopanoramico1.it,info@firenzesantamarianovellaatticopanoramico1.it,+39 334 308 9759,2026-08-17
NA-FI-3248,Firenze Santa Maria Novella Attico Panoramico #2,Alloggio Turistico / Host Airbnb,Firenze,Santa Maria Novella,https://www.firenzesantamarianovellaatticopanoramico2.it,info@firenzesantamarianovellaatticopanoramico2.it,+39 334 308 9759,2026-08-17
NA-FI-3249,Firenze Santo Spirito Luxury Apartment #1,Alloggio Turistico / Host Airbnb,Firenze,Santo Spirito,https://www.firenzesantospiritoluxuryapartment1.it,info@firenzesantospiritoluxuryapartment1.it,+39 334 308 9759,2026-08-17
NA-FI-3250,Firenze Santo Spirito Luxury Apartment #2,Alloggio Turistico / Host Airbnb,Firenze,Santo Spirito,https://www.firenzesantospiritoluxuryapartment2.it,info@firenzesantospiritoluxuryapartment2.it,+39 334 308 9759,2026-08-17
NA-FI-3251,Firenze Santo Spirito Boutique Suites #1,Alloggio Turistico / Host Airbnb,Firenze,Santo Spirito,https://www.firenzesantospiritoboutiquesuites1.it,info@firenzesantospiritoboutiquesuites1.it,+39 334 308 9759,2026-08-17
NA-FI-3252,Firenze Santo Spirito Boutique Suites #2,Alloggio Turistico / Host Airbnb,Firenze,Santo Spirito,https://www.firenzesantospiritoboutiquesuites2.it,info@firenzesantospiritoboutiquesuites2.it,+39 334 308 9759,2026-08-17
NA-FI-3253,Firenze Santo Spirito Charme Flat #1,Alloggio Turistico / Host Airbnb,Firenze,Santo Spirito,https://www.firenzesantospiritocharmeflat1.it,info@firenzesantospiritocharmeflat1.it,+39 334 308 9759,2026-08-17
NA-FI-3254,Firenze Santo Spirito Charme Flat #2,Alloggio Turistico / Host Airbnb,Firenze,Santo Spirito,https://www.firenzesantospiritocharmeflat2.it,info@firenzesantospiritocharmeflat2.it,+39 334 308 9759,2026-08-17
NA-FI-3255,Firenze Santo Spirito Design Loft #1,Alloggio Turistico / Host Airbnb,Firenze,Santo Spirito,https://www.firenzesantospiritodesignloft1.it,info@firenzesantospiritodesignloft1.it,+39 334 308 9759,2026-08-17
NA-FI-3256,Firenze Santo Spirito Design Loft #2,Alloggio Turistico / Host Airbnb,Firenze,Santo Spirito,https://www.firenzesantospiritodesignloft2.it,info@firenzesantospiritodesignloft2.it,+39 334 308 9759,2026-08-17
NA-FI-3257,Firenze Santo Spirito Panoramic Terrace #1,Alloggio Turistico / Host Airbnb,Firenze,Santo Spirito,https://www.firenzesantospiritopanoramicterrace1.it,info@firenzesantospiritopanoramicterrace1.it,+39 334 308 9759,2026-08-17
NA-FI-3258,Firenze Santo Spirito Panoramic Terrace #2,Alloggio Turistico / Host Airbnb,Firenze,Santo Spirito,https://www.firenzesantospiritopanoramicterrace2.it,info@firenzesantospiritopanoramicterrace2.it,+39 334 308 9759,2026-08-17
NA-FI-3259,Firenze Santo Spirito Historic Residence #1,Alloggio Turistico / Host Airbnb,Firenze,Santo Spirito,https://www.firenzesantospiritohistoricresidence1.it,info@firenzesantospiritohistoricresidence1.it,+39 334 308 9759,2026-08-17
NA-FI-3260,Firenze Santo Spirito Historic Residence #2,Alloggio Turistico / Host Airbnb,Firenze,Santo Spirito,https://www.firenzesantospiritohistoricresidence2.it,info@firenzesantospiritohistoricresidence2.it,+39 334 308 9759,2026-08-17
NA-FI-3261,Firenze Santo Spirito Exclusive Penthouse #1,Alloggio Turistico / Host Airbnb,Firenze,Santo Spirito,https://www.firenzesantospiritoexclusivepenthouse1.it,info@firenzesantospiritoexclusivepenthouse1.it,+39 334 308 9759,2026-08-17
NA-FI-3262,Firenze Santo Spirito Exclusive Penthouse #2,Alloggio Turistico / Host Airbnb,Firenze,Santo Spirito,https://www.firenzesantospiritoexclusivepenthouse2.it,info@firenzesantospiritoexclusivepenthouse2.it,+39 334 308 9759,2026-08-17
NA-FI-3263,Firenze Santo Spirito Holiday Home #1,Alloggio Turistico / Host Airbnb,Firenze,Santo Spirito,https://www.firenzesantospiritoholidayhome1.it,info@firenzesantospiritoholidayhome1.it,+39 334 308 9759,2026-08-17
NA-FI-3264,Firenze Santo Spirito Holiday Home #2,Alloggio Turistico / Host Airbnb,Firenze,Santo Spirito,https://www.firenzesantospiritoholidayhome2.it,info@firenzesantospiritoholidayhome2.it,+39 334 308 9759,2026-08-17
NA-FI-3265,Firenze Santo Spirito Guest House #1,Alloggio Turistico / Host Airbnb,Firenze,Santo Spirito,https://www.firenzesantospiritoguesthouse1.it,info@firenzesantospiritoguesthouse1.it,+39 334 308 9759,2026-08-17
NA-FI-3266,Firenze Santo Spirito Guest House #2,Alloggio Turistico / Host Airbnb,Firenze,Santo Spirito,https://www.firenzesantospiritoguesthouse2.it,info@firenzesantospiritoguesthouse2.it,+39 334 308 9759,2026-08-17
NA-FI-3267,Firenze Santo Spirito Dimora di Charme #1,Alloggio Turistico / Host Airbnb,Firenze,Santo Spirito,https://www.firenzesantospiritodimoradicharme1.it,info@firenzesantospiritodimoradicharme1.it,+39 334 308 9759,2026-08-17
NA-FI-3268,Firenze Santo Spirito Dimora di Charme #2,Alloggio Turistico / Host Airbnb,Firenze,Santo Spirito,https://www.firenzesantospiritodimoradicharme2.it,info@firenzesantospiritodimoradicharme2.it,+39 334 308 9759,2026-08-17
NA-FI-3269,Firenze Santo Spirito Relais Urbano #1,Alloggio Turistico / Host Airbnb,Firenze,Santo Spirito,https://www.firenzesantospiritorelaisurbano1.it,info@firenzesantospiritorelaisurbano1.it,+39 334 308 9759,2026-08-17
NA-FI-3270,Firenze Santo Spirito Relais Urbano #2,Alloggio Turistico / Host Airbnb,Firenze,Santo Spirito,https://www.firenzesantospiritorelaisurbano2.it,info@firenzesantospiritorelaisurbano2.it,+39 334 308 9759,2026-08-17
NA-FI-3271,Firenze Santo Spirito Maison Elegance #1,Alloggio Turistico / Host Airbnb,Firenze,Santo Spirito,https://www.firenzesantospiritomaisonelegance1.it,info@firenzesantospiritomaisonelegance1.it,+39 334 308 9759,2026-08-17
NA-FI-3272,Firenze Santo Spirito Maison Elegance #2,Alloggio Turistico / Host Airbnb,Firenze,Santo Spirito,https://www.firenzesantospiritomaisonelegance2.it,info@firenzesantospiritomaisonelegance2.it,+39 334 308 9759,2026-08-17
NA-FI-3273,Firenze Santo Spirito Suites & Spa #1,Alloggio Turistico / Host Airbnb,Firenze,Santo Spirito,https://www.firenzesantospiritosuitesspa1.it,info@firenzesantospiritosuitesspa1.it,+39 334 308 9759,2026-08-17
NA-FI-3274,Firenze Santo Spirito Suites & Spa #2,Alloggio Turistico / Host Airbnb,Firenze,Santo Spirito,https://www.firenzesantospiritosuitesspa2.it,info@firenzesantospiritosuitesspa2.it,+39 334 308 9759,2026-08-17
NA-FI-3275,Firenze Santo Spirito Attico Panoramico #1,Alloggio Turistico / Host Airbnb,Firenze,Santo Spirito,https://www.firenzesantospiritoatticopanoramico1.it,info@firenzesantospiritoatticopanoramico1.it,+39 334 308 9759,2026-08-17
NA-FI-3276,Firenze Santo Spirito Attico Panoramico #2,Alloggio Turistico / Host Airbnb,Firenze,Santo Spirito,https://www.firenzesantospiritoatticopanoramico2.it,info@firenzesantospiritoatticopanoramico2.it,+39 334 308 9759,2026-08-17
NA-FI-3277,Firenze San Frediano Luxury Apartment #1,Alloggio Turistico / Host Airbnb,Firenze,San Frediano,https://www.firenzesanfredianoluxuryapartment1.it,info@firenzesanfredianoluxuryapartment1.it,+39 334 308 9759,2026-08-17
NA-FI-3278,Firenze San Frediano Luxury Apartment #2,Alloggio Turistico / Host Airbnb,Firenze,San Frediano,https://www.firenzesanfredianoluxuryapartment2.it,info@firenzesanfredianoluxuryapartment2.it,+39 334 308 9759,2026-08-17
NA-FI-3279,Firenze San Frediano Boutique Suites #1,Alloggio Turistico / Host Airbnb,Firenze,San Frediano,https://www.firenzesanfredianoboutiquesuites1.it,info@firenzesanfredianoboutiquesuites1.it,+39 334 308 9759,2026-08-17
NA-FI-3280,Firenze San Frediano Boutique Suites #2,Alloggio Turistico / Host Airbnb,Firenze,San Frediano,https://www.firenzesanfredianoboutiquesuites2.it,info@firenzesanfredianoboutiquesuites2.it,+39 334 308 9759,2026-08-17
NA-FI-3281,Firenze San Frediano Charme Flat #1,Alloggio Turistico / Host Airbnb,Firenze,San Frediano,https://www.firenzesanfredianocharmeflat1.it,info@firenzesanfredianocharmeflat1.it,+39 334 308 9759,2026-08-17
NA-FI-3282,Firenze San Frediano Charme Flat #2,Alloggio Turistico / Host Airbnb,Firenze,San Frediano,https://www.firenzesanfredianocharmeflat2.it,info@firenzesanfredianocharmeflat2.it,+39 334 308 9759,2026-08-17
NA-FI-3283,Firenze San Frediano Design Loft #1,Alloggio Turistico / Host Airbnb,Firenze,San Frediano,https://www.firenzesanfredianodesignloft1.it,info@firenzesanfredianodesignloft1.it,+39 334 308 9759,2026-08-17
NA-FI-3284,Firenze San Frediano Design Loft #2,Alloggio Turistico / Host Airbnb,Firenze,San Frediano,https://www.firenzesanfredianodesignloft2.it,info@firenzesanfredianodesignloft2.it,+39 334 308 9759,2026-08-17
NA-FI-3285,Firenze San Frediano Panoramic Terrace #1,Alloggio Turistico / Host Airbnb,Firenze,San Frediano,https://www.firenzesanfredianopanoramicterrace1.it,info@firenzesanfredianopanoramicterrace1.it,+39 334 308 9759,2026-08-17
NA-FI-3286,Firenze San Frediano Panoramic Terrace #2,Alloggio Turistico / Host Airbnb,Firenze,San Frediano,https://www.firenzesanfredianopanoramicterrace2.it,info@firenzesanfredianopanoramicterrace2.it,+39 334 308 9759,2026-08-17
NA-FI-3287,Firenze San Frediano Historic Residence #1,Alloggio Turistico / Host Airbnb,Firenze,San Frediano,https://www.firenzesanfredianohistoricresidence1.it,info@firenzesanfredianohistoricresidence1.it,+39 334 308 9759,2026-08-17
NA-FI-3288,Firenze San Frediano Historic Residence #2,Alloggio Turistico / Host Airbnb,Firenze,San Frediano,https://www.firenzesanfredianohistoricresidence2.it,info@firenzesanfredianohistoricresidence2.it,+39 334 308 9759,2026-08-17
NA-FI-3289,Firenze San Frediano Exclusive Penthouse #1,Alloggio Turistico / Host Airbnb,Firenze,San Frediano,https://www.firenzesanfredianoexclusivepenthouse1.it,info@firenzesanfredianoexclusivepenthouse1.it,+39 334 308 9759,2026-08-17
NA-FI-3290,Firenze San Frediano Exclusive Penthouse #2,Alloggio Turistico / Host Airbnb,Firenze,San Frediano,https://www.firenzesanfredianoexclusivepenthouse2.it,info@firenzesanfredianoexclusivepenthouse2.it,+39 334 308 9759,2026-08-17
NA-FI-3291,Firenze San Frediano Holiday Home #1,Alloggio Turistico / Host Airbnb,Firenze,San Frediano,https://www.firenzesanfredianoholidayhome1.it,info@firenzesanfredianoholidayhome1.it,+39 334 308 9759,2026-08-17
NA-FI-3292,Firenze San Frediano Holiday Home #2,Alloggio Turistico / Host Airbnb,Firenze,San Frediano,https://www.firenzesanfredianoholidayhome2.it,info@firenzesanfredianoholidayhome2.it,+39 334 308 9759,2026-08-17
NA-FI-3293,Firenze San Frediano Guest House #1,Alloggio Turistico / Host Airbnb,Firenze,San Frediano,https://www.firenzesanfredianoguesthouse1.it,info@firenzesanfredianoguesthouse1.it,+39 334 308 9759,2026-08-17
NA-FI-3294,Firenze San Frediano Guest House #2,Alloggio Turistico / Host Airbnb,Firenze,San Frediano,https://www.firenzesanfredianoguesthouse2.it,info@firenzesanfredianoguesthouse2.it,+39 334 308 9759,2026-08-17
NA-FI-3295,Firenze San Frediano Dimora di Charme #1,Alloggio Turistico / Host Airbnb,Firenze,San Frediano,https://www.firenzesanfredianodimoradicharme1.it,info@firenzesanfredianodimoradicharme1.it,+39 334 308 9759,2026-08-17
NA-FI-3296,Firenze San Frediano Dimora di Charme #2,Alloggio Turistico / Host Airbnb,Firenze,San Frediano,https://www.firenzesanfredianodimoradicharme2.it,info@firenzesanfredianodimoradicharme2.it,+39 334 308 9759,2026-08-17
NA-FI-3297,Firenze San Frediano Relais Urbano #1,Alloggio Turistico / Host Airbnb,Firenze,San Frediano,https://www.firenzesanfredianorelaisurbano1.it,info@firenzesanfredianorelaisurbano1.it,+39 334 308 9759,2026-08-17
NA-FI-3298,Firenze San Frediano Relais Urbano #2,Alloggio Turistico / Host Airbnb,Firenze,San Frediano,https://www.firenzesanfredianorelaisurbano2.it,info@firenzesanfredianorelaisurbano2.it,+39 334 308 9759,2026-08-17
NA-FI-3299,Firenze San Frediano Maison Elegance #1,Alloggio Turistico / Host Airbnb,Firenze,San Frediano,https://www.firenzesanfredianomaisonelegance1.it,info@firenzesanfredianomaisonelegance1.it,+39 334 308 9759,2026-08-17
NA-FI-3300,Firenze San Frediano Maison Elegance #2,Alloggio Turistico / Host Airbnb,Firenze,San Frediano,https://www.firenzesanfredianomaisonelegance2.it,info@firenzesanfredianomaisonelegance2.it,+39 334 308 9759,2026-08-17
NA-FI-3301,Firenze San Frediano Suites & Spa #1,Alloggio Turistico / Host Airbnb,Firenze,San Frediano,https://www.firenzesanfredianosuitesspa1.it,info@firenzesanfredianosuitesspa1.it,+39 334 308 9759,2026-08-17
NA-FI-3302,Firenze San Frediano Suites & Spa #2,Alloggio Turistico / Host Airbnb,Firenze,San Frediano,https://www.firenzesanfredianosuitesspa2.it,info@firenzesanfredianosuitesspa2.it,+39 334 308 9759,2026-08-17
NA-FI-3303,Firenze San Frediano Attico Panoramico #1,Alloggio Turistico / Host Airbnb,Firenze,San Frediano,https://www.firenzesanfredianoatticopanoramico1.it,info@firenzesanfredianoatticopanoramico1.it,+39 334 308 9759,2026-08-17
NA-FI-3304,Firenze San Frediano Attico Panoramico #2,Alloggio Turistico / Host Airbnb,Firenze,San Frediano,https://www.firenzesanfredianoatticopanoramico2.it,info@firenzesanfredianoatticopanoramico2.it,+39 334 308 9759,2026-08-17
NA-FI-3305,Firenze Tornabuoni Luxury Apartment #1,Alloggio Turistico / Host Airbnb,Firenze,Tornabuoni,https://www.firenzetornabuoniluxuryapartment1.it,info@firenzetornabuoniluxuryapartment1.it,+39 334 308 9759,2026-08-17
NA-FI-3306,Firenze Tornabuoni Luxury Apartment #2,Alloggio Turistico / Host Airbnb,Firenze,Tornabuoni,https://www.firenzetornabuoniluxuryapartment2.it,info@firenzetornabuoniluxuryapartment2.it,+39 334 308 9759,2026-08-17
NA-FI-3307,Firenze Tornabuoni Boutique Suites #1,Alloggio Turistico / Host Airbnb,Firenze,Tornabuoni,https://www.firenzetornabuoniboutiquesuites1.it,info@firenzetornabuoniboutiquesuites1.it,+39 334 308 9759,2026-08-17
NA-FI-3308,Firenze Tornabuoni Boutique Suites #2,Alloggio Turistico / Host Airbnb,Firenze,Tornabuoni,https://www.firenzetornabuoniboutiquesuites2.it,info@firenzetornabuoniboutiquesuites2.it,+39 334 308 9759,2026-08-17
NA-FI-3309,Firenze Tornabuoni Charme Flat #1,Alloggio Turistico / Host Airbnb,Firenze,Tornabuoni,https://www.firenzetornabuonicharmeflat1.it,info@firenzetornabuonicharmeflat1.it,+39 334 308 9759,2026-08-17
NA-FI-3310,Firenze Tornabuoni Charme Flat #2,Alloggio Turistico / Host Airbnb,Firenze,Tornabuoni,https://www.firenzetornabuonicharmeflat2.it,info@firenzetornabuonicharmeflat2.it,+39 334 308 9759,2026-08-17
NA-FI-3311,Firenze Tornabuoni Design Loft #1,Alloggio Turistico / Host Airbnb,Firenze,Tornabuoni,https://www.firenzetornabuonidesignloft1.it,info@firenzetornabuonidesignloft1.it,+39 334 308 9759,2026-08-17
NA-FI-3312,Firenze Tornabuoni Design Loft #2,Alloggio Turistico / Host Airbnb,Firenze,Tornabuoni,https://www.firenzetornabuonidesignloft2.it,info@firenzetornabuonidesignloft2.it,+39 334 308 9759,2026-08-17
NA-FI-3313,Firenze Tornabuoni Panoramic Terrace #1,Alloggio Turistico / Host Airbnb,Firenze,Tornabuoni,https://www.firenzetornabuonipanoramicterrace1.it,info@firenzetornabuonipanoramicterrace1.it,+39 334 308 9759,2026-08-17
NA-FI-3314,Firenze Tornabuoni Panoramic Terrace #2,Alloggio Turistico / Host Airbnb,Firenze,Tornabuoni,https://www.firenzetornabuonipanoramicterrace2.it,info@firenzetornabuonipanoramicterrace2.it,+39 334 308 9759,2026-08-17
NA-FI-3315,Firenze Tornabuoni Historic Residence #1,Alloggio Turistico / Host Airbnb,Firenze,Tornabuoni,https://www.firenzetornabuonihistoricresidence1.it,info@firenzetornabuonihistoricresidence1.it,+39 334 308 9759,2026-08-17
NA-FI-3316,Firenze Tornabuoni Historic Residence #2,Alloggio Turistico / Host Airbnb,Firenze,Tornabuoni,https://www.firenzetornabuonihistoricresidence2.it,info@firenzetornabuonihistoricresidence2.it,+39 334 308 9759,2026-08-17
NA-FI-3317,Firenze Tornabuoni Exclusive Penthouse #1,Alloggio Turistico / Host Airbnb,Firenze,Tornabuoni,https://www.firenzetornabuoniexclusivepenthouse1.it,info@firenzetornabuoniexclusivepenthouse1.it,+39 334 308 9759,2026-08-17
NA-FI-3318,Firenze Tornabuoni Exclusive Penthouse #2,Alloggio Turistico / Host Airbnb,Firenze,Tornabuoni,https://www.firenzetornabuoniexclusivepenthouse2.it,info@firenzetornabuoniexclusivepenthouse2.it,+39 334 308 9759,2026-08-17
NA-FI-3319,Firenze Tornabuoni Holiday Home #1,Alloggio Turistico / Host Airbnb,Firenze,Tornabuoni,https://www.firenzetornabuoniholidayhome1.it,info@firenzetornabuoniholidayhome1.it,+39 334 308 9759,2026-08-17
NA-FI-3320,Firenze Tornabuoni Holiday Home #2,Alloggio Turistico / Host Airbnb,Firenze,Tornabuoni,https://www.firenzetornabuoniholidayhome2.it,info@firenzetornabuoniholidayhome2.it,+39 334 308 9759,2026-08-17
NA-FI-3321,Firenze Tornabuoni Guest House #1,Alloggio Turistico / Host Airbnb,Firenze,Tornabuoni,https://www.firenzetornabuoniguesthouse1.it,info@firenzetornabuoniguesthouse1.it,+39 334 308 9759,2026-08-17
NA-FI-3322,Firenze Tornabuoni Guest House #2,Alloggio Turistico / Host Airbnb,Firenze,Tornabuoni,https://www.firenzetornabuoniguesthouse2.it,info@firenzetornabuoniguesthouse2.it,+39 334 308 9759,2026-08-17
NA-FI-3323,Firenze Tornabuoni Dimora di Charme #1,Alloggio Turistico / Host Airbnb,Firenze,Tornabuoni,https://www.firenzetornabuonidimoradicharme1.it,info@firenzetornabuonidimoradicharme1.it,+39 334 308 9759,2026-08-17
NA-FI-3324,Firenze Tornabuoni Dimora di Charme #2,Alloggio Turistico / Host Airbnb,Firenze,Tornabuoni,https://www.firenzetornabuonidimoradicharme2.it,info@firenzetornabuonidimoradicharme2.it,+39 334 308 9759,2026-08-17
NA-FI-3325,Firenze Tornabuoni Relais Urbano #1,Alloggio Turistico / Host Airbnb,Firenze,Tornabuoni,https://www.firenzetornabuonirelaisurbano1.it,info@firenzetornabuonirelaisurbano1.it,+39 334 308 9759,2026-08-17
NA-FI-3326,Firenze Tornabuoni Relais Urbano #2,Alloggio Turistico / Host Airbnb,Firenze,Tornabuoni,https://www.firenzetornabuonirelaisurbano2.it,info@firenzetornabuonirelaisurbano2.it,+39 334 308 9759,2026-08-17
NA-FI-3327,Firenze Tornabuoni Maison Elegance #1,Alloggio Turistico / Host Airbnb,Firenze,Tornabuoni,https://www.firenzetornabuonimaisonelegance1.it,info@firenzetornabuonimaisonelegance1.it,+39 334 308 9759,2026-08-17
NA-FI-3328,Firenze Tornabuoni Maison Elegance #2,Alloggio Turistico / Host Airbnb,Firenze,Tornabuoni,https://www.firenzetornabuonimaisonelegance2.it,info@firenzetornabuonimaisonelegance2.it,+39 334 308 9759,2026-08-17
NA-FI-3329,Firenze Tornabuoni Suites & Spa #1,Alloggio Turistico / Host Airbnb,Firenze,Tornabuoni,https://www.firenzetornabuonisuitesspa1.it,info@firenzetornabuonisuitesspa1.it,+39 334 308 9759,2026-08-17
NA-FI-3330,Firenze Tornabuoni Suites & Spa #2,Alloggio Turistico / Host Airbnb,Firenze,Tornabuoni,https://www.firenzetornabuonisuitesspa2.it,info@firenzetornabuonisuitesspa2.it,+39 334 308 9759,2026-08-17
NA-FI-3331,Firenze Tornabuoni Attico Panoramico #1,Alloggio Turistico / Host Airbnb,Firenze,Tornabuoni,https://www.firenzetornabuoniatticopanoramico1.it,info@firenzetornabuoniatticopanoramico1.it,+39 334 308 9759,2026-08-17
NA-FI-3332,Firenze Tornabuoni Attico Panoramico #2,Alloggio Turistico / Host Airbnb,Firenze,Tornabuoni,https://www.firenzetornabuoniatticopanoramico2.it,info@firenzetornabuoniatticopanoramico2.it,+39 334 308 9759,2026-08-17
