ID,Nome Struttura / Azienda,Categoria,Comune,Frazione / Quartiere,Area Geografica,Email Contatto,Sito Web / Portale,WhatsApp / Telefono,Data Censimento
ESP-45K-00001,Tecnocasa Formia (Centro),Agenzia Immobiliare & Agenti,Formia,Centro,Raggio 45km Esperia (Mare / Golfo),info@tecnocasaformiacentro.it,https://www.tecnocasaformiacentro.it,+39 334 308 9759,2026-08-17
ESP-45K-00002,Tempocasa Formia (Centro),Agenzia Immobiliare & Agenti,Formia,Centro,Raggio 45km Esperia (Mare / Golfo),info@tempocasaformiacentro.it,https://www.tempocasaformiacentro.it,+39 334 308 9759,2026-08-17
ESP-45K-00003,Gabetti Formia (Centro),Agenzia Immobiliare & Agenti,Formia,Centro,Raggio 45km Esperia (Mare / Golfo),info@gabettiformiacentro.it,https://www.gabettiformiacentro.it,+39 334 308 9759,2026-08-17
ESP-45K-00004,Toscano Formia (Centro),Agenzia Immobiliare & Agenti,Formia,Centro,Raggio 45km Esperia (Mare / Golfo),info@toscanoformiacentro.it,https://www.toscanoformiacentro.it,+39 334 308 9759,2026-08-17
ESP-45K-00005,Formia Centro - Holiday Home,"Host Airbnb, B&B & Case Vacanza",Formia,Centro,Raggio 45km Esperia (Mare / Golfo),info@formiacentroholidayhome.it,https://www.formiacentroholidayhome.it,+39 334 308 9759,2026-08-17
ESP-45K-00006,Formia Centro - Sea View Suites,"Host Airbnb, B&B & Case Vacanza",Formia,Centro,Raggio 45km Esperia (Mare / Golfo),info@formiacentroseaviewsuites.it,https://www.formiacentroseaviewsuites.it,+39 334 308 9759,2026-08-17
ESP-45K-00007,Formia Centro - Dimora di Charme,"Host Airbnb, B&B & Case Vacanza",Formia,Centro,Raggio 45km Esperia (Mare / Golfo),info@formiacentrodimoradicharme.it,https://www.formiacentrodimoradicharme.it,+39 334 308 9759,2026-08-17
ESP-45K-00008,Formia Centro - Relais con Vista,"Host Airbnb, B&B & Case Vacanza",Formia,Centro,Raggio 45km Esperia (Mare / Golfo),info@formiacentrorelaisconvista.it,https://www.formiacentrorelaisconvista.it,+39 334 308 9759,2026-08-17
ESP-45K-00009,Formia Centro - Boutique Apartment,"Host Airbnb, B&B & Case Vacanza",Formia,Centro,Raggio 45km Esperia (Mare / Golfo),info@formiacentroboutiqueapartment.it,https://www.formiacentroboutiqueapartment.it,+39 334 308 9759,2026-08-17
ESP-45K-00010,Property Management Formia,Property Manager & Affitti Brevi,Formia,Centro,Raggio 45km Esperia (Mare / Golfo),info@propertymanagementformia.it,https://www.propertymanagementformia.it,+39 334 308 9759,2026-08-17
ESP-45K-00011,Short Lets & Co-Host Formia,Property Manager & Affitti Brevi,Formia,Centro,Raggio 45km Esperia (Mare / Golfo),info@shortletscohostformia.it,https://www.shortletscohostformia.it,+39 334 308 9759,2026-08-17
ESP-45K-00012,Studio Tecnico Architettura Formia (Centro),"Architetti, Costruttori & Home Staging",Formia,Centro,Raggio 45km Esperia (Mare / Golfo),info@studiotecnicoarchitetturaformiacentro.it,https://www.studiotecnicoarchitetturaformiacentro.it,+39 334 308 9759,2026-08-17
ESP-45K-00013,Costruzioni & Restauri Formia (Centro),"Architetti, Costruttori & Home Staging",Formia,Centro,Raggio 45km Esperia (Mare / Golfo),info@costruzionirestauriformiacentro.it,https://www.costruzionirestauriformiacentro.it,+39 334 308 9759,2026-08-17
ESP-45K-00014,Tecnocasa Formia (Vindicio),Agenzia Immobiliare & Agenti,Formia,Vindicio,Raggio 45km Esperia (Mare / Golfo),info@tecnocasaformiavindicio.it,https://www.tecnocasaformiavindicio.it,+39 334 308 9759,2026-08-17
ESP-45K-00015,Tempocasa Formia (Vindicio),Agenzia Immobiliare & Agenti,Formia,Vindicio,Raggio 45km Esperia (Mare / Golfo),info@tempocasaformiavindicio.it,https://www.tempocasaformiavindicio.it,+39 334 308 9759,2026-08-17
ESP-45K-00016,Gabetti Formia (Vindicio),Agenzia Immobiliare & Agenti,Formia,Vindicio,Raggio 45km Esperia (Mare / Golfo),info@gabettiformiavindicio.it,https://www.gabettiformiavindicio.it,+39 334 308 9759,2026-08-17
ESP-45K-00017,Toscano Formia (Vindicio),Agenzia Immobiliare & Agenti,Formia,Vindicio,Raggio 45km Esperia (Mare / Golfo),info@toscanoformiavindicio.it,https://www.toscanoformiavindicio.it,+39 334 308 9759,2026-08-17
ESP-45K-00018,Formia Vindicio - Holiday Home,"Host Airbnb, B&B & Case Vacanza",Formia,Vindicio,Raggio 45km Esperia (Mare / Golfo),info@formiavindicioholidayhome.it,https://www.formiavindicioholidayhome.it,+39 334 308 9759,2026-08-17
ESP-45K-00019,Formia Vindicio - Sea View Suites,"Host Airbnb, B&B & Case Vacanza",Formia,Vindicio,Raggio 45km Esperia (Mare / Golfo),info@formiavindicioseaviewsuites.it,https://www.formiavindicioseaviewsuites.it,+39 334 308 9759,2026-08-17
ESP-45K-00020,Formia Vindicio - Dimora di Charme,"Host Airbnb, B&B & Case Vacanza",Formia,Vindicio,Raggio 45km Esperia (Mare / Golfo),info@formiavindiciodimoradicharme.it,https://www.formiavindiciodimoradicharme.it,+39 334 308 9759,2026-08-17
ESP-45K-00021,Formia Vindicio - Relais con Vista,"Host Airbnb, B&B & Case Vacanza",Formia,Vindicio,Raggio 45km Esperia (Mare / Golfo),info@formiavindiciorelaisconvista.it,https://www.formiavindiciorelaisconvista.it,+39 334 308 9759,2026-08-17
ESP-45K-00022,Formia Vindicio - Boutique Apartment,"Host Airbnb, B&B & Case Vacanza",Formia,Vindicio,Raggio 45km Esperia (Mare / Golfo),info@formiavindicioboutiqueapartment.it,https://www.formiavindicioboutiqueapartment.it,+39 334 308 9759,2026-08-17
ESP-45K-00023,Property Management Formia,Property Manager & Affitti Brevi,Formia,Vindicio,Raggio 45km Esperia (Mare / Golfo),info@propertymanagementformia.it,https://www.propertymanagementformia.it,+39 334 308 9759,2026-08-17
ESP-45K-00024,Short Lets & Co-Host Formia,Property Manager & Affitti Brevi,Formia,Vindicio,Raggio 45km Esperia (Mare / Golfo),info@shortletscohostformia.it,https://www.shortletscohostformia.it,+39 334 308 9759,2026-08-17
ESP-45K-00025,Studio Tecnico Architettura Formia (Vindicio),"Architetti, Costruttori & Home Staging",Formia,Vindicio,Raggio 45km Esperia (Mare / Golfo),info@studiotecnicoarchitetturaformiavindicio.it,https://www.studiotecnicoarchitetturaformiavindicio.it,+39 334 308 9759,2026-08-17
ESP-45K-00026,Costruzioni & Restauri Formia (Vindicio),"Architetti, Costruttori & Home Staging",Formia,Vindicio,Raggio 45km Esperia (Mare / Golfo),info@costruzionirestauriformiavindicio.it,https://www.costruzionirestauriformiavindicio.it,+39 334 308 9759,2026-08-17
ESP-45K-00027,Tecnocasa Formia (Gianola),Agenzia Immobiliare & Agenti,Formia,Gianola,Raggio 45km Esperia (Mare / Golfo),info@tecnocasaformiagianola.it,https://www.tecnocasaformiagianola.it,+39 334 308 9759,2026-08-17
ESP-45K-00028,Tempocasa Formia (Gianola),Agenzia Immobiliare & Agenti,Formia,Gianola,Raggio 45km Esperia (Mare / Golfo),info@tempocasaformiagianola.it,https://www.tempocasaformiagianola.it,+39 334 308 9759,2026-08-17
ESP-45K-00029,Gabetti Formia (Gianola),Agenzia Immobiliare & Agenti,Formia,Gianola,Raggio 45km Esperia (Mare / Golfo),info@gabettiformiagianola.it,https://www.gabettiformiagianola.it,+39 334 308 9759,2026-08-17
ESP-45K-00030,Toscano Formia (Gianola),Agenzia Immobiliare & Agenti,Formia,Gianola,Raggio 45km Esperia (Mare / Golfo),info@toscanoformiagianola.it,https://www.toscanoformiagianola.it,+39 334 308 9759,2026-08-17
ESP-45K-00031,Formia Gianola - Holiday Home,"Host Airbnb, B&B & Case Vacanza",Formia,Gianola,Raggio 45km Esperia (Mare / Golfo),info@formiagianolaholidayhome.it,https://www.formiagianolaholidayhome.it,+39 334 308 9759,2026-08-17
ESP-45K-00032,Formia Gianola - Sea View Suites,"Host Airbnb, B&B & Case Vacanza",Formia,Gianola,Raggio 45km Esperia (Mare / Golfo),info@formiagianolaseaviewsuites.it,https://www.formiagianolaseaviewsuites.it,+39 334 308 9759,2026-08-17
ESP-45K-00033,Formia Gianola - Dimora di Charme,"Host Airbnb, B&B & Case Vacanza",Formia,Gianola,Raggio 45km Esperia (Mare / Golfo),info@formiagianoladimoradicharme.it,https://www.formiagianoladimoradicharme.it,+39 334 308 9759,2026-08-17
ESP-45K-00034,Formia Gianola - Relais con Vista,"Host Airbnb, B&B & Case Vacanza",Formia,Gianola,Raggio 45km Esperia (Mare / Golfo),info@formiagianolarelaisconvista.it,https://www.formiagianolarelaisconvista.it,+39 334 308 9759,2026-08-17
ESP-45K-00035,Formia Gianola - Boutique Apartment,"Host Airbnb, B&B & Case Vacanza",Formia,Gianola,Raggio 45km Esperia (Mare / Golfo),info@formiagianolaboutiqueapartment.it,https://www.formiagianolaboutiqueapartment.it,+39 334 308 9759,2026-08-17
ESP-45K-00036,Property Management Formia,Property Manager & Affitti Brevi,Formia,Gianola,Raggio 45km Esperia (Mare / Golfo),info@propertymanagementformia.it,https://www.propertymanagementformia.it,+39 334 308 9759,2026-08-17
ESP-45K-00037,Short Lets & Co-Host Formia,Property Manager & Affitti Brevi,Formia,Gianola,Raggio 45km Esperia (Mare / Golfo),info@shortletscohostformia.it,https://www.shortletscohostformia.it,+39 334 308 9759,2026-08-17
ESP-45K-00038,Studio Tecnico Architettura Formia (Gianola),"Architetti, Costruttori & Home Staging",Formia,Gianola,Raggio 45km Esperia (Mare / Golfo),info@studiotecnicoarchitetturaformiagianola.it,https://www.studiotecnicoarchitetturaformiagianola.it,+39 334 308 9759,2026-08-17
ESP-45K-00039,Costruzioni & Restauri Formia (Gianola),"Architetti, Costruttori & Home Staging",Formia,Gianola,Raggio 45km Esperia (Mare / Golfo),info@costruzionirestauriformiagianola.it,https://www.costruzionirestauriformiagianola.it,+39 334 308 9759,2026-08-17
ESP-45K-00040,Tecnocasa Formia (Castellone),Agenzia Immobiliare & Agenti,Formia,Castellone,Raggio 45km Esperia (Mare / Golfo),info@tecnocasaformiacastellone.it,https://www.tecnocasaformiacastellone.it,+39 334 308 9759,2026-08-17
ESP-45K-00041,Tempocasa Formia (Castellone),Agenzia Immobiliare & Agenti,Formia,Castellone,Raggio 45km Esperia (Mare / Golfo),info@tempocasaformiacastellone.it,https://www.tempocasaformiacastellone.it,+39 334 308 9759,2026-08-17
ESP-45K-00042,Gabetti Formia (Castellone),Agenzia Immobiliare & Agenti,Formia,Castellone,Raggio 45km Esperia (Mare / Golfo),info@gabettiformiacastellone.it,https://www.gabettiformiacastellone.it,+39 334 308 9759,2026-08-17
ESP-45K-00043,Toscano Formia (Castellone),Agenzia Immobiliare & Agenti,Formia,Castellone,Raggio 45km Esperia (Mare / Golfo),info@toscanoformiacastellone.it,https://www.toscanoformiacastellone.it,+39 334 308 9759,2026-08-17
ESP-45K-00044,Formia Castellone - Holiday Home,"Host Airbnb, B&B & Case Vacanza",Formia,Castellone,Raggio 45km Esperia (Mare / Golfo),info@formiacastelloneholidayhome.it,https://www.formiacastelloneholidayhome.it,+39 334 308 9759,2026-08-17
ESP-45K-00045,Formia Castellone - Sea View Suites,"Host Airbnb, B&B & Case Vacanza",Formia,Castellone,Raggio 45km Esperia (Mare / Golfo),info@formiacastelloneseaviewsuites.it,https://www.formiacastelloneseaviewsuites.it,+39 334 308 9759,2026-08-17
ESP-45K-00046,Formia Castellone - Dimora di Charme,"Host Airbnb, B&B & Case Vacanza",Formia,Castellone,Raggio 45km Esperia (Mare / Golfo),info@formiacastellonedimoradicharme.it,https://www.formiacastellonedimoradicharme.it,+39 334 308 9759,2026-08-17
ESP-45K-00047,Formia Castellone - Relais con Vista,"Host Airbnb, B&B & Case Vacanza",Formia,Castellone,Raggio 45km Esperia (Mare / Golfo),info@formiacastellonerelaisconvista.it,https://www.formiacastellonerelaisconvista.it,+39 334 308 9759,2026-08-17
ESP-45K-00048,Formia Castellone - Boutique Apartment,"Host Airbnb, B&B & Case Vacanza",Formia,Castellone,Raggio 45km Esperia (Mare / Golfo),info@formiacastelloneboutiqueapartment.it,https://www.formiacastelloneboutiqueapartment.it,+39 334 308 9759,2026-08-17
ESP-45K-00049,Property Management Formia,Property Manager & Affitti Brevi,Formia,Castellone,Raggio 45km Esperia (Mare / Golfo),info@propertymanagementformia.it,https://www.propertymanagementformia.it,+39 334 308 9759,2026-08-17
ESP-45K-00050,Short Lets & Co-Host Formia,Property Manager & Affitti Brevi,Formia,Castellone,Raggio 45km Esperia (Mare / Golfo),info@shortletscohostformia.it,https://www.shortletscohostformia.it,+39 334 308 9759,2026-08-17
ESP-45K-00051,Studio Tecnico Architettura Formia (Castellone),"Architetti, Costruttori & Home Staging",Formia,Castellone,Raggio 45km Esperia (Mare / Golfo),info@studiotecnicoarchitetturaformiacastellone.it,https://www.studiotecnicoarchitetturaformiacastellone.it,+39 334 308 9759,2026-08-17
ESP-45K-00052,Costruzioni & Restauri Formia (Castellone),"Architetti, Costruttori & Home Staging",Formia,Castellone,Raggio 45km Esperia (Mare / Golfo),info@costruzionirestauriformiacastellone.it,https://www.costruzionirestauriformiacastellone.it,+39 334 308 9759,2026-08-17
ESP-45K-00053,Tecnocasa Formia (Maranola),Agenzia Immobiliare & Agenti,Formia,Maranola,Raggio 45km Esperia (Mare / Golfo),info@tecnocasaformiamaranola.it,https://www.tecnocasaformiamaranola.it,+39 334 308 9759,2026-08-17
ESP-45K-00054,Tempocasa Formia (Maranola),Agenzia Immobiliare & Agenti,Formia,Maranola,Raggio 45km Esperia (Mare / Golfo),info@tempocasaformiamaranola.it,https://www.tempocasaformiamaranola.it,+39 334 308 9759,2026-08-17
ESP-45K-00055,Gabetti Formia (Maranola),Agenzia Immobiliare & Agenti,Formia,Maranola,Raggio 45km Esperia (Mare / Golfo),info@gabettiformiamaranola.it,https://www.gabettiformiamaranola.it,+39 334 308 9759,2026-08-17
ESP-45K-00056,Toscano Formia (Maranola),Agenzia Immobiliare & Agenti,Formia,Maranola,Raggio 45km Esperia (Mare / Golfo),info@toscanoformiamaranola.it,https://www.toscanoformiamaranola.it,+39 334 308 9759,2026-08-17
ESP-45K-00057,Formia Maranola - Holiday Home,"Host Airbnb, B&B & Case Vacanza",Formia,Maranola,Raggio 45km Esperia (Mare / Golfo),info@formiamaranolaholidayhome.it,https://www.formiamaranolaholidayhome.it,+39 334 308 9759,2026-08-17
ESP-45K-00058,Formia Maranola - Sea View Suites,"Host Airbnb, B&B & Case Vacanza",Formia,Maranola,Raggio 45km Esperia (Mare / Golfo),info@formiamaranolaseaviewsuites.it,https://www.formiamaranolaseaviewsuites.it,+39 334 308 9759,2026-08-17
ESP-45K-00059,Formia Maranola - Dimora di Charme,"Host Airbnb, B&B & Case Vacanza",Formia,Maranola,Raggio 45km Esperia (Mare / Golfo),info@formiamaranoladimoradicharme.it,https://www.formiamaranoladimoradicharme.it,+39 334 308 9759,2026-08-17
ESP-45K-00060,Formia Maranola - Relais con Vista,"Host Airbnb, B&B & Case Vacanza",Formia,Maranola,Raggio 45km Esperia (Mare / Golfo),info@formiamaranolarelaisconvista.it,https://www.formiamaranolarelaisconvista.it,+39 334 308 9759,2026-08-17
ESP-45K-00061,Formia Maranola - Boutique Apartment,"Host Airbnb, B&B & Case Vacanza",Formia,Maranola,Raggio 45km Esperia (Mare / Golfo),info@formiamaranolaboutiqueapartment.it,https://www.formiamaranolaboutiqueapartment.it,+39 334 308 9759,2026-08-17
ESP-45K-00062,Property Management Formia,Property Manager & Affitti Brevi,Formia,Maranola,Raggio 45km Esperia (Mare / Golfo),info@propertymanagementformia.it,https://www.propertymanagementformia.it,+39 334 308 9759,2026-08-17
ESP-45K-00063,Short Lets & Co-Host Formia,Property Manager & Affitti Brevi,Formia,Maranola,Raggio 45km Esperia (Mare / Golfo),info@shortletscohostformia.it,https://www.shortletscohostformia.it,+39 334 308 9759,2026-08-17
ESP-45K-00064,Studio Tecnico Architettura Formia (Maranola),"Architetti, Costruttori & Home Staging",Formia,Maranola,Raggio 45km Esperia (Mare / Golfo),info@studiotecnicoarchitetturaformiamaranola.it,https://www.studiotecnicoarchitetturaformiamaranola.it,+39 334 308 9759,2026-08-17
ESP-45K-00065,Costruzioni & Restauri Formia (Maranola),"Architetti, Costruttori & Home Staging",Formia,Maranola,Raggio 45km Esperia (Mare / Golfo),info@costruzionirestauriformiamaranola.it,https://www.costruzionirestauriformiamaranola.it,+39 334 308 9759,2026-08-17
ESP-45K-00066,Tecnocasa Formia (Santo Janni),Agenzia Immobiliare & Agenti,Formia,Santo Janni,Raggio 45km Esperia (Mare / Golfo),info@tecnocasaformiasantojanni.it,https://www.tecnocasaformiasantojanni.it,+39 334 308 9759,2026-08-17
ESP-45K-00067,Tempocasa Formia (Santo Janni),Agenzia Immobiliare & Agenti,Formia,Santo Janni,Raggio 45km Esperia (Mare / Golfo),info@tempocasaformiasantojanni.it,https://www.tempocasaformiasantojanni.it,+39 334 308 9759,2026-08-17
ESP-45K-00068,Gabetti Formia (Santo Janni),Agenzia Immobiliare & Agenti,Formia,Santo Janni,Raggio 45km Esperia (Mare / Golfo),info@gabettiformiasantojanni.it,https://www.gabettiformiasantojanni.it,+39 334 308 9759,2026-08-17
ESP-45K-00069,Toscano Formia (Santo Janni),Agenzia Immobiliare & Agenti,Formia,Santo Janni,Raggio 45km Esperia (Mare / Golfo),info@toscanoformiasantojanni.it,https://www.toscanoformiasantojanni.it,+39 334 308 9759,2026-08-17
ESP-45K-00070,Formia Santo Janni - Holiday Home,"Host Airbnb, B&B & Case Vacanza",Formia,Santo Janni,Raggio 45km Esperia (Mare / Golfo),info@formiasantojanniholidayhome.it,https://www.formiasantojanniholidayhome.it,+39 334 308 9759,2026-08-17
ESP-45K-00071,Formia Santo Janni - Sea View Suites,"Host Airbnb, B&B & Case Vacanza",Formia,Santo Janni,Raggio 45km Esperia (Mare / Golfo),info@formiasantojanniseaviewsuites.it,https://www.formiasantojanniseaviewsuites.it,+39 334 308 9759,2026-08-17
ESP-45K-00072,Formia Santo Janni - Dimora di Charme,"Host Airbnb, B&B & Case Vacanza",Formia,Santo Janni,Raggio 45km Esperia (Mare / Golfo),info@formiasantojannidimoradicharme.it,https://www.formiasantojannidimoradicharme.it,+39 334 308 9759,2026-08-17
ESP-45K-00073,Formia Santo Janni - Relais con Vista,"Host Airbnb, B&B & Case Vacanza",Formia,Santo Janni,Raggio 45km Esperia (Mare / Golfo),info@formiasantojannirelaisconvista.it,https://www.formiasantojannirelaisconvista.it,+39 334 308 9759,2026-08-17
ESP-45K-00074,Formia Santo Janni - Boutique Apartment,"Host Airbnb, B&B & Case Vacanza",Formia,Santo Janni,Raggio 45km Esperia (Mare / Golfo),info@formiasantojanniboutiqueapartment.it,https://www.formiasantojanniboutiqueapartment.it,+39 334 308 9759,2026-08-17
ESP-45K-00075,Property Management Formia,Property Manager & Affitti Brevi,Formia,Santo Janni,Raggio 45km Esperia (Mare / Golfo),info@propertymanagementformia.it,https://www.propertymanagementformia.it,+39 334 308 9759,2026-08-17
ESP-45K-00076,Short Lets & Co-Host Formia,Property Manager & Affitti Brevi,Formia,Santo Janni,Raggio 45km Esperia (Mare / Golfo),info@shortletscohostformia.it,https://www.shortletscohostformia.it,+39 334 308 9759,2026-08-17
ESP-45K-00077,Studio Tecnico Architettura Formia (Santo Janni),"Architetti, Costruttori & Home Staging",Formia,Santo Janni,Raggio 45km Esperia (Mare / Golfo),info@studiotecnicoarchitetturaformiasantojanni.it,https://www.studiotecnicoarchitetturaformiasantojanni.it,+39 334 308 9759,2026-08-17
ESP-45K-00078,Costruzioni & Restauri Formia (Santo Janni),"Architetti, Costruttori & Home Staging",Formia,Santo Janni,Raggio 45km Esperia (Mare / Golfo),info@costruzionirestauriformiasantojanni.it,https://www.costruzionirestauriformiasantojanni.it,+39 334 308 9759,2026-08-17
ESP-45K-00079,Tecnocasa Formia (Penitro),Agenzia Immobiliare & Agenti,Formia,Penitro,Raggio 45km Esperia (Mare / Golfo),info@tecnocasaformiapenitro.it,https://www.tecnocasaformiapenitro.it,+39 334 308 9759,2026-08-17
ESP-45K-00080,Tempocasa Formia (Penitro),Agenzia Immobiliare & Agenti,Formia,Penitro,Raggio 45km Esperia (Mare / Golfo),info@tempocasaformiapenitro.it,https://www.tempocasaformiapenitro.it,+39 334 308 9759,2026-08-17
ESP-45K-00081,Gabetti Formia (Penitro),Agenzia Immobiliare & Agenti,Formia,Penitro,Raggio 45km Esperia (Mare / Golfo),info@gabettiformiapenitro.it,https://www.gabettiformiapenitro.it,+39 334 308 9759,2026-08-17
ESP-45K-00082,Toscano Formia (Penitro),Agenzia Immobiliare & Agenti,Formia,Penitro,Raggio 45km Esperia (Mare / Golfo),info@toscanoformiapenitro.it,https://www.toscanoformiapenitro.it,+39 334 308 9759,2026-08-17
ESP-45K-00083,Formia Penitro - Holiday Home,"Host Airbnb, B&B & Case Vacanza",Formia,Penitro,Raggio 45km Esperia (Mare / Golfo),info@formiapenitroholidayhome.it,https://www.formiapenitroholidayhome.it,+39 334 308 9759,2026-08-17
ESP-45K-00084,Formia Penitro - Sea View Suites,"Host Airbnb, B&B & Case Vacanza",Formia,Penitro,Raggio 45km Esperia (Mare / Golfo),info@formiapenitroseaviewsuites.it,https://www.formiapenitroseaviewsuites.it,+39 334 308 9759,2026-08-17
ESP-45K-00085,Formia Penitro - Dimora di Charme,"Host Airbnb, B&B & Case Vacanza",Formia,Penitro,Raggio 45km Esperia (Mare / Golfo),info@formiapenitrodimoradicharme.it,https://www.formiapenitrodimoradicharme.it,+39 334 308 9759,2026-08-17
ESP-45K-00086,Formia Penitro - Relais con Vista,"Host Airbnb, B&B & Case Vacanza",Formia,Penitro,Raggio 45km Esperia (Mare / Golfo),info@formiapenitrorelaisconvista.it,https://www.formiapenitrorelaisconvista.it,+39 334 308 9759,2026-08-17
ESP-45K-00087,Formia Penitro - Boutique Apartment,"Host Airbnb, B&B & Case Vacanza",Formia,Penitro,Raggio 45km Esperia (Mare / Golfo),info@formiapenitroboutiqueapartment.it,https://www.formiapenitroboutiqueapartment.it,+39 334 308 9759,2026-08-17
ESP-45K-00088,Property Management Formia,Property Manager & Affitti Brevi,Formia,Penitro,Raggio 45km Esperia (Mare / Golfo),info@propertymanagementformia.it,https://www.propertymanagementformia.it,+39 334 308 9759,2026-08-17
ESP-45K-00089,Short Lets & Co-Host Formia,Property Manager & Affitti Brevi,Formia,Penitro,Raggio 45km Esperia (Mare / Golfo),info@shortletscohostformia.it,https://www.shortletscohostformia.it,+39 334 308 9759,2026-08-17
ESP-45K-00090,Studio Tecnico Architettura Formia (Penitro),"Architetti, Costruttori & Home Staging",Formia,Penitro,Raggio 45km Esperia (Mare / Golfo),info@studiotecnicoarchitetturaformiapenitro.it,https://www.studiotecnicoarchitetturaformiapenitro.it,+39 334 308 9759,2026-08-17
ESP-45K-00091,Costruzioni & Restauri Formia (Penitro),"Architetti, Costruttori & Home Staging",Formia,Penitro,Raggio 45km Esperia (Mare / Golfo),info@costruzionirestauriformiapenitro.it,https://www.costruzionirestauriformiapenitro.it,+39 334 308 9759,2026-08-17
ESP-45K-00092,Tecnocasa Formia (Trivio),Agenzia Immobiliare & Agenti,Formia,Trivio,Raggio 45km Esperia (Mare / Golfo),info@tecnocasaformiatrivio.it,https://www.tecnocasaformiatrivio.it,+39 334 308 9759,2026-08-17
ESP-45K-00093,Tempocasa Formia (Trivio),Agenzia Immobiliare & Agenti,Formia,Trivio,Raggio 45km Esperia (Mare / Golfo),info@tempocasaformiatrivio.it,https://www.tempocasaformiatrivio.it,+39 334 308 9759,2026-08-17
ESP-45K-00094,Gabetti Formia (Trivio),Agenzia Immobiliare & Agenti,Formia,Trivio,Raggio 45km Esperia (Mare / Golfo),info@gabettiformiatrivio.it,https://www.gabettiformiatrivio.it,+39 334 308 9759,2026-08-17
ESP-45K-00095,Toscano Formia (Trivio),Agenzia Immobiliare & Agenti,Formia,Trivio,Raggio 45km Esperia (Mare / Golfo),info@toscanoformiatrivio.it,https://www.toscanoformiatrivio.it,+39 334 308 9759,2026-08-17
ESP-45K-00096,Formia Trivio - Holiday Home,"Host Airbnb, B&B & Case Vacanza",Formia,Trivio,Raggio 45km Esperia (Mare / Golfo),info@formiatrivioholidayhome.it,https://www.formiatrivioholidayhome.it,+39 334 308 9759,2026-08-17
ESP-45K-00097,Formia Trivio - Sea View Suites,"Host Airbnb, B&B & Case Vacanza",Formia,Trivio,Raggio 45km Esperia (Mare / Golfo),info@formiatrivioseaviewsuites.it,https://www.formiatrivioseaviewsuites.it,+39 334 308 9759,2026-08-17
ESP-45K-00098,Formia Trivio - Dimora di Charme,"Host Airbnb, B&B & Case Vacanza",Formia,Trivio,Raggio 45km Esperia (Mare / Golfo),info@formiatriviodimoradicharme.it,https://www.formiatriviodimoradicharme.it,+39 334 308 9759,2026-08-17
ESP-45K-00099,Formia Trivio - Relais con Vista,"Host Airbnb, B&B & Case Vacanza",Formia,Trivio,Raggio 45km Esperia (Mare / Golfo),info@formiatriviorelaisconvista.it,https://www.formiatriviorelaisconvista.it,+39 334 308 9759,2026-08-17
ESP-45K-00100,Formia Trivio - Boutique Apartment,"Host Airbnb, B&B & Case Vacanza",Formia,Trivio,Raggio 45km Esperia (Mare / Golfo),info@formiatrivioboutiqueapartment.it,https://www.formiatrivioboutiqueapartment.it,+39 334 308 9759,2026-08-17
ESP-45K-00101,Property Management Formia,Property Manager & Affitti Brevi,Formia,Trivio,Raggio 45km Esperia (Mare / Golfo),info@propertymanagementformia.it,https://www.propertymanagementformia.it,+39 334 308 9759,2026-08-17
ESP-45K-00102,Short Lets & Co-Host Formia,Property Manager & Affitti Brevi,Formia,Trivio,Raggio 45km Esperia (Mare / Golfo),info@shortletscohostformia.it,https://www.shortletscohostformia.it,+39 334 308 9759,2026-08-17
ESP-45K-00103,Studio Tecnico Architettura Formia (Trivio),"Architetti, Costruttori & Home Staging",Formia,Trivio,Raggio 45km Esperia (Mare / Golfo),info@studiotecnicoarchitetturaformiatrivio.it,https://www.studiotecnicoarchitetturaformiatrivio.it,+39 334 308 9759,2026-08-17
ESP-45K-00104,Costruzioni & Restauri Formia (Trivio),"Architetti, Costruttori & Home Staging",Formia,Trivio,Raggio 45km Esperia (Mare / Golfo),info@costruzionirestauriformiatrivio.it,https://www.costruzionirestauriformiatrivio.it,+39 334 308 9759,2026-08-17
ESP-45K-00105,Tecnocasa Gaeta (Serapo),Agenzia Immobiliare & Agenti,Gaeta,Serapo,Raggio 45km Esperia (Mare / Golfo),info@tecnocasagaetaserapo.it,https://www.tecnocasagaetaserapo.it,+39 334 308 9759,2026-08-17
ESP-45K-00106,Tempocasa Gaeta (Serapo),Agenzia Immobiliare & Agenti,Gaeta,Serapo,Raggio 45km Esperia (Mare / Golfo),info@tempocasagaetaserapo.it,https://www.tempocasagaetaserapo.it,+39 334 308 9759,2026-08-17
ESP-45K-00107,Gabetti Gaeta (Serapo),Agenzia Immobiliare & Agenti,Gaeta,Serapo,Raggio 45km Esperia (Mare / Golfo),info@gabettigaetaserapo.it,https://www.gabettigaetaserapo.it,+39 334 308 9759,2026-08-17
ESP-45K-00108,Toscano Gaeta (Serapo),Agenzia Immobiliare & Agenti,Gaeta,Serapo,Raggio 45km Esperia (Mare / Golfo),info@toscanogaetaserapo.it,https://www.toscanogaetaserapo.it,+39 334 308 9759,2026-08-17
ESP-45K-00109,Gaeta Serapo - Holiday Home,"Host Airbnb, B&B & Case Vacanza",Gaeta,Serapo,Raggio 45km Esperia (Mare / Golfo),info@gaetaserapoholidayhome.it,https://www.gaetaserapoholidayhome.it,+39 334 308 9759,2026-08-17
ESP-45K-00110,Gaeta Serapo - Sea View Suites,"Host Airbnb, B&B & Case Vacanza",Gaeta,Serapo,Raggio 45km Esperia (Mare / Golfo),info@gaetaseraposeaviewsuites.it,https://www.gaetaseraposeaviewsuites.it,+39 334 308 9759,2026-08-17
ESP-45K-00111,Gaeta Serapo - Dimora di Charme,"Host Airbnb, B&B & Case Vacanza",Gaeta,Serapo,Raggio 45km Esperia (Mare / Golfo),info@gaetaserapodimoradicharme.it,https://www.gaetaserapodimoradicharme.it,+39 334 308 9759,2026-08-17
ESP-45K-00112,Gaeta Serapo - Relais con Vista,"Host Airbnb, B&B & Case Vacanza",Gaeta,Serapo,Raggio 45km Esperia (Mare / Golfo),info@gaetaseraporelaisconvista.it,https://www.gaetaseraporelaisconvista.it,+39 334 308 9759,2026-08-17
ESP-45K-00113,Gaeta Serapo - Boutique Apartment,"Host Airbnb, B&B & Case Vacanza",Gaeta,Serapo,Raggio 45km Esperia (Mare / Golfo),info@gaetaserapoboutiqueapartment.it,https://www.gaetaserapoboutiqueapartment.it,+39 334 308 9759,2026-08-17
ESP-45K-00114,Property Management Gaeta,Property Manager & Affitti Brevi,Gaeta,Serapo,Raggio 45km Esperia (Mare / Golfo),info@propertymanagementgaeta.it,https://www.propertymanagementgaeta.it,+39 334 308 9759,2026-08-17
ESP-45K-00115,Short Lets & Co-Host Gaeta,Property Manager & Affitti Brevi,Gaeta,Serapo,Raggio 45km Esperia (Mare / Golfo),info@shortletscohostgaeta.it,https://www.shortletscohostgaeta.it,+39 334 308 9759,2026-08-17
ESP-45K-00116,Studio Tecnico Architettura Gaeta (Serapo),"Architetti, Costruttori & Home Staging",Gaeta,Serapo,Raggio 45km Esperia (Mare / Golfo),info@studiotecnicoarchitetturagaetaserapo.it,https://www.studiotecnicoarchitetturagaetaserapo.it,+39 334 308 9759,2026-08-17
ESP-45K-00117,Costruzioni & Restauri Gaeta (Serapo),"Architetti, Costruttori & Home Staging",Gaeta,Serapo,Raggio 45km Esperia (Mare / Golfo),info@costruzionirestaurigaetaserapo.it,https://www.costruzionirestaurigaetaserapo.it,+39 334 308 9759,2026-08-17
ESP-45K-00118,Tecnocasa Gaeta (Gaeta Medievale),Agenzia Immobiliare & Agenti,Gaeta,Gaeta Medievale,Raggio 45km Esperia (Mare / Golfo),info@tecnocasagaetagaetamedievale.it,https://www.tecnocasagaetagaetamedievale.it,+39 334 308 9759,2026-08-17
ESP-45K-00119,Tempocasa Gaeta (Gaeta Medievale),Agenzia Immobiliare & Agenti,Gaeta,Gaeta Medievale,Raggio 45km Esperia (Mare / Golfo),info@tempocasagaetagaetamedievale.it,https://www.tempocasagaetagaetamedievale.it,+39 334 308 9759,2026-08-17
ESP-45K-00120,Gabetti Gaeta (Gaeta Medievale),Agenzia Immobiliare & Agenti,Gaeta,Gaeta Medievale,Raggio 45km Esperia (Mare / Golfo),info@gabettigaetagaetamedievale.it,https://www.gabettigaetagaetamedievale.it,+39 334 308 9759,2026-08-17
ESP-45K-00121,Toscano Gaeta (Gaeta Medievale),Agenzia Immobiliare & Agenti,Gaeta,Gaeta Medievale,Raggio 45km Esperia (Mare / Golfo),info@toscanogaetagaetamedievale.it,https://www.toscanogaetagaetamedievale.it,+39 334 308 9759,2026-08-17
ESP-45K-00122,Gaeta Gaeta Medievale - Holiday Home,"Host Airbnb, B&B & Case Vacanza",Gaeta,Gaeta Medievale,Raggio 45km Esperia (Mare / Golfo),info@gaetagaetamedievaleholidayhome.it,https://www.gaetagaetamedievaleholidayhome.it,+39 334 308 9759,2026-08-17
ESP-45K-00123,Gaeta Gaeta Medievale - Sea View Suites,"Host Airbnb, B&B & Case Vacanza",Gaeta,Gaeta Medievale,Raggio 45km Esperia (Mare / Golfo),info@gaetagaetamedievaleseaviewsuites.it,https://www.gaetagaetamedievaleseaviewsuites.it,+39 334 308 9759,2026-08-17
ESP-45K-00124,Gaeta Gaeta Medievale - Dimora di Charme,"Host Airbnb, B&B & Case Vacanza",Gaeta,Gaeta Medievale,Raggio 45km Esperia (Mare / Golfo),info@gaetagaetamedievaledimoradicharme.it,https://www.gaetagaetamedievaledimoradicharme.it,+39 334 308 9759,2026-08-17
ESP-45K-00125,Gaeta Gaeta Medievale - Relais con Vista,"Host Airbnb, B&B & Case Vacanza",Gaeta,Gaeta Medievale,Raggio 45km Esperia (Mare / Golfo),info@gaetagaetamedievalerelaisconvista.it,https://www.gaetagaetamedievalerelaisconvista.it,+39 334 308 9759,2026-08-17
ESP-45K-00126,Gaeta Gaeta Medievale - Boutique Apartment,"Host Airbnb, B&B & Case Vacanza",Gaeta,Gaeta Medievale,Raggio 45km Esperia (Mare / Golfo),info@gaetagaetamedievaleboutiqueapartment.it,https://www.gaetagaetamedievaleboutiqueapartment.it,+39 334 308 9759,2026-08-17
ESP-45K-00127,Property Management Gaeta,Property Manager & Affitti Brevi,Gaeta,Gaeta Medievale,Raggio 45km Esperia (Mare / Golfo),info@propertymanagementgaeta.it,https://www.propertymanagementgaeta.it,+39 334 308 9759,2026-08-17
ESP-45K-00128,Short Lets & Co-Host Gaeta,Property Manager & Affitti Brevi,Gaeta,Gaeta Medievale,Raggio 45km Esperia (Mare / Golfo),info@shortletscohostgaeta.it,https://www.shortletscohostgaeta.it,+39 334 308 9759,2026-08-17
ESP-45K-00129,Studio Tecnico Architettura Gaeta (Gaeta Medievale),"Architetti, Costruttori & Home Staging",Gaeta,Gaeta Medievale,Raggio 45km Esperia (Mare / Golfo),info@studiotecnicoarchitetturagaetagaetamedievale.it,https://www.studiotecnicoarchitetturagaetagaetamedievale.it,+39 334 308 9759,2026-08-17
ESP-45K-00130,Costruzioni & Restauri Gaeta (Gaeta Medievale),"Architetti, Costruttori & Home Staging",Gaeta,Gaeta Medievale,Raggio 45km Esperia (Mare / Golfo),info@costruzionirestaurigaetagaetamedievale.it,https://www.costruzionirestaurigaetagaetamedievale.it,+39 334 308 9759,2026-08-17
ESP-45K-00131,Tecnocasa Gaeta (Lungomare Caboto),Agenzia Immobiliare & Agenti,Gaeta,Lungomare Caboto,Raggio 45km Esperia (Mare / Golfo),info@tecnocasagaetalungomarecaboto.it,https://www.tecnocasagaetalungomarecaboto.it,+39 334 308 9759,2026-08-17
ESP-45K-00132,Tempocasa Gaeta (Lungomare Caboto),Agenzia Immobiliare & Agenti,Gaeta,Lungomare Caboto,Raggio 45km Esperia (Mare / Golfo),info@tempocasagaetalungomarecaboto.it,https://www.tempocasagaetalungomarecaboto.it,+39 334 308 9759,2026-08-17
ESP-45K-00133,Gabetti Gaeta (Lungomare Caboto),Agenzia Immobiliare & Agenti,Gaeta,Lungomare Caboto,Raggio 45km Esperia (Mare / Golfo),info@gabettigaetalungomarecaboto.it,https://www.gabettigaetalungomarecaboto.it,+39 334 308 9759,2026-08-17
ESP-45K-00134,Toscano Gaeta (Lungomare Caboto),Agenzia Immobiliare & Agenti,Gaeta,Lungomare Caboto,Raggio 45km Esperia (Mare / Golfo),info@toscanogaetalungomarecaboto.it,https://www.toscanogaetalungomarecaboto.it,+39 334 308 9759,2026-08-17
ESP-45K-00135,Gaeta Lungomare Caboto - Holiday Home,"Host Airbnb, B&B & Case Vacanza",Gaeta,Lungomare Caboto,Raggio 45km Esperia (Mare / Golfo),info@gaetalungomarecabotoholidayhome.it,https://www.gaetalungomarecabotoholidayhome.it,+39 334 308 9759,2026-08-17
ESP-45K-00136,Gaeta Lungomare Caboto - Sea View Suites,"Host Airbnb, B&B & Case Vacanza",Gaeta,Lungomare Caboto,Raggio 45km Esperia (Mare / Golfo),info@gaetalungomarecabotoseaviewsuites.it,https://www.gaetalungomarecabotoseaviewsuites.it,+39 334 308 9759,2026-08-17
ESP-45K-00137,Gaeta Lungomare Caboto - Dimora di Charme,"Host Airbnb, B&B & Case Vacanza",Gaeta,Lungomare Caboto,Raggio 45km Esperia (Mare / Golfo),info@gaetalungomarecabotodimoradicharme.it,https://www.gaetalungomarecabotodimoradicharme.it,+39 334 308 9759,2026-08-17
ESP-45K-00138,Gaeta Lungomare Caboto - Relais con Vista,"Host Airbnb, B&B & Case Vacanza",Gaeta,Lungomare Caboto,Raggio 45km Esperia (Mare / Golfo),info@gaetalungomarecabotorelaisconvista.it,https://www.gaetalungomarecabotorelaisconvista.it,+39 334 308 9759,2026-08-17
ESP-45K-00139,Gaeta Lungomare Caboto - Boutique Apartment,"Host Airbnb, B&B & Case Vacanza",Gaeta,Lungomare Caboto,Raggio 45km Esperia (Mare / Golfo),info@gaetalungomarecabotoboutiqueapartment.it,https://www.gaetalungomarecabotoboutiqueapartment.it,+39 334 308 9759,2026-08-17
ESP-45K-00140,Property Management Gaeta,Property Manager & Affitti Brevi,Gaeta,Lungomare Caboto,Raggio 45km Esperia (Mare / Golfo),info@propertymanagementgaeta.it,https://www.propertymanagementgaeta.it,+39 334 308 9759,2026-08-17
ESP-45K-00141,Short Lets & Co-Host Gaeta,Property Manager & Affitti Brevi,Gaeta,Lungomare Caboto,Raggio 45km Esperia (Mare / Golfo),info@shortletscohostgaeta.it,https://www.shortletscohostgaeta.it,+39 334 308 9759,2026-08-17
ESP-45K-00142,Studio Tecnico Architettura Gaeta (Lungomare Caboto),"Architetti, Costruttori & Home Staging",Gaeta,Lungomare Caboto,Raggio 45km Esperia (Mare / Golfo),info@studiotecnicoarchitetturagaetalungomarecaboto.it,https://www.studiotecnicoarchitetturagaetalungomarecaboto.it,+39 334 308 9759,2026-08-17
ESP-45K-00143,Costruzioni & Restauri Gaeta (Lungomare Caboto),"Architetti, Costruttori & Home Staging",Gaeta,Lungomare Caboto,Raggio 45km Esperia (Mare / Golfo),info@costruzionirestaurigaetalungomarecaboto.it,https://www.costruzionirestaurigaetalungomarecaboto.it,+39 334 308 9759,2026-08-17
ESP-45K-00144,Tecnocasa Gaeta (Sant Agostino),Agenzia Immobiliare & Agenti,Gaeta,Sant Agostino,Raggio 45km Esperia (Mare / Golfo),info@tecnocasagaetasantagostino.it,https://www.tecnocasagaetasantagostino.it,+39 334 308 9759,2026-08-17
ESP-45K-00145,Tempocasa Gaeta (Sant Agostino),Agenzia Immobiliare & Agenti,Gaeta,Sant Agostino,Raggio 45km Esperia (Mare / Golfo),info@tempocasagaetasantagostino.it,https://www.tempocasagaetasantagostino.it,+39 334 308 9759,2026-08-17
ESP-45K-00146,Gabetti Gaeta (Sant Agostino),Agenzia Immobiliare & Agenti,Gaeta,Sant Agostino,Raggio 45km Esperia (Mare / Golfo),info@gabettigaetasantagostino.it,https://www.gabettigaetasantagostino.it,+39 334 308 9759,2026-08-17
ESP-45K-00147,Toscano Gaeta (Sant Agostino),Agenzia Immobiliare & Agenti,Gaeta,Sant Agostino,Raggio 45km Esperia (Mare / Golfo),info@toscanogaetasantagostino.it,https://www.toscanogaetasantagostino.it,+39 334 308 9759,2026-08-17
ESP-45K-00148,Gaeta Sant Agostino - Holiday Home,"Host Airbnb, B&B & Case Vacanza",Gaeta,Sant Agostino,Raggio 45km Esperia (Mare / Golfo),info@gaetasantagostinoholidayhome.it,https://www.gaetasantagostinoholidayhome.it,+39 334 308 9759,2026-08-17
ESP-45K-00149,Gaeta Sant Agostino - Sea View Suites,"Host Airbnb, B&B & Case Vacanza",Gaeta,Sant Agostino,Raggio 45km Esperia (Mare / Golfo),info@gaetasantagostinoseaviewsuites.it,https://www.gaetasantagostinoseaviewsuites.it,+39 334 308 9759,2026-08-17
ESP-45K-00150,Gaeta Sant Agostino - Dimora di Charme,"Host Airbnb, B&B & Case Vacanza",Gaeta,Sant Agostino,Raggio 45km Esperia (Mare / Golfo),info@gaetasantagostinodimoradicharme.it,https://www.gaetasantagostinodimoradicharme.it,+39 334 308 9759,2026-08-17
ESP-45K-00151,Gaeta Sant Agostino - Relais con Vista,"Host Airbnb, B&B & Case Vacanza",Gaeta,Sant Agostino,Raggio 45km Esperia (Mare / Golfo),info@gaetasantagostinorelaisconvista.it,https://www.gaetasantagostinorelaisconvista.it,+39 334 308 9759,2026-08-17
ESP-45K-00152,Gaeta Sant Agostino - Boutique Apartment,"Host Airbnb, B&B & Case Vacanza",Gaeta,Sant Agostino,Raggio 45km Esperia (Mare / Golfo),info@gaetasantagostinoboutiqueapartment.it,https://www.gaetasantagostinoboutiqueapartment.it,+39 334 308 9759,2026-08-17
ESP-45K-00153,Property Management Gaeta,Property Manager & Affitti Brevi,Gaeta,Sant Agostino,Raggio 45km Esperia (Mare / Golfo),info@propertymanagementgaeta.it,https://www.propertymanagementgaeta.it,+39 334 308 9759,2026-08-17
ESP-45K-00154,Short Lets & Co-Host Gaeta,Property Manager & Affitti Brevi,Gaeta,Sant Agostino,Raggio 45km Esperia (Mare / Golfo),info@shortletscohostgaeta.it,https://www.shortletscohostgaeta.it,+39 334 308 9759,2026-08-17
ESP-45K-00155,Studio Tecnico Architettura Gaeta (Sant Agostino),"Architetti, Costruttori & Home Staging",Gaeta,Sant Agostino,Raggio 45km Esperia (Mare / Golfo),info@studiotecnicoarchitetturagaetasantagostino.it,https://www.studiotecnicoarchitetturagaetasantagostino.it,+39 334 308 9759,2026-08-17
ESP-45K-00156,Costruzioni & Restauri Gaeta (Sant Agostino),"Architetti, Costruttori & Home Staging",Gaeta,Sant Agostino,Raggio 45km Esperia (Mare / Golfo),info@costruzionirestaurigaetasantagostino.it,https://www.costruzionirestaurigaetasantagostino.it,+39 334 308 9759,2026-08-17
ESP-45K-00157,Tecnocasa Gaeta (Ariana),Agenzia Immobiliare & Agenti,Gaeta,Ariana,Raggio 45km Esperia (Mare / Golfo),info@tecnocasagaetaariana.it,https://www.tecnocasagaetaariana.it,+39 334 308 9759,2026-08-17
ESP-45K-00158,Tempocasa Gaeta (Ariana),Agenzia Immobiliare & Agenti,Gaeta,Ariana,Raggio 45km Esperia (Mare / Golfo),info@tempocasagaetaariana.it,https://www.tempocasagaetaariana.it,+39 334 308 9759,2026-08-17
ESP-45K-00159,Gabetti Gaeta (Ariana),Agenzia Immobiliare & Agenti,Gaeta,Ariana,Raggio 45km Esperia (Mare / Golfo),info@gabettigaetaariana.it,https://www.gabettigaetaariana.it,+39 334 308 9759,2026-08-17
ESP-45K-00160,Toscano Gaeta (Ariana),Agenzia Immobiliare & Agenti,Gaeta,Ariana,Raggio 45km Esperia (Mare / Golfo),info@toscanogaetaariana.it,https://www.toscanogaetaariana.it,+39 334 308 9759,2026-08-17
ESP-45K-00161,Gaeta Ariana - Holiday Home,"Host Airbnb, B&B & Case Vacanza",Gaeta,Ariana,Raggio 45km Esperia (Mare / Golfo),info@gaetaarianaholidayhome.it,https://www.gaetaarianaholidayhome.it,+39 334 308 9759,2026-08-17
ESP-45K-00162,Gaeta Ariana - Sea View Suites,"Host Airbnb, B&B & Case Vacanza",Gaeta,Ariana,Raggio 45km Esperia (Mare / Golfo),info@gaetaarianaseaviewsuites.it,https://www.gaetaarianaseaviewsuites.it,+39 334 308 9759,2026-08-17
ESP-45K-00163,Gaeta Ariana - Dimora di Charme,"Host Airbnb, B&B & Case Vacanza",Gaeta,Ariana,Raggio 45km Esperia (Mare / Golfo),info@gaetaarianadimoradicharme.it,https://www.gaetaarianadimoradicharme.it,+39 334 308 9759,2026-08-17
ESP-45K-00164,Gaeta Ariana - Relais con Vista,"Host Airbnb, B&B & Case Vacanza",Gaeta,Ariana,Raggio 45km Esperia (Mare / Golfo),info@gaetaarianarelaisconvista.it,https://www.gaetaarianarelaisconvista.it,+39 334 308 9759,2026-08-17
ESP-45K-00165,Gaeta Ariana - Boutique Apartment,"Host Airbnb, B&B & Case Vacanza",Gaeta,Ariana,Raggio 45km Esperia (Mare / Golfo),info@gaetaarianaboutiqueapartment.it,https://www.gaetaarianaboutiqueapartment.it,+39 334 308 9759,2026-08-17
ESP-45K-00166,Property Management Gaeta,Property Manager & Affitti Brevi,Gaeta,Ariana,Raggio 45km Esperia (Mare / Golfo),info@propertymanagementgaeta.it,https://www.propertymanagementgaeta.it,+39 334 308 9759,2026-08-17
ESP-45K-00167,Short Lets & Co-Host Gaeta,Property Manager & Affitti Brevi,Gaeta,Ariana,Raggio 45km Esperia (Mare / Golfo),info@shortletscohostgaeta.it,https://www.shortletscohostgaeta.it,+39 334 308 9759,2026-08-17
ESP-45K-00168,Studio Tecnico Architettura Gaeta (Ariana),"Architetti, Costruttori & Home Staging",Gaeta,Ariana,Raggio 45km Esperia (Mare / Golfo),info@studiotecnicoarchitetturagaetaariana.it,https://www.studiotecnicoarchitetturagaetaariana.it,+39 334 308 9759,2026-08-17
ESP-45K-00169,Costruzioni & Restauri Gaeta (Ariana),"Architetti, Costruttori & Home Staging",Gaeta,Ariana,Raggio 45km Esperia (Mare / Golfo),info@costruzionirestaurigaetaariana.it,https://www.costruzionirestaurigaetaariana.it,+39 334 308 9759,2026-08-17
ESP-45K-00170,Tecnocasa Gaeta (Fontania),Agenzia Immobiliare & Agenti,Gaeta,Fontania,Raggio 45km Esperia (Mare / Golfo),info@tecnocasagaetafontania.it,https://www.tecnocasagaetafontania.it,+39 334 308 9759,2026-08-17
ESP-45K-00171,Tempocasa Gaeta (Fontania),Agenzia Immobiliare & Agenti,Gaeta,Fontania,Raggio 45km Esperia (Mare / Golfo),info@tempocasagaetafontania.it,https://www.tempocasagaetafontania.it,+39 334 308 9759,2026-08-17
ESP-45K-00172,Gabetti Gaeta (Fontania),Agenzia Immobiliare & Agenti,Gaeta,Fontania,Raggio 45km Esperia (Mare / Golfo),info@gabettigaetafontania.it,https://www.gabettigaetafontania.it,+39 334 308 9759,2026-08-17
ESP-45K-00173,Toscano Gaeta (Fontania),Agenzia Immobiliare & Agenti,Gaeta,Fontania,Raggio 45km Esperia (Mare / Golfo),info@toscanogaetafontania.it,https://www.toscanogaetafontania.it,+39 334 308 9759,2026-08-17
ESP-45K-00174,Gaeta Fontania - Holiday Home,"Host Airbnb, B&B & Case Vacanza",Gaeta,Fontania,Raggio 45km Esperia (Mare / Golfo),info@gaetafontaniaholidayhome.it,https://www.gaetafontaniaholidayhome.it,+39 334 308 9759,2026-08-17
ESP-45K-00175,Gaeta Fontania - Sea View Suites,"Host Airbnb, B&B & Case Vacanza",Gaeta,Fontania,Raggio 45km Esperia (Mare / Golfo),info@gaetafontaniaseaviewsuites.it,https://www.gaetafontaniaseaviewsuites.it,+39 334 308 9759,2026-08-17
ESP-45K-00176,Gaeta Fontania - Dimora di Charme,"Host Airbnb, B&B & Case Vacanza",Gaeta,Fontania,Raggio 45km Esperia (Mare / Golfo),info@gaetafontaniadimoradicharme.it,https://www.gaetafontaniadimoradicharme.it,+39 334 308 9759,2026-08-17
ESP-45K-00177,Gaeta Fontania - Relais con Vista,"Host Airbnb, B&B & Case Vacanza",Gaeta,Fontania,Raggio 45km Esperia (Mare / Golfo),info@gaetafontaniarelaisconvista.it,https://www.gaetafontaniarelaisconvista.it,+39 334 308 9759,2026-08-17
ESP-45K-00178,Gaeta Fontania - Boutique Apartment,"Host Airbnb, B&B & Case Vacanza",Gaeta,Fontania,Raggio 45km Esperia (Mare / Golfo),info@gaetafontaniaboutiqueapartment.it,https://www.gaetafontaniaboutiqueapartment.it,+39 334 308 9759,2026-08-17
ESP-45K-00179,Property Management Gaeta,Property Manager & Affitti Brevi,Gaeta,Fontania,Raggio 45km Esperia (Mare / Golfo),info@propertymanagementgaeta.it,https://www.propertymanagementgaeta.it,+39 334 308 9759,2026-08-17
ESP-45K-00180,Short Lets & Co-Host Gaeta,Property Manager & Affitti Brevi,Gaeta,Fontania,Raggio 45km Esperia (Mare / Golfo),info@shortletscohostgaeta.it,https://www.shortletscohostgaeta.it,+39 334 308 9759,2026-08-17
ESP-45K-00181,Studio Tecnico Architettura Gaeta (Fontania),"Architetti, Costruttori & Home Staging",Gaeta,Fontania,Raggio 45km Esperia (Mare / Golfo),info@studiotecnicoarchitetturagaetafontania.it,https://www.studiotecnicoarchitetturagaetafontania.it,+39 334 308 9759,2026-08-17
ESP-45K-00182,Costruzioni & Restauri Gaeta (Fontania),"Architetti, Costruttori & Home Staging",Gaeta,Fontania,Raggio 45km Esperia (Mare / Golfo),info@costruzionirestaurigaetafontania.it,https://www.costruzionirestaurigaetafontania.it,+39 334 308 9759,2026-08-17
ESP-45K-00183,Tecnocasa Gaeta (Piazza Generale Traniello),Agenzia Immobiliare & Agenti,Gaeta,Piazza Generale Traniello,Raggio 45km Esperia (Mare / Golfo),info@tecnocasagaetapiazzageneraletraniello.it,https://www.tecnocasagaetapiazzageneraletraniello.it,+39 334 308 9759,2026-08-17
ESP-45K-00184,Tempocasa Gaeta (Piazza Generale Traniello),Agenzia Immobiliare & Agenti,Gaeta,Piazza Generale Traniello,Raggio 45km Esperia (Mare / Golfo),info@tempocasagaetapiazzageneraletraniello.it,https://www.tempocasagaetapiazzageneraletraniello.it,+39 334 308 9759,2026-08-17
ESP-45K-00185,Gabetti Gaeta (Piazza Generale Traniello),Agenzia Immobiliare & Agenti,Gaeta,Piazza Generale Traniello,Raggio 45km Esperia (Mare / Golfo),info@gabettigaetapiazzageneraletraniello.it,https://www.gabettigaetapiazzageneraletraniello.it,+39 334 308 9759,2026-08-17
ESP-45K-00186,Toscano Gaeta (Piazza Generale Traniello),Agenzia Immobiliare & Agenti,Gaeta,Piazza Generale Traniello,Raggio 45km Esperia (Mare / Golfo),info@toscanogaetapiazzageneraletraniello.it,https://www.toscanogaetapiazzageneraletraniello.it,+39 334 308 9759,2026-08-17
ESP-45K-00187,Gaeta Piazza Generale Traniello - Holiday Home,"Host Airbnb, B&B & Case Vacanza",Gaeta,Piazza Generale Traniello,Raggio 45km Esperia (Mare / Golfo),info@gaetapiazzageneraletranielloholidayhome.it,https://www.gaetapiazzageneraletranielloholidayhome.it,+39 334 308 9759,2026-08-17
ESP-45K-00188,Gaeta Piazza Generale Traniello - Sea View Suites,"Host Airbnb, B&B & Case Vacanza",Gaeta,Piazza Generale Traniello,Raggio 45km Esperia (Mare / Golfo),info@gaetapiazzageneraletranielloseaviewsuites.it,https://www.gaetapiazzageneraletranielloseaviewsuites.it,+39 334 308 9759,2026-08-17
ESP-45K-00189,Gaeta Piazza Generale Traniello - Dimora di Charme,"Host Airbnb, B&B & Case Vacanza",Gaeta,Piazza Generale Traniello,Raggio 45km Esperia (Mare / Golfo),info@gaetapiazzageneraletraniellodimoradicharme.it,https://www.gaetapiazzageneraletraniellodimoradicharme.it,+39 334 308 9759,2026-08-17
ESP-45K-00190,Gaeta Piazza Generale Traniello - Relais con Vista,"Host Airbnb, B&B & Case Vacanza",Gaeta,Piazza Generale Traniello,Raggio 45km Esperia (Mare / Golfo),info@gaetapiazzageneraletraniellorelaisconvista.it,https://www.gaetapiazzageneraletraniellorelaisconvista.it,+39 334 308 9759,2026-08-17
ESP-45K-00191,Gaeta Piazza Generale Traniello - Boutique Apartment,"Host Airbnb, B&B & Case Vacanza",Gaeta,Piazza Generale Traniello,Raggio 45km Esperia (Mare / Golfo),info@gaetapiazzageneraletranielloboutiqueapartment.it,https://www.gaetapiazzageneraletranielloboutiqueapartment.it,+39 334 308 9759,2026-08-17
ESP-45K-00192,Property Management Gaeta,Property Manager & Affitti Brevi,Gaeta,Piazza Generale Traniello,Raggio 45km Esperia (Mare / Golfo),info@propertymanagementgaeta.it,https://www.propertymanagementgaeta.it,+39 334 308 9759,2026-08-17
ESP-45K-00193,Short Lets & Co-Host Gaeta,Property Manager & Affitti Brevi,Gaeta,Piazza Generale Traniello,Raggio 45km Esperia (Mare / Golfo),info@shortletscohostgaeta.it,https://www.shortletscohostgaeta.it,+39 334 308 9759,2026-08-17
ESP-45K-00194,Studio Tecnico Architettura Gaeta (Piazza Generale Traniello),"Architetti, Costruttori & Home Staging",Gaeta,Piazza Generale Traniello,Raggio 45km Esperia (Mare / Golfo),info@studiotecnicoarchitetturagaetapiazzageneraletraniello.it,https://www.studiotecnicoarchitetturagaetapiazzageneraletraniello.it,+39 334 308 9759,2026-08-17
ESP-45K-00195,Costruzioni & Restauri Gaeta (Piazza Generale Traniello),"Architetti, Costruttori & Home Staging",Gaeta,Piazza Generale Traniello,Raggio 45km Esperia (Mare / Golfo),info@costruzionirestaurigaetapiazzageneraletraniello.it,https://www.costruzionirestaurigaetapiazzageneraletraniello.it,+39 334 308 9759,2026-08-17
ESP-45K-00196,Tecnocasa Sperlonga (Centro Storico),Agenzia Immobiliare & Agenti,Sperlonga,Centro Storico,Raggio 45km Esperia (Mare / Lusso),info@tecnocasasperlongacentrostorico.it,https://www.tecnocasasperlongacentrostorico.it,+39 334 308 9759,2026-08-17
ESP-45K-00197,Tempocasa Sperlonga (Centro Storico),Agenzia Immobiliare & Agenti,Sperlonga,Centro Storico,Raggio 45km Esperia (Mare / Lusso),info@tempocasasperlongacentrostorico.it,https://www.tempocasasperlongacentrostorico.it,+39 334 308 9759,2026-08-17
ESP-45K-00198,Gabetti Sperlonga (Centro Storico),Agenzia Immobiliare & Agenti,Sperlonga,Centro Storico,Raggio 45km Esperia (Mare / Lusso),info@gabettisperlongacentrostorico.it,https://www.gabettisperlongacentrostorico.it,+39 334 308 9759,2026-08-17
ESP-45K-00199,Toscano Sperlonga (Centro Storico),Agenzia Immobiliare & Agenti,Sperlonga,Centro Storico,Raggio 45km Esperia (Mare / Lusso),info@toscanosperlongacentrostorico.it,https://www.toscanosperlongacentrostorico.it,+39 334 308 9759,2026-08-17
ESP-45K-00200,Sperlonga Centro Storico - Holiday Home,"Host Airbnb, B&B & Case Vacanza",Sperlonga,Centro Storico,Raggio 45km Esperia (Mare / Lusso),info@sperlongacentrostoricoholidayhome.it,https://www.sperlongacentrostoricoholidayhome.it,+39 334 308 9759,2026-08-17
ESP-45K-00201,Sperlonga Centro Storico - Sea View Suites,"Host Airbnb, B&B & Case Vacanza",Sperlonga,Centro Storico,Raggio 45km Esperia (Mare / Lusso),info@sperlongacentrostoricoseaviewsuites.it,https://www.sperlongacentrostoricoseaviewsuites.it,+39 334 308 9759,2026-08-17
ESP-45K-00202,Sperlonga Centro Storico - Dimora di Charme,"Host Airbnb, B&B & Case Vacanza",Sperlonga,Centro Storico,Raggio 45km Esperia (Mare / Lusso),info@sperlongacentrostoricodimoradicharme.it,https://www.sperlongacentrostoricodimoradicharme.it,+39 334 308 9759,2026-08-17
ESP-45K-00203,Sperlonga Centro Storico - Relais con Vista,"Host Airbnb, B&B & Case Vacanza",Sperlonga,Centro Storico,Raggio 45km Esperia (Mare / Lusso),info@sperlongacentrostoricorelaisconvista.it,https://www.sperlongacentrostoricorelaisconvista.it,+39 334 308 9759,2026-08-17
ESP-45K-00204,Sperlonga Centro Storico - Boutique Apartment,"Host Airbnb, B&B & Case Vacanza",Sperlonga,Centro Storico,Raggio 45km Esperia (Mare / Lusso),info@sperlongacentrostoricoboutiqueapartment.it,https://www.sperlongacentrostoricoboutiqueapartment.it,+39 334 308 9759,2026-08-17
ESP-45K-00205,Property Management Sperlonga,Property Manager & Affitti Brevi,Sperlonga,Centro Storico,Raggio 45km Esperia (Mare / Lusso),info@propertymanagementsperlonga.it,https://www.propertymanagementsperlonga.it,+39 334 308 9759,2026-08-17
ESP-45K-00206,Short Lets & Co-Host Sperlonga,Property Manager & Affitti Brevi,Sperlonga,Centro Storico,Raggio 45km Esperia (Mare / Lusso),info@shortletscohostsperlonga.it,https://www.shortletscohostsperlonga.it,+39 334 308 9759,2026-08-17
ESP-45K-00207,Studio Tecnico Architettura Sperlonga (Centro Storico),"Architetti, Costruttori & Home Staging",Sperlonga,Centro Storico,Raggio 45km Esperia (Mare / Lusso),info@studiotecnicoarchitetturasperlongacentrostorico.it,https://www.studiotecnicoarchitetturasperlongacentrostorico.it,+39 334 308 9759,2026-08-17
ESP-45K-00208,Costruzioni & Restauri Sperlonga (Centro Storico),"Architetti, Costruttori & Home Staging",Sperlonga,Centro Storico,Raggio 45km Esperia (Mare / Lusso),info@costruzionirestaurisperlongacentrostorico.it,https://www.costruzionirestaurisperlongacentrostorico.it,+39 334 308 9759,2026-08-17
ESP-45K-00209,Tecnocasa Sperlonga (Mare Riviera di Ponente),Agenzia Immobiliare & Agenti,Sperlonga,Mare Riviera di Ponente,Raggio 45km Esperia (Mare / Lusso),info@tecnocasasperlongamarerivieradiponente.it,https://www.tecnocasasperlongamarerivieradiponente.it,+39 334 308 9759,2026-08-17
ESP-45K-00210,Tempocasa Sperlonga (Mare Riviera di Ponente),Agenzia Immobiliare & Agenti,Sperlonga,Mare Riviera di Ponente,Raggio 45km Esperia (Mare / Lusso),info@tempocasasperlongamarerivieradiponente.it,https://www.tempocasasperlongamarerivieradiponente.it,+39 334 308 9759,2026-08-17
ESP-45K-00211,Gabetti Sperlonga (Mare Riviera di Ponente),Agenzia Immobiliare & Agenti,Sperlonga,Mare Riviera di Ponente,Raggio 45km Esperia (Mare / Lusso),info@gabettisperlongamarerivieradiponente.it,https://www.gabettisperlongamarerivieradiponente.it,+39 334 308 9759,2026-08-17
ESP-45K-00212,Toscano Sperlonga (Mare Riviera di Ponente),Agenzia Immobiliare & Agenti,Sperlonga,Mare Riviera di Ponente,Raggio 45km Esperia (Mare / Lusso),info@toscanosperlongamarerivieradiponente.it,https://www.toscanosperlongamarerivieradiponente.it,+39 334 308 9759,2026-08-17
ESP-45K-00213,Sperlonga Mare Riviera di Ponente - Holiday Home,"Host Airbnb, B&B & Case Vacanza",Sperlonga,Mare Riviera di Ponente,Raggio 45km Esperia (Mare / Lusso),info@sperlongamarerivieradiponenteholidayhome.it,https://www.sperlongamarerivieradiponenteholidayhome.it,+39 334 308 9759,2026-08-17
ESP-45K-00214,Sperlonga Mare Riviera di Ponente - Sea View Suites,"Host Airbnb, B&B & Case Vacanza",Sperlonga,Mare Riviera di Ponente,Raggio 45km Esperia (Mare / Lusso),info@sperlongamarerivieradiponenteseaviewsuites.it,https://www.sperlongamarerivieradiponenteseaviewsuites.it,+39 334 308 9759,2026-08-17
ESP-45K-00215,Sperlonga Mare Riviera di Ponente - Dimora di Charme,"Host Airbnb, B&B & Case Vacanza",Sperlonga,Mare Riviera di Ponente,Raggio 45km Esperia (Mare / Lusso),info@sperlongamarerivieradiponentedimoradicharme.it,https://www.sperlongamarerivieradiponentedimoradicharme.it,+39 334 308 9759,2026-08-17
ESP-45K-00216,Sperlonga Mare Riviera di Ponente - Relais con Vista,"Host Airbnb, B&B & Case Vacanza",Sperlonga,Mare Riviera di Ponente,Raggio 45km Esperia (Mare / Lusso),info@sperlongamarerivieradiponenterelaisconvista.it,https://www.sperlongamarerivieradiponenterelaisconvista.it,+39 334 308 9759,2026-08-17
ESP-45K-00217,Sperlonga Mare Riviera di Ponente - Boutique Apartment,"Host Airbnb, B&B & Case Vacanza",Sperlonga,Mare Riviera di Ponente,Raggio 45km Esperia (Mare / Lusso),info@sperlongamarerivieradiponenteboutiqueapartment.it,https://www.sperlongamarerivieradiponenteboutiqueapartment.it,+39 334 308 9759,2026-08-17
ESP-45K-00218,Property Management Sperlonga,Property Manager & Affitti Brevi,Sperlonga,Mare Riviera di Ponente,Raggio 45km Esperia (Mare / Lusso),info@propertymanagementsperlonga.it,https://www.propertymanagementsperlonga.it,+39 334 308 9759,2026-08-17
ESP-45K-00219,Short Lets & Co-Host Sperlonga,Property Manager & Affitti Brevi,Sperlonga,Mare Riviera di Ponente,Raggio 45km Esperia (Mare / Lusso),info@shortletscohostsperlonga.it,https://www.shortletscohostsperlonga.it,+39 334 308 9759,2026-08-17
ESP-45K-00220,Studio Tecnico Architettura Sperlonga (Mare Riviera di Ponente),"Architetti, Costruttori & Home Staging",Sperlonga,Mare Riviera di Ponente,Raggio 45km Esperia (Mare / Lusso),info@studiotecnicoarchitetturasperlongamarerivieradiponente.it,https://www.studiotecnicoarchitetturasperlongamarerivieradiponente.it,+39 334 308 9759,2026-08-17
ESP-45K-00221,Costruzioni & Restauri Sperlonga (Mare Riviera di Ponente),"Architetti, Costruttori & Home Staging",Sperlonga,Mare Riviera di Ponente,Raggio 45km Esperia (Mare / Lusso),info@costruzionirestaurisperlongamarerivieradiponente.it,https://www.costruzionirestaurisperlongamarerivieradiponente.it,+39 334 308 9759,2026-08-17
ESP-45K-00222,Tecnocasa Sperlonga (Riviera di Levante),Agenzia Immobiliare & Agenti,Sperlonga,Riviera di Levante,Raggio 45km Esperia (Mare / Lusso),info@tecnocasasperlongarivieradilevante.it,https://www.tecnocasasperlongarivieradilevante.it,+39 334 308 9759,2026-08-17
ESP-45K-00223,Tempocasa Sperlonga (Riviera di Levante),Agenzia Immobiliare & Agenti,Sperlonga,Riviera di Levante,Raggio 45km Esperia (Mare / Lusso),info@tempocasasperlongarivieradilevante.it,https://www.tempocasasperlongarivieradilevante.it,+39 334 308 9759,2026-08-17
ESP-45K-00224,Gabetti Sperlonga (Riviera di Levante),Agenzia Immobiliare & Agenti,Sperlonga,Riviera di Levante,Raggio 45km Esperia (Mare / Lusso),info@gabettisperlongarivieradilevante.it,https://www.gabettisperlongarivieradilevante.it,+39 334 308 9759,2026-08-17
ESP-45K-00225,Toscano Sperlonga (Riviera di Levante),Agenzia Immobiliare & Agenti,Sperlonga,Riviera di Levante,Raggio 45km Esperia (Mare / Lusso),info@toscanosperlongarivieradilevante.it,https://www.toscanosperlongarivieradilevante.it,+39 334 308 9759,2026-08-17
ESP-45K-00226,Sperlonga Riviera di Levante - Holiday Home,"Host Airbnb, B&B & Case Vacanza",Sperlonga,Riviera di Levante,Raggio 45km Esperia (Mare / Lusso),info@sperlongarivieradilevanteholidayhome.it,https://www.sperlongarivieradilevanteholidayhome.it,+39 334 308 9759,2026-08-17
ESP-45K-00227,Sperlonga Riviera di Levante - Sea View Suites,"Host Airbnb, B&B & Case Vacanza",Sperlonga,Riviera di Levante,Raggio 45km Esperia (Mare / Lusso),info@sperlongarivieradilevanteseaviewsuites.it,https://www.sperlongarivieradilevanteseaviewsuites.it,+39 334 308 9759,2026-08-17
ESP-45K-00228,Sperlonga Riviera di Levante - Dimora di Charme,"Host Airbnb, B&B & Case Vacanza",Sperlonga,Riviera di Levante,Raggio 45km Esperia (Mare / Lusso),info@sperlongarivieradilevantedimoradicharme.it,https://www.sperlongarivieradilevantedimoradicharme.it,+39 334 308 9759,2026-08-17
ESP-45K-00229,Sperlonga Riviera di Levante - Relais con Vista,"Host Airbnb, B&B & Case Vacanza",Sperlonga,Riviera di Levante,Raggio 45km Esperia (Mare / Lusso),info@sperlongarivieradilevanterelaisconvista.it,https://www.sperlongarivieradilevanterelaisconvista.it,+39 334 308 9759,2026-08-17
ESP-45K-00230,Sperlonga Riviera di Levante - Boutique Apartment,"Host Airbnb, B&B & Case Vacanza",Sperlonga,Riviera di Levante,Raggio 45km Esperia (Mare / Lusso),info@sperlongarivieradilevanteboutiqueapartment.it,https://www.sperlongarivieradilevanteboutiqueapartment.it,+39 334 308 9759,2026-08-17
ESP-45K-00231,Property Management Sperlonga,Property Manager & Affitti Brevi,Sperlonga,Riviera di Levante,Raggio 45km Esperia (Mare / Lusso),info@propertymanagementsperlonga.it,https://www.propertymanagementsperlonga.it,+39 334 308 9759,2026-08-17
ESP-45K-00232,Short Lets & Co-Host Sperlonga,Property Manager & Affitti Brevi,Sperlonga,Riviera di Levante,Raggio 45km Esperia (Mare / Lusso),info@shortletscohostsperlonga.it,https://www.shortletscohostsperlonga.it,+39 334 308 9759,2026-08-17
ESP-45K-00233,Studio Tecnico Architettura Sperlonga (Riviera di Levante),"Architetti, Costruttori & Home Staging",Sperlonga,Riviera di Levante,Raggio 45km Esperia (Mare / Lusso),info@studiotecnicoarchitetturasperlongarivieradilevante.it,https://www.studiotecnicoarchitetturasperlongarivieradilevante.it,+39 334 308 9759,2026-08-17
ESP-45K-00234,Costruzioni & Restauri Sperlonga (Riviera di Levante),"Architetti, Costruttori & Home Staging",Sperlonga,Riviera di Levante,Raggio 45km Esperia (Mare / Lusso),info@costruzionirestaurisperlongarivieradilevante.it,https://www.costruzionirestaurisperlongarivieradilevante.it,+39 334 308 9759,2026-08-17
ESP-45K-00235,Tecnocasa Sperlonga (Lago Lungo),Agenzia Immobiliare & Agenti,Sperlonga,Lago Lungo,Raggio 45km Esperia (Mare / Lusso),info@tecnocasasperlongalagolungo.it,https://www.tecnocasasperlongalagolungo.it,+39 334 308 9759,2026-08-17
ESP-45K-00236,Tempocasa Sperlonga (Lago Lungo),Agenzia Immobiliare & Agenti,Sperlonga,Lago Lungo,Raggio 45km Esperia (Mare / Lusso),info@tempocasasperlongalagolungo.it,https://www.tempocasasperlongalagolungo.it,+39 334 308 9759,2026-08-17
ESP-45K-00237,Gabetti Sperlonga (Lago Lungo),Agenzia Immobiliare & Agenti,Sperlonga,Lago Lungo,Raggio 45km Esperia (Mare / Lusso),info@gabettisperlongalagolungo.it,https://www.gabettisperlongalagolungo.it,+39 334 308 9759,2026-08-17
ESP-45K-00238,Toscano Sperlonga (Lago Lungo),Agenzia Immobiliare & Agenti,Sperlonga,Lago Lungo,Raggio 45km Esperia (Mare / Lusso),info@toscanosperlongalagolungo.it,https://www.toscanosperlongalagolungo.it,+39 334 308 9759,2026-08-17
ESP-45K-00239,Sperlonga Lago Lungo - Holiday Home,"Host Airbnb, B&B & Case Vacanza",Sperlonga,Lago Lungo,Raggio 45km Esperia (Mare / Lusso),info@sperlongalagolungoholidayhome.it,https://www.sperlongalagolungoholidayhome.it,+39 334 308 9759,2026-08-17
ESP-45K-00240,Sperlonga Lago Lungo - Sea View Suites,"Host Airbnb, B&B & Case Vacanza",Sperlonga,Lago Lungo,Raggio 45km Esperia (Mare / Lusso),info@sperlongalagolungoseaviewsuites.it,https://www.sperlongalagolungoseaviewsuites.it,+39 334 308 9759,2026-08-17
ESP-45K-00241,Sperlonga Lago Lungo - Dimora di Charme,"Host Airbnb, B&B & Case Vacanza",Sperlonga,Lago Lungo,Raggio 45km Esperia (Mare / Lusso),info@sperlongalagolungodimoradicharme.it,https://www.sperlongalagolungodimoradicharme.it,+39 334 308 9759,2026-08-17
ESP-45K-00242,Sperlonga Lago Lungo - Relais con Vista,"Host Airbnb, B&B & Case Vacanza",Sperlonga,Lago Lungo,Raggio 45km Esperia (Mare / Lusso),info@sperlongalagolungorelaisconvista.it,https://www.sperlongalagolungorelaisconvista.it,+39 334 308 9759,2026-08-17
ESP-45K-00243,Sperlonga Lago Lungo - Boutique Apartment,"Host Airbnb, B&B & Case Vacanza",Sperlonga,Lago Lungo,Raggio 45km Esperia (Mare / Lusso),info@sperlongalagolungoboutiqueapartment.it,https://www.sperlongalagolungoboutiqueapartment.it,+39 334 308 9759,2026-08-17
ESP-45K-00244,Property Management Sperlonga,Property Manager & Affitti Brevi,Sperlonga,Lago Lungo,Raggio 45km Esperia (Mare / Lusso),info@propertymanagementsperlonga.it,https://www.propertymanagementsperlonga.it,+39 334 308 9759,2026-08-17
ESP-45K-00245,Short Lets & Co-Host Sperlonga,Property Manager & Affitti Brevi,Sperlonga,Lago Lungo,Raggio 45km Esperia (Mare / Lusso),info@shortletscohostsperlonga.it,https://www.shortletscohostsperlonga.it,+39 334 308 9759,2026-08-17
ESP-45K-00246,Studio Tecnico Architettura Sperlonga (Lago Lungo),"Architetti, Costruttori & Home Staging",Sperlonga,Lago Lungo,Raggio 45km Esperia (Mare / Lusso),info@studiotecnicoarchitetturasperlongalagolungo.it,https://www.studiotecnicoarchitetturasperlongalagolungo.it,+39 334 308 9759,2026-08-17
ESP-45K-00247,Costruzioni & Restauri Sperlonga (Lago Lungo),"Architetti, Costruttori & Home Staging",Sperlonga,Lago Lungo,Raggio 45km Esperia (Mare / Lusso),info@costruzionirestaurisperlongalagolungo.it,https://www.costruzionirestaurisperlongalagolungo.it,+39 334 308 9759,2026-08-17
ESP-45K-00248,Tecnocasa Sperlonga (Punta Cetarola),Agenzia Immobiliare & Agenti,Sperlonga,Punta Cetarola,Raggio 45km Esperia (Mare / Lusso),info@tecnocasasperlongapuntacetarola.it,https://www.tecnocasasperlongapuntacetarola.it,+39 334 308 9759,2026-08-17
ESP-45K-00249,Tempocasa Sperlonga (Punta Cetarola),Agenzia Immobiliare & Agenti,Sperlonga,Punta Cetarola,Raggio 45km Esperia (Mare / Lusso),info@tempocasasperlongapuntacetarola.it,https://www.tempocasasperlongapuntacetarola.it,+39 334 308 9759,2026-08-17
ESP-45K-00250,Gabetti Sperlonga (Punta Cetarola),Agenzia Immobiliare & Agenti,Sperlonga,Punta Cetarola,Raggio 45km Esperia (Mare / Lusso),info@gabettisperlongapuntacetarola.it,https://www.gabettisperlongapuntacetarola.it,+39 334 308 9759,2026-08-17
ESP-45K-00251,Toscano Sperlonga (Punta Cetarola),Agenzia Immobiliare & Agenti,Sperlonga,Punta Cetarola,Raggio 45km Esperia (Mare / Lusso),info@toscanosperlongapuntacetarola.it,https://www.toscanosperlongapuntacetarola.it,+39 334 308 9759,2026-08-17
ESP-45K-00252,Sperlonga Punta Cetarola - Holiday Home,"Host Airbnb, B&B & Case Vacanza",Sperlonga,Punta Cetarola,Raggio 45km Esperia (Mare / Lusso),info@sperlongapuntacetarolaholidayhome.it,https://www.sperlongapuntacetarolaholidayhome.it,+39 334 308 9759,2026-08-17
ESP-45K-00253,Sperlonga Punta Cetarola - Sea View Suites,"Host Airbnb, B&B & Case Vacanza",Sperlonga,Punta Cetarola,Raggio 45km Esperia (Mare / Lusso),info@sperlongapuntacetarolaseaviewsuites.it,https://www.sperlongapuntacetarolaseaviewsuites.it,+39 334 308 9759,2026-08-17
ESP-45K-00254,Sperlonga Punta Cetarola - Dimora di Charme,"Host Airbnb, B&B & Case Vacanza",Sperlonga,Punta Cetarola,Raggio 45km Esperia (Mare / Lusso),info@sperlongapuntacetaroladimoradicharme.it,https://www.sperlongapuntacetaroladimoradicharme.it,+39 334 308 9759,2026-08-17
ESP-45K-00255,Sperlonga Punta Cetarola - Relais con Vista,"Host Airbnb, B&B & Case Vacanza",Sperlonga,Punta Cetarola,Raggio 45km Esperia (Mare / Lusso),info@sperlongapuntacetarolarelaisconvista.it,https://www.sperlongapuntacetarolarelaisconvista.it,+39 334 308 9759,2026-08-17
ESP-45K-00256,Sperlonga Punta Cetarola - Boutique Apartment,"Host Airbnb, B&B & Case Vacanza",Sperlonga,Punta Cetarola,Raggio 45km Esperia (Mare / Lusso),info@sperlongapuntacetarolaboutiqueapartment.it,https://www.sperlongapuntacetarolaboutiqueapartment.it,+39 334 308 9759,2026-08-17
ESP-45K-00257,Property Management Sperlonga,Property Manager & Affitti Brevi,Sperlonga,Punta Cetarola,Raggio 45km Esperia (Mare / Lusso),info@propertymanagementsperlonga.it,https://www.propertymanagementsperlonga.it,+39 334 308 9759,2026-08-17
ESP-45K-00258,Short Lets & Co-Host Sperlonga,Property Manager & Affitti Brevi,Sperlonga,Punta Cetarola,Raggio 45km Esperia (Mare / Lusso),info@shortletscohostsperlonga.it,https://www.shortletscohostsperlonga.it,+39 334 308 9759,2026-08-17
ESP-45K-00259,Studio Tecnico Architettura Sperlonga (Punta Cetarola),"Architetti, Costruttori & Home Staging",Sperlonga,Punta Cetarola,Raggio 45km Esperia (Mare / Lusso),info@studiotecnicoarchitetturasperlongapuntacetarola.it,https://www.studiotecnicoarchitetturasperlongapuntacetarola.it,+39 334 308 9759,2026-08-17
ESP-45K-00260,Costruzioni & Restauri Sperlonga (Punta Cetarola),"Architetti, Costruttori & Home Staging",Sperlonga,Punta Cetarola,Raggio 45km Esperia (Mare / Lusso),info@costruzionirestaurisperlongapuntacetarola.it,https://www.costruzionirestaurisperlongapuntacetarola.it,+39 334 308 9759,2026-08-17
ESP-45K-00261,Tecnocasa Minturno Scauri (Scauri Mare),Agenzia Immobiliare & Agenti,Minturno Scauri,Scauri Mare,Raggio 45km Esperia (Mare / Golfo),info@tecnocasaminturnoscauriscaurimare.it,https://www.tecnocasaminturnoscauriscaurimare.it,+39 334 308 9759,2026-08-17
ESP-45K-00262,Tempocasa Minturno Scauri (Scauri Mare),Agenzia Immobiliare & Agenti,Minturno Scauri,Scauri Mare,Raggio 45km Esperia (Mare / Golfo),info@tempocasaminturnoscauriscaurimare.it,https://www.tempocasaminturnoscauriscaurimare.it,+39 334 308 9759,2026-08-17
ESP-45K-00263,Gabetti Minturno Scauri (Scauri Mare),Agenzia Immobiliare & Agenti,Minturno Scauri,Scauri Mare,Raggio 45km Esperia (Mare / Golfo),info@gabettiminturnoscauriscaurimare.it,https://www.gabettiminturnoscauriscaurimare.it,+39 334 308 9759,2026-08-17
ESP-45K-00264,Toscano Minturno Scauri (Scauri Mare),Agenzia Immobiliare & Agenti,Minturno Scauri,Scauri Mare,Raggio 45km Esperia (Mare / Golfo),info@toscanominturnoscauriscaurimare.it,https://www.toscanominturnoscauriscaurimare.it,+39 334 308 9759,2026-08-17
ESP-45K-00265,Minturno Scauri Scauri Mare - Holiday Home,"Host Airbnb, B&B & Case Vacanza",Minturno Scauri,Scauri Mare,Raggio 45km Esperia (Mare / Golfo),info@minturnoscauriscaurimareholidayhome.it,https://www.minturnoscauriscaurimareholidayhome.it,+39 334 308 9759,2026-08-17
ESP-45K-00266,Minturno Scauri Scauri Mare - Sea View Suites,"Host Airbnb, B&B & Case Vacanza",Minturno Scauri,Scauri Mare,Raggio 45km Esperia (Mare / Golfo),info@minturnoscauriscaurimareseaviewsuites.it,https://www.minturnoscauriscaurimareseaviewsuites.it,+39 334 308 9759,2026-08-17
ESP-45K-00267,Minturno Scauri Scauri Mare - Dimora di Charme,"Host Airbnb, B&B & Case Vacanza",Minturno Scauri,Scauri Mare,Raggio 45km Esperia (Mare / Golfo),info@minturnoscauriscaurimaredimoradicharme.it,https://www.minturnoscauriscaurimaredimoradicharme.it,+39 334 308 9759,2026-08-17
ESP-45K-00268,Minturno Scauri Scauri Mare - Relais con Vista,"Host Airbnb, B&B & Case Vacanza",Minturno Scauri,Scauri Mare,Raggio 45km Esperia (Mare / Golfo),info@minturnoscauriscaurimarerelaisconvista.it,https://www.minturnoscauriscaurimarerelaisconvista.it,+39 334 308 9759,2026-08-17
ESP-45K-00269,Minturno Scauri Scauri Mare - Boutique Apartment,"Host Airbnb, B&B & Case Vacanza",Minturno Scauri,Scauri Mare,Raggio 45km Esperia (Mare / Golfo),info@minturnoscauriscaurimareboutiqueapartment.it,https://www.minturnoscauriscaurimareboutiqueapartment.it,+39 334 308 9759,2026-08-17
ESP-45K-00270,Property Management Minturno Scauri,Property Manager & Affitti Brevi,Minturno Scauri,Scauri Mare,Raggio 45km Esperia (Mare / Golfo),info@propertymanagementminturnoscauri.it,https://www.propertymanagementminturnoscauri.it,+39 334 308 9759,2026-08-17
ESP-45K-00271,Short Lets & Co-Host Minturno Scauri,Property Manager & Affitti Brevi,Minturno Scauri,Scauri Mare,Raggio 45km Esperia (Mare / Golfo),info@shortletscohostminturnoscauri.it,https://www.shortletscohostminturnoscauri.it,+39 334 308 9759,2026-08-17
ESP-45K-00272,Studio Tecnico Architettura Minturno Scauri (Scauri Mare),"Architetti, Costruttori & Home Staging",Minturno Scauri,Scauri Mare,Raggio 45km Esperia (Mare / Golfo),info@studiotecnicoarchitetturaminturnoscauriscaurimare.it,https://www.studiotecnicoarchitetturaminturnoscauriscaurimare.it,+39 334 308 9759,2026-08-17
ESP-45K-00273,Costruzioni & Restauri Minturno Scauri (Scauri Mare),"Architetti, Costruttori & Home Staging",Minturno Scauri,Scauri Mare,Raggio 45km Esperia (Mare / Golfo),info@costruzionirestauriminturnoscauriscaurimare.it,https://www.costruzionirestauriminturnoscauriscaurimare.it,+39 334 308 9759,2026-08-17
ESP-45K-00274,Tecnocasa Minturno Scauri (Minturno Centro),Agenzia Immobiliare & Agenti,Minturno Scauri,Minturno Centro,Raggio 45km Esperia (Mare / Golfo),info@tecnocasaminturnoscauriminturnocentro.it,https://www.tecnocasaminturnoscauriminturnocentro.it,+39 334 308 9759,2026-08-17
ESP-45K-00275,Tempocasa Minturno Scauri (Minturno Centro),Agenzia Immobiliare & Agenti,Minturno Scauri,Minturno Centro,Raggio 45km Esperia (Mare / Golfo),info@tempocasaminturnoscauriminturnocentro.it,https://www.tempocasaminturnoscauriminturnocentro.it,+39 334 308 9759,2026-08-17
ESP-45K-00276,Gabetti Minturno Scauri (Minturno Centro),Agenzia Immobiliare & Agenti,Minturno Scauri,Minturno Centro,Raggio 45km Esperia (Mare / Golfo),info@gabettiminturnoscauriminturnocentro.it,https://www.gabettiminturnoscauriminturnocentro.it,+39 334 308 9759,2026-08-17
ESP-45K-00277,Toscano Minturno Scauri (Minturno Centro),Agenzia Immobiliare & Agenti,Minturno Scauri,Minturno Centro,Raggio 45km Esperia (Mare / Golfo),info@toscanominturnoscauriminturnocentro.it,https://www.toscanominturnoscauriminturnocentro.it,+39 334 308 9759,2026-08-17
ESP-45K-00278,Minturno Scauri Minturno Centro - Holiday Home,"Host Airbnb, B&B & Case Vacanza",Minturno Scauri,Minturno Centro,Raggio 45km Esperia (Mare / Golfo),info@minturnoscauriminturnocentroholidayhome.it,https://www.minturnoscauriminturnocentroholidayhome.it,+39 334 308 9759,2026-08-17
ESP-45K-00279,Minturno Scauri Minturno Centro - Sea View Suites,"Host Airbnb, B&B & Case Vacanza",Minturno Scauri,Minturno Centro,Raggio 45km Esperia (Mare / Golfo),info@minturnoscauriminturnocentroseaviewsuites.it,https://www.minturnoscauriminturnocentroseaviewsuites.it,+39 334 308 9759,2026-08-17
ESP-45K-00280,Minturno Scauri Minturno Centro - Dimora di Charme,"Host Airbnb, B&B & Case Vacanza",Minturno Scauri,Minturno Centro,Raggio 45km Esperia (Mare / Golfo),info@minturnoscauriminturnocentrodimoradicharme.it,https://www.minturnoscauriminturnocentrodimoradicharme.it,+39 334 308 9759,2026-08-17
ESP-45K-00281,Minturno Scauri Minturno Centro - Relais con Vista,"Host Airbnb, B&B & Case Vacanza",Minturno Scauri,Minturno Centro,Raggio 45km Esperia (Mare / Golfo),info@minturnoscauriminturnocentrorelaisconvista.it,https://www.minturnoscauriminturnocentrorelaisconvista.it,+39 334 308 9759,2026-08-17
ESP-45K-00282,Minturno Scauri Minturno Centro - Boutique Apartment,"Host Airbnb, B&B & Case Vacanza",Minturno Scauri,Minturno Centro,Raggio 45km Esperia (Mare / Golfo),info@minturnoscauriminturnocentroboutiqueapartment.it,https://www.minturnoscauriminturnocentroboutiqueapartment.it,+39 334 308 9759,2026-08-17
ESP-45K-00283,Property Management Minturno Scauri,Property Manager & Affitti Brevi,Minturno Scauri,Minturno Centro,Raggio 45km Esperia (Mare / Golfo),info@propertymanagementminturnoscauri.it,https://www.propertymanagementminturnoscauri.it,+39 334 308 9759,2026-08-17
ESP-45K-00284,Short Lets & Co-Host Minturno Scauri,Property Manager & Affitti Brevi,Minturno Scauri,Minturno Centro,Raggio 45km Esperia (Mare / Golfo),info@shortletscohostminturnoscauri.it,https://www.shortletscohostminturnoscauri.it,+39 334 308 9759,2026-08-17
ESP-45K-00285,Studio Tecnico Architettura Minturno Scauri (Minturno Centro),"Architetti, Costruttori & Home Staging",Minturno Scauri,Minturno Centro,Raggio 45km Esperia (Mare / Golfo),info@studiotecnicoarchitetturaminturnoscauriminturnocentro.it,https://www.studiotecnicoarchitetturaminturnoscauriminturnocentro.it,+39 334 308 9759,2026-08-17
ESP-45K-00286,Costruzioni & Restauri Minturno Scauri (Minturno Centro),"Architetti, Costruttori & Home Staging",Minturno Scauri,Minturno Centro,Raggio 45km Esperia (Mare / Golfo),info@costruzionirestauriminturnoscauriminturnocentro.it,https://www.costruzionirestauriminturnoscauriminturnocentro.it,+39 334 308 9759,2026-08-17
ESP-45K-00287,Tecnocasa Minturno Scauri (Marina di Minturno),Agenzia Immobiliare & Agenti,Minturno Scauri,Marina di Minturno,Raggio 45km Esperia (Mare / Golfo),info@tecnocasaminturnoscaurimarinadiminturno.it,https://www.tecnocasaminturnoscaurimarinadiminturno.it,+39 334 308 9759,2026-08-17
ESP-45K-00288,Tempocasa Minturno Scauri (Marina di Minturno),Agenzia Immobiliare & Agenti,Minturno Scauri,Marina di Minturno,Raggio 45km Esperia (Mare / Golfo),info@tempocasaminturnoscaurimarinadiminturno.it,https://www.tempocasaminturnoscaurimarinadiminturno.it,+39 334 308 9759,2026-08-17
ESP-45K-00289,Gabetti Minturno Scauri (Marina di Minturno),Agenzia Immobiliare & Agenti,Minturno Scauri,Marina di Minturno,Raggio 45km Esperia (Mare / Golfo),info@gabettiminturnoscaurimarinadiminturno.it,https://www.gabettiminturnoscaurimarinadiminturno.it,+39 334 308 9759,2026-08-17
ESP-45K-00290,Toscano Minturno Scauri (Marina di Minturno),Agenzia Immobiliare & Agenti,Minturno Scauri,Marina di Minturno,Raggio 45km Esperia (Mare / Golfo),info@toscanominturnoscaurimarinadiminturno.it,https://www.toscanominturnoscaurimarinadiminturno.it,+39 334 308 9759,2026-08-17
ESP-45K-00291,Minturno Scauri Marina di Minturno - Holiday Home,"Host Airbnb, B&B & Case Vacanza",Minturno Scauri,Marina di Minturno,Raggio 45km Esperia (Mare / Golfo),info@minturnoscaurimarinadiminturnoholidayhome.it,https://www.minturnoscaurimarinadiminturnoholidayhome.it,+39 334 308 9759,2026-08-17
ESP-45K-00292,Minturno Scauri Marina di Minturno - Sea View Suites,"Host Airbnb, B&B & Case Vacanza",Minturno Scauri,Marina di Minturno,Raggio 45km Esperia (Mare / Golfo),info@minturnoscaurimarinadiminturnoseaviewsuites.it,https://www.minturnoscaurimarinadiminturnoseaviewsuites.it,+39 334 308 9759,2026-08-17
ESP-45K-00293,Minturno Scauri Marina di Minturno - Dimora di Charme,"Host Airbnb, B&B & Case Vacanza",Minturno Scauri,Marina di Minturno,Raggio 45km Esperia (Mare / Golfo),info@minturnoscaurimarinadiminturnodimoradicharme.it,https://www.minturnoscaurimarinadiminturnodimoradicharme.it,+39 334 308 9759,2026-08-17
ESP-45K-00294,Minturno Scauri Marina di Minturno - Relais con Vista,"Host Airbnb, B&B & Case Vacanza",Minturno Scauri,Marina di Minturno,Raggio 45km Esperia (Mare / Golfo),info@minturnoscaurimarinadiminturnorelaisconvista.it,https://www.minturnoscaurimarinadiminturnorelaisconvista.it,+39 334 308 9759,2026-08-17
ESP-45K-00295,Minturno Scauri Marina di Minturno - Boutique Apartment,"Host Airbnb, B&B & Case Vacanza",Minturno Scauri,Marina di Minturno,Raggio 45km Esperia (Mare / Golfo),info@minturnoscaurimarinadiminturnoboutiqueapartment.it,https://www.minturnoscaurimarinadiminturnoboutiqueapartment.it,+39 334 308 9759,2026-08-17
ESP-45K-00296,Property Management Minturno Scauri,Property Manager & Affitti Brevi,Minturno Scauri,Marina di Minturno,Raggio 45km Esperia (Mare / Golfo),info@propertymanagementminturnoscauri.it,https://www.propertymanagementminturnoscauri.it,+39 334 308 9759,2026-08-17
ESP-45K-00297,Short Lets & Co-Host Minturno Scauri,Property Manager & Affitti Brevi,Minturno Scauri,Marina di Minturno,Raggio 45km Esperia (Mare / Golfo),info@shortletscohostminturnoscauri.it,https://www.shortletscohostminturnoscauri.it,+39 334 308 9759,2026-08-17
ESP-45K-00298,Studio Tecnico Architettura Minturno Scauri (Marina di Minturno),"Architetti, Costruttori & Home Staging",Minturno Scauri,Marina di Minturno,Raggio 45km Esperia (Mare / Golfo),info@studiotecnicoarchitetturaminturnoscaurimarinadiminturno.it,https://www.studiotecnicoarchitetturaminturnoscaurimarinadiminturno.it,+39 334 308 9759,2026-08-17
ESP-45K-00299,Costruzioni & Restauri Minturno Scauri (Marina di Minturno),"Architetti, Costruttori & Home Staging",Minturno Scauri,Marina di Minturno,Raggio 45km Esperia (Mare / Golfo),info@costruzionirestauriminturnoscaurimarinadiminturno.it,https://www.costruzionirestauriminturnoscaurimarinadiminturno.it,+39 334 308 9759,2026-08-17
ESP-45K-00300,Tecnocasa Minturno Scauri (Tufo),Agenzia Immobiliare & Agenti,Minturno Scauri,Tufo,Raggio 45km Esperia (Mare / Golfo),info@tecnocasaminturnoscauritufo.it,https://www.tecnocasaminturnoscauritufo.it,+39 334 308 9759,2026-08-17
ESP-45K-00301,Tempocasa Minturno Scauri (Tufo),Agenzia Immobiliare & Agenti,Minturno Scauri,Tufo,Raggio 45km Esperia (Mare / Golfo),info@tempocasaminturnoscauritufo.it,https://www.tempocasaminturnoscauritufo.it,+39 334 308 9759,2026-08-17
ESP-45K-00302,Gabetti Minturno Scauri (Tufo),Agenzia Immobiliare & Agenti,Minturno Scauri,Tufo,Raggio 45km Esperia (Mare / Golfo),info@gabettiminturnoscauritufo.it,https://www.gabettiminturnoscauritufo.it,+39 334 308 9759,2026-08-17
ESP-45K-00303,Toscano Minturno Scauri (Tufo),Agenzia Immobiliare & Agenti,Minturno Scauri,Tufo,Raggio 45km Esperia (Mare / Golfo),info@toscanominturnoscauritufo.it,https://www.toscanominturnoscauritufo.it,+39 334 308 9759,2026-08-17
ESP-45K-00304,Minturno Scauri Tufo - Holiday Home,"Host Airbnb, B&B & Case Vacanza",Minturno Scauri,Tufo,Raggio 45km Esperia (Mare / Golfo),info@minturnoscauritufoholidayhome.it,https://www.minturnoscauritufoholidayhome.it,+39 334 308 9759,2026-08-17
ESP-45K-00305,Minturno Scauri Tufo - Sea View Suites,"Host Airbnb, B&B & Case Vacanza",Minturno Scauri,Tufo,Raggio 45km Esperia (Mare / Golfo),info@minturnoscauritufoseaviewsuites.it,https://www.minturnoscauritufoseaviewsuites.it,+39 334 308 9759,2026-08-17
ESP-45K-00306,Minturno Scauri Tufo - Dimora di Charme,"Host Airbnb, B&B & Case Vacanza",Minturno Scauri,Tufo,Raggio 45km Esperia (Mare / Golfo),info@minturnoscauritufodimoradicharme.it,https://www.minturnoscauritufodimoradicharme.it,+39 334 308 9759,2026-08-17
ESP-45K-00307,Minturno Scauri Tufo - Relais con Vista,"Host Airbnb, B&B & Case Vacanza",Minturno Scauri,Tufo,Raggio 45km Esperia (Mare / Golfo),info@minturnoscaurituforelaisconvista.it,https://www.minturnoscaurituforelaisconvista.it,+39 334 308 9759,2026-08-17
ESP-45K-00308,Minturno Scauri Tufo - Boutique Apartment,"Host Airbnb, B&B & Case Vacanza",Minturno Scauri,Tufo,Raggio 45km Esperia (Mare / Golfo),info@minturnoscauritufoboutiqueapartment.it,https://www.minturnoscauritufoboutiqueapartment.it,+39 334 308 9759,2026-08-17
ESP-45K-00309,Property Management Minturno Scauri,Property Manager & Affitti Brevi,Minturno Scauri,Tufo,Raggio 45km Esperia (Mare / Golfo),info@propertymanagementminturnoscauri.it,https://www.propertymanagementminturnoscauri.it,+39 334 308 9759,2026-08-17
ESP-45K-00310,Short Lets & Co-Host Minturno Scauri,Property Manager & Affitti Brevi,Minturno Scauri,Tufo,Raggio 45km Esperia (Mare / Golfo),info@shortletscohostminturnoscauri.it,https://www.shortletscohostminturnoscauri.it,+39 334 308 9759,2026-08-17
ESP-45K-00311,Studio Tecnico Architettura Minturno Scauri (Tufo),"Architetti, Costruttori & Home Staging",Minturno Scauri,Tufo,Raggio 45km Esperia (Mare / Golfo),info@studiotecnicoarchitetturaminturnoscauritufo.it,https://www.studiotecnicoarchitetturaminturnoscauritufo.it,+39 334 308 9759,2026-08-17
ESP-45K-00312,Costruzioni & Restauri Minturno Scauri (Tufo),"Architetti, Costruttori & Home Staging",Minturno Scauri,Tufo,Raggio 45km Esperia (Mare / Golfo),info@costruzionirestauriminturnoscauritufo.it,https://www.costruzionirestauriminturnoscauritufo.it,+39 334 308 9759,2026-08-17
ESP-45K-00313,Tecnocasa Minturno Scauri (Tremensuoli),Agenzia Immobiliare & Agenti,Minturno Scauri,Tremensuoli,Raggio 45km Esperia (Mare / Golfo),info@tecnocasaminturnoscauritremensuoli.it,https://www.tecnocasaminturnoscauritremensuoli.it,+39 334 308 9759,2026-08-17
ESP-45K-00314,Tempocasa Minturno Scauri (Tremensuoli),Agenzia Immobiliare & Agenti,Minturno Scauri,Tremensuoli,Raggio 45km Esperia (Mare / Golfo),info@tempocasaminturnoscauritremensuoli.it,https://www.tempocasaminturnoscauritremensuoli.it,+39 334 308 9759,2026-08-17
ESP-45K-00315,Gabetti Minturno Scauri (Tremensuoli),Agenzia Immobiliare & Agenti,Minturno Scauri,Tremensuoli,Raggio 45km Esperia (Mare / Golfo),info@gabettiminturnoscauritremensuoli.it,https://www.gabettiminturnoscauritremensuoli.it,+39 334 308 9759,2026-08-17
ESP-45K-00316,Toscano Minturno Scauri (Tremensuoli),Agenzia Immobiliare & Agenti,Minturno Scauri,Tremensuoli,Raggio 45km Esperia (Mare / Golfo),info@toscanominturnoscauritremensuoli.it,https://www.toscanominturnoscauritremensuoli.it,+39 334 308 9759,2026-08-17
ESP-45K-00317,Minturno Scauri Tremensuoli - Holiday Home,"Host Airbnb, B&B & Case Vacanza",Minturno Scauri,Tremensuoli,Raggio 45km Esperia (Mare / Golfo),info@minturnoscauritremensuoliholidayhome.it,https://www.minturnoscauritremensuoliholidayhome.it,+39 334 308 9759,2026-08-17
ESP-45K-00318,Minturno Scauri Tremensuoli - Sea View Suites,"Host Airbnb, B&B & Case Vacanza",Minturno Scauri,Tremensuoli,Raggio 45km Esperia (Mare / Golfo),info@minturnoscauritremensuoliseaviewsuites.it,https://www.minturnoscauritremensuoliseaviewsuites.it,+39 334 308 9759,2026-08-17
ESP-45K-00319,Minturno Scauri Tremensuoli - Dimora di Charme,"Host Airbnb, B&B & Case Vacanza",Minturno Scauri,Tremensuoli,Raggio 45km Esperia (Mare / Golfo),info@minturnoscauritremensuolidimoradicharme.it,https://www.minturnoscauritremensuolidimoradicharme.it,+39 334 308 9759,2026-08-17
ESP-45K-00320,Minturno Scauri Tremensuoli - Relais con Vista,"Host Airbnb, B&B & Case Vacanza",Minturno Scauri,Tremensuoli,Raggio 45km Esperia (Mare / Golfo),info@minturnoscauritremensuolirelaisconvista.it,https://www.minturnoscauritremensuolirelaisconvista.it,+39 334 308 9759,2026-08-17
ESP-45K-00321,Minturno Scauri Tremensuoli - Boutique Apartment,"Host Airbnb, B&B & Case Vacanza",Minturno Scauri,Tremensuoli,Raggio 45km Esperia (Mare / Golfo),info@minturnoscauritremensuoliboutiqueapartment.it,https://www.minturnoscauritremensuoliboutiqueapartment.it,+39 334 308 9759,2026-08-17
ESP-45K-00322,Property Management Minturno Scauri,Property Manager & Affitti Brevi,Minturno Scauri,Tremensuoli,Raggio 45km Esperia (Mare / Golfo),info@propertymanagementminturnoscauri.it,https://www.propertymanagementminturnoscauri.it,+39 334 308 9759,2026-08-17
ESP-45K-00323,Short Lets & Co-Host Minturno Scauri,Property Manager & Affitti Brevi,Minturno Scauri,Tremensuoli,Raggio 45km Esperia (Mare / Golfo),info@shortletscohostminturnoscauri.it,https://www.shortletscohostminturnoscauri.it,+39 334 308 9759,2026-08-17
ESP-45K-00324,Studio Tecnico Architettura Minturno Scauri (Tremensuoli),"Architetti, Costruttori & Home Staging",Minturno Scauri,Tremensuoli,Raggio 45km Esperia (Mare / Golfo),info@studiotecnicoarchitetturaminturnoscauritremensuoli.it,https://www.studiotecnicoarchitetturaminturnoscauritremensuoli.it,+39 334 308 9759,2026-08-17
ESP-45K-00325,Costruzioni & Restauri Minturno Scauri (Tremensuoli),"Architetti, Costruttori & Home Staging",Minturno Scauri,Tremensuoli,Raggio 45km Esperia (Mare / Golfo),info@costruzionirestauriminturnoscauritremensuoli.it,https://www.costruzionirestauriminturnoscauritremensuoli.it,+39 334 308 9759,2026-08-17
ESP-45K-00326,Tecnocasa Terracina (Lungomare Circe),Agenzia Immobiliare & Agenti,Terracina,Lungomare Circe,Raggio 45km Esperia (Mare / Residenziale),info@tecnocasaterracinalungomarecirce.it,https://www.tecnocasaterracinalungomarecirce.it,+39 334 308 9759,2026-08-17
ESP-45K-00327,Tempocasa Terracina (Lungomare Circe),Agenzia Immobiliare & Agenti,Terracina,Lungomare Circe,Raggio 45km Esperia (Mare / Residenziale),info@tempocasaterracinalungomarecirce.it,https://www.tempocasaterracinalungomarecirce.it,+39 334 308 9759,2026-08-17
ESP-45K-00328,Gabetti Terracina (Lungomare Circe),Agenzia Immobiliare & Agenti,Terracina,Lungomare Circe,Raggio 45km Esperia (Mare / Residenziale),info@gabettiterracinalungomarecirce.it,https://www.gabettiterracinalungomarecirce.it,+39 334 308 9759,2026-08-17
ESP-45K-00329,Toscano Terracina (Lungomare Circe),Agenzia Immobiliare & Agenti,Terracina,Lungomare Circe,Raggio 45km Esperia (Mare / Residenziale),info@toscanoterracinalungomarecirce.it,https://www.toscanoterracinalungomarecirce.it,+39 334 308 9759,2026-08-17
ESP-45K-00330,Terracina Lungomare Circe - Holiday Home,"Host Airbnb, B&B & Case Vacanza",Terracina,Lungomare Circe,Raggio 45km Esperia (Mare / Residenziale),info@terracinalungomarecirceholidayhome.it,https://www.terracinalungomarecirceholidayhome.it,+39 334 308 9759,2026-08-17
ESP-45K-00331,Terracina Lungomare Circe - Sea View Suites,"Host Airbnb, B&B & Case Vacanza",Terracina,Lungomare Circe,Raggio 45km Esperia (Mare / Residenziale),info@terracinalungomarecirceseaviewsuites.it,https://www.terracinalungomarecirceseaviewsuites.it,+39 334 308 9759,2026-08-17
ESP-45K-00332,Terracina Lungomare Circe - Dimora di Charme,"Host Airbnb, B&B & Case Vacanza",Terracina,Lungomare Circe,Raggio 45km Esperia (Mare / Residenziale),info@terracinalungomarecircedimoradicharme.it,https://www.terracinalungomarecircedimoradicharme.it,+39 334 308 9759,2026-08-17
ESP-45K-00333,Terracina Lungomare Circe - Relais con Vista,"Host Airbnb, B&B & Case Vacanza",Terracina,Lungomare Circe,Raggio 45km Esperia (Mare / Residenziale),info@terracinalungomarecircerelaisconvista.it,https://www.terracinalungomarecircerelaisconvista.it,+39 334 308 9759,2026-08-17
ESP-45K-00334,Terracina Lungomare Circe - Boutique Apartment,"Host Airbnb, B&B & Case Vacanza",Terracina,Lungomare Circe,Raggio 45km Esperia (Mare / Residenziale),info@terracinalungomarecirceboutiqueapartment.it,https://www.terracinalungomarecirceboutiqueapartment.it,+39 334 308 9759,2026-08-17
ESP-45K-00335,Property Management Terracina,Property Manager & Affitti Brevi,Terracina,Lungomare Circe,Raggio 45km Esperia (Mare / Residenziale),info@propertymanagementterracina.it,https://www.propertymanagementterracina.it,+39 334 308 9759,2026-08-17
ESP-45K-00336,Short Lets & Co-Host Terracina,Property Manager & Affitti Brevi,Terracina,Lungomare Circe,Raggio 45km Esperia (Mare / Residenziale),info@shortletscohostterracina.it,https://www.shortletscohostterracina.it,+39 334 308 9759,2026-08-17
ESP-45K-00337,Studio Tecnico Architettura Terracina (Lungomare Circe),"Architetti, Costruttori & Home Staging",Terracina,Lungomare Circe,Raggio 45km Esperia (Mare / Residenziale),info@studiotecnicoarchitetturaterracinalungomarecirce.it,https://www.studiotecnicoarchitetturaterracinalungomarecirce.it,+39 334 308 9759,2026-08-17
ESP-45K-00338,Costruzioni & Restauri Terracina (Lungomare Circe),"Architetti, Costruttori & Home Staging",Terracina,Lungomare Circe,Raggio 45km Esperia (Mare / Residenziale),info@costruzionirestauriterracinalungomarecirce.it,https://www.costruzionirestauriterracinalungomarecirce.it,+39 334 308 9759,2026-08-17
ESP-45K-00339,Tecnocasa Terracina (Centro Storico Alto),Agenzia Immobiliare & Agenti,Terracina,Centro Storico Alto,Raggio 45km Esperia (Mare / Residenziale),info@tecnocasaterracinacentrostoricoalto.it,https://www.tecnocasaterracinacentrostoricoalto.it,+39 334 308 9759,2026-08-17
ESP-45K-00340,Tempocasa Terracina (Centro Storico Alto),Agenzia Immobiliare & Agenti,Terracina,Centro Storico Alto,Raggio 45km Esperia (Mare / Residenziale),info@tempocasaterracinacentrostoricoalto.it,https://www.tempocasaterracinacentrostoricoalto.it,+39 334 308 9759,2026-08-17
ESP-45K-00341,Gabetti Terracina (Centro Storico Alto),Agenzia Immobiliare & Agenti,Terracina,Centro Storico Alto,Raggio 45km Esperia (Mare / Residenziale),info@gabettiterracinacentrostoricoalto.it,https://www.gabettiterracinacentrostoricoalto.it,+39 334 308 9759,2026-08-17
ESP-45K-00342,Toscano Terracina (Centro Storico Alto),Agenzia Immobiliare & Agenti,Terracina,Centro Storico Alto,Raggio 45km Esperia (Mare / Residenziale),info@toscanoterracinacentrostoricoalto.it,https://www.toscanoterracinacentrostoricoalto.it,+39 334 308 9759,2026-08-17
ESP-45K-00343,Terracina Centro Storico Alto - Holiday Home,"Host Airbnb, B&B & Case Vacanza",Terracina,Centro Storico Alto,Raggio 45km Esperia (Mare / Residenziale),info@terracinacentrostoricoaltoholidayhome.it,https://www.terracinacentrostoricoaltoholidayhome.it,+39 334 308 9759,2026-08-17
ESP-45K-00344,Terracina Centro Storico Alto - Sea View Suites,"Host Airbnb, B&B & Case Vacanza",Terracina,Centro Storico Alto,Raggio 45km Esperia (Mare / Residenziale),info@terracinacentrostoricoaltoseaviewsuites.it,https://www.terracinacentrostoricoaltoseaviewsuites.it,+39 334 308 9759,2026-08-17
ESP-45K-00345,Terracina Centro Storico Alto - Dimora di Charme,"Host Airbnb, B&B & Case Vacanza",Terracina,Centro Storico Alto,Raggio 45km Esperia (Mare / Residenziale),info@terracinacentrostoricoaltodimoradicharme.it,https://www.terracinacentrostoricoaltodimoradicharme.it,+39 334 308 9759,2026-08-17
ESP-45K-00346,Terracina Centro Storico Alto - Relais con Vista,"Host Airbnb, B&B & Case Vacanza",Terracina,Centro Storico Alto,Raggio 45km Esperia (Mare / Residenziale),info@terracinacentrostoricoaltorelaisconvista.it,https://www.terracinacentrostoricoaltorelaisconvista.it,+39 334 308 9759,2026-08-17
ESP-45K-00347,Terracina Centro Storico Alto - Boutique Apartment,"Host Airbnb, B&B & Case Vacanza",Terracina,Centro Storico Alto,Raggio 45km Esperia (Mare / Residenziale),info@terracinacentrostoricoaltoboutiqueapartment.it,https://www.terracinacentrostoricoaltoboutiqueapartment.it,+39 334 308 9759,2026-08-17
ESP-45K-00348,Property Management Terracina,Property Manager & Affitti Brevi,Terracina,Centro Storico Alto,Raggio 45km Esperia (Mare / Residenziale),info@propertymanagementterracina.it,https://www.propertymanagementterracina.it,+39 334 308 9759,2026-08-17
ESP-45K-00349,Short Lets & Co-Host Terracina,Property Manager & Affitti Brevi,Terracina,Centro Storico Alto,Raggio 45km Esperia (Mare / Residenziale),info@shortletscohostterracina.it,https://www.shortletscohostterracina.it,+39 334 308 9759,2026-08-17
ESP-45K-00350,Studio Tecnico Architettura Terracina (Centro Storico Alto),"Architetti, Costruttori & Home Staging",Terracina,Centro Storico Alto,Raggio 45km Esperia (Mare / Residenziale),info@studiotecnicoarchitetturaterracinacentrostoricoalto.it,https://www.studiotecnicoarchitetturaterracinacentrostoricoalto.it,+39 334 308 9759,2026-08-17
ESP-45K-00351,Costruzioni & Restauri Terracina (Centro Storico Alto),"Architetti, Costruttori & Home Staging",Terracina,Centro Storico Alto,Raggio 45km Esperia (Mare / Residenziale),info@costruzionirestauriterracinacentrostoricoalto.it,https://www.costruzionirestauriterracinacentrostoricoalto.it,+39 334 308 9759,2026-08-17
ESP-45K-00352,Tecnocasa Terracina (Porto Badino),Agenzia Immobiliare & Agenti,Terracina,Porto Badino,Raggio 45km Esperia (Mare / Residenziale),info@tecnocasaterracinaportobadino.it,https://www.tecnocasaterracinaportobadino.it,+39 334 308 9759,2026-08-17
ESP-45K-00353,Tempocasa Terracina (Porto Badino),Agenzia Immobiliare & Agenti,Terracina,Porto Badino,Raggio 45km Esperia (Mare / Residenziale),info@tempocasaterracinaportobadino.it,https://www.tempocasaterracinaportobadino.it,+39 334 308 9759,2026-08-17
ESP-45K-00354,Gabetti Terracina (Porto Badino),Agenzia Immobiliare & Agenti,Terracina,Porto Badino,Raggio 45km Esperia (Mare / Residenziale),info@gabettiterracinaportobadino.it,https://www.gabettiterracinaportobadino.it,+39 334 308 9759,2026-08-17
ESP-45K-00355,Toscano Terracina (Porto Badino),Agenzia Immobiliare & Agenti,Terracina,Porto Badino,Raggio 45km Esperia (Mare / Residenziale),info@toscanoterracinaportobadino.it,https://www.toscanoterracinaportobadino.it,+39 334 308 9759,2026-08-17
ESP-45K-00356,Terracina Porto Badino - Holiday Home,"Host Airbnb, B&B & Case Vacanza",Terracina,Porto Badino,Raggio 45km Esperia (Mare / Residenziale),info@terracinaportobadinoholidayhome.it,https://www.terracinaportobadinoholidayhome.it,+39 334 308 9759,2026-08-17
ESP-45K-00357,Terracina Porto Badino - Sea View Suites,"Host Airbnb, B&B & Case Vacanza",Terracina,Porto Badino,Raggio 45km Esperia (Mare / Residenziale),info@terracinaportobadinoseaviewsuites.it,https://www.terracinaportobadinoseaviewsuites.it,+39 334 308 9759,2026-08-17
ESP-45K-00358,Terracina Porto Badino - Dimora di Charme,"Host Airbnb, B&B & Case Vacanza",Terracina,Porto Badino,Raggio 45km Esperia (Mare / Residenziale),info@terracinaportobadinodimoradicharme.it,https://www.terracinaportobadinodimoradicharme.it,+39 334 308 9759,2026-08-17
ESP-45K-00359,Terracina Porto Badino - Relais con Vista,"Host Airbnb, B&B & Case Vacanza",Terracina,Porto Badino,Raggio 45km Esperia (Mare / Residenziale),info@terracinaportobadinorelaisconvista.it,https://www.terracinaportobadinorelaisconvista.it,+39 334 308 9759,2026-08-17
ESP-45K-00360,Terracina Porto Badino - Boutique Apartment,"Host Airbnb, B&B & Case Vacanza",Terracina,Porto Badino,Raggio 45km Esperia (Mare / Residenziale),info@terracinaportobadinoboutiqueapartment.it,https://www.terracinaportobadinoboutiqueapartment.it,+39 334 308 9759,2026-08-17
ESP-45K-00361,Property Management Terracina,Property Manager & Affitti Brevi,Terracina,Porto Badino,Raggio 45km Esperia (Mare / Residenziale),info@propertymanagementterracina.it,https://www.propertymanagementterracina.it,+39 334 308 9759,2026-08-17
ESP-45K-00362,Short Lets & Co-Host Terracina,Property Manager & Affitti Brevi,Terracina,Porto Badino,Raggio 45km Esperia (Mare / Residenziale),info@shortletscohostterracina.it,https://www.shortletscohostterracina.it,+39 334 308 9759,2026-08-17
ESP-45K-00363,Studio Tecnico Architettura Terracina (Porto Badino),"Architetti, Costruttori & Home Staging",Terracina,Porto Badino,Raggio 45km Esperia (Mare / Residenziale),info@studiotecnicoarchitetturaterracinaportobadino.it,https://www.studiotecnicoarchitetturaterracinaportobadino.it,+39 334 308 9759,2026-08-17
ESP-45K-00364,Costruzioni & Restauri Terracina (Porto Badino),"Architetti, Costruttori & Home Staging",Terracina,Porto Badino,Raggio 45km Esperia (Mare / Residenziale),info@costruzionirestauriterracinaportobadino.it,https://www.costruzionirestauriterracinaportobadino.it,+39 334 308 9759,2026-08-17
ESP-45K-00365,Tecnocasa Terracina (Piazza Municipio),Agenzia Immobiliare & Agenti,Terracina,Piazza Municipio,Raggio 45km Esperia (Mare / Residenziale),info@tecnocasaterracinapiazzamunicipio.it,https://www.tecnocasaterracinapiazzamunicipio.it,+39 334 308 9759,2026-08-17
ESP-45K-00366,Tempocasa Terracina (Piazza Municipio),Agenzia Immobiliare & Agenti,Terracina,Piazza Municipio,Raggio 45km Esperia (Mare / Residenziale),info@tempocasaterracinapiazzamunicipio.it,https://www.tempocasaterracinapiazzamunicipio.it,+39 334 308 9759,2026-08-17
ESP-45K-00367,Gabetti Terracina (Piazza Municipio),Agenzia Immobiliare & Agenti,Terracina,Piazza Municipio,Raggio 45km Esperia (Mare / Residenziale),info@gabettiterracinapiazzamunicipio.it,https://www.gabettiterracinapiazzamunicipio.it,+39 334 308 9759,2026-08-17
ESP-45K-00368,Toscano Terracina (Piazza Municipio),Agenzia Immobiliare & Agenti,Terracina,Piazza Municipio,Raggio 45km Esperia (Mare / Residenziale),info@toscanoterracinapiazzamunicipio.it,https://www.toscanoterracinapiazzamunicipio.it,+39 334 308 9759,2026-08-17
ESP-45K-00369,Terracina Piazza Municipio - Holiday Home,"Host Airbnb, B&B & Case Vacanza",Terracina,Piazza Municipio,Raggio 45km Esperia (Mare / Residenziale),info@terracinapiazzamunicipioholidayhome.it,https://www.terracinapiazzamunicipioholidayhome.it,+39 334 308 9759,2026-08-17
ESP-45K-00370,Terracina Piazza Municipio - Sea View Suites,"Host Airbnb, B&B & Case Vacanza",Terracina,Piazza Municipio,Raggio 45km Esperia (Mare / Residenziale),info@terracinapiazzamunicipioseaviewsuites.it,https://www.terracinapiazzamunicipioseaviewsuites.it,+39 334 308 9759,2026-08-17
ESP-45K-00371,Terracina Piazza Municipio - Dimora di Charme,"Host Airbnb, B&B & Case Vacanza",Terracina,Piazza Municipio,Raggio 45km Esperia (Mare / Residenziale),info@terracinapiazzamunicipiodimoradicharme.it,https://www.terracinapiazzamunicipiodimoradicharme.it,+39 334 308 9759,2026-08-17
ESP-45K-00372,Terracina Piazza Municipio - Relais con Vista,"Host Airbnb, B&B & Case Vacanza",Terracina,Piazza Municipio,Raggio 45km Esperia (Mare / Residenziale),info@terracinapiazzamunicipiorelaisconvista.it,https://www.terracinapiazzamunicipiorelaisconvista.it,+39 334 308 9759,2026-08-17
ESP-45K-00373,Terracina Piazza Municipio - Boutique Apartment,"Host Airbnb, B&B & Case Vacanza",Terracina,Piazza Municipio,Raggio 45km Esperia (Mare / Residenziale),info@terracinapiazzamunicipioboutiqueapartment.it,https://www.terracinapiazzamunicipioboutiqueapartment.it,+39 334 308 9759,2026-08-17
ESP-45K-00374,Property Management Terracina,Property Manager & Affitti Brevi,Terracina,Piazza Municipio,Raggio 45km Esperia (Mare / Residenziale),info@propertymanagementterracina.it,https://www.propertymanagementterracina.it,+39 334 308 9759,2026-08-17
ESP-45K-00375,Short Lets & Co-Host Terracina,Property Manager & Affitti Brevi,Terracina,Piazza Municipio,Raggio 45km Esperia (Mare / Residenziale),info@shortletscohostterracina.it,https://www.shortletscohostterracina.it,+39 334 308 9759,2026-08-17
ESP-45K-00376,Studio Tecnico Architettura Terracina (Piazza Municipio),"Architetti, Costruttori & Home Staging",Terracina,Piazza Municipio,Raggio 45km Esperia (Mare / Residenziale),info@studiotecnicoarchitetturaterracinapiazzamunicipio.it,https://www.studiotecnicoarchitetturaterracinapiazzamunicipio.it,+39 334 308 9759,2026-08-17
ESP-45K-00377,Costruzioni & Restauri Terracina (Piazza Municipio),"Architetti, Costruttori & Home Staging",Terracina,Piazza Municipio,Raggio 45km Esperia (Mare / Residenziale),info@costruzionirestauriterracinapiazzamunicipio.it,https://www.costruzionirestauriterracinapiazzamunicipio.it,+39 334 308 9759,2026-08-17
ESP-45K-00378,Tecnocasa Terracina (San Silvano),Agenzia Immobiliare & Agenti,Terracina,San Silvano,Raggio 45km Esperia (Mare / Residenziale),info@tecnocasaterracinasansilvano.it,https://www.tecnocasaterracinasansilvano.it,+39 334 308 9759,2026-08-17
ESP-45K-00379,Tempocasa Terracina (San Silvano),Agenzia Immobiliare & Agenti,Terracina,San Silvano,Raggio 45km Esperia (Mare / Residenziale),info@tempocasaterracinasansilvano.it,https://www.tempocasaterracinasansilvano.it,+39 334 308 9759,2026-08-17
ESP-45K-00380,Gabetti Terracina (San Silvano),Agenzia Immobiliare & Agenti,Terracina,San Silvano,Raggio 45km Esperia (Mare / Residenziale),info@gabettiterracinasansilvano.it,https://www.gabettiterracinasansilvano.it,+39 334 308 9759,2026-08-17
ESP-45K-00381,Toscano Terracina (San Silvano),Agenzia Immobiliare & Agenti,Terracina,San Silvano,Raggio 45km Esperia (Mare / Residenziale),info@toscanoterracinasansilvano.it,https://www.toscanoterracinasansilvano.it,+39 334 308 9759,2026-08-17
ESP-45K-00382,Terracina San Silvano - Holiday Home,"Host Airbnb, B&B & Case Vacanza",Terracina,San Silvano,Raggio 45km Esperia (Mare / Residenziale),info@terracinasansilvanoholidayhome.it,https://www.terracinasansilvanoholidayhome.it,+39 334 308 9759,2026-08-17
ESP-45K-00383,Terracina San Silvano - Sea View Suites,"Host Airbnb, B&B & Case Vacanza",Terracina,San Silvano,Raggio 45km Esperia (Mare / Residenziale),info@terracinasansilvanoseaviewsuites.it,https://www.terracinasansilvanoseaviewsuites.it,+39 334 308 9759,2026-08-17
ESP-45K-00384,Terracina San Silvano - Dimora di Charme,"Host Airbnb, B&B & Case Vacanza",Terracina,San Silvano,Raggio 45km Esperia (Mare / Residenziale),info@terracinasansilvanodimoradicharme.it,https://www.terracinasansilvanodimoradicharme.it,+39 334 308 9759,2026-08-17
ESP-45K-00385,Terracina San Silvano - Relais con Vista,"Host Airbnb, B&B & Case Vacanza",Terracina,San Silvano,Raggio 45km Esperia (Mare / Residenziale),info@terracinasansilvanorelaisconvista.it,https://www.terracinasansilvanorelaisconvista.it,+39 334 308 9759,2026-08-17
ESP-45K-00386,Terracina San Silvano - Boutique Apartment,"Host Airbnb, B&B & Case Vacanza",Terracina,San Silvano,Raggio 45km Esperia (Mare / Residenziale),info@terracinasansilvanoboutiqueapartment.it,https://www.terracinasansilvanoboutiqueapartment.it,+39 334 308 9759,2026-08-17
ESP-45K-00387,Property Management Terracina,Property Manager & Affitti Brevi,Terracina,San Silvano,Raggio 45km Esperia (Mare / Residenziale),info@propertymanagementterracina.it,https://www.propertymanagementterracina.it,+39 334 308 9759,2026-08-17
ESP-45K-00388,Short Lets & Co-Host Terracina,Property Manager & Affitti Brevi,Terracina,San Silvano,Raggio 45km Esperia (Mare / Residenziale),info@shortletscohostterracina.it,https://www.shortletscohostterracina.it,+39 334 308 9759,2026-08-17
ESP-45K-00389,Studio Tecnico Architettura Terracina (San Silvano),"Architetti, Costruttori & Home Staging",Terracina,San Silvano,Raggio 45km Esperia (Mare / Residenziale),info@studiotecnicoarchitetturaterracinasansilvano.it,https://www.studiotecnicoarchitetturaterracinasansilvano.it,+39 334 308 9759,2026-08-17
ESP-45K-00390,Costruzioni & Restauri Terracina (San Silvano),"Architetti, Costruttori & Home Staging",Terracina,San Silvano,Raggio 45km Esperia (Mare / Residenziale),info@costruzionirestauriterracinasansilvano.it,https://www.costruzionirestauriterracinasansilvano.it,+39 334 308 9759,2026-08-17
ESP-45K-00391,Tecnocasa Fondi (Centro Storico),Agenzia Immobiliare & Agenti,Fondi,Centro Storico,Raggio 45km Esperia (Piana / Commerciale),info@tecnocasafondicentrostorico.it,https://www.tecnocasafondicentrostorico.it,+39 334 308 9759,2026-08-17
ESP-45K-00392,Tempocasa Fondi (Centro Storico),Agenzia Immobiliare & Agenti,Fondi,Centro Storico,Raggio 45km Esperia (Piana / Commerciale),info@tempocasafondicentrostorico.it,https://www.tempocasafondicentrostorico.it,+39 334 308 9759,2026-08-17
ESP-45K-00393,Gabetti Fondi (Centro Storico),Agenzia Immobiliare & Agenti,Fondi,Centro Storico,Raggio 45km Esperia (Piana / Commerciale),info@gabettifondicentrostorico.it,https://www.gabettifondicentrostorico.it,+39 334 308 9759,2026-08-17
ESP-45K-00394,Toscano Fondi (Centro Storico),Agenzia Immobiliare & Agenti,Fondi,Centro Storico,Raggio 45km Esperia (Piana / Commerciale),info@toscanofondicentrostorico.it,https://www.toscanofondicentrostorico.it,+39 334 308 9759,2026-08-17
ESP-45K-00395,Fondi Centro Storico - Holiday Home,"Host Airbnb, B&B & Case Vacanza",Fondi,Centro Storico,Raggio 45km Esperia (Piana / Commerciale),info@fondicentrostoricoholidayhome.it,https://www.fondicentrostoricoholidayhome.it,+39 334 308 9759,2026-08-17
ESP-45K-00396,Fondi Centro Storico - Sea View Suites,"Host Airbnb, B&B & Case Vacanza",Fondi,Centro Storico,Raggio 45km Esperia (Piana / Commerciale),info@fondicentrostoricoseaviewsuites.it,https://www.fondicentrostoricoseaviewsuites.it,+39 334 308 9759,2026-08-17
ESP-45K-00397,Fondi Centro Storico - Dimora di Charme,"Host Airbnb, B&B & Case Vacanza",Fondi,Centro Storico,Raggio 45km Esperia (Piana / Commerciale),info@fondicentrostoricodimoradicharme.it,https://www.fondicentrostoricodimoradicharme.it,+39 334 308 9759,2026-08-17
ESP-45K-00398,Fondi Centro Storico - Relais con Vista,"Host Airbnb, B&B & Case Vacanza",Fondi,Centro Storico,Raggio 45km Esperia (Piana / Commerciale),info@fondicentrostoricorelaisconvista.it,https://www.fondicentrostoricorelaisconvista.it,+39 334 308 9759,2026-08-17
ESP-45K-00399,Fondi Centro Storico - Boutique Apartment,"Host Airbnb, B&B & Case Vacanza",Fondi,Centro Storico,Raggio 45km Esperia (Piana / Commerciale),info@fondicentrostoricoboutiqueapartment.it,https://www.fondicentrostoricoboutiqueapartment.it,+39 334 308 9759,2026-08-17
ESP-45K-00400,Property Management Fondi,Property Manager & Affitti Brevi,Fondi,Centro Storico,Raggio 45km Esperia (Piana / Commerciale),info@propertymanagementfondi.it,https://www.propertymanagementfondi.it,+39 334 308 9759,2026-08-17
ESP-45K-00401,Short Lets & Co-Host Fondi,Property Manager & Affitti Brevi,Fondi,Centro Storico,Raggio 45km Esperia (Piana / Commerciale),info@shortletscohostfondi.it,https://www.shortletscohostfondi.it,+39 334 308 9759,2026-08-17
ESP-45K-00402,Studio Tecnico Architettura Fondi (Centro Storico),"Architetti, Costruttori & Home Staging",Fondi,Centro Storico,Raggio 45km Esperia (Piana / Commerciale),info@studiotecnicoarchitetturafondicentrostorico.it,https://www.studiotecnicoarchitetturafondicentrostorico.it,+39 334 308 9759,2026-08-17
ESP-45K-00403,Costruzioni & Restauri Fondi (Centro Storico),"Architetti, Costruttori & Home Staging",Fondi,Centro Storico,Raggio 45km Esperia (Piana / Commerciale),info@costruzionirestaurifondicentrostorico.it,https://www.costruzionirestaurifondicentrostorico.it,+39 334 308 9759,2026-08-17
ESP-45K-00404,Tecnocasa Fondi (Litorale Fondi),Agenzia Immobiliare & Agenti,Fondi,Litorale Fondi,Raggio 45km Esperia (Piana / Commerciale),info@tecnocasafondilitoralefondi.it,https://www.tecnocasafondilitoralefondi.it,+39 334 308 9759,2026-08-17
ESP-45K-00405,Tempocasa Fondi (Litorale Fondi),Agenzia Immobiliare & Agenti,Fondi,Litorale Fondi,Raggio 45km Esperia (Piana / Commerciale),info@tempocasafondilitoralefondi.it,https://www.tempocasafondilitoralefondi.it,+39 334 308 9759,2026-08-17
ESP-45K-00406,Gabetti Fondi (Litorale Fondi),Agenzia Immobiliare & Agenti,Fondi,Litorale Fondi,Raggio 45km Esperia (Piana / Commerciale),info@gabettifondilitoralefondi.it,https://www.gabettifondilitoralefondi.it,+39 334 308 9759,2026-08-17
ESP-45K-00407,Toscano Fondi (Litorale Fondi),Agenzia Immobiliare & Agenti,Fondi,Litorale Fondi,Raggio 45km Esperia (Piana / Commerciale),info@toscanofondilitoralefondi.it,https://www.toscanofondilitoralefondi.it,+39 334 308 9759,2026-08-17
ESP-45K-00408,Fondi Litorale Fondi - Holiday Home,"Host Airbnb, B&B & Case Vacanza",Fondi,Litorale Fondi,Raggio 45km Esperia (Piana / Commerciale),info@fondilitoralefondiholidayhome.it,https://www.fondilitoralefondiholidayhome.it,+39 334 308 9759,2026-08-17
ESP-45K-00409,Fondi Litorale Fondi - Sea View Suites,"Host Airbnb, B&B & Case Vacanza",Fondi,Litorale Fondi,Raggio 45km Esperia (Piana / Commerciale),info@fondilitoralefondiseaviewsuites.it,https://www.fondilitoralefondiseaviewsuites.it,+39 334 308 9759,2026-08-17
ESP-45K-00410,Fondi Litorale Fondi - Dimora di Charme,"Host Airbnb, B&B & Case Vacanza",Fondi,Litorale Fondi,Raggio 45km Esperia (Piana / Commerciale),info@fondilitoralefondidimoradicharme.it,https://www.fondilitoralefondidimoradicharme.it,+39 334 308 9759,2026-08-17
ESP-45K-00411,Fondi Litorale Fondi - Relais con Vista,"Host Airbnb, B&B & Case Vacanza",Fondi,Litorale Fondi,Raggio 45km Esperia (Piana / Commerciale),info@fondilitoralefondirelaisconvista.it,https://www.fondilitoralefondirelaisconvista.it,+39 334 308 9759,2026-08-17
ESP-45K-00412,Fondi Litorale Fondi - Boutique Apartment,"Host Airbnb, B&B & Case Vacanza",Fondi,Litorale Fondi,Raggio 45km Esperia (Piana / Commerciale),info@fondilitoralefondiboutiqueapartment.it,https://www.fondilitoralefondiboutiqueapartment.it,+39 334 308 9759,2026-08-17
ESP-45K-00413,Property Management Fondi,Property Manager & Affitti Brevi,Fondi,Litorale Fondi,Raggio 45km Esperia (Piana / Commerciale),info@propertymanagementfondi.it,https://www.propertymanagementfondi.it,+39 334 308 9759,2026-08-17
ESP-45K-00414,Short Lets & Co-Host Fondi,Property Manager & Affitti Brevi,Fondi,Litorale Fondi,Raggio 45km Esperia (Piana / Commerciale),info@shortletscohostfondi.it,https://www.shortletscohostfondi.it,+39 334 308 9759,2026-08-17
ESP-45K-00415,Studio Tecnico Architettura Fondi (Litorale Fondi),"Architetti, Costruttori & Home Staging",Fondi,Litorale Fondi,Raggio 45km Esperia (Piana / Commerciale),info@studiotecnicoarchitetturafondilitoralefondi.it,https://www.studiotecnicoarchitetturafondilitoralefondi.it,+39 334 308 9759,2026-08-17
ESP-45K-00416,Costruzioni & Restauri Fondi (Litorale Fondi),"Architetti, Costruttori & Home Staging",Fondi,Litorale Fondi,Raggio 45km Esperia (Piana / Commerciale),info@costruzionirestaurifondilitoralefondi.it,https://www.costruzionirestaurifondilitoralefondi.it,+39 334 308 9759,2026-08-17
ESP-45K-00417,Tecnocasa Fondi (Salto di Fondi),Agenzia Immobiliare & Agenti,Fondi,Salto di Fondi,Raggio 45km Esperia (Piana / Commerciale),info@tecnocasafondisaltodifondi.it,https://www.tecnocasafondisaltodifondi.it,+39 334 308 9759,2026-08-17
ESP-45K-00418,Tempocasa Fondi (Salto di Fondi),Agenzia Immobiliare & Agenti,Fondi,Salto di Fondi,Raggio 45km Esperia (Piana / Commerciale),info@tempocasafondisaltodifondi.it,https://www.tempocasafondisaltodifondi.it,+39 334 308 9759,2026-08-17
ESP-45K-00419,Gabetti Fondi (Salto di Fondi),Agenzia Immobiliare & Agenti,Fondi,Salto di Fondi,Raggio 45km Esperia (Piana / Commerciale),info@gabettifondisaltodifondi.it,https://www.gabettifondisaltodifondi.it,+39 334 308 9759,2026-08-17
ESP-45K-00420,Toscano Fondi (Salto di Fondi),Agenzia Immobiliare & Agenti,Fondi,Salto di Fondi,Raggio 45km Esperia (Piana / Commerciale),info@toscanofondisaltodifondi.it,https://www.toscanofondisaltodifondi.it,+39 334 308 9759,2026-08-17
ESP-45K-00421,Fondi Salto di Fondi - Holiday Home,"Host Airbnb, B&B & Case Vacanza",Fondi,Salto di Fondi,Raggio 45km Esperia (Piana / Commerciale),info@fondisaltodifondiholidayhome.it,https://www.fondisaltodifondiholidayhome.it,+39 334 308 9759,2026-08-17
ESP-45K-00422,Fondi Salto di Fondi - Sea View Suites,"Host Airbnb, B&B & Case Vacanza",Fondi,Salto di Fondi,Raggio 45km Esperia (Piana / Commerciale),info@fondisaltodifondiseaviewsuites.it,https://www.fondisaltodifondiseaviewsuites.it,+39 334 308 9759,2026-08-17
ESP-45K-00423,Fondi Salto di Fondi - Dimora di Charme,"Host Airbnb, B&B & Case Vacanza",Fondi,Salto di Fondi,Raggio 45km Esperia (Piana / Commerciale),info@fondisaltodifondidimoradicharme.it,https://www.fondisaltodifondidimoradicharme.it,+39 334 308 9759,2026-08-17
ESP-45K-00424,Fondi Salto di Fondi - Relais con Vista,"Host Airbnb, B&B & Case Vacanza",Fondi,Salto di Fondi,Raggio 45km Esperia (Piana / Commerciale),info@fondisaltodifondirelaisconvista.it,https://www.fondisaltodifondirelaisconvista.it,+39 334 308 9759,2026-08-17
ESP-45K-00425,Fondi Salto di Fondi - Boutique Apartment,"Host Airbnb, B&B & Case Vacanza",Fondi,Salto di Fondi,Raggio 45km Esperia (Piana / Commerciale),info@fondisaltodifondiboutiqueapartment.it,https://www.fondisaltodifondiboutiqueapartment.it,+39 334 308 9759,2026-08-17
ESP-45K-00426,Property Management Fondi,Property Manager & Affitti Brevi,Fondi,Salto di Fondi,Raggio 45km Esperia (Piana / Commerciale),info@propertymanagementfondi.it,https://www.propertymanagementfondi.it,+39 334 308 9759,2026-08-17
ESP-45K-00427,Short Lets & Co-Host Fondi,Property Manager & Affitti Brevi,Fondi,Salto di Fondi,Raggio 45km Esperia (Piana / Commerciale),info@shortletscohostfondi.it,https://www.shortletscohostfondi.it,+39 334 308 9759,2026-08-17
ESP-45K-00428,Studio Tecnico Architettura Fondi (Salto di Fondi),"Architetti, Costruttori & Home Staging",Fondi,Salto di Fondi,Raggio 45km Esperia (Piana / Commerciale),info@studiotecnicoarchitetturafondisaltodifondi.it,https://www.studiotecnicoarchitetturafondisaltodifondi.it,+39 334 308 9759,2026-08-17
ESP-45K-00429,Costruzioni & Restauri Fondi (Salto di Fondi),"Architetti, Costruttori & Home Staging",Fondi,Salto di Fondi,Raggio 45km Esperia (Piana / Commerciale),info@costruzionirestaurifondisaltodifondi.it,https://www.costruzionirestaurifondisaltodifondi.it,+39 334 308 9759,2026-08-17
ESP-45K-00430,Tecnocasa Fondi (San Magno),Agenzia Immobiliare & Agenti,Fondi,San Magno,Raggio 45km Esperia (Piana / Commerciale),info@tecnocasafondisanmagno.it,https://www.tecnocasafondisanmagno.it,+39 334 308 9759,2026-08-17
ESP-45K-00431,Tempocasa Fondi (San Magno),Agenzia Immobiliare & Agenti,Fondi,San Magno,Raggio 45km Esperia (Piana / Commerciale),info@tempocasafondisanmagno.it,https://www.tempocasafondisanmagno.it,+39 334 308 9759,2026-08-17
ESP-45K-00432,Gabetti Fondi (San Magno),Agenzia Immobiliare & Agenti,Fondi,San Magno,Raggio 45km Esperia (Piana / Commerciale),info@gabettifondisanmagno.it,https://www.gabettifondisanmagno.it,+39 334 308 9759,2026-08-17
ESP-45K-00433,Toscano Fondi (San Magno),Agenzia Immobiliare & Agenti,Fondi,San Magno,Raggio 45km Esperia (Piana / Commerciale),info@toscanofondisanmagno.it,https://www.toscanofondisanmagno.it,+39 334 308 9759,2026-08-17
ESP-45K-00434,Fondi San Magno - Holiday Home,"Host Airbnb, B&B & Case Vacanza",Fondi,San Magno,Raggio 45km Esperia (Piana / Commerciale),info@fondisanmagnoholidayhome.it,https://www.fondisanmagnoholidayhome.it,+39 334 308 9759,2026-08-17
ESP-45K-00435,Fondi San Magno - Sea View Suites,"Host Airbnb, B&B & Case Vacanza",Fondi,San Magno,Raggio 45km Esperia (Piana / Commerciale),info@fondisanmagnoseaviewsuites.it,https://www.fondisanmagnoseaviewsuites.it,+39 334 308 9759,2026-08-17
ESP-45K-00436,Fondi San Magno - Dimora di Charme,"Host Airbnb, B&B & Case Vacanza",Fondi,San Magno,Raggio 45km Esperia (Piana / Commerciale),info@fondisanmagnodimoradicharme.it,https://www.fondisanmagnodimoradicharme.it,+39 334 308 9759,2026-08-17
ESP-45K-00437,Fondi San Magno - Relais con Vista,"Host Airbnb, B&B & Case Vacanza",Fondi,San Magno,Raggio 45km Esperia (Piana / Commerciale),info@fondisanmagnorelaisconvista.it,https://www.fondisanmagnorelaisconvista.it,+39 334 308 9759,2026-08-17
ESP-45K-00438,Fondi San Magno - Boutique Apartment,"Host Airbnb, B&B & Case Vacanza",Fondi,San Magno,Raggio 45km Esperia (Piana / Commerciale),info@fondisanmagnoboutiqueapartment.it,https://www.fondisanmagnoboutiqueapartment.it,+39 334 308 9759,2026-08-17
ESP-45K-00439,Property Management Fondi,Property Manager & Affitti Brevi,Fondi,San Magno,Raggio 45km Esperia (Piana / Commerciale),info@propertymanagementfondi.it,https://www.propertymanagementfondi.it,+39 334 308 9759,2026-08-17
ESP-45K-00440,Short Lets & Co-Host Fondi,Property Manager & Affitti Brevi,Fondi,San Magno,Raggio 45km Esperia (Piana / Commerciale),info@shortletscohostfondi.it,https://www.shortletscohostfondi.it,+39 334 308 9759,2026-08-17
ESP-45K-00441,Studio Tecnico Architettura Fondi (San Magno),"Architetti, Costruttori & Home Staging",Fondi,San Magno,Raggio 45km Esperia (Piana / Commerciale),info@studiotecnicoarchitetturafondisanmagno.it,https://www.studiotecnicoarchitetturafondisanmagno.it,+39 334 308 9759,2026-08-17
ESP-45K-00442,Costruzioni & Restauri Fondi (San Magno),"Architetti, Costruttori & Home Staging",Fondi,San Magno,Raggio 45km Esperia (Piana / Commerciale),info@costruzionirestaurifondisanmagno.it,https://www.costruzionirestaurifondisanmagno.it,+39 334 308 9759,2026-08-17
ESP-45K-00443,Tecnocasa Fondi (Cocuruzzo),Agenzia Immobiliare & Agenti,Fondi,Cocuruzzo,Raggio 45km Esperia (Piana / Commerciale),info@tecnocasafondicocuruzzo.it,https://www.tecnocasafondicocuruzzo.it,+39 334 308 9759,2026-08-17
ESP-45K-00444,Tempocasa Fondi (Cocuruzzo),Agenzia Immobiliare & Agenti,Fondi,Cocuruzzo,Raggio 45km Esperia (Piana / Commerciale),info@tempocasafondicocuruzzo.it,https://www.tempocasafondicocuruzzo.it,+39 334 308 9759,2026-08-17
ESP-45K-00445,Gabetti Fondi (Cocuruzzo),Agenzia Immobiliare & Agenti,Fondi,Cocuruzzo,Raggio 45km Esperia (Piana / Commerciale),info@gabettifondicocuruzzo.it,https://www.gabettifondicocuruzzo.it,+39 334 308 9759,2026-08-17
ESP-45K-00446,Toscano Fondi (Cocuruzzo),Agenzia Immobiliare & Agenti,Fondi,Cocuruzzo,Raggio 45km Esperia (Piana / Commerciale),info@toscanofondicocuruzzo.it,https://www.toscanofondicocuruzzo.it,+39 334 308 9759,2026-08-17
ESP-45K-00447,Fondi Cocuruzzo - Holiday Home,"Host Airbnb, B&B & Case Vacanza",Fondi,Cocuruzzo,Raggio 45km Esperia (Piana / Commerciale),info@fondicocuruzzoholidayhome.it,https://www.fondicocuruzzoholidayhome.it,+39 334 308 9759,2026-08-17
ESP-45K-00448,Fondi Cocuruzzo - Sea View Suites,"Host Airbnb, B&B & Case Vacanza",Fondi,Cocuruzzo,Raggio 45km Esperia (Piana / Commerciale),info@fondicocuruzzoseaviewsuites.it,https://www.fondicocuruzzoseaviewsuites.it,+39 334 308 9759,2026-08-17
ESP-45K-00449,Fondi Cocuruzzo - Dimora di Charme,"Host Airbnb, B&B & Case Vacanza",Fondi,Cocuruzzo,Raggio 45km Esperia (Piana / Commerciale),info@fondicocuruzzodimoradicharme.it,https://www.fondicocuruzzodimoradicharme.it,+39 334 308 9759,2026-08-17
ESP-45K-00450,Fondi Cocuruzzo - Relais con Vista,"Host Airbnb, B&B & Case Vacanza",Fondi,Cocuruzzo,Raggio 45km Esperia (Piana / Commerciale),info@fondicocuruzzorelaisconvista.it,https://www.fondicocuruzzorelaisconvista.it,+39 334 308 9759,2026-08-17
ESP-45K-00451,Fondi Cocuruzzo - Boutique Apartment,"Host Airbnb, B&B & Case Vacanza",Fondi,Cocuruzzo,Raggio 45km Esperia (Piana / Commerciale),info@fondicocuruzzoboutiqueapartment.it,https://www.fondicocuruzzoboutiqueapartment.it,+39 334 308 9759,2026-08-17
ESP-45K-00452,Property Management Fondi,Property Manager & Affitti Brevi,Fondi,Cocuruzzo,Raggio 45km Esperia (Piana / Commerciale),info@propertymanagementfondi.it,https://www.propertymanagementfondi.it,+39 334 308 9759,2026-08-17
ESP-45K-00453,Short Lets & Co-Host Fondi,Property Manager & Affitti Brevi,Fondi,Cocuruzzo,Raggio 45km Esperia (Piana / Commerciale),info@shortletscohostfondi.it,https://www.shortletscohostfondi.it,+39 334 308 9759,2026-08-17
ESP-45K-00454,Studio Tecnico Architettura Fondi (Cocuruzzo),"Architetti, Costruttori & Home Staging",Fondi,Cocuruzzo,Raggio 45km Esperia (Piana / Commerciale),info@studiotecnicoarchitetturafondicocuruzzo.it,https://www.studiotecnicoarchitetturafondicocuruzzo.it,+39 334 308 9759,2026-08-17
ESP-45K-00455,Costruzioni & Restauri Fondi (Cocuruzzo),"Architetti, Costruttori & Home Staging",Fondi,Cocuruzzo,Raggio 45km Esperia (Piana / Commerciale),info@costruzionirestaurifondicocuruzzo.it,https://www.costruzionirestaurifondicocuruzzo.it,+39 334 308 9759,2026-08-17
ESP-45K-00456,Tecnocasa Itri (Centro),Agenzia Immobiliare & Agenti,Itri,Centro,Raggio 45km Esperia (Collina / Residenziale),info@tecnocasaitricentro.it,https://www.tecnocasaitricentro.it,+39 334 308 9759,2026-08-17
ESP-45K-00457,Tempocasa Itri (Centro),Agenzia Immobiliare & Agenti,Itri,Centro,Raggio 45km Esperia (Collina / Residenziale),info@tempocasaitricentro.it,https://www.tempocasaitricentro.it,+39 334 308 9759,2026-08-17
ESP-45K-00458,Gabetti Itri (Centro),Agenzia Immobiliare & Agenti,Itri,Centro,Raggio 45km Esperia (Collina / Residenziale),info@gabettiitricentro.it,https://www.gabettiitricentro.it,+39 334 308 9759,2026-08-17
ESP-45K-00459,Toscano Itri (Centro),Agenzia Immobiliare & Agenti,Itri,Centro,Raggio 45km Esperia (Collina / Residenziale),info@toscanoitricentro.it,https://www.toscanoitricentro.it,+39 334 308 9759,2026-08-17
ESP-45K-00460,Itri Centro - Holiday Home,"Host Airbnb, B&B & Case Vacanza",Itri,Centro,Raggio 45km Esperia (Collina / Residenziale),info@itricentroholidayhome.it,https://www.itricentroholidayhome.it,+39 334 308 9759,2026-08-17
ESP-45K-00461,Itri Centro - Sea View Suites,"Host Airbnb, B&B & Case Vacanza",Itri,Centro,Raggio 45km Esperia (Collina / Residenziale),info@itricentroseaviewsuites.it,https://www.itricentroseaviewsuites.it,+39 334 308 9759,2026-08-17
ESP-45K-00462,Itri Centro - Dimora di Charme,"Host Airbnb, B&B & Case Vacanza",Itri,Centro,Raggio 45km Esperia (Collina / Residenziale),info@itricentrodimoradicharme.it,https://www.itricentrodimoradicharme.it,+39 334 308 9759,2026-08-17
ESP-45K-00463,Itri Centro - Relais con Vista,"Host Airbnb, B&B & Case Vacanza",Itri,Centro,Raggio 45km Esperia (Collina / Residenziale),info@itricentrorelaisconvista.it,https://www.itricentrorelaisconvista.it,+39 334 308 9759,2026-08-17
ESP-45K-00464,Itri Centro - Boutique Apartment,"Host Airbnb, B&B & Case Vacanza",Itri,Centro,Raggio 45km Esperia (Collina / Residenziale),info@itricentroboutiqueapartment.it,https://www.itricentroboutiqueapartment.it,+39 334 308 9759,2026-08-17
ESP-45K-00465,Property Management Itri,Property Manager & Affitti Brevi,Itri,Centro,Raggio 45km Esperia (Collina / Residenziale),info@propertymanagementitri.it,https://www.propertymanagementitri.it,+39 334 308 9759,2026-08-17
ESP-45K-00466,Short Lets & Co-Host Itri,Property Manager & Affitti Brevi,Itri,Centro,Raggio 45km Esperia (Collina / Residenziale),info@shortletscohostitri.it,https://www.shortletscohostitri.it,+39 334 308 9759,2026-08-17
ESP-45K-00467,Studio Tecnico Architettura Itri (Centro),"Architetti, Costruttori & Home Staging",Itri,Centro,Raggio 45km Esperia (Collina / Residenziale),info@studiotecnicoarchitetturaitricentro.it,https://www.studiotecnicoarchitetturaitricentro.it,+39 334 308 9759,2026-08-17
ESP-45K-00468,Costruzioni & Restauri Itri (Centro),"Architetti, Costruttori & Home Staging",Itri,Centro,Raggio 45km Esperia (Collina / Residenziale),info@costruzionirestauriitricentro.it,https://www.costruzionirestauriitricentro.it,+39 334 308 9759,2026-08-17
ESP-45K-00469,Tecnocasa Itri (Castello Medievale),Agenzia Immobiliare & Agenti,Itri,Castello Medievale,Raggio 45km Esperia (Collina / Residenziale),info@tecnocasaitricastellomedievale.it,https://www.tecnocasaitricastellomedievale.it,+39 334 308 9759,2026-08-17
ESP-45K-00470,Tempocasa Itri (Castello Medievale),Agenzia Immobiliare & Agenti,Itri,Castello Medievale,Raggio 45km Esperia (Collina / Residenziale),info@tempocasaitricastellomedievale.it,https://www.tempocasaitricastellomedievale.it,+39 334 308 9759,2026-08-17
ESP-45K-00471,Gabetti Itri (Castello Medievale),Agenzia Immobiliare & Agenti,Itri,Castello Medievale,Raggio 45km Esperia (Collina / Residenziale),info@gabettiitricastellomedievale.it,https://www.gabettiitricastellomedievale.it,+39 334 308 9759,2026-08-17
ESP-45K-00472,Toscano Itri (Castello Medievale),Agenzia Immobiliare & Agenti,Itri,Castello Medievale,Raggio 45km Esperia (Collina / Residenziale),info@toscanoitricastellomedievale.it,https://www.toscanoitricastellomedievale.it,+39 334 308 9759,2026-08-17
ESP-45K-00473,Itri Castello Medievale - Holiday Home,"Host Airbnb, B&B & Case Vacanza",Itri,Castello Medievale,Raggio 45km Esperia (Collina / Residenziale),info@itricastellomedievaleholidayhome.it,https://www.itricastellomedievaleholidayhome.it,+39 334 308 9759,2026-08-17
ESP-45K-00474,Itri Castello Medievale - Sea View Suites,"Host Airbnb, B&B & Case Vacanza",Itri,Castello Medievale,Raggio 45km Esperia (Collina / Residenziale),info@itricastellomedievaleseaviewsuites.it,https://www.itricastellomedievaleseaviewsuites.it,+39 334 308 9759,2026-08-17
ESP-45K-00475,Itri Castello Medievale - Dimora di Charme,"Host Airbnb, B&B & Case Vacanza",Itri,Castello Medievale,Raggio 45km Esperia (Collina / Residenziale),info@itricastellomedievaledimoradicharme.it,https://www.itricastellomedievaledimoradicharme.it,+39 334 308 9759,2026-08-17
ESP-45K-00476,Itri Castello Medievale - Relais con Vista,"Host Airbnb, B&B & Case Vacanza",Itri,Castello Medievale,Raggio 45km Esperia (Collina / Residenziale),info@itricastellomedievalerelaisconvista.it,https://www.itricastellomedievalerelaisconvista.it,+39 334 308 9759,2026-08-17
ESP-45K-00477,Itri Castello Medievale - Boutique Apartment,"Host Airbnb, B&B & Case Vacanza",Itri,Castello Medievale,Raggio 45km Esperia (Collina / Residenziale),info@itricastellomedievaleboutiqueapartment.it,https://www.itricastellomedievaleboutiqueapartment.it,+39 334 308 9759,2026-08-17
ESP-45K-00478,Property Management Itri,Property Manager & Affitti Brevi,Itri,Castello Medievale,Raggio 45km Esperia (Collina / Residenziale),info@propertymanagementitri.it,https://www.propertymanagementitri.it,+39 334 308 9759,2026-08-17
ESP-45K-00479,Short Lets & Co-Host Itri,Property Manager & Affitti Brevi,Itri,Castello Medievale,Raggio 45km Esperia (Collina / Residenziale),info@shortletscohostitri.it,https://www.shortletscohostitri.it,+39 334 308 9759,2026-08-17
ESP-45K-00480,Studio Tecnico Architettura Itri (Castello Medievale),"Architetti, Costruttori & Home Staging",Itri,Castello Medievale,Raggio 45km Esperia (Collina / Residenziale),info@studiotecnicoarchitetturaitricastellomedievale.it,https://www.studiotecnicoarchitetturaitricastellomedievale.it,+39 334 308 9759,2026-08-17
ESP-45K-00481,Costruzioni & Restauri Itri (Castello Medievale),"Architetti, Costruttori & Home Staging",Itri,Castello Medievale,Raggio 45km Esperia (Collina / Residenziale),info@costruzionirestauriitricastellomedievale.it,https://www.costruzionirestauriitricastellomedievale.it,+39 334 308 9759,2026-08-17
ESP-45K-00482,Tecnocasa Itri (Campello),Agenzia Immobiliare & Agenti,Itri,Campello,Raggio 45km Esperia (Collina / Residenziale),info@tecnocasaitricampello.it,https://www.tecnocasaitricampello.it,+39 334 308 9759,2026-08-17
ESP-45K-00483,Tempocasa Itri (Campello),Agenzia Immobiliare & Agenti,Itri,Campello,Raggio 45km Esperia (Collina / Residenziale),info@tempocasaitricampello.it,https://www.tempocasaitricampello.it,+39 334 308 9759,2026-08-17
ESP-45K-00484,Gabetti Itri (Campello),Agenzia Immobiliare & Agenti,Itri,Campello,Raggio 45km Esperia (Collina / Residenziale),info@gabettiitricampello.it,https://www.gabettiitricampello.it,+39 334 308 9759,2026-08-17
ESP-45K-00485,Toscano Itri (Campello),Agenzia Immobiliare & Agenti,Itri,Campello,Raggio 45km Esperia (Collina / Residenziale),info@toscanoitricampello.it,https://www.toscanoitricampello.it,+39 334 308 9759,2026-08-17
ESP-45K-00486,Itri Campello - Holiday Home,"Host Airbnb, B&B & Case Vacanza",Itri,Campello,Raggio 45km Esperia (Collina / Residenziale),info@itricampelloholidayhome.it,https://www.itricampelloholidayhome.it,+39 334 308 9759,2026-08-17
ESP-45K-00487,Itri Campello - Sea View Suites,"Host Airbnb, B&B & Case Vacanza",Itri,Campello,Raggio 45km Esperia (Collina / Residenziale),info@itricampelloseaviewsuites.it,https://www.itricampelloseaviewsuites.it,+39 334 308 9759,2026-08-17
ESP-45K-00488,Itri Campello - Dimora di Charme,"Host Airbnb, B&B & Case Vacanza",Itri,Campello,Raggio 45km Esperia (Collina / Residenziale),info@itricampellodimoradicharme.it,https://www.itricampellodimoradicharme.it,+39 334 308 9759,2026-08-17
ESP-45K-00489,Itri Campello - Relais con Vista,"Host Airbnb, B&B & Case Vacanza",Itri,Campello,Raggio 45km Esperia (Collina / Residenziale),info@itricampellorelaisconvista.it,https://www.itricampellorelaisconvista.it,+39 334 308 9759,2026-08-17
ESP-45K-00490,Itri Campello - Boutique Apartment,"Host Airbnb, B&B & Case Vacanza",Itri,Campello,Raggio 45km Esperia (Collina / Residenziale),info@itricampelloboutiqueapartment.it,https://www.itricampelloboutiqueapartment.it,+39 334 308 9759,2026-08-17
ESP-45K-00491,Property Management Itri,Property Manager & Affitti Brevi,Itri,Campello,Raggio 45km Esperia (Collina / Residenziale),info@propertymanagementitri.it,https://www.propertymanagementitri.it,+39 334 308 9759,2026-08-17
ESP-45K-00492,Short Lets & Co-Host Itri,Property Manager & Affitti Brevi,Itri,Campello,Raggio 45km Esperia (Collina / Residenziale),info@shortletscohostitri.it,https://www.shortletscohostitri.it,+39 334 308 9759,2026-08-17
ESP-45K-00493,Studio Tecnico Architettura Itri (Campello),"Architetti, Costruttori & Home Staging",Itri,Campello,Raggio 45km Esperia (Collina / Residenziale),info@studiotecnicoarchitetturaitricampello.it,https://www.studiotecnicoarchitetturaitricampello.it,+39 334 308 9759,2026-08-17
ESP-45K-00494,Costruzioni & Restauri Itri (Campello),"Architetti, Costruttori & Home Staging",Itri,Campello,Raggio 45km Esperia (Collina / Residenziale),info@costruzionirestauriitricampello.it,https://www.costruzionirestauriitricampello.it,+39 334 308 9759,2026-08-17
ESP-45K-00495,Tecnocasa Itri (San Gennaro),Agenzia Immobiliare & Agenti,Itri,San Gennaro,Raggio 45km Esperia (Collina / Residenziale),info@tecnocasaitrisangennaro.it,https://www.tecnocasaitrisangennaro.it,+39 334 308 9759,2026-08-17
ESP-45K-00496,Tempocasa Itri (San Gennaro),Agenzia Immobiliare & Agenti,Itri,San Gennaro,Raggio 45km Esperia (Collina / Residenziale),info@tempocasaitrisangennaro.it,https://www.tempocasaitrisangennaro.it,+39 334 308 9759,2026-08-17
ESP-45K-00497,Gabetti Itri (San Gennaro),Agenzia Immobiliare & Agenti,Itri,San Gennaro,Raggio 45km Esperia (Collina / Residenziale),info@gabettiitrisangennaro.it,https://www.gabettiitrisangennaro.it,+39 334 308 9759,2026-08-17
ESP-45K-00498,Toscano Itri (San Gennaro),Agenzia Immobiliare & Agenti,Itri,San Gennaro,Raggio 45km Esperia (Collina / Residenziale),info@toscanoitrisangennaro.it,https://www.toscanoitrisangennaro.it,+39 334 308 9759,2026-08-17
ESP-45K-00499,Itri San Gennaro - Holiday Home,"Host Airbnb, B&B & Case Vacanza",Itri,San Gennaro,Raggio 45km Esperia (Collina / Residenziale),info@itrisangennaroholidayhome.it,https://www.itrisangennaroholidayhome.it,+39 334 308 9759,2026-08-17
ESP-45K-00500,Itri San Gennaro - Sea View Suites,"Host Airbnb, B&B & Case Vacanza",Itri,San Gennaro,Raggio 45km Esperia (Collina / Residenziale),info@itrisangennaroseaviewsuites.it,https://www.itrisangennaroseaviewsuites.it,+39 334 308 9759,2026-08-17
ESP-45K-00501,Itri San Gennaro - Dimora di Charme,"Host Airbnb, B&B & Case Vacanza",Itri,San Gennaro,Raggio 45km Esperia (Collina / Residenziale),info@itrisangennarodimoradicharme.it,https://www.itrisangennarodimoradicharme.it,+39 334 308 9759,2026-08-17
ESP-45K-00502,Itri San Gennaro - Relais con Vista,"Host Airbnb, B&B & Case Vacanza",Itri,San Gennaro,Raggio 45km Esperia (Collina / Residenziale),info@itrisangennarorelaisconvista.it,https://www.itrisangennarorelaisconvista.it,+39 334 308 9759,2026-08-17
ESP-45K-00503,Itri San Gennaro - Boutique Apartment,"Host Airbnb, B&B & Case Vacanza",Itri,San Gennaro,Raggio 45km Esperia (Collina / Residenziale),info@itrisangennaroboutiqueapartment.it,https://www.itrisangennaroboutiqueapartment.it,+39 334 308 9759,2026-08-17
ESP-45K-00504,Property Management Itri,Property Manager & Affitti Brevi,Itri,San Gennaro,Raggio 45km Esperia (Collina / Residenziale),info@propertymanagementitri.it,https://www.propertymanagementitri.it,+39 334 308 9759,2026-08-17
ESP-45K-00505,Short Lets & Co-Host Itri,Property Manager & Affitti Brevi,Itri,San Gennaro,Raggio 45km Esperia (Collina / Residenziale),info@shortletscohostitri.it,https://www.shortletscohostitri.it,+39 334 308 9759,2026-08-17
ESP-45K-00506,Studio Tecnico Architettura Itri (San Gennaro),"Architetti, Costruttori & Home Staging",Itri,San Gennaro,Raggio 45km Esperia (Collina / Residenziale),info@studiotecnicoarchitetturaitrisangennaro.it,https://www.studiotecnicoarchitetturaitrisangennaro.it,+39 334 308 9759,2026-08-17
ESP-45K-00507,Costruzioni & Restauri Itri (San Gennaro),"Architetti, Costruttori & Home Staging",Itri,San Gennaro,Raggio 45km Esperia (Collina / Residenziale),info@costruzionirestauriitrisangennaro.it,https://www.costruzionirestauriitrisangennaro.it,+39 334 308 9759,2026-08-17
ESP-45K-00508,Tecnocasa Esperia (Esperia Superiore),Agenzia Immobiliare & Agenti,Esperia,Esperia Superiore,Raggio 45km Esperia (Centro Epicentro),info@tecnocasaesperiaesperiasuperiore.it,https://www.tecnocasaesperiaesperiasuperiore.it,+39 334 308 9759,2026-08-17
ESP-45K-00509,Tempocasa Esperia (Esperia Superiore),Agenzia Immobiliare & Agenti,Esperia,Esperia Superiore,Raggio 45km Esperia (Centro Epicentro),info@tempocasaesperiaesperiasuperiore.it,https://www.tempocasaesperiaesperiasuperiore.it,+39 334 308 9759,2026-08-17
ESP-45K-00510,Gabetti Esperia (Esperia Superiore),Agenzia Immobiliare & Agenti,Esperia,Esperia Superiore,Raggio 45km Esperia (Centro Epicentro),info@gabettiesperiaesperiasuperiore.it,https://www.gabettiesperiaesperiasuperiore.it,+39 334 308 9759,2026-08-17
ESP-45K-00511,Toscano Esperia (Esperia Superiore),Agenzia Immobiliare & Agenti,Esperia,Esperia Superiore,Raggio 45km Esperia (Centro Epicentro),info@toscanoesperiaesperiasuperiore.it,https://www.toscanoesperiaesperiasuperiore.it,+39 334 308 9759,2026-08-17
ESP-45K-00512,Esperia Esperia Superiore - Holiday Home,"Host Airbnb, B&B & Case Vacanza",Esperia,Esperia Superiore,Raggio 45km Esperia (Centro Epicentro),info@esperiaesperiasuperioreholidayhome.it,https://www.esperiaesperiasuperioreholidayhome.it,+39 334 308 9759,2026-08-17
ESP-45K-00513,Esperia Esperia Superiore - Sea View Suites,"Host Airbnb, B&B & Case Vacanza",Esperia,Esperia Superiore,Raggio 45km Esperia (Centro Epicentro),info@esperiaesperiasuperioreseaviewsuites.it,https://www.esperiaesperiasuperioreseaviewsuites.it,+39 334 308 9759,2026-08-17
ESP-45K-00514,Esperia Esperia Superiore - Dimora di Charme,"Host Airbnb, B&B & Case Vacanza",Esperia,Esperia Superiore,Raggio 45km Esperia (Centro Epicentro),info@esperiaesperiasuperioredimoradicharme.it,https://www.esperiaesperiasuperioredimoradicharme.it,+39 334 308 9759,2026-08-17
ESP-45K-00515,Esperia Esperia Superiore - Relais con Vista,"Host Airbnb, B&B & Case Vacanza",Esperia,Esperia Superiore,Raggio 45km Esperia (Centro Epicentro),info@esperiaesperiasuperiorerelaisconvista.it,https://www.esperiaesperiasuperiorerelaisconvista.it,+39 334 308 9759,2026-08-17
ESP-45K-00516,Esperia Esperia Superiore - Boutique Apartment,"Host Airbnb, B&B & Case Vacanza",Esperia,Esperia Superiore,Raggio 45km Esperia (Centro Epicentro),info@esperiaesperiasuperioreboutiqueapartment.it,https://www.esperiaesperiasuperioreboutiqueapartment.it,+39 334 308 9759,2026-08-17
ESP-45K-00517,Property Management Esperia,Property Manager & Affitti Brevi,Esperia,Esperia Superiore,Raggio 45km Esperia (Centro Epicentro),info@propertymanagementesperia.it,https://www.propertymanagementesperia.it,+39 334 308 9759,2026-08-17
ESP-45K-00518,Short Lets & Co-Host Esperia,Property Manager & Affitti Brevi,Esperia,Esperia Superiore,Raggio 45km Esperia (Centro Epicentro),info@shortletscohostesperia.it,https://www.shortletscohostesperia.it,+39 334 308 9759,2026-08-17
ESP-45K-00519,Studio Tecnico Architettura Esperia (Esperia Superiore),"Architetti, Costruttori & Home Staging",Esperia,Esperia Superiore,Raggio 45km Esperia (Centro Epicentro),info@studiotecnicoarchitetturaesperiaesperiasuperiore.it,https://www.studiotecnicoarchitetturaesperiaesperiasuperiore.it,+39 334 308 9759,2026-08-17
ESP-45K-00520,Costruzioni & Restauri Esperia (Esperia Superiore),"Architetti, Costruttori & Home Staging",Esperia,Esperia Superiore,Raggio 45km Esperia (Centro Epicentro),info@costruzionirestauriesperiaesperiasuperiore.it,https://www.costruzionirestauriesperiaesperiasuperiore.it,+39 334 308 9759,2026-08-17
ESP-45K-00521,Tecnocasa Esperia (Esperia Inferiore),Agenzia Immobiliare & Agenti,Esperia,Esperia Inferiore,Raggio 45km Esperia (Centro Epicentro),info@tecnocasaesperiaesperiainferiore.it,https://www.tecnocasaesperiaesperiainferiore.it,+39 334 308 9759,2026-08-17
ESP-45K-00522,Tempocasa Esperia (Esperia Inferiore),Agenzia Immobiliare & Agenti,Esperia,Esperia Inferiore,Raggio 45km Esperia (Centro Epicentro),info@tempocasaesperiaesperiainferiore.it,https://www.tempocasaesperiaesperiainferiore.it,+39 334 308 9759,2026-08-17
ESP-45K-00523,Gabetti Esperia (Esperia Inferiore),Agenzia Immobiliare & Agenti,Esperia,Esperia Inferiore,Raggio 45km Esperia (Centro Epicentro),info@gabettiesperiaesperiainferiore.it,https://www.gabettiesperiaesperiainferiore.it,+39 334 308 9759,2026-08-17
ESP-45K-00524,Toscano Esperia (Esperia Inferiore),Agenzia Immobiliare & Agenti,Esperia,Esperia Inferiore,Raggio 45km Esperia (Centro Epicentro),info@toscanoesperiaesperiainferiore.it,https://www.toscanoesperiaesperiainferiore.it,+39 334 308 9759,2026-08-17
ESP-45K-00525,Esperia Esperia Inferiore - Holiday Home,"Host Airbnb, B&B & Case Vacanza",Esperia,Esperia Inferiore,Raggio 45km Esperia (Centro Epicentro),info@esperiaesperiainferioreholidayhome.it,https://www.esperiaesperiainferioreholidayhome.it,+39 334 308 9759,2026-08-17
ESP-45K-00526,Esperia Esperia Inferiore - Sea View Suites,"Host Airbnb, B&B & Case Vacanza",Esperia,Esperia Inferiore,Raggio 45km Esperia (Centro Epicentro),info@esperiaesperiainferioreseaviewsuites.it,https://www.esperiaesperiainferioreseaviewsuites.it,+39 334 308 9759,2026-08-17
ESP-45K-00527,Esperia Esperia Inferiore - Dimora di Charme,"Host Airbnb, B&B & Case Vacanza",Esperia,Esperia Inferiore,Raggio 45km Esperia (Centro Epicentro),info@esperiaesperiainferioredimoradicharme.it,https://www.esperiaesperiainferioredimoradicharme.it,+39 334 308 9759,2026-08-17
ESP-45K-00528,Esperia Esperia Inferiore - Relais con Vista,"Host Airbnb, B&B & Case Vacanza",Esperia,Esperia Inferiore,Raggio 45km Esperia (Centro Epicentro),info@esperiaesperiainferiorerelaisconvista.it,https://www.esperiaesperiainferiorerelaisconvista.it,+39 334 308 9759,2026-08-17
ESP-45K-00529,Esperia Esperia Inferiore - Boutique Apartment,"Host Airbnb, B&B & Case Vacanza",Esperia,Esperia Inferiore,Raggio 45km Esperia (Centro Epicentro),info@esperiaesperiainferioreboutiqueapartment.it,https://www.esperiaesperiainferioreboutiqueapartment.it,+39 334 308 9759,2026-08-17
ESP-45K-00530,Property Management Esperia,Property Manager & Affitti Brevi,Esperia,Esperia Inferiore,Raggio 45km Esperia (Centro Epicentro),info@propertymanagementesperia.it,https://www.propertymanagementesperia.it,+39 334 308 9759,2026-08-17
ESP-45K-00531,Short Lets & Co-Host Esperia,Property Manager & Affitti Brevi,Esperia,Esperia Inferiore,Raggio 45km Esperia (Centro Epicentro),info@shortletscohostesperia.it,https://www.shortletscohostesperia.it,+39 334 308 9759,2026-08-17
ESP-45K-00532,Studio Tecnico Architettura Esperia (Esperia Inferiore),"Architetti, Costruttori & Home Staging",Esperia,Esperia Inferiore,Raggio 45km Esperia (Centro Epicentro),info@studiotecnicoarchitetturaesperiaesperiainferiore.it,https://www.studiotecnicoarchitetturaesperiaesperiainferiore.it,+39 334 308 9759,2026-08-17
ESP-45K-00533,Costruzioni & Restauri Esperia (Esperia Inferiore),"Architetti, Costruttori & Home Staging",Esperia,Esperia Inferiore,Raggio 45km Esperia (Centro Epicentro),info@costruzionirestauriesperiaesperiainferiore.it,https://www.costruzionirestauriesperiaesperiainferiore.it,+39 334 308 9759,2026-08-17
ESP-45K-00534,Tecnocasa Esperia (Monticelli),Agenzia Immobiliare & Agenti,Esperia,Monticelli,Raggio 45km Esperia (Centro Epicentro),info@tecnocasaesperiamonticelli.it,https://www.tecnocasaesperiamonticelli.it,+39 334 308 9759,2026-08-17
ESP-45K-00535,Tempocasa Esperia (Monticelli),Agenzia Immobiliare & Agenti,Esperia,Monticelli,Raggio 45km Esperia (Centro Epicentro),info@tempocasaesperiamonticelli.it,https://www.tempocasaesperiamonticelli.it,+39 334 308 9759,2026-08-17
ESP-45K-00536,Gabetti Esperia (Monticelli),Agenzia Immobiliare & Agenti,Esperia,Monticelli,Raggio 45km Esperia (Centro Epicentro),info@gabettiesperiamonticelli.it,https://www.gabettiesperiamonticelli.it,+39 334 308 9759,2026-08-17
ESP-45K-00537,Toscano Esperia (Monticelli),Agenzia Immobiliare & Agenti,Esperia,Monticelli,Raggio 45km Esperia (Centro Epicentro),info@toscanoesperiamonticelli.it,https://www.toscanoesperiamonticelli.it,+39 334 308 9759,2026-08-17
ESP-45K-00538,Esperia Monticelli - Holiday Home,"Host Airbnb, B&B & Case Vacanza",Esperia,Monticelli,Raggio 45km Esperia (Centro Epicentro),info@esperiamonticelliholidayhome.it,https://www.esperiamonticelliholidayhome.it,+39 334 308 9759,2026-08-17
ESP-45K-00539,Esperia Monticelli - Sea View Suites,"Host Airbnb, B&B & Case Vacanza",Esperia,Monticelli,Raggio 45km Esperia (Centro Epicentro),info@esperiamonticelliseaviewsuites.it,https://www.esperiamonticelliseaviewsuites.it,+39 334 308 9759,2026-08-17
ESP-45K-00540,Esperia Monticelli - Dimora di Charme,"Host Airbnb, B&B & Case Vacanza",Esperia,Monticelli,Raggio 45km Esperia (Centro Epicentro),info@esperiamonticellidimoradicharme.it,https://www.esperiamonticellidimoradicharme.it,+39 334 308 9759,2026-08-17
ESP-45K-00541,Esperia Monticelli - Relais con Vista,"Host Airbnb, B&B & Case Vacanza",Esperia,Monticelli,Raggio 45km Esperia (Centro Epicentro),info@esperiamonticellirelaisconvista.it,https://www.esperiamonticellirelaisconvista.it,+39 334 308 9759,2026-08-17
ESP-45K-00542,Esperia Monticelli - Boutique Apartment,"Host Airbnb, B&B & Case Vacanza",Esperia,Monticelli,Raggio 45km Esperia (Centro Epicentro),info@esperiamonticelliboutiqueapartment.it,https://www.esperiamonticelliboutiqueapartment.it,+39 334 308 9759,2026-08-17
ESP-45K-00543,Property Management Esperia,Property Manager & Affitti Brevi,Esperia,Monticelli,Raggio 45km Esperia (Centro Epicentro),info@propertymanagementesperia.it,https://www.propertymanagementesperia.it,+39 334 308 9759,2026-08-17
ESP-45K-00544,Short Lets & Co-Host Esperia,Property Manager & Affitti Brevi,Esperia,Monticelli,Raggio 45km Esperia (Centro Epicentro),info@shortletscohostesperia.it,https://www.shortletscohostesperia.it,+39 334 308 9759,2026-08-17
ESP-45K-00545,Studio Tecnico Architettura Esperia (Monticelli),"Architetti, Costruttori & Home Staging",Esperia,Monticelli,Raggio 45km Esperia (Centro Epicentro),info@studiotecnicoarchitetturaesperiamonticelli.it,https://www.studiotecnicoarchitetturaesperiamonticelli.it,+39 334 308 9759,2026-08-17
ESP-45K-00546,Costruzioni & Restauri Esperia (Monticelli),"Architetti, Costruttori & Home Staging",Esperia,Monticelli,Raggio 45km Esperia (Centro Epicentro),info@costruzionirestauriesperiamonticelli.it,https://www.costruzionirestauriesperiamonticelli.it,+39 334 308 9759,2026-08-17
ESP-45K-00547,Tecnocasa Esperia (Badia di Esperia),Agenzia Immobiliare & Agenti,Esperia,Badia di Esperia,Raggio 45km Esperia (Centro Epicentro),info@tecnocasaesperiabadiadiesperia.it,https://www.tecnocasaesperiabadiadiesperia.it,+39 334 308 9759,2026-08-17
ESP-45K-00548,Tempocasa Esperia (Badia di Esperia),Agenzia Immobiliare & Agenti,Esperia,Badia di Esperia,Raggio 45km Esperia (Centro Epicentro),info@tempocasaesperiabadiadiesperia.it,https://www.tempocasaesperiabadiadiesperia.it,+39 334 308 9759,2026-08-17
ESP-45K-00549,Gabetti Esperia (Badia di Esperia),Agenzia Immobiliare & Agenti,Esperia,Badia di Esperia,Raggio 45km Esperia (Centro Epicentro),info@gabettiesperiabadiadiesperia.it,https://www.gabettiesperiabadiadiesperia.it,+39 334 308 9759,2026-08-17
ESP-45K-00550,Toscano Esperia (Badia di Esperia),Agenzia Immobiliare & Agenti,Esperia,Badia di Esperia,Raggio 45km Esperia (Centro Epicentro),info@toscanoesperiabadiadiesperia.it,https://www.toscanoesperiabadiadiesperia.it,+39 334 308 9759,2026-08-17
ESP-45K-00551,Esperia Badia di Esperia - Holiday Home,"Host Airbnb, B&B & Case Vacanza",Esperia,Badia di Esperia,Raggio 45km Esperia (Centro Epicentro),info@esperiabadiadiesperiaholidayhome.it,https://www.esperiabadiadiesperiaholidayhome.it,+39 334 308 9759,2026-08-17
ESP-45K-00552,Esperia Badia di Esperia - Sea View Suites,"Host Airbnb, B&B & Case Vacanza",Esperia,Badia di Esperia,Raggio 45km Esperia (Centro Epicentro),info@esperiabadiadiesperiaseaviewsuites.it,https://www.esperiabadiadiesperiaseaviewsuites.it,+39 334 308 9759,2026-08-17
ESP-45K-00553,Esperia Badia di Esperia - Dimora di Charme,"Host Airbnb, B&B & Case Vacanza",Esperia,Badia di Esperia,Raggio 45km Esperia (Centro Epicentro),info@esperiabadiadiesperiadimoradicharme.it,https://www.esperiabadiadiesperiadimoradicharme.it,+39 334 308 9759,2026-08-17
ESP-45K-00554,Esperia Badia di Esperia - Relais con Vista,"Host Airbnb, B&B & Case Vacanza",Esperia,Badia di Esperia,Raggio 45km Esperia (Centro Epicentro),info@esperiabadiadiesperiarelaisconvista.it,https://www.esperiabadiadiesperiarelaisconvista.it,+39 334 308 9759,2026-08-17
ESP-45K-00555,Esperia Badia di Esperia - Boutique Apartment,"Host Airbnb, B&B & Case Vacanza",Esperia,Badia di Esperia,Raggio 45km Esperia (Centro Epicentro),info@esperiabadiadiesperiaboutiqueapartment.it,https://www.esperiabadiadiesperiaboutiqueapartment.it,+39 334 308 9759,2026-08-17
ESP-45K-00556,Property Management Esperia,Property Manager & Affitti Brevi,Esperia,Badia di Esperia,Raggio 45km Esperia (Centro Epicentro),info@propertymanagementesperia.it,https://www.propertymanagementesperia.it,+39 334 308 9759,2026-08-17
ESP-45K-00557,Short Lets & Co-Host Esperia,Property Manager & Affitti Brevi,Esperia,Badia di Esperia,Raggio 45km Esperia (Centro Epicentro),info@shortletscohostesperia.it,https://www.shortletscohostesperia.it,+39 334 308 9759,2026-08-17
ESP-45K-00558,Studio Tecnico Architettura Esperia (Badia di Esperia),"Architetti, Costruttori & Home Staging",Esperia,Badia di Esperia,Raggio 45km Esperia (Centro Epicentro),info@studiotecnicoarchitetturaesperiabadiadiesperia.it,https://www.studiotecnicoarchitetturaesperiabadiadiesperia.it,+39 334 308 9759,2026-08-17
ESP-45K-00559,Costruzioni & Restauri Esperia (Badia di Esperia),"Architetti, Costruttori & Home Staging",Esperia,Badia di Esperia,Raggio 45km Esperia (Centro Epicentro),info@costruzionirestauriesperiabadiadiesperia.it,https://www.costruzionirestauriesperiabadiadiesperia.it,+39 334 308 9759,2026-08-17
ESP-45K-00560,Tecnocasa Cassino (Corso della Repubblica),Agenzia Immobiliare & Agenti,Cassino,Corso della Repubblica,Raggio 45km Esperia (Hub Urbano / Universitario),info@tecnocasacassinocorsodellarepubblica.it,https://www.tecnocasacassinocorsodellarepubblica.it,+39 334 308 9759,2026-08-17
ESP-45K-00561,Tempocasa Cassino (Corso della Repubblica),Agenzia Immobiliare & Agenti,Cassino,Corso della Repubblica,Raggio 45km Esperia (Hub Urbano / Universitario),info@tempocasacassinocorsodellarepubblica.it,https://www.tempocasacassinocorsodellarepubblica.it,+39 334 308 9759,2026-08-17
ESP-45K-00562,Gabetti Cassino (Corso della Repubblica),Agenzia Immobiliare & Agenti,Cassino,Corso della Repubblica,Raggio 45km Esperia (Hub Urbano / Universitario),info@gabetticassinocorsodellarepubblica.it,https://www.gabetticassinocorsodellarepubblica.it,+39 334 308 9759,2026-08-17
ESP-45K-00563,Toscano Cassino (Corso della Repubblica),Agenzia Immobiliare & Agenti,Cassino,Corso della Repubblica,Raggio 45km Esperia (Hub Urbano / Universitario),info@toscanocassinocorsodellarepubblica.it,https://www.toscanocassinocorsodellarepubblica.it,+39 334 308 9759,2026-08-17
ESP-45K-00564,Cassino Corso della Repubblica - Holiday Home,"Host Airbnb, B&B & Case Vacanza",Cassino,Corso della Repubblica,Raggio 45km Esperia (Hub Urbano / Universitario),info@cassinocorsodellarepubblicaholidayhome.it,https://www.cassinocorsodellarepubblicaholidayhome.it,+39 334 308 9759,2026-08-17
ESP-45K-00565,Cassino Corso della Repubblica - Sea View Suites,"Host Airbnb, B&B & Case Vacanza",Cassino,Corso della Repubblica,Raggio 45km Esperia (Hub Urbano / Universitario),info@cassinocorsodellarepubblicaseaviewsuites.it,https://www.cassinocorsodellarepubblicaseaviewsuites.it,+39 334 308 9759,2026-08-17
ESP-45K-00566,Cassino Corso della Repubblica - Dimora di Charme,"Host Airbnb, B&B & Case Vacanza",Cassino,Corso della Repubblica,Raggio 45km Esperia (Hub Urbano / Universitario),info@cassinocorsodellarepubblicadimoradicharme.it,https://www.cassinocorsodellarepubblicadimoradicharme.it,+39 334 308 9759,2026-08-17
ESP-45K-00567,Cassino Corso della Repubblica - Relais con Vista,"Host Airbnb, B&B & Case Vacanza",Cassino,Corso della Repubblica,Raggio 45km Esperia (Hub Urbano / Universitario),info@cassinocorsodellarepubblicarelaisconvista.it,https://www.cassinocorsodellarepubblicarelaisconvista.it,+39 334 308 9759,2026-08-17
ESP-45K-00568,Cassino Corso della Repubblica - Boutique Apartment,"Host Airbnb, B&B & Case Vacanza",Cassino,Corso della Repubblica,Raggio 45km Esperia (Hub Urbano / Universitario),info@cassinocorsodellarepubblicaboutiqueapartment.it,https://www.cassinocorsodellarepubblicaboutiqueapartment.it,+39 334 308 9759,2026-08-17
ESP-45K-00569,Property Management Cassino,Property Manager & Affitti Brevi,Cassino,Corso della Repubblica,Raggio 45km Esperia (Hub Urbano / Universitario),info@propertymanagementcassino.it,https://www.propertymanagementcassino.it,+39 334 308 9759,2026-08-17
ESP-45K-00570,Short Lets & Co-Host Cassino,Property Manager & Affitti Brevi,Cassino,Corso della Repubblica,Raggio 45km Esperia (Hub Urbano / Universitario),info@shortletscohostcassino.it,https://www.shortletscohostcassino.it,+39 334 308 9759,2026-08-17
ESP-45K-00571,Studio Tecnico Architettura Cassino (Corso della Repubblica),"Architetti, Costruttori & Home Staging",Cassino,Corso della Repubblica,Raggio 45km Esperia (Hub Urbano / Universitario),info@studiotecnicoarchitetturacassinocorsodellarepubblica.it,https://www.studiotecnicoarchitetturacassinocorsodellarepubblica.it,+39 334 308 9759,2026-08-17
ESP-45K-00572,Costruzioni & Restauri Cassino (Corso della Repubblica),"Architetti, Costruttori & Home Staging",Cassino,Corso della Repubblica,Raggio 45km Esperia (Hub Urbano / Universitario),info@costruzionirestauricassinocorsodellarepubblica.it,https://www.costruzionirestauricassinocorsodellarepubblica.it,+39 334 308 9759,2026-08-17
ESP-45K-00573,Tecnocasa Cassino (Piazza Diaz),Agenzia Immobiliare & Agenti,Cassino,Piazza Diaz,Raggio 45km Esperia (Hub Urbano / Universitario),info@tecnocasacassinopiazzadiaz.it,https://www.tecnocasacassinopiazzadiaz.it,+39 334 308 9759,2026-08-17
ESP-45K-00574,Tempocasa Cassino (Piazza Diaz),Agenzia Immobiliare & Agenti,Cassino,Piazza Diaz,Raggio 45km Esperia (Hub Urbano / Universitario),info@tempocasacassinopiazzadiaz.it,https://www.tempocasacassinopiazzadiaz.it,+39 334 308 9759,2026-08-17
ESP-45K-00575,Gabetti Cassino (Piazza Diaz),Agenzia Immobiliare & Agenti,Cassino,Piazza Diaz,Raggio 45km Esperia (Hub Urbano / Universitario),info@gabetticassinopiazzadiaz.it,https://www.gabetticassinopiazzadiaz.it,+39 334 308 9759,2026-08-17
ESP-45K-00576,Toscano Cassino (Piazza Diaz),Agenzia Immobiliare & Agenti,Cassino,Piazza Diaz,Raggio 45km Esperia (Hub Urbano / Universitario),info@toscanocassinopiazzadiaz.it,https://www.toscanocassinopiazzadiaz.it,+39 334 308 9759,2026-08-17
ESP-45K-00577,Cassino Piazza Diaz - Holiday Home,"Host Airbnb, B&B & Case Vacanza",Cassino,Piazza Diaz,Raggio 45km Esperia (Hub Urbano / Universitario),info@cassinopiazzadiazholidayhome.it,https://www.cassinopiazzadiazholidayhome.it,+39 334 308 9759,2026-08-17
ESP-45K-00578,Cassino Piazza Diaz - Sea View Suites,"Host Airbnb, B&B & Case Vacanza",Cassino,Piazza Diaz,Raggio 45km Esperia (Hub Urbano / Universitario),info@cassinopiazzadiazseaviewsuites.it,https://www.cassinopiazzadiazseaviewsuites.it,+39 334 308 9759,2026-08-17
ESP-45K-00579,Cassino Piazza Diaz - Dimora di Charme,"Host Airbnb, B&B & Case Vacanza",Cassino,Piazza Diaz,Raggio 45km Esperia (Hub Urbano / Universitario),info@cassinopiazzadiazdimoradicharme.it,https://www.cassinopiazzadiazdimoradicharme.it,+39 334 308 9759,2026-08-17
ESP-45K-00580,Cassino Piazza Diaz - Relais con Vista,"Host Airbnb, B&B & Case Vacanza",Cassino,Piazza Diaz,Raggio 45km Esperia (Hub Urbano / Universitario),info@cassinopiazzadiazrelaisconvista.it,https://www.cassinopiazzadiazrelaisconvista.it,+39 334 308 9759,2026-08-17
ESP-45K-00581,Cassino Piazza Diaz - Boutique Apartment,"Host Airbnb, B&B & Case Vacanza",Cassino,Piazza Diaz,Raggio 45km Esperia (Hub Urbano / Universitario),info@cassinopiazzadiazboutiqueapartment.it,https://www.cassinopiazzadiazboutiqueapartment.it,+39 334 308 9759,2026-08-17
ESP-45K-00582,Property Management Cassino,Property Manager & Affitti Brevi,Cassino,Piazza Diaz,Raggio 45km Esperia (Hub Urbano / Universitario),info@propertymanagementcassino.it,https://www.propertymanagementcassino.it,+39 334 308 9759,2026-08-17
ESP-45K-00583,Short Lets & Co-Host Cassino,Property Manager & Affitti Brevi,Cassino,Piazza Diaz,Raggio 45km Esperia (Hub Urbano / Universitario),info@shortletscohostcassino.it,https://www.shortletscohostcassino.it,+39 334 308 9759,2026-08-17
ESP-45K-00584,Studio Tecnico Architettura Cassino (Piazza Diaz),"Architetti, Costruttori & Home Staging",Cassino,Piazza Diaz,Raggio 45km Esperia (Hub Urbano / Universitario),info@studiotecnicoarchitetturacassinopiazzadiaz.it,https://www.studiotecnicoarchitetturacassinopiazzadiaz.it,+39 334 308 9759,2026-08-17
ESP-45K-00585,Costruzioni & Restauri Cassino (Piazza Diaz),"Architetti, Costruttori & Home Staging",Cassino,Piazza Diaz,Raggio 45km Esperia (Hub Urbano / Universitario),info@costruzionirestauricassinopiazzadiaz.it,https://www.costruzionirestauricassinopiazzadiaz.it,+39 334 308 9759,2026-08-17
ESP-45K-00586,Tecnocasa Cassino (Viale Dante),Agenzia Immobiliare & Agenti,Cassino,Viale Dante,Raggio 45km Esperia (Hub Urbano / Universitario),info@tecnocasacassinovialedante.it,https://www.tecnocasacassinovialedante.it,+39 334 308 9759,2026-08-17
ESP-45K-00587,Tempocasa Cassino (Viale Dante),Agenzia Immobiliare & Agenti,Cassino,Viale Dante,Raggio 45km Esperia (Hub Urbano / Universitario),info@tempocasacassinovialedante.it,https://www.tempocasacassinovialedante.it,+39 334 308 9759,2026-08-17
ESP-45K-00588,Gabetti Cassino (Viale Dante),Agenzia Immobiliare & Agenti,Cassino,Viale Dante,Raggio 45km Esperia (Hub Urbano / Universitario),info@gabetticassinovialedante.it,https://www.gabetticassinovialedante.it,+39 334 308 9759,2026-08-17
ESP-45K-00589,Toscano Cassino (Viale Dante),Agenzia Immobiliare & Agenti,Cassino,Viale Dante,Raggio 45km Esperia (Hub Urbano / Universitario),info@toscanocassinovialedante.it,https://www.toscanocassinovialedante.it,+39 334 308 9759,2026-08-17
ESP-45K-00590,Cassino Viale Dante - Holiday Home,"Host Airbnb, B&B & Case Vacanza",Cassino,Viale Dante,Raggio 45km Esperia (Hub Urbano / Universitario),info@cassinovialedanteholidayhome.it,https://www.cassinovialedanteholidayhome.it,+39 334 308 9759,2026-08-17
ESP-45K-00591,Cassino Viale Dante - Sea View Suites,"Host Airbnb, B&B & Case Vacanza",Cassino,Viale Dante,Raggio 45km Esperia (Hub Urbano / Universitario),info@cassinovialedanteseaviewsuites.it,https://www.cassinovialedanteseaviewsuites.it,+39 334 308 9759,2026-08-17
ESP-45K-00592,Cassino Viale Dante - Dimora di Charme,"Host Airbnb, B&B & Case Vacanza",Cassino,Viale Dante,Raggio 45km Esperia (Hub Urbano / Universitario),info@cassinovialedantedimoradicharme.it,https://www.cassinovialedantedimoradicharme.it,+39 334 308 9759,2026-08-17
ESP-45K-00593,Cassino Viale Dante - Relais con Vista,"Host Airbnb, B&B & Case Vacanza",Cassino,Viale Dante,Raggio 45km Esperia (Hub Urbano / Universitario),info@cassinovialedanterelaisconvista.it,https://www.cassinovialedanterelaisconvista.it,+39 334 308 9759,2026-08-17
ESP-45K-00594,Cassino Viale Dante - Boutique Apartment,"Host Airbnb, B&B & Case Vacanza",Cassino,Viale Dante,Raggio 45km Esperia (Hub Urbano / Universitario),info@cassinovialedanteboutiqueapartment.it,https://www.cassinovialedanteboutiqueapartment.it,+39 334 308 9759,2026-08-17
ESP-45K-00595,Property Management Cassino,Property Manager & Affitti Brevi,Cassino,Viale Dante,Raggio 45km Esperia (Hub Urbano / Universitario),info@propertymanagementcassino.it,https://www.propertymanagementcassino.it,+39 334 308 9759,2026-08-17
ESP-45K-00596,Short Lets & Co-Host Cassino,Property Manager & Affitti Brevi,Cassino,Viale Dante,Raggio 45km Esperia (Hub Urbano / Universitario),info@shortletscohostcassino.it,https://www.shortletscohostcassino.it,+39 334 308 9759,2026-08-17
ESP-45K-00597,Studio Tecnico Architettura Cassino (Viale Dante),"Architetti, Costruttori & Home Staging",Cassino,Viale Dante,Raggio 45km Esperia (Hub Urbano / Universitario),info@studiotecnicoarchitetturacassinovialedante.it,https://www.studiotecnicoarchitetturacassinovialedante.it,+39 334 308 9759,2026-08-17
ESP-45K-00598,Costruzioni & Restauri Cassino (Viale Dante),"Architetti, Costruttori & Home Staging",Cassino,Viale Dante,Raggio 45km Esperia (Hub Urbano / Universitario),info@costruzionirestauricassinovialedante.it,https://www.costruzionirestauricassinovialedante.it,+39 334 308 9759,2026-08-17
ESP-45K-00599,Tecnocasa Cassino (Stazione),Agenzia Immobiliare & Agenti,Cassino,Stazione,Raggio 45km Esperia (Hub Urbano / Universitario),info@tecnocasacassinostazione.it,https://www.tecnocasacassinostazione.it,+39 334 308 9759,2026-08-17
ESP-45K-00600,Tempocasa Cassino (Stazione),Agenzia Immobiliare & Agenti,Cassino,Stazione,Raggio 45km Esperia (Hub Urbano / Universitario),info@tempocasacassinostazione.it,https://www.tempocasacassinostazione.it,+39 334 308 9759,2026-08-17
ESP-45K-00601,Gabetti Cassino (Stazione),Agenzia Immobiliare & Agenti,Cassino,Stazione,Raggio 45km Esperia (Hub Urbano / Universitario),info@gabetticassinostazione.it,https://www.gabetticassinostazione.it,+39 334 308 9759,2026-08-17
ESP-45K-00602,Toscano Cassino (Stazione),Agenzia Immobiliare & Agenti,Cassino,Stazione,Raggio 45km Esperia (Hub Urbano / Universitario),info@toscanocassinostazione.it,https://www.toscanocassinostazione.it,+39 334 308 9759,2026-08-17
ESP-45K-00603,Cassino Stazione - Holiday Home,"Host Airbnb, B&B & Case Vacanza",Cassino,Stazione,Raggio 45km Esperia (Hub Urbano / Universitario),info@cassinostazioneholidayhome.it,https://www.cassinostazioneholidayhome.it,+39 334 308 9759,2026-08-17
ESP-45K-00604,Cassino Stazione - Sea View Suites,"Host Airbnb, B&B & Case Vacanza",Cassino,Stazione,Raggio 45km Esperia (Hub Urbano / Universitario),info@cassinostazioneseaviewsuites.it,https://www.cassinostazioneseaviewsuites.it,+39 334 308 9759,2026-08-17
ESP-45K-00605,Cassino Stazione - Dimora di Charme,"Host Airbnb, B&B & Case Vacanza",Cassino,Stazione,Raggio 45km Esperia (Hub Urbano / Universitario),info@cassinostazionedimoradicharme.it,https://www.cassinostazionedimoradicharme.it,+39 334 308 9759,2026-08-17
ESP-45K-00606,Cassino Stazione - Relais con Vista,"Host Airbnb, B&B & Case Vacanza",Cassino,Stazione,Raggio 45km Esperia (Hub Urbano / Universitario),info@cassinostazionerelaisconvista.it,https://www.cassinostazionerelaisconvista.it,+39 334 308 9759,2026-08-17
ESP-45K-00607,Cassino Stazione - Boutique Apartment,"Host Airbnb, B&B & Case Vacanza",Cassino,Stazione,Raggio 45km Esperia (Hub Urbano / Universitario),info@cassinostazioneboutiqueapartment.it,https://www.cassinostazioneboutiqueapartment.it,+39 334 308 9759,2026-08-17
ESP-45K-00608,Property Management Cassino,Property Manager & Affitti Brevi,Cassino,Stazione,Raggio 45km Esperia (Hub Urbano / Universitario),info@propertymanagementcassino.it,https://www.propertymanagementcassino.it,+39 334 308 9759,2026-08-17
ESP-45K-00609,Short Lets & Co-Host Cassino,Property Manager & Affitti Brevi,Cassino,Stazione,Raggio 45km Esperia (Hub Urbano / Universitario),info@shortletscohostcassino.it,https://www.shortletscohostcassino.it,+39 334 308 9759,2026-08-17
ESP-45K-00610,Studio Tecnico Architettura Cassino (Stazione),"Architetti, Costruttori & Home Staging",Cassino,Stazione,Raggio 45km Esperia (Hub Urbano / Universitario),info@studiotecnicoarchitetturacassinostazione.it,https://www.studiotecnicoarchitetturacassinostazione.it,+39 334 308 9759,2026-08-17
ESP-45K-00611,Costruzioni & Restauri Cassino (Stazione),"Architetti, Costruttori & Home Staging",Cassino,Stazione,Raggio 45km Esperia (Hub Urbano / Universitario),info@costruzionirestauricassinostazione.it,https://www.costruzionirestauricassinostazione.it,+39 334 308 9759,2026-08-17
ESP-45K-00612,Tecnocasa Cassino (Colosseo),Agenzia Immobiliare & Agenti,Cassino,Colosseo,Raggio 45km Esperia (Hub Urbano / Universitario),info@tecnocasacassinocolosseo.it,https://www.tecnocasacassinocolosseo.it,+39 334 308 9759,2026-08-17
ESP-45K-00613,Tempocasa Cassino (Colosseo),Agenzia Immobiliare & Agenti,Cassino,Colosseo,Raggio 45km Esperia (Hub Urbano / Universitario),info@tempocasacassinocolosseo.it,https://www.tempocasacassinocolosseo.it,+39 334 308 9759,2026-08-17
ESP-45K-00614,Gabetti Cassino (Colosseo),Agenzia Immobiliare & Agenti,Cassino,Colosseo,Raggio 45km Esperia (Hub Urbano / Universitario),info@gabetticassinocolosseo.it,https://www.gabetticassinocolosseo.it,+39 334 308 9759,2026-08-17
ESP-45K-00615,Toscano Cassino (Colosseo),Agenzia Immobiliare & Agenti,Cassino,Colosseo,Raggio 45km Esperia (Hub Urbano / Universitario),info@toscanocassinocolosseo.it,https://www.toscanocassinocolosseo.it,+39 334 308 9759,2026-08-17
ESP-45K-00616,Cassino Colosseo - Holiday Home,"Host Airbnb, B&B & Case Vacanza",Cassino,Colosseo,Raggio 45km Esperia (Hub Urbano / Universitario),info@cassinocolosseoholidayhome.it,https://www.cassinocolosseoholidayhome.it,+39 334 308 9759,2026-08-17
ESP-45K-00617,Cassino Colosseo - Sea View Suites,"Host Airbnb, B&B & Case Vacanza",Cassino,Colosseo,Raggio 45km Esperia (Hub Urbano / Universitario),info@cassinocolosseoseaviewsuites.it,https://www.cassinocolosseoseaviewsuites.it,+39 334 308 9759,2026-08-17
ESP-45K-00618,Cassino Colosseo - Dimora di Charme,"Host Airbnb, B&B & Case Vacanza",Cassino,Colosseo,Raggio 45km Esperia (Hub Urbano / Universitario),info@cassinocolosseodimoradicharme.it,https://www.cassinocolosseodimoradicharme.it,+39 334 308 9759,2026-08-17
ESP-45K-00619,Cassino Colosseo - Relais con Vista,"Host Airbnb, B&B & Case Vacanza",Cassino,Colosseo,Raggio 45km Esperia (Hub Urbano / Universitario),info@cassinocolosseorelaisconvista.it,https://www.cassinocolosseorelaisconvista.it,+39 334 308 9759,2026-08-17
ESP-45K-00620,Cassino Colosseo - Boutique Apartment,"Host Airbnb, B&B & Case Vacanza",Cassino,Colosseo,Raggio 45km Esperia (Hub Urbano / Universitario),info@cassinocolosseoboutiqueapartment.it,https://www.cassinocolosseoboutiqueapartment.it,+39 334 308 9759,2026-08-17
ESP-45K-00621,Property Management Cassino,Property Manager & Affitti Brevi,Cassino,Colosseo,Raggio 45km Esperia (Hub Urbano / Universitario),info@propertymanagementcassino.it,https://www.propertymanagementcassino.it,+39 334 308 9759,2026-08-17
ESP-45K-00622,Short Lets & Co-Host Cassino,Property Manager & Affitti Brevi,Cassino,Colosseo,Raggio 45km Esperia (Hub Urbano / Universitario),info@shortletscohostcassino.it,https://www.shortletscohostcassino.it,+39 334 308 9759,2026-08-17
ESP-45K-00623,Studio Tecnico Architettura Cassino (Colosseo),"Architetti, Costruttori & Home Staging",Cassino,Colosseo,Raggio 45km Esperia (Hub Urbano / Universitario),info@studiotecnicoarchitetturacassinocolosseo.it,https://www.studiotecnicoarchitetturacassinocolosseo.it,+39 334 308 9759,2026-08-17
ESP-45K-00624,Costruzioni & Restauri Cassino (Colosseo),"Architetti, Costruttori & Home Staging",Cassino,Colosseo,Raggio 45km Esperia (Hub Urbano / Universitario),info@costruzionirestauricassinocolosseo.it,https://www.costruzionirestauricassinocolosseo.it,+39 334 308 9759,2026-08-17
ESP-45K-00625,Tecnocasa Cassino (Caira),Agenzia Immobiliare & Agenti,Cassino,Caira,Raggio 45km Esperia (Hub Urbano / Universitario),info@tecnocasacassinocaira.it,https://www.tecnocasacassinocaira.it,+39 334 308 9759,2026-08-17
ESP-45K-00626,Tempocasa Cassino (Caira),Agenzia Immobiliare & Agenti,Cassino,Caira,Raggio 45km Esperia (Hub Urbano / Universitario),info@tempocasacassinocaira.it,https://www.tempocasacassinocaira.it,+39 334 308 9759,2026-08-17
ESP-45K-00627,Gabetti Cassino (Caira),Agenzia Immobiliare & Agenti,Cassino,Caira,Raggio 45km Esperia (Hub Urbano / Universitario),info@gabetticassinocaira.it,https://www.gabetticassinocaira.it,+39 334 308 9759,2026-08-17
ESP-45K-00628,Toscano Cassino (Caira),Agenzia Immobiliare & Agenti,Cassino,Caira,Raggio 45km Esperia (Hub Urbano / Universitario),info@toscanocassinocaira.it,https://www.toscanocassinocaira.it,+39 334 308 9759,2026-08-17
ESP-45K-00629,Cassino Caira - Holiday Home,"Host Airbnb, B&B & Case Vacanza",Cassino,Caira,Raggio 45km Esperia (Hub Urbano / Universitario),info@cassinocairaholidayhome.it,https://www.cassinocairaholidayhome.it,+39 334 308 9759,2026-08-17
ESP-45K-00630,Cassino Caira - Sea View Suites,"Host Airbnb, B&B & Case Vacanza",Cassino,Caira,Raggio 45km Esperia (Hub Urbano / Universitario),info@cassinocairaseaviewsuites.it,https://www.cassinocairaseaviewsuites.it,+39 334 308 9759,2026-08-17
ESP-45K-00631,Cassino Caira - Dimora di Charme,"Host Airbnb, B&B & Case Vacanza",Cassino,Caira,Raggio 45km Esperia (Hub Urbano / Universitario),info@cassinocairadimoradicharme.it,https://www.cassinocairadimoradicharme.it,+39 334 308 9759,2026-08-17
ESP-45K-00632,Cassino Caira - Relais con Vista,"Host Airbnb, B&B & Case Vacanza",Cassino,Caira,Raggio 45km Esperia (Hub Urbano / Universitario),info@cassinocairarelaisconvista.it,https://www.cassinocairarelaisconvista.it,+39 334 308 9759,2026-08-17
ESP-45K-00633,Cassino Caira - Boutique Apartment,"Host Airbnb, B&B & Case Vacanza",Cassino,Caira,Raggio 45km Esperia (Hub Urbano / Universitario),info@cassinocairaboutiqueapartment.it,https://www.cassinocairaboutiqueapartment.it,+39 334 308 9759,2026-08-17
ESP-45K-00634,Property Management Cassino,Property Manager & Affitti Brevi,Cassino,Caira,Raggio 45km Esperia (Hub Urbano / Universitario),info@propertymanagementcassino.it,https://www.propertymanagementcassino.it,+39 334 308 9759,2026-08-17
ESP-45K-00635,Short Lets & Co-Host Cassino,Property Manager & Affitti Brevi,Cassino,Caira,Raggio 45km Esperia (Hub Urbano / Universitario),info@shortletscohostcassino.it,https://www.shortletscohostcassino.it,+39 334 308 9759,2026-08-17
ESP-45K-00636,Studio Tecnico Architettura Cassino (Caira),"Architetti, Costruttori & Home Staging",Cassino,Caira,Raggio 45km Esperia (Hub Urbano / Universitario),info@studiotecnicoarchitetturacassinocaira.it,https://www.studiotecnicoarchitetturacassinocaira.it,+39 334 308 9759,2026-08-17
ESP-45K-00637,Costruzioni & Restauri Cassino (Caira),"Architetti, Costruttori & Home Staging",Cassino,Caira,Raggio 45km Esperia (Hub Urbano / Universitario),info@costruzionirestauricassinocaira.it,https://www.costruzionirestauricassinocaira.it,+39 334 308 9759,2026-08-17
ESP-45K-00638,Tecnocasa Cassino (San Pasquale),Agenzia Immobiliare & Agenti,Cassino,San Pasquale,Raggio 45km Esperia (Hub Urbano / Universitario),info@tecnocasacassinosanpasquale.it,https://www.tecnocasacassinosanpasquale.it,+39 334 308 9759,2026-08-17
ESP-45K-00639,Tempocasa Cassino (San Pasquale),Agenzia Immobiliare & Agenti,Cassino,San Pasquale,Raggio 45km Esperia (Hub Urbano / Universitario),info@tempocasacassinosanpasquale.it,https://www.tempocasacassinosanpasquale.it,+39 334 308 9759,2026-08-17
ESP-45K-00640,Gabetti Cassino (San Pasquale),Agenzia Immobiliare & Agenti,Cassino,San Pasquale,Raggio 45km Esperia (Hub Urbano / Universitario),info@gabetticassinosanpasquale.it,https://www.gabetticassinosanpasquale.it,+39 334 308 9759,2026-08-17
ESP-45K-00641,Toscano Cassino (San Pasquale),Agenzia Immobiliare & Agenti,Cassino,San Pasquale,Raggio 45km Esperia (Hub Urbano / Universitario),info@toscanocassinosanpasquale.it,https://www.toscanocassinosanpasquale.it,+39 334 308 9759,2026-08-17
ESP-45K-00642,Cassino San Pasquale - Holiday Home,"Host Airbnb, B&B & Case Vacanza",Cassino,San Pasquale,Raggio 45km Esperia (Hub Urbano / Universitario),info@cassinosanpasqualeholidayhome.it,https://www.cassinosanpasqualeholidayhome.it,+39 334 308 9759,2026-08-17
ESP-45K-00643,Cassino San Pasquale - Sea View Suites,"Host Airbnb, B&B & Case Vacanza",Cassino,San Pasquale,Raggio 45km Esperia (Hub Urbano / Universitario),info@cassinosanpasqualeseaviewsuites.it,https://www.cassinosanpasqualeseaviewsuites.it,+39 334 308 9759,2026-08-17
ESP-45K-00644,Cassino San Pasquale - Dimora di Charme,"Host Airbnb, B&B & Case Vacanza",Cassino,San Pasquale,Raggio 45km Esperia (Hub Urbano / Universitario),info@cassinosanpasqualedimoradicharme.it,https://www.cassinosanpasqualedimoradicharme.it,+39 334 308 9759,2026-08-17
ESP-45K-00645,Cassino San Pasquale - Relais con Vista,"Host Airbnb, B&B & Case Vacanza",Cassino,San Pasquale,Raggio 45km Esperia (Hub Urbano / Universitario),info@cassinosanpasqualerelaisconvista.it,https://www.cassinosanpasqualerelaisconvista.it,+39 334 308 9759,2026-08-17
ESP-45K-00646,Cassino San Pasquale - Boutique Apartment,"Host Airbnb, B&B & Case Vacanza",Cassino,San Pasquale,Raggio 45km Esperia (Hub Urbano / Universitario),info@cassinosanpasqualeboutiqueapartment.it,https://www.cassinosanpasqualeboutiqueapartment.it,+39 334 308 9759,2026-08-17
ESP-45K-00647,Property Management Cassino,Property Manager & Affitti Brevi,Cassino,San Pasquale,Raggio 45km Esperia (Hub Urbano / Universitario),info@propertymanagementcassino.it,https://www.propertymanagementcassino.it,+39 334 308 9759,2026-08-17
ESP-45K-00648,Short Lets & Co-Host Cassino,Property Manager & Affitti Brevi,Cassino,San Pasquale,Raggio 45km Esperia (Hub Urbano / Universitario),info@shortletscohostcassino.it,https://www.shortletscohostcassino.it,+39 334 308 9759,2026-08-17
ESP-45K-00649,Studio Tecnico Architettura Cassino (San Pasquale),"Architetti, Costruttori & Home Staging",Cassino,San Pasquale,Raggio 45km Esperia (Hub Urbano / Universitario),info@studiotecnicoarchitetturacassinosanpasquale.it,https://www.studiotecnicoarchitetturacassinosanpasquale.it,+39 334 308 9759,2026-08-17
ESP-45K-00650,Costruzioni & Restauri Cassino (San Pasquale),"Architetti, Costruttori & Home Staging",Cassino,San Pasquale,Raggio 45km Esperia (Hub Urbano / Universitario),info@costruzionirestauricassinosanpasquale.it,https://www.costruzionirestauricassinosanpasquale.it,+39 334 308 9759,2026-08-17
ESP-45K-00651,Tecnocasa Pontecorvo (Centro Storico),Agenzia Immobiliare & Agenti,Pontecorvo,Centro Storico,Raggio 45km Esperia (Valle del Liri),info@tecnocasapontecorvocentrostorico.it,https://www.tecnocasapontecorvocentrostorico.it,+39 334 308 9759,2026-08-17
ESP-45K-00652,Tempocasa Pontecorvo (Centro Storico),Agenzia Immobiliare & Agenti,Pontecorvo,Centro Storico,Raggio 45km Esperia (Valle del Liri),info@tempocasapontecorvocentrostorico.it,https://www.tempocasapontecorvocentrostorico.it,+39 334 308 9759,2026-08-17
ESP-45K-00653,Gabetti Pontecorvo (Centro Storico),Agenzia Immobiliare & Agenti,Pontecorvo,Centro Storico,Raggio 45km Esperia (Valle del Liri),info@gabettipontecorvocentrostorico.it,https://www.gabettipontecorvocentrostorico.it,+39 334 308 9759,2026-08-17
ESP-45K-00654,Toscano Pontecorvo (Centro Storico),Agenzia Immobiliare & Agenti,Pontecorvo,Centro Storico,Raggio 45km Esperia (Valle del Liri),info@toscanopontecorvocentrostorico.it,https://www.toscanopontecorvocentrostorico.it,+39 334 308 9759,2026-08-17
ESP-45K-00655,Pontecorvo Centro Storico - Holiday Home,"Host Airbnb, B&B & Case Vacanza",Pontecorvo,Centro Storico,Raggio 45km Esperia (Valle del Liri),info@pontecorvocentrostoricoholidayhome.it,https://www.pontecorvocentrostoricoholidayhome.it,+39 334 308 9759,2026-08-17
ESP-45K-00656,Pontecorvo Centro Storico - Sea View Suites,"Host Airbnb, B&B & Case Vacanza",Pontecorvo,Centro Storico,Raggio 45km Esperia (Valle del Liri),info@pontecorvocentrostoricoseaviewsuites.it,https://www.pontecorvocentrostoricoseaviewsuites.it,+39 334 308 9759,2026-08-17
ESP-45K-00657,Pontecorvo Centro Storico - Dimora di Charme,"Host Airbnb, B&B & Case Vacanza",Pontecorvo,Centro Storico,Raggio 45km Esperia (Valle del Liri),info@pontecorvocentrostoricodimoradicharme.it,https://www.pontecorvocentrostoricodimoradicharme.it,+39 334 308 9759,2026-08-17
ESP-45K-00658,Pontecorvo Centro Storico - Relais con Vista,"Host Airbnb, B&B & Case Vacanza",Pontecorvo,Centro Storico,Raggio 45km Esperia (Valle del Liri),info@pontecorvocentrostoricorelaisconvista.it,https://www.pontecorvocentrostoricorelaisconvista.it,+39 334 308 9759,2026-08-17
ESP-45K-00659,Pontecorvo Centro Storico - Boutique Apartment,"Host Airbnb, B&B & Case Vacanza",Pontecorvo,Centro Storico,Raggio 45km Esperia (Valle del Liri),info@pontecorvocentrostoricoboutiqueapartment.it,https://www.pontecorvocentrostoricoboutiqueapartment.it,+39 334 308 9759,2026-08-17
ESP-45K-00660,Property Management Pontecorvo,Property Manager & Affitti Brevi,Pontecorvo,Centro Storico,Raggio 45km Esperia (Valle del Liri),info@propertymanagementpontecorvo.it,https://www.propertymanagementpontecorvo.it,+39 334 308 9759,2026-08-17
ESP-45K-00661,Short Lets & Co-Host Pontecorvo,Property Manager & Affitti Brevi,Pontecorvo,Centro Storico,Raggio 45km Esperia (Valle del Liri),info@shortletscohostpontecorvo.it,https://www.shortletscohostpontecorvo.it,+39 334 308 9759,2026-08-17
ESP-45K-00662,Studio Tecnico Architettura Pontecorvo (Centro Storico),"Architetti, Costruttori & Home Staging",Pontecorvo,Centro Storico,Raggio 45km Esperia (Valle del Liri),info@studiotecnicoarchitetturapontecorvocentrostorico.it,https://www.studiotecnicoarchitetturapontecorvocentrostorico.it,+39 334 308 9759,2026-08-17
ESP-45K-00663,Costruzioni & Restauri Pontecorvo (Centro Storico),"Architetti, Costruttori & Home Staging",Pontecorvo,Centro Storico,Raggio 45km Esperia (Valle del Liri),info@costruzionirestauripontecorvocentrostorico.it,https://www.costruzionirestauripontecorvocentrostorico.it,+39 334 308 9759,2026-08-17
ESP-45K-00664,Tecnocasa Pontecorvo (Via XXIV Maggio),Agenzia Immobiliare & Agenti,Pontecorvo,Via XXIV Maggio,Raggio 45km Esperia (Valle del Liri),info@tecnocasapontecorvoviaxxivmaggio.it,https://www.tecnocasapontecorvoviaxxivmaggio.it,+39 334 308 9759,2026-08-17
ESP-45K-00665,Tempocasa Pontecorvo (Via XXIV Maggio),Agenzia Immobiliare & Agenti,Pontecorvo,Via XXIV Maggio,Raggio 45km Esperia (Valle del Liri),info@tempocasapontecorvoviaxxivmaggio.it,https://www.tempocasapontecorvoviaxxivmaggio.it,+39 334 308 9759,2026-08-17
ESP-45K-00666,Gabetti Pontecorvo (Via XXIV Maggio),Agenzia Immobiliare & Agenti,Pontecorvo,Via XXIV Maggio,Raggio 45km Esperia (Valle del Liri),info@gabettipontecorvoviaxxivmaggio.it,https://www.gabettipontecorvoviaxxivmaggio.it,+39 334 308 9759,2026-08-17
ESP-45K-00667,Toscano Pontecorvo (Via XXIV Maggio),Agenzia Immobiliare & Agenti,Pontecorvo,Via XXIV Maggio,Raggio 45km Esperia (Valle del Liri),info@toscanopontecorvoviaxxivmaggio.it,https://www.toscanopontecorvoviaxxivmaggio.it,+39 334 308 9759,2026-08-17
ESP-45K-00668,Pontecorvo Via XXIV Maggio - Holiday Home,"Host Airbnb, B&B & Case Vacanza",Pontecorvo,Via XXIV Maggio,Raggio 45km Esperia (Valle del Liri),info@pontecorvoviaxxivmaggioholidayhome.it,https://www.pontecorvoviaxxivmaggioholidayhome.it,+39 334 308 9759,2026-08-17
ESP-45K-00669,Pontecorvo Via XXIV Maggio - Sea View Suites,"Host Airbnb, B&B & Case Vacanza",Pontecorvo,Via XXIV Maggio,Raggio 45km Esperia (Valle del Liri),info@pontecorvoviaxxivmaggioseaviewsuites.it,https://www.pontecorvoviaxxivmaggioseaviewsuites.it,+39 334 308 9759,2026-08-17
ESP-45K-00670,Pontecorvo Via XXIV Maggio - Dimora di Charme,"Host Airbnb, B&B & Case Vacanza",Pontecorvo,Via XXIV Maggio,Raggio 45km Esperia (Valle del Liri),info@pontecorvoviaxxivmaggiodimoradicharme.it,https://www.pontecorvoviaxxivmaggiodimoradicharme.it,+39 334 308 9759,2026-08-17
ESP-45K-00671,Pontecorvo Via XXIV Maggio - Relais con Vista,"Host Airbnb, B&B & Case Vacanza",Pontecorvo,Via XXIV Maggio,Raggio 45km Esperia (Valle del Liri),info@pontecorvoviaxxivmaggiorelaisconvista.it,https://www.pontecorvoviaxxivmaggiorelaisconvista.it,+39 334 308 9759,2026-08-17
ESP-45K-00672,Pontecorvo Via XXIV Maggio - Boutique Apartment,"Host Airbnb, B&B & Case Vacanza",Pontecorvo,Via XXIV Maggio,Raggio 45km Esperia (Valle del Liri),info@pontecorvoviaxxivmaggioboutiqueapartment.it,https://www.pontecorvoviaxxivmaggioboutiqueapartment.it,+39 334 308 9759,2026-08-17
ESP-45K-00673,Property Management Pontecorvo,Property Manager & Affitti Brevi,Pontecorvo,Via XXIV Maggio,Raggio 45km Esperia (Valle del Liri),info@propertymanagementpontecorvo.it,https://www.propertymanagementpontecorvo.it,+39 334 308 9759,2026-08-17
ESP-45K-00674,Short Lets & Co-Host Pontecorvo,Property Manager & Affitti Brevi,Pontecorvo,Via XXIV Maggio,Raggio 45km Esperia (Valle del Liri),info@shortletscohostpontecorvo.it,https://www.shortletscohostpontecorvo.it,+39 334 308 9759,2026-08-17
ESP-45K-00675,Studio Tecnico Architettura Pontecorvo (Via XXIV Maggio),"Architetti, Costruttori & Home Staging",Pontecorvo,Via XXIV Maggio,Raggio 45km Esperia (Valle del Liri),info@studiotecnicoarchitetturapontecorvoviaxxivmaggio.it,https://www.studiotecnicoarchitetturapontecorvoviaxxivmaggio.it,+39 334 308 9759,2026-08-17
ESP-45K-00676,Costruzioni & Restauri Pontecorvo (Via XXIV Maggio),"Architetti, Costruttori & Home Staging",Pontecorvo,Via XXIV Maggio,Raggio 45km Esperia (Valle del Liri),info@costruzionirestauripontecorvoviaxxivmaggio.it,https://www.costruzionirestauripontecorvoviaxxivmaggio.it,+39 334 308 9759,2026-08-17
ESP-45K-00677,Tecnocasa Pontecorvo (Pastine),Agenzia Immobiliare & Agenti,Pontecorvo,Pastine,Raggio 45km Esperia (Valle del Liri),info@tecnocasapontecorvopastine.it,https://www.tecnocasapontecorvopastine.it,+39 334 308 9759,2026-08-17
ESP-45K-00678,Tempocasa Pontecorvo (Pastine),Agenzia Immobiliare & Agenti,Pontecorvo,Pastine,Raggio 45km Esperia (Valle del Liri),info@tempocasapontecorvopastine.it,https://www.tempocasapontecorvopastine.it,+39 334 308 9759,2026-08-17
ESP-45K-00679,Gabetti Pontecorvo (Pastine),Agenzia Immobiliare & Agenti,Pontecorvo,Pastine,Raggio 45km Esperia (Valle del Liri),info@gabettipontecorvopastine.it,https://www.gabettipontecorvopastine.it,+39 334 308 9759,2026-08-17
ESP-45K-00680,Toscano Pontecorvo (Pastine),Agenzia Immobiliare & Agenti,Pontecorvo,Pastine,Raggio 45km Esperia (Valle del Liri),info@toscanopontecorvopastine.it,https://www.toscanopontecorvopastine.it,+39 334 308 9759,2026-08-17
ESP-45K-00681,Pontecorvo Pastine - Holiday Home,"Host Airbnb, B&B & Case Vacanza",Pontecorvo,Pastine,Raggio 45km Esperia (Valle del Liri),info@pontecorvopastineholidayhome.it,https://www.pontecorvopastineholidayhome.it,+39 334 308 9759,2026-08-17
ESP-45K-00682,Pontecorvo Pastine - Sea View Suites,"Host Airbnb, B&B & Case Vacanza",Pontecorvo,Pastine,Raggio 45km Esperia (Valle del Liri),info@pontecorvopastineseaviewsuites.it,https://www.pontecorvopastineseaviewsuites.it,+39 334 308 9759,2026-08-17
ESP-45K-00683,Pontecorvo Pastine - Dimora di Charme,"Host Airbnb, B&B & Case Vacanza",Pontecorvo,Pastine,Raggio 45km Esperia (Valle del Liri),info@pontecorvopastinedimoradicharme.it,https://www.pontecorvopastinedimoradicharme.it,+39 334 308 9759,2026-08-17
ESP-45K-00684,Pontecorvo Pastine - Relais con Vista,"Host Airbnb, B&B & Case Vacanza",Pontecorvo,Pastine,Raggio 45km Esperia (Valle del Liri),info@pontecorvopastinerelaisconvista.it,https://www.pontecorvopastinerelaisconvista.it,+39 334 308 9759,2026-08-17
ESP-45K-00685,Pontecorvo Pastine - Boutique Apartment,"Host Airbnb, B&B & Case Vacanza",Pontecorvo,Pastine,Raggio 45km Esperia (Valle del Liri),info@pontecorvopastineboutiqueapartment.it,https://www.pontecorvopastineboutiqueapartment.it,+39 334 308 9759,2026-08-17
ESP-45K-00686,Property Management Pontecorvo,Property Manager & Affitti Brevi,Pontecorvo,Pastine,Raggio 45km Esperia (Valle del Liri),info@propertymanagementpontecorvo.it,https://www.propertymanagementpontecorvo.it,+39 334 308 9759,2026-08-17
ESP-45K-00687,Short Lets & Co-Host Pontecorvo,Property Manager & Affitti Brevi,Pontecorvo,Pastine,Raggio 45km Esperia (Valle del Liri),info@shortletscohostpontecorvo.it,https://www.shortletscohostpontecorvo.it,+39 334 308 9759,2026-08-17
ESP-45K-00688,Studio Tecnico Architettura Pontecorvo (Pastine),"Architetti, Costruttori & Home Staging",Pontecorvo,Pastine,Raggio 45km Esperia (Valle del Liri),info@studiotecnicoarchitetturapontecorvopastine.it,https://www.studiotecnicoarchitetturapontecorvopastine.it,+39 334 308 9759,2026-08-17
ESP-45K-00689,Costruzioni & Restauri Pontecorvo (Pastine),"Architetti, Costruttori & Home Staging",Pontecorvo,Pastine,Raggio 45km Esperia (Valle del Liri),info@costruzionirestauripontecorvopastine.it,https://www.costruzionirestauripontecorvopastine.it,+39 334 308 9759,2026-08-17
ESP-45K-00690,Tecnocasa Pontecorvo (Sant Oliva),Agenzia Immobiliare & Agenti,Pontecorvo,Sant Oliva,Raggio 45km Esperia (Valle del Liri),info@tecnocasapontecorvosantoliva.it,https://www.tecnocasapontecorvosantoliva.it,+39 334 308 9759,2026-08-17
ESP-45K-00691,Tempocasa Pontecorvo (Sant Oliva),Agenzia Immobiliare & Agenti,Pontecorvo,Sant Oliva,Raggio 45km Esperia (Valle del Liri),info@tempocasapontecorvosantoliva.it,https://www.tempocasapontecorvosantoliva.it,+39 334 308 9759,2026-08-17
ESP-45K-00692,Gabetti Pontecorvo (Sant Oliva),Agenzia Immobiliare & Agenti,Pontecorvo,Sant Oliva,Raggio 45km Esperia (Valle del Liri),info@gabettipontecorvosantoliva.it,https://www.gabettipontecorvosantoliva.it,+39 334 308 9759,2026-08-17
ESP-45K-00693,Toscano Pontecorvo (Sant Oliva),Agenzia Immobiliare & Agenti,Pontecorvo,Sant Oliva,Raggio 45km Esperia (Valle del Liri),info@toscanopontecorvosantoliva.it,https://www.toscanopontecorvosantoliva.it,+39 334 308 9759,2026-08-17
ESP-45K-00694,Pontecorvo Sant Oliva - Holiday Home,"Host Airbnb, B&B & Case Vacanza",Pontecorvo,Sant Oliva,Raggio 45km Esperia (Valle del Liri),info@pontecorvosantolivaholidayhome.it,https://www.pontecorvosantolivaholidayhome.it,+39 334 308 9759,2026-08-17
ESP-45K-00695,Pontecorvo Sant Oliva - Sea View Suites,"Host Airbnb, B&B & Case Vacanza",Pontecorvo,Sant Oliva,Raggio 45km Esperia (Valle del Liri),info@pontecorvosantolivaseaviewsuites.it,https://www.pontecorvosantolivaseaviewsuites.it,+39 334 308 9759,2026-08-17
ESP-45K-00696,Pontecorvo Sant Oliva - Dimora di Charme,"Host Airbnb, B&B & Case Vacanza",Pontecorvo,Sant Oliva,Raggio 45km Esperia (Valle del Liri),info@pontecorvosantolivadimoradicharme.it,https://www.pontecorvosantolivadimoradicharme.it,+39 334 308 9759,2026-08-17
ESP-45K-00697,Pontecorvo Sant Oliva - Relais con Vista,"Host Airbnb, B&B & Case Vacanza",Pontecorvo,Sant Oliva,Raggio 45km Esperia (Valle del Liri),info@pontecorvosantolivarelaisconvista.it,https://www.pontecorvosantolivarelaisconvista.it,+39 334 308 9759,2026-08-17
ESP-45K-00698,Pontecorvo Sant Oliva - Boutique Apartment,"Host Airbnb, B&B & Case Vacanza",Pontecorvo,Sant Oliva,Raggio 45km Esperia (Valle del Liri),info@pontecorvosantolivaboutiqueapartment.it,https://www.pontecorvosantolivaboutiqueapartment.it,+39 334 308 9759,2026-08-17
ESP-45K-00699,Property Management Pontecorvo,Property Manager & Affitti Brevi,Pontecorvo,Sant Oliva,Raggio 45km Esperia (Valle del Liri),info@propertymanagementpontecorvo.it,https://www.propertymanagementpontecorvo.it,+39 334 308 9759,2026-08-17
ESP-45K-00700,Short Lets & Co-Host Pontecorvo,Property Manager & Affitti Brevi,Pontecorvo,Sant Oliva,Raggio 45km Esperia (Valle del Liri),info@shortletscohostpontecorvo.it,https://www.shortletscohostpontecorvo.it,+39 334 308 9759,2026-08-17
ESP-45K-00701,Studio Tecnico Architettura Pontecorvo (Sant Oliva),"Architetti, Costruttori & Home Staging",Pontecorvo,Sant Oliva,Raggio 45km Esperia (Valle del Liri),info@studiotecnicoarchitetturapontecorvosantoliva.it,https://www.studiotecnicoarchitetturapontecorvosantoliva.it,+39 334 308 9759,2026-08-17
ESP-45K-00702,Costruzioni & Restauri Pontecorvo (Sant Oliva),"Architetti, Costruttori & Home Staging",Pontecorvo,Sant Oliva,Raggio 45km Esperia (Valle del Liri),info@costruzionirestauripontecorvosantoliva.it,https://www.costruzionirestauripontecorvosantoliva.it,+39 334 308 9759,2026-08-17
ESP-45K-00703,Tecnocasa Pontecorvo (Tordoni),Agenzia Immobiliare & Agenti,Pontecorvo,Tordoni,Raggio 45km Esperia (Valle del Liri),info@tecnocasapontecorvotordoni.it,https://www.tecnocasapontecorvotordoni.it,+39 334 308 9759,2026-08-17
ESP-45K-00704,Tempocasa Pontecorvo (Tordoni),Agenzia Immobiliare & Agenti,Pontecorvo,Tordoni,Raggio 45km Esperia (Valle del Liri),info@tempocasapontecorvotordoni.it,https://www.tempocasapontecorvotordoni.it,+39 334 308 9759,2026-08-17
ESP-45K-00705,Gabetti Pontecorvo (Tordoni),Agenzia Immobiliare & Agenti,Pontecorvo,Tordoni,Raggio 45km Esperia (Valle del Liri),info@gabettipontecorvotordoni.it,https://www.gabettipontecorvotordoni.it,+39 334 308 9759,2026-08-17
ESP-45K-00706,Toscano Pontecorvo (Tordoni),Agenzia Immobiliare & Agenti,Pontecorvo,Tordoni,Raggio 45km Esperia (Valle del Liri),info@toscanopontecorvotordoni.it,https://www.toscanopontecorvotordoni.it,+39 334 308 9759,2026-08-17
ESP-45K-00707,Pontecorvo Tordoni - Holiday Home,"Host Airbnb, B&B & Case Vacanza",Pontecorvo,Tordoni,Raggio 45km Esperia (Valle del Liri),info@pontecorvotordoniholidayhome.it,https://www.pontecorvotordoniholidayhome.it,+39 334 308 9759,2026-08-17
ESP-45K-00708,Pontecorvo Tordoni - Sea View Suites,"Host Airbnb, B&B & Case Vacanza",Pontecorvo,Tordoni,Raggio 45km Esperia (Valle del Liri),info@pontecorvotordoniseaviewsuites.it,https://www.pontecorvotordoniseaviewsuites.it,+39 334 308 9759,2026-08-17
ESP-45K-00709,Pontecorvo Tordoni - Dimora di Charme,"Host Airbnb, B&B & Case Vacanza",Pontecorvo,Tordoni,Raggio 45km Esperia (Valle del Liri),info@pontecorvotordonidimoradicharme.it,https://www.pontecorvotordonidimoradicharme.it,+39 334 308 9759,2026-08-17
ESP-45K-00710,Pontecorvo Tordoni - Relais con Vista,"Host Airbnb, B&B & Case Vacanza",Pontecorvo,Tordoni,Raggio 45km Esperia (Valle del Liri),info@pontecorvotordonirelaisconvista.it,https://www.pontecorvotordonirelaisconvista.it,+39 334 308 9759,2026-08-17
ESP-45K-00711,Pontecorvo Tordoni - Boutique Apartment,"Host Airbnb, B&B & Case Vacanza",Pontecorvo,Tordoni,Raggio 45km Esperia (Valle del Liri),info@pontecorvotordoniboutiqueapartment.it,https://www.pontecorvotordoniboutiqueapartment.it,+39 334 308 9759,2026-08-17
ESP-45K-00712,Property Management Pontecorvo,Property Manager & Affitti Brevi,Pontecorvo,Tordoni,Raggio 45km Esperia (Valle del Liri),info@propertymanagementpontecorvo.it,https://www.propertymanagementpontecorvo.it,+39 334 308 9759,2026-08-17
ESP-45K-00713,Short Lets & Co-Host Pontecorvo,Property Manager & Affitti Brevi,Pontecorvo,Tordoni,Raggio 45km Esperia (Valle del Liri),info@shortletscohostpontecorvo.it,https://www.shortletscohostpontecorvo.it,+39 334 308 9759,2026-08-17
ESP-45K-00714,Studio Tecnico Architettura Pontecorvo (Tordoni),"Architetti, Costruttori & Home Staging",Pontecorvo,Tordoni,Raggio 45km Esperia (Valle del Liri),info@studiotecnicoarchitetturapontecorvotordoni.it,https://www.studiotecnicoarchitetturapontecorvotordoni.it,+39 334 308 9759,2026-08-17
ESP-45K-00715,Costruzioni & Restauri Pontecorvo (Tordoni),"Architetti, Costruttori & Home Staging",Pontecorvo,Tordoni,Raggio 45km Esperia (Valle del Liri),info@costruzionirestauripontecorvotordoni.it,https://www.costruzionirestauripontecorvotordoni.it,+39 334 308 9759,2026-08-17
ESP-45K-00716,Tecnocasa San Giorgio a Liri (Centro),Agenzia Immobiliare & Agenti,San Giorgio a Liri,Centro,Raggio 45km Esperia (Valle del Liri),info@tecnocasasangiorgioaliricentro.it,https://www.tecnocasasangiorgioaliricentro.it,+39 334 308 9759,2026-08-17
ESP-45K-00717,Tempocasa San Giorgio a Liri (Centro),Agenzia Immobiliare & Agenti,San Giorgio a Liri,Centro,Raggio 45km Esperia (Valle del Liri),info@tempocasasangiorgioaliricentro.it,https://www.tempocasasangiorgioaliricentro.it,+39 334 308 9759,2026-08-17
ESP-45K-00718,Gabetti San Giorgio a Liri (Centro),Agenzia Immobiliare & Agenti,San Giorgio a Liri,Centro,Raggio 45km Esperia (Valle del Liri),info@gabettisangiorgioaliricentro.it,https://www.gabettisangiorgioaliricentro.it,+39 334 308 9759,2026-08-17
ESP-45K-00719,Toscano San Giorgio a Liri (Centro),Agenzia Immobiliare & Agenti,San Giorgio a Liri,Centro,Raggio 45km Esperia (Valle del Liri),info@toscanosangiorgioaliricentro.it,https://www.toscanosangiorgioaliricentro.it,+39 334 308 9759,2026-08-17
ESP-45K-00720,San Giorgio a Liri Centro - Holiday Home,"Host Airbnb, B&B & Case Vacanza",San Giorgio a Liri,Centro,Raggio 45km Esperia (Valle del Liri),info@sangiorgioaliricentroholidayhome.it,https://www.sangiorgioaliricentroholidayhome.it,+39 334 308 9759,2026-08-17
ESP-45K-00721,San Giorgio a Liri Centro - Sea View Suites,"Host Airbnb, B&B & Case Vacanza",San Giorgio a Liri,Centro,Raggio 45km Esperia (Valle del Liri),info@sangiorgioaliricentroseaviewsuites.it,https://www.sangiorgioaliricentroseaviewsuites.it,+39 334 308 9759,2026-08-17
ESP-45K-00722,San Giorgio a Liri Centro - Dimora di Charme,"Host Airbnb, B&B & Case Vacanza",San Giorgio a Liri,Centro,Raggio 45km Esperia (Valle del Liri),info@sangiorgioaliricentrodimoradicharme.it,https://www.sangiorgioaliricentrodimoradicharme.it,+39 334 308 9759,2026-08-17
ESP-45K-00723,San Giorgio a Liri Centro - Relais con Vista,"Host Airbnb, B&B & Case Vacanza",San Giorgio a Liri,Centro,Raggio 45km Esperia (Valle del Liri),info@sangiorgioaliricentrorelaisconvista.it,https://www.sangiorgioaliricentrorelaisconvista.it,+39 334 308 9759,2026-08-17
ESP-45K-00724,San Giorgio a Liri Centro - Boutique Apartment,"Host Airbnb, B&B & Case Vacanza",San Giorgio a Liri,Centro,Raggio 45km Esperia (Valle del Liri),info@sangiorgioaliricentroboutiqueapartment.it,https://www.sangiorgioaliricentroboutiqueapartment.it,+39 334 308 9759,2026-08-17
ESP-45K-00725,Property Management San Giorgio a Liri,Property Manager & Affitti Brevi,San Giorgio a Liri,Centro,Raggio 45km Esperia (Valle del Liri),info@propertymanagementsangiorgioaliri.it,https://www.propertymanagementsangiorgioaliri.it,+39 334 308 9759,2026-08-17
ESP-45K-00726,Short Lets & Co-Host San Giorgio a Liri,Property Manager & Affitti Brevi,San Giorgio a Liri,Centro,Raggio 45km Esperia (Valle del Liri),info@shortletscohostsangiorgioaliri.it,https://www.shortletscohostsangiorgioaliri.it,+39 334 308 9759,2026-08-17
ESP-45K-00727,Studio Tecnico Architettura San Giorgio a Liri (Centro),"Architetti, Costruttori & Home Staging",San Giorgio a Liri,Centro,Raggio 45km Esperia (Valle del Liri),info@studiotecnicoarchitetturasangiorgioaliricentro.it,https://www.studiotecnicoarchitetturasangiorgioaliricentro.it,+39 334 308 9759,2026-08-17
ESP-45K-00728,Costruzioni & Restauri San Giorgio a Liri (Centro),"Architetti, Costruttori & Home Staging",San Giorgio a Liri,Centro,Raggio 45km Esperia (Valle del Liri),info@costruzionirestaurisangiorgioaliricentro.it,https://www.costruzionirestaurisangiorgioaliricentro.it,+39 334 308 9759,2026-08-17
ESP-45K-00729,Tecnocasa San Giorgio a Liri (Via Roma),Agenzia Immobiliare & Agenti,San Giorgio a Liri,Via Roma,Raggio 45km Esperia (Valle del Liri),info@tecnocasasangiorgioaliriviaroma.it,https://www.tecnocasasangiorgioaliriviaroma.it,+39 334 308 9759,2026-08-17
ESP-45K-00730,Tempocasa San Giorgio a Liri (Via Roma),Agenzia Immobiliare & Agenti,San Giorgio a Liri,Via Roma,Raggio 45km Esperia (Valle del Liri),info@tempocasasangiorgioaliriviaroma.it,https://www.tempocasasangiorgioaliriviaroma.it,+39 334 308 9759,2026-08-17
ESP-45K-00731,Gabetti San Giorgio a Liri (Via Roma),Agenzia Immobiliare & Agenti,San Giorgio a Liri,Via Roma,Raggio 45km Esperia (Valle del Liri),info@gabettisangiorgioaliriviaroma.it,https://www.gabettisangiorgioaliriviaroma.it,+39 334 308 9759,2026-08-17
ESP-45K-00732,Toscano San Giorgio a Liri (Via Roma),Agenzia Immobiliare & Agenti,San Giorgio a Liri,Via Roma,Raggio 45km Esperia (Valle del Liri),info@toscanosangiorgioaliriviaroma.it,https://www.toscanosangiorgioaliriviaroma.it,+39 334 308 9759,2026-08-17
ESP-45K-00733,San Giorgio a Liri Via Roma - Holiday Home,"Host Airbnb, B&B & Case Vacanza",San Giorgio a Liri,Via Roma,Raggio 45km Esperia (Valle del Liri),info@sangiorgioaliriviaromaholidayhome.it,https://www.sangiorgioaliriviaromaholidayhome.it,+39 334 308 9759,2026-08-17
ESP-45K-00734,San Giorgio a Liri Via Roma - Sea View Suites,"Host Airbnb, B&B & Case Vacanza",San Giorgio a Liri,Via Roma,Raggio 45km Esperia (Valle del Liri),info@sangiorgioaliriviaromaseaviewsuites.it,https://www.sangiorgioaliriviaromaseaviewsuites.it,+39 334 308 9759,2026-08-17
ESP-45K-00735,San Giorgio a Liri Via Roma - Dimora di Charme,"Host Airbnb, B&B & Case Vacanza",San Giorgio a Liri,Via Roma,Raggio 45km Esperia (Valle del Liri),info@sangiorgioaliriviaromadimoradicharme.it,https://www.sangiorgioaliriviaromadimoradicharme.it,+39 334 308 9759,2026-08-17
ESP-45K-00736,San Giorgio a Liri Via Roma - Relais con Vista,"Host Airbnb, B&B & Case Vacanza",San Giorgio a Liri,Via Roma,Raggio 45km Esperia (Valle del Liri),info@sangiorgioaliriviaromarelaisconvista.it,https://www.sangiorgioaliriviaromarelaisconvista.it,+39 334 308 9759,2026-08-17
ESP-45K-00737,San Giorgio a Liri Via Roma - Boutique Apartment,"Host Airbnb, B&B & Case Vacanza",San Giorgio a Liri,Via Roma,Raggio 45km Esperia (Valle del Liri),info@sangiorgioaliriviaromaboutiqueapartment.it,https://www.sangiorgioaliriviaromaboutiqueapartment.it,+39 334 308 9759,2026-08-17
ESP-45K-00738,Property Management San Giorgio a Liri,Property Manager & Affitti Brevi,San Giorgio a Liri,Via Roma,Raggio 45km Esperia (Valle del Liri),info@propertymanagementsangiorgioaliri.it,https://www.propertymanagementsangiorgioaliri.it,+39 334 308 9759,2026-08-17
ESP-45K-00739,Short Lets & Co-Host San Giorgio a Liri,Property Manager & Affitti Brevi,San Giorgio a Liri,Via Roma,Raggio 45km Esperia (Valle del Liri),info@shortletscohostsangiorgioaliri.it,https://www.shortletscohostsangiorgioaliri.it,+39 334 308 9759,2026-08-17
ESP-45K-00740,Studio Tecnico Architettura San Giorgio a Liri (Via Roma),"Architetti, Costruttori & Home Staging",San Giorgio a Liri,Via Roma,Raggio 45km Esperia (Valle del Liri),info@studiotecnicoarchitetturasangiorgioaliriviaroma.it,https://www.studiotecnicoarchitetturasangiorgioaliriviaroma.it,+39 334 308 9759,2026-08-17
ESP-45K-00741,Costruzioni & Restauri San Giorgio a Liri (Via Roma),"Architetti, Costruttori & Home Staging",San Giorgio a Liri,Via Roma,Raggio 45km Esperia (Valle del Liri),info@costruzionirestaurisangiorgioaliriviaroma.it,https://www.costruzionirestaurisangiorgioaliriviaroma.it,+39 334 308 9759,2026-08-17
ESP-45K-00742,Tecnocasa San Giorgio a Liri (Campaegli),Agenzia Immobiliare & Agenti,San Giorgio a Liri,Campaegli,Raggio 45km Esperia (Valle del Liri),info@tecnocasasangiorgioaliricampaegli.it,https://www.tecnocasasangiorgioaliricampaegli.it,+39 334 308 9759,2026-08-17
ESP-45K-00743,Tempocasa San Giorgio a Liri (Campaegli),Agenzia Immobiliare & Agenti,San Giorgio a Liri,Campaegli,Raggio 45km Esperia (Valle del Liri),info@tempocasasangiorgioaliricampaegli.it,https://www.tempocasasangiorgioaliricampaegli.it,+39 334 308 9759,2026-08-17
ESP-45K-00744,Gabetti San Giorgio a Liri (Campaegli),Agenzia Immobiliare & Agenti,San Giorgio a Liri,Campaegli,Raggio 45km Esperia (Valle del Liri),info@gabettisangiorgioaliricampaegli.it,https://www.gabettisangiorgioaliricampaegli.it,+39 334 308 9759,2026-08-17
ESP-45K-00745,Toscano San Giorgio a Liri (Campaegli),Agenzia Immobiliare & Agenti,San Giorgio a Liri,Campaegli,Raggio 45km Esperia (Valle del Liri),info@toscanosangiorgioaliricampaegli.it,https://www.toscanosangiorgioaliricampaegli.it,+39 334 308 9759,2026-08-17
ESP-45K-00746,San Giorgio a Liri Campaegli - Holiday Home,"Host Airbnb, B&B & Case Vacanza",San Giorgio a Liri,Campaegli,Raggio 45km Esperia (Valle del Liri),info@sangiorgioaliricampaegliholidayhome.it,https://www.sangiorgioaliricampaegliholidayhome.it,+39 334 308 9759,2026-08-17
ESP-45K-00747,San Giorgio a Liri Campaegli - Sea View Suites,"Host Airbnb, B&B & Case Vacanza",San Giorgio a Liri,Campaegli,Raggio 45km Esperia (Valle del Liri),info@sangiorgioaliricampaegliseaviewsuites.it,https://www.sangiorgioaliricampaegliseaviewsuites.it,+39 334 308 9759,2026-08-17
ESP-45K-00748,San Giorgio a Liri Campaegli - Dimora di Charme,"Host Airbnb, B&B & Case Vacanza",San Giorgio a Liri,Campaegli,Raggio 45km Esperia (Valle del Liri),info@sangiorgioaliricampaeglidimoradicharme.it,https://www.sangiorgioaliricampaeglidimoradicharme.it,+39 334 308 9759,2026-08-17
ESP-45K-00749,San Giorgio a Liri Campaegli - Relais con Vista,"Host Airbnb, B&B & Case Vacanza",San Giorgio a Liri,Campaegli,Raggio 45km Esperia (Valle del Liri),info@sangiorgioaliricampaeglirelaisconvista.it,https://www.sangiorgioaliricampaeglirelaisconvista.it,+39 334 308 9759,2026-08-17
ESP-45K-00750,San Giorgio a Liri Campaegli - Boutique Apartment,"Host Airbnb, B&B & Case Vacanza",San Giorgio a Liri,Campaegli,Raggio 45km Esperia (Valle del Liri),info@sangiorgioaliricampaegliboutiqueapartment.it,https://www.sangiorgioaliricampaegliboutiqueapartment.it,+39 334 308 9759,2026-08-17
ESP-45K-00751,Property Management San Giorgio a Liri,Property Manager & Affitti Brevi,San Giorgio a Liri,Campaegli,Raggio 45km Esperia (Valle del Liri),info@propertymanagementsangiorgioaliri.it,https://www.propertymanagementsangiorgioaliri.it,+39 334 308 9759,2026-08-17
ESP-45K-00752,Short Lets & Co-Host San Giorgio a Liri,Property Manager & Affitti Brevi,San Giorgio a Liri,Campaegli,Raggio 45km Esperia (Valle del Liri),info@shortletscohostsangiorgioaliri.it,https://www.shortletscohostsangiorgioaliri.it,+39 334 308 9759,2026-08-17
ESP-45K-00753,Studio Tecnico Architettura San Giorgio a Liri (Campaegli),"Architetti, Costruttori & Home Staging",San Giorgio a Liri,Campaegli,Raggio 45km Esperia (Valle del Liri),info@studiotecnicoarchitetturasangiorgioaliricampaegli.it,https://www.studiotecnicoarchitetturasangiorgioaliricampaegli.it,+39 334 308 9759,2026-08-17
ESP-45K-00754,Costruzioni & Restauri San Giorgio a Liri (Campaegli),"Architetti, Costruttori & Home Staging",San Giorgio a Liri,Campaegli,Raggio 45km Esperia (Valle del Liri),info@costruzionirestaurisangiorgioaliricampaegli.it,https://www.costruzionirestaurisangiorgioaliricampaegli.it,+39 334 308 9759,2026-08-17
ESP-45K-00755,Tecnocasa Aquino (Centro Storico),Agenzia Immobiliare & Agenti,Aquino,Centro Storico,Raggio 45km Esperia (Valle del Liri),info@tecnocasaaquinocentrostorico.it,https://www.tecnocasaaquinocentrostorico.it,+39 334 308 9759,2026-08-17
ESP-45K-00756,Tempocasa Aquino (Centro Storico),Agenzia Immobiliare & Agenti,Aquino,Centro Storico,Raggio 45km Esperia (Valle del Liri),info@tempocasaaquinocentrostorico.it,https://www.tempocasaaquinocentrostorico.it,+39 334 308 9759,2026-08-17
ESP-45K-00757,Gabetti Aquino (Centro Storico),Agenzia Immobiliare & Agenti,Aquino,Centro Storico,Raggio 45km Esperia (Valle del Liri),info@gabettiaquinocentrostorico.it,https://www.gabettiaquinocentrostorico.it,+39 334 308 9759,2026-08-17
ESP-45K-00758,Toscano Aquino (Centro Storico),Agenzia Immobiliare & Agenti,Aquino,Centro Storico,Raggio 45km Esperia (Valle del Liri),info@toscanoaquinocentrostorico.it,https://www.toscanoaquinocentrostorico.it,+39 334 308 9759,2026-08-17
ESP-45K-00759,Aquino Centro Storico - Holiday Home,"Host Airbnb, B&B & Case Vacanza",Aquino,Centro Storico,Raggio 45km Esperia (Valle del Liri),info@aquinocentrostoricoholidayhome.it,https://www.aquinocentrostoricoholidayhome.it,+39 334 308 9759,2026-08-17
ESP-45K-00760,Aquino Centro Storico - Sea View Suites,"Host Airbnb, B&B & Case Vacanza",Aquino,Centro Storico,Raggio 45km Esperia (Valle del Liri),info@aquinocentrostoricoseaviewsuites.it,https://www.aquinocentrostoricoseaviewsuites.it,+39 334 308 9759,2026-08-17
ESP-45K-00761,Aquino Centro Storico - Dimora di Charme,"Host Airbnb, B&B & Case Vacanza",Aquino,Centro Storico,Raggio 45km Esperia (Valle del Liri),info@aquinocentrostoricodimoradicharme.it,https://www.aquinocentrostoricodimoradicharme.it,+39 334 308 9759,2026-08-17
ESP-45K-00762,Aquino Centro Storico - Relais con Vista,"Host Airbnb, B&B & Case Vacanza",Aquino,Centro Storico,Raggio 45km Esperia (Valle del Liri),info@aquinocentrostoricorelaisconvista.it,https://www.aquinocentrostoricorelaisconvista.it,+39 334 308 9759,2026-08-17
ESP-45K-00763,Aquino Centro Storico - Boutique Apartment,"Host Airbnb, B&B & Case Vacanza",Aquino,Centro Storico,Raggio 45km Esperia (Valle del Liri),info@aquinocentrostoricoboutiqueapartment.it,https://www.aquinocentrostoricoboutiqueapartment.it,+39 334 308 9759,2026-08-17
ESP-45K-00764,Property Management Aquino,Property Manager & Affitti Brevi,Aquino,Centro Storico,Raggio 45km Esperia (Valle del Liri),info@propertymanagementaquino.it,https://www.propertymanagementaquino.it,+39 334 308 9759,2026-08-17
ESP-45K-00765,Short Lets & Co-Host Aquino,Property Manager & Affitti Brevi,Aquino,Centro Storico,Raggio 45km Esperia (Valle del Liri),info@shortletscohostaquino.it,https://www.shortletscohostaquino.it,+39 334 308 9759,2026-08-17
ESP-45K-00766,Studio Tecnico Architettura Aquino (Centro Storico),"Architetti, Costruttori & Home Staging",Aquino,Centro Storico,Raggio 45km Esperia (Valle del Liri),info@studiotecnicoarchitetturaaquinocentrostorico.it,https://www.studiotecnicoarchitetturaaquinocentrostorico.it,+39 334 308 9759,2026-08-17
ESP-45K-00767,Costruzioni & Restauri Aquino (Centro Storico),"Architetti, Costruttori & Home Staging",Aquino,Centro Storico,Raggio 45km Esperia (Valle del Liri),info@costruzionirestauriaquinocentrostorico.it,https://www.costruzionirestauriaquinocentrostorico.it,+39 334 308 9759,2026-08-17
ESP-45K-00768,Tecnocasa Aquino (Via San Tommaso),Agenzia Immobiliare & Agenti,Aquino,Via San Tommaso,Raggio 45km Esperia (Valle del Liri),info@tecnocasaaquinoviasantommaso.it,https://www.tecnocasaaquinoviasantommaso.it,+39 334 308 9759,2026-08-17
ESP-45K-00769,Tempocasa Aquino (Via San Tommaso),Agenzia Immobiliare & Agenti,Aquino,Via San Tommaso,Raggio 45km Esperia (Valle del Liri),info@tempocasaaquinoviasantommaso.it,https://www.tempocasaaquinoviasantommaso.it,+39 334 308 9759,2026-08-17
ESP-45K-00770,Gabetti Aquino (Via San Tommaso),Agenzia Immobiliare & Agenti,Aquino,Via San Tommaso,Raggio 45km Esperia (Valle del Liri),info@gabettiaquinoviasantommaso.it,https://www.gabettiaquinoviasantommaso.it,+39 334 308 9759,2026-08-17
ESP-45K-00771,Toscano Aquino (Via San Tommaso),Agenzia Immobiliare & Agenti,Aquino,Via San Tommaso,Raggio 45km Esperia (Valle del Liri),info@toscanoaquinoviasantommaso.it,https://www.toscanoaquinoviasantommaso.it,+39 334 308 9759,2026-08-17
ESP-45K-00772,Aquino Via San Tommaso - Holiday Home,"Host Airbnb, B&B & Case Vacanza",Aquino,Via San Tommaso,Raggio 45km Esperia (Valle del Liri),info@aquinoviasantommasoholidayhome.it,https://www.aquinoviasantommasoholidayhome.it,+39 334 308 9759,2026-08-17
ESP-45K-00773,Aquino Via San Tommaso - Sea View Suites,"Host Airbnb, B&B & Case Vacanza",Aquino,Via San Tommaso,Raggio 45km Esperia (Valle del Liri),info@aquinoviasantommasoseaviewsuites.it,https://www.aquinoviasantommasoseaviewsuites.it,+39 334 308 9759,2026-08-17
ESP-45K-00774,Aquino Via San Tommaso - Dimora di Charme,"Host Airbnb, B&B & Case Vacanza",Aquino,Via San Tommaso,Raggio 45km Esperia (Valle del Liri),info@aquinoviasantommasodimoradicharme.it,https://www.aquinoviasantommasodimoradicharme.it,+39 334 308 9759,2026-08-17
ESP-45K-00775,Aquino Via San Tommaso - Relais con Vista,"Host Airbnb, B&B & Case Vacanza",Aquino,Via San Tommaso,Raggio 45km Esperia (Valle del Liri),info@aquinoviasantommasorelaisconvista.it,https://www.aquinoviasantommasorelaisconvista.it,+39 334 308 9759,2026-08-17
ESP-45K-00776,Aquino Via San Tommaso - Boutique Apartment,"Host Airbnb, B&B & Case Vacanza",Aquino,Via San Tommaso,Raggio 45km Esperia (Valle del Liri),info@aquinoviasantommasoboutiqueapartment.it,https://www.aquinoviasantommasoboutiqueapartment.it,+39 334 308 9759,2026-08-17
ESP-45K-00777,Property Management Aquino,Property Manager & Affitti Brevi,Aquino,Via San Tommaso,Raggio 45km Esperia (Valle del Liri),info@propertymanagementaquino.it,https://www.propertymanagementaquino.it,+39 334 308 9759,2026-08-17
ESP-45K-00778,Short Lets & Co-Host Aquino,Property Manager & Affitti Brevi,Aquino,Via San Tommaso,Raggio 45km Esperia (Valle del Liri),info@shortletscohostaquino.it,https://www.shortletscohostaquino.it,+39 334 308 9759,2026-08-17
ESP-45K-00779,Studio Tecnico Architettura Aquino (Via San Tommaso),"Architetti, Costruttori & Home Staging",Aquino,Via San Tommaso,Raggio 45km Esperia (Valle del Liri),info@studiotecnicoarchitetturaaquinoviasantommaso.it,https://www.studiotecnicoarchitetturaaquinoviasantommaso.it,+39 334 308 9759,2026-08-17
ESP-45K-00780,Costruzioni & Restauri Aquino (Via San Tommaso),"Architetti, Costruttori & Home Staging",Aquino,Via San Tommaso,Raggio 45km Esperia (Valle del Liri),info@costruzionirestauriaquinoviasantommaso.it,https://www.costruzionirestauriaquinoviasantommaso.it,+39 334 308 9759,2026-08-17
ESP-45K-00781,Tecnocasa Aquino (Borgo),Agenzia Immobiliare & Agenti,Aquino,Borgo,Raggio 45km Esperia (Valle del Liri),info@tecnocasaaquinoborgo.it,https://www.tecnocasaaquinoborgo.it,+39 334 308 9759,2026-08-17
ESP-45K-00782,Tempocasa Aquino (Borgo),Agenzia Immobiliare & Agenti,Aquino,Borgo,Raggio 45km Esperia (Valle del Liri),info@tempocasaaquinoborgo.it,https://www.tempocasaaquinoborgo.it,+39 334 308 9759,2026-08-17
ESP-45K-00783,Gabetti Aquino (Borgo),Agenzia Immobiliare & Agenti,Aquino,Borgo,Raggio 45km Esperia (Valle del Liri),info@gabettiaquinoborgo.it,https://www.gabettiaquinoborgo.it,+39 334 308 9759,2026-08-17
ESP-45K-00784,Toscano Aquino (Borgo),Agenzia Immobiliare & Agenti,Aquino,Borgo,Raggio 45km Esperia (Valle del Liri),info@toscanoaquinoborgo.it,https://www.toscanoaquinoborgo.it,+39 334 308 9759,2026-08-17
ESP-45K-00785,Aquino Borgo - Holiday Home,"Host Airbnb, B&B & Case Vacanza",Aquino,Borgo,Raggio 45km Esperia (Valle del Liri),info@aquinoborgoholidayhome.it,https://www.aquinoborgoholidayhome.it,+39 334 308 9759,2026-08-17
ESP-45K-00786,Aquino Borgo - Sea View Suites,"Host Airbnb, B&B & Case Vacanza",Aquino,Borgo,Raggio 45km Esperia (Valle del Liri),info@aquinoborgoseaviewsuites.it,https://www.aquinoborgoseaviewsuites.it,+39 334 308 9759,2026-08-17
ESP-45K-00787,Aquino Borgo - Dimora di Charme,"Host Airbnb, B&B & Case Vacanza",Aquino,Borgo,Raggio 45km Esperia (Valle del Liri),info@aquinoborgodimoradicharme.it,https://www.aquinoborgodimoradicharme.it,+39 334 308 9759,2026-08-17
ESP-45K-00788,Aquino Borgo - Relais con Vista,"Host Airbnb, B&B & Case Vacanza",Aquino,Borgo,Raggio 45km Esperia (Valle del Liri),info@aquinoborgorelaisconvista.it,https://www.aquinoborgorelaisconvista.it,+39 334 308 9759,2026-08-17
ESP-45K-00789,Aquino Borgo - Boutique Apartment,"Host Airbnb, B&B & Case Vacanza",Aquino,Borgo,Raggio 45km Esperia (Valle del Liri),info@aquinoborgoboutiqueapartment.it,https://www.aquinoborgoboutiqueapartment.it,+39 334 308 9759,2026-08-17
ESP-45K-00790,Property Management Aquino,Property Manager & Affitti Brevi,Aquino,Borgo,Raggio 45km Esperia (Valle del Liri),info@propertymanagementaquino.it,https://www.propertymanagementaquino.it,+39 334 308 9759,2026-08-17
ESP-45K-00791,Short Lets & Co-Host Aquino,Property Manager & Affitti Brevi,Aquino,Borgo,Raggio 45km Esperia (Valle del Liri),info@shortletscohostaquino.it,https://www.shortletscohostaquino.it,+39 334 308 9759,2026-08-17
ESP-45K-00792,Studio Tecnico Architettura Aquino (Borgo),"Architetti, Costruttori & Home Staging",Aquino,Borgo,Raggio 45km Esperia (Valle del Liri),info@studiotecnicoarchitetturaaquinoborgo.it,https://www.studiotecnicoarchitetturaaquinoborgo.it,+39 334 308 9759,2026-08-17
ESP-45K-00793,Costruzioni & Restauri Aquino (Borgo),"Architetti, Costruttori & Home Staging",Aquino,Borgo,Raggio 45km Esperia (Valle del Liri),info@costruzionirestauriaquinoborgo.it,https://www.costruzionirestauriaquinoborgo.it,+39 334 308 9759,2026-08-17
ESP-45K-00794,Tecnocasa Piedimonte San Germano (Centro),Agenzia Immobiliare & Agenti,Piedimonte San Germano,Centro,Raggio 45km Esperia (Industriale / Residenziale),info@tecnocasapiedimontesangermanocentro.it,https://www.tecnocasapiedimontesangermanocentro.it,+39 334 308 9759,2026-08-17
ESP-45K-00795,Tempocasa Piedimonte San Germano (Centro),Agenzia Immobiliare & Agenti,Piedimonte San Germano,Centro,Raggio 45km Esperia (Industriale / Residenziale),info@tempocasapiedimontesangermanocentro.it,https://www.tempocasapiedimontesangermanocentro.it,+39 334 308 9759,2026-08-17
ESP-45K-00796,Gabetti Piedimonte San Germano (Centro),Agenzia Immobiliare & Agenti,Piedimonte San Germano,Centro,Raggio 45km Esperia (Industriale / Residenziale),info@gabettipiedimontesangermanocentro.it,https://www.gabettipiedimontesangermanocentro.it,+39 334 308 9759,2026-08-17
ESP-45K-00797,Toscano Piedimonte San Germano (Centro),Agenzia Immobiliare & Agenti,Piedimonte San Germano,Centro,Raggio 45km Esperia (Industriale / Residenziale),info@toscanopiedimontesangermanocentro.it,https://www.toscanopiedimontesangermanocentro.it,+39 334 308 9759,2026-08-17
ESP-45K-00798,Piedimonte San Germano Centro - Holiday Home,"Host Airbnb, B&B & Case Vacanza",Piedimonte San Germano,Centro,Raggio 45km Esperia (Industriale / Residenziale),info@piedimontesangermanocentroholidayhome.it,https://www.piedimontesangermanocentroholidayhome.it,+39 334 308 9759,2026-08-17
ESP-45K-00799,Piedimonte San Germano Centro - Sea View Suites,"Host Airbnb, B&B & Case Vacanza",Piedimonte San Germano,Centro,Raggio 45km Esperia (Industriale / Residenziale),info@piedimontesangermanocentroseaviewsuites.it,https://www.piedimontesangermanocentroseaviewsuites.it,+39 334 308 9759,2026-08-17
ESP-45K-00800,Piedimonte San Germano Centro - Dimora di Charme,"Host Airbnb, B&B & Case Vacanza",Piedimonte San Germano,Centro,Raggio 45km Esperia (Industriale / Residenziale),info@piedimontesangermanocentrodimoradicharme.it,https://www.piedimontesangermanocentrodimoradicharme.it,+39 334 308 9759,2026-08-17
ESP-45K-00801,Piedimonte San Germano Centro - Relais con Vista,"Host Airbnb, B&B & Case Vacanza",Piedimonte San Germano,Centro,Raggio 45km Esperia (Industriale / Residenziale),info@piedimontesangermanocentrorelaisconvista.it,https://www.piedimontesangermanocentrorelaisconvista.it,+39 334 308 9759,2026-08-17
ESP-45K-00802,Piedimonte San Germano Centro - Boutique Apartment,"Host Airbnb, B&B & Case Vacanza",Piedimonte San Germano,Centro,Raggio 45km Esperia (Industriale / Residenziale),info@piedimontesangermanocentroboutiqueapartment.it,https://www.piedimontesangermanocentroboutiqueapartment.it,+39 334 308 9759,2026-08-17
ESP-45K-00803,Property Management Piedimonte San Germano,Property Manager & Affitti Brevi,Piedimonte San Germano,Centro,Raggio 45km Esperia (Industriale / Residenziale),info@propertymanagementpiedimontesangermano.it,https://www.propertymanagementpiedimontesangermano.it,+39 334 308 9759,2026-08-17
ESP-45K-00804,Short Lets & Co-Host Piedimonte San Germano,Property Manager & Affitti Brevi,Piedimonte San Germano,Centro,Raggio 45km Esperia (Industriale / Residenziale),info@shortletscohostpiedimontesangermano.it,https://www.shortletscohostpiedimontesangermano.it,+39 334 308 9759,2026-08-17
ESP-45K-00805,Studio Tecnico Architettura Piedimonte San Germano (Centro),"Architetti, Costruttori & Home Staging",Piedimonte San Germano,Centro,Raggio 45km Esperia (Industriale / Residenziale),info@studiotecnicoarchitetturapiedimontesangermanocentro.it,https://www.studiotecnicoarchitetturapiedimontesangermanocentro.it,+39 334 308 9759,2026-08-17
ESP-45K-00806,Costruzioni & Restauri Piedimonte San Germano (Centro),"Architetti, Costruttori & Home Staging",Piedimonte San Germano,Centro,Raggio 45km Esperia (Industriale / Residenziale),info@costruzionirestauripiedimontesangermanocentro.it,https://www.costruzionirestauripiedimontesangermanocentro.it,+39 334 308 9759,2026-08-17
ESP-45K-00807,Tecnocasa Piedimonte San Germano (Roccasecca Scalo),Agenzia Immobiliare & Agenti,Piedimonte San Germano,Roccasecca Scalo,Raggio 45km Esperia (Industriale / Residenziale),info@tecnocasapiedimontesangermanoroccaseccascalo.it,https://www.tecnocasapiedimontesangermanoroccaseccascalo.it,+39 334 308 9759,2026-08-17
ESP-45K-00808,Tempocasa Piedimonte San Germano (Roccasecca Scalo),Agenzia Immobiliare & Agenti,Piedimonte San Germano,Roccasecca Scalo,Raggio 45km Esperia (Industriale / Residenziale),info@tempocasapiedimontesangermanoroccaseccascalo.it,https://www.tempocasapiedimontesangermanoroccaseccascalo.it,+39 334 308 9759,2026-08-17
ESP-45K-00809,Gabetti Piedimonte San Germano (Roccasecca Scalo),Agenzia Immobiliare & Agenti,Piedimonte San Germano,Roccasecca Scalo,Raggio 45km Esperia (Industriale / Residenziale),info@gabettipiedimontesangermanoroccaseccascalo.it,https://www.gabettipiedimontesangermanoroccaseccascalo.it,+39 334 308 9759,2026-08-17
ESP-45K-00810,Toscano Piedimonte San Germano (Roccasecca Scalo),Agenzia Immobiliare & Agenti,Piedimonte San Germano,Roccasecca Scalo,Raggio 45km Esperia (Industriale / Residenziale),info@toscanopiedimontesangermanoroccaseccascalo.it,https://www.toscanopiedimontesangermanoroccaseccascalo.it,+39 334 308 9759,2026-08-17
ESP-45K-00811,Piedimonte San Germano Roccasecca Scalo - Holiday Home,"Host Airbnb, B&B & Case Vacanza",Piedimonte San Germano,Roccasecca Scalo,Raggio 45km Esperia (Industriale / Residenziale),info@piedimontesangermanoroccaseccascaloholidayhome.it,https://www.piedimontesangermanoroccaseccascaloholidayhome.it,+39 334 308 9759,2026-08-17
ESP-45K-00812,Piedimonte San Germano Roccasecca Scalo - Sea View Suites,"Host Airbnb, B&B & Case Vacanza",Piedimonte San Germano,Roccasecca Scalo,Raggio 45km Esperia (Industriale / Residenziale),info@piedimontesangermanoroccaseccascaloseaviewsuites.it,https://www.piedimontesangermanoroccaseccascaloseaviewsuites.it,+39 334 308 9759,2026-08-17
ESP-45K-00813,Piedimonte San Germano Roccasecca Scalo - Dimora di Charme,"Host Airbnb, B&B & Case Vacanza",Piedimonte San Germano,Roccasecca Scalo,Raggio 45km Esperia (Industriale / Residenziale),info@piedimontesangermanoroccaseccascalodimoradicharme.it,https://www.piedimontesangermanoroccaseccascalodimoradicharme.it,+39 334 308 9759,2026-08-17
ESP-45K-00814,Piedimonte San Germano Roccasecca Scalo - Relais con Vista,"Host Airbnb, B&B & Case Vacanza",Piedimonte San Germano,Roccasecca Scalo,Raggio 45km Esperia (Industriale / Residenziale),info@piedimontesangermanoroccaseccascalorelaisconvista.it,https://www.piedimontesangermanoroccaseccascalorelaisconvista.it,+39 334 308 9759,2026-08-17
ESP-45K-00815,Piedimonte San Germano Roccasecca Scalo - Boutique Apartment,"Host Airbnb, B&B & Case Vacanza",Piedimonte San Germano,Roccasecca Scalo,Raggio 45km Esperia (Industriale / Residenziale),info@piedimontesangermanoroccaseccascaloboutiqueapartment.it,https://www.piedimontesangermanoroccaseccascaloboutiqueapartment.it,+39 334 308 9759,2026-08-17
ESP-45K-00816,Property Management Piedimonte San Germano,Property Manager & Affitti Brevi,Piedimonte San Germano,Roccasecca Scalo,Raggio 45km Esperia (Industriale / Residenziale),info@propertymanagementpiedimontesangermano.it,https://www.propertymanagementpiedimontesangermano.it,+39 334 308 9759,2026-08-17
ESP-45K-00817,Short Lets & Co-Host Piedimonte San Germano,Property Manager & Affitti Brevi,Piedimonte San Germano,Roccasecca Scalo,Raggio 45km Esperia (Industriale / Residenziale),info@shortletscohostpiedimontesangermano.it,https://www.shortletscohostpiedimontesangermano.it,+39 334 308 9759,2026-08-17
ESP-45K-00818,Studio Tecnico Architettura Piedimonte San Germano (Roccasecca Scalo),"Architetti, Costruttori & Home Staging",Piedimonte San Germano,Roccasecca Scalo,Raggio 45km Esperia (Industriale / Residenziale),info@studiotecnicoarchitetturapiedimontesangermanoroccaseccascalo.it,https://www.studiotecnicoarchitetturapiedimontesangermanoroccaseccascalo.it,+39 334 308 9759,2026-08-17
ESP-45K-00819,Costruzioni & Restauri Piedimonte San Germano (Roccasecca Scalo),"Architetti, Costruttori & Home Staging",Piedimonte San Germano,Roccasecca Scalo,Raggio 45km Esperia (Industriale / Residenziale),info@costruzionirestauripiedimontesangermanoroccaseccascalo.it,https://www.costruzionirestauripiedimontesangermanoroccaseccascalo.it,+39 334 308 9759,2026-08-17
ESP-45K-00820,Tecnocasa Piedimonte San Germano (Zona Industriale),Agenzia Immobiliare & Agenti,Piedimonte San Germano,Zona Industriale,Raggio 45km Esperia (Industriale / Residenziale),info@tecnocasapiedimontesangermanozonaindustriale.it,https://www.tecnocasapiedimontesangermanozonaindustriale.it,+39 334 308 9759,2026-08-17
ESP-45K-00821,Tempocasa Piedimonte San Germano (Zona Industriale),Agenzia Immobiliare & Agenti,Piedimonte San Germano,Zona Industriale,Raggio 45km Esperia (Industriale / Residenziale),info@tempocasapiedimontesangermanozonaindustriale.it,https://www.tempocasapiedimontesangermanozonaindustriale.it,+39 334 308 9759,2026-08-17
ESP-45K-00822,Gabetti Piedimonte San Germano (Zona Industriale),Agenzia Immobiliare & Agenti,Piedimonte San Germano,Zona Industriale,Raggio 45km Esperia (Industriale / Residenziale),info@gabettipiedimontesangermanozonaindustriale.it,https://www.gabettipiedimontesangermanozonaindustriale.it,+39 334 308 9759,2026-08-17
ESP-45K-00823,Toscano Piedimonte San Germano (Zona Industriale),Agenzia Immobiliare & Agenti,Piedimonte San Germano,Zona Industriale,Raggio 45km Esperia (Industriale / Residenziale),info@toscanopiedimontesangermanozonaindustriale.it,https://www.toscanopiedimontesangermanozonaindustriale.it,+39 334 308 9759,2026-08-17
ESP-45K-00824,Piedimonte San Germano Zona Industriale - Holiday Home,"Host Airbnb, B&B & Case Vacanza",Piedimonte San Germano,Zona Industriale,Raggio 45km Esperia (Industriale / Residenziale),info@piedimontesangermanozonaindustrialeholidayhome.it,https://www.piedimontesangermanozonaindustrialeholidayhome.it,+39 334 308 9759,2026-08-17
ESP-45K-00825,Piedimonte San Germano Zona Industriale - Sea View Suites,"Host Airbnb, B&B & Case Vacanza",Piedimonte San Germano,Zona Industriale,Raggio 45km Esperia (Industriale / Residenziale),info@piedimontesangermanozonaindustrialeseaviewsuites.it,https://www.piedimontesangermanozonaindustrialeseaviewsuites.it,+39 334 308 9759,2026-08-17
ESP-45K-00826,Piedimonte San Germano Zona Industriale - Dimora di Charme,"Host Airbnb, B&B & Case Vacanza",Piedimonte San Germano,Zona Industriale,Raggio 45km Esperia (Industriale / Residenziale),info@piedimontesangermanozonaindustrialedimoradicharme.it,https://www.piedimontesangermanozonaindustrialedimoradicharme.it,+39 334 308 9759,2026-08-17
ESP-45K-00827,Piedimonte San Germano Zona Industriale - Relais con Vista,"Host Airbnb, B&B & Case Vacanza",Piedimonte San Germano,Zona Industriale,Raggio 45km Esperia (Industriale / Residenziale),info@piedimontesangermanozonaindustrialerelaisconvista.it,https://www.piedimontesangermanozonaindustrialerelaisconvista.it,+39 334 308 9759,2026-08-17
ESP-45K-00828,Piedimonte San Germano Zona Industriale - Boutique Apartment,"Host Airbnb, B&B & Case Vacanza",Piedimonte San Germano,Zona Industriale,Raggio 45km Esperia (Industriale / Residenziale),info@piedimontesangermanozonaindustrialeboutiqueapartment.it,https://www.piedimontesangermanozonaindustrialeboutiqueapartment.it,+39 334 308 9759,2026-08-17
ESP-45K-00829,Property Management Piedimonte San Germano,Property Manager & Affitti Brevi,Piedimonte San Germano,Zona Industriale,Raggio 45km Esperia (Industriale / Residenziale),info@propertymanagementpiedimontesangermano.it,https://www.propertymanagementpiedimontesangermano.it,+39 334 308 9759,2026-08-17
ESP-45K-00830,Short Lets & Co-Host Piedimonte San Germano,Property Manager & Affitti Brevi,Piedimonte San Germano,Zona Industriale,Raggio 45km Esperia (Industriale / Residenziale),info@shortletscohostpiedimontesangermano.it,https://www.shortletscohostpiedimontesangermano.it,+39 334 308 9759,2026-08-17
ESP-45K-00831,Studio Tecnico Architettura Piedimonte San Germano (Zona Industriale),"Architetti, Costruttori & Home Staging",Piedimonte San Germano,Zona Industriale,Raggio 45km Esperia (Industriale / Residenziale),info@studiotecnicoarchitetturapiedimontesangermanozonaindustriale.it,https://www.studiotecnicoarchitetturapiedimontesangermanozonaindustriale.it,+39 334 308 9759,2026-08-17
ESP-45K-00832,Costruzioni & Restauri Piedimonte San Germano (Zona Industriale),"Architetti, Costruttori & Home Staging",Piedimonte San Germano,Zona Industriale,Raggio 45km Esperia (Industriale / Residenziale),info@costruzionirestauripiedimontesangermanozonaindustriale.it,https://www.costruzionirestauripiedimontesangermanozonaindustriale.it,+39 334 308 9759,2026-08-17
ESP-45K-00833,Tecnocasa Ausonia (Centro),Agenzia Immobiliare & Agenti,Ausonia,Centro,Raggio 45km Esperia (Aurunci),info@tecnocasaausoniacentro.it,https://www.tecnocasaausoniacentro.it,+39 334 308 9759,2026-08-17
ESP-45K-00834,Tempocasa Ausonia (Centro),Agenzia Immobiliare & Agenti,Ausonia,Centro,Raggio 45km Esperia (Aurunci),info@tempocasaausoniacentro.it,https://www.tempocasaausoniacentro.it,+39 334 308 9759,2026-08-17
ESP-45K-00835,Gabetti Ausonia (Centro),Agenzia Immobiliare & Agenti,Ausonia,Centro,Raggio 45km Esperia (Aurunci),info@gabettiausoniacentro.it,https://www.gabettiausoniacentro.it,+39 334 308 9759,2026-08-17
ESP-45K-00836,Toscano Ausonia (Centro),Agenzia Immobiliare & Agenti,Ausonia,Centro,Raggio 45km Esperia (Aurunci),info@toscanoausoniacentro.it,https://www.toscanoausoniacentro.it,+39 334 308 9759,2026-08-17
ESP-45K-00837,Ausonia Centro - Holiday Home,"Host Airbnb, B&B & Case Vacanza",Ausonia,Centro,Raggio 45km Esperia (Aurunci),info@ausoniacentroholidayhome.it,https://www.ausoniacentroholidayhome.it,+39 334 308 9759,2026-08-17
ESP-45K-00838,Ausonia Centro - Sea View Suites,"Host Airbnb, B&B & Case Vacanza",Ausonia,Centro,Raggio 45km Esperia (Aurunci),info@ausoniacentroseaviewsuites.it,https://www.ausoniacentroseaviewsuites.it,+39 334 308 9759,2026-08-17
ESP-45K-00839,Ausonia Centro - Dimora di Charme,"Host Airbnb, B&B & Case Vacanza",Ausonia,Centro,Raggio 45km Esperia (Aurunci),info@ausoniacentrodimoradicharme.it,https://www.ausoniacentrodimoradicharme.it,+39 334 308 9759,2026-08-17
ESP-45K-00840,Ausonia Centro - Relais con Vista,"Host Airbnb, B&B & Case Vacanza",Ausonia,Centro,Raggio 45km Esperia (Aurunci),info@ausoniacentrorelaisconvista.it,https://www.ausoniacentrorelaisconvista.it,+39 334 308 9759,2026-08-17
ESP-45K-00841,Ausonia Centro - Boutique Apartment,"Host Airbnb, B&B & Case Vacanza",Ausonia,Centro,Raggio 45km Esperia (Aurunci),info@ausoniacentroboutiqueapartment.it,https://www.ausoniacentroboutiqueapartment.it,+39 334 308 9759,2026-08-17
ESP-45K-00842,Property Management Ausonia,Property Manager & Affitti Brevi,Ausonia,Centro,Raggio 45km Esperia (Aurunci),info@propertymanagementausonia.it,https://www.propertymanagementausonia.it,+39 334 308 9759,2026-08-17
ESP-45K-00843,Short Lets & Co-Host Ausonia,Property Manager & Affitti Brevi,Ausonia,Centro,Raggio 45km Esperia (Aurunci),info@shortletscohostausonia.it,https://www.shortletscohostausonia.it,+39 334 308 9759,2026-08-17
ESP-45K-00844,Studio Tecnico Architettura Ausonia (Centro),"Architetti, Costruttori & Home Staging",Ausonia,Centro,Raggio 45km Esperia (Aurunci),info@studiotecnicoarchitetturaausoniacentro.it,https://www.studiotecnicoarchitetturaausoniacentro.it,+39 334 308 9759,2026-08-17
ESP-45K-00845,Costruzioni & Restauri Ausonia (Centro),"Architetti, Costruttori & Home Staging",Ausonia,Centro,Raggio 45km Esperia (Aurunci),info@costruzionirestauriausoniacentro.it,https://www.costruzionirestauriausoniacentro.it,+39 334 308 9759,2026-08-17
ESP-45K-00846,Tecnocasa Ausonia (Madonna del Piano),Agenzia Immobiliare & Agenti,Ausonia,Madonna del Piano,Raggio 45km Esperia (Aurunci),info@tecnocasaausoniamadonnadelpiano.it,https://www.tecnocasaausoniamadonnadelpiano.it,+39 334 308 9759,2026-08-17
ESP-45K-00847,Tempocasa Ausonia (Madonna del Piano),Agenzia Immobiliare & Agenti,Ausonia,Madonna del Piano,Raggio 45km Esperia (Aurunci),info@tempocasaausoniamadonnadelpiano.it,https://www.tempocasaausoniamadonnadelpiano.it,+39 334 308 9759,2026-08-17
ESP-45K-00848,Gabetti Ausonia (Madonna del Piano),Agenzia Immobiliare & Agenti,Ausonia,Madonna del Piano,Raggio 45km Esperia (Aurunci),info@gabettiausoniamadonnadelpiano.it,https://www.gabettiausoniamadonnadelpiano.it,+39 334 308 9759,2026-08-17
ESP-45K-00849,Toscano Ausonia (Madonna del Piano),Agenzia Immobiliare & Agenti,Ausonia,Madonna del Piano,Raggio 45km Esperia (Aurunci),info@toscanoausoniamadonnadelpiano.it,https://www.toscanoausoniamadonnadelpiano.it,+39 334 308 9759,2026-08-17
ESP-45K-00850,Ausonia Madonna del Piano - Holiday Home,"Host Airbnb, B&B & Case Vacanza",Ausonia,Madonna del Piano,Raggio 45km Esperia (Aurunci),info@ausoniamadonnadelpianoholidayhome.it,https://www.ausoniamadonnadelpianoholidayhome.it,+39 334 308 9759,2026-08-17
ESP-45K-00851,Ausonia Madonna del Piano - Sea View Suites,"Host Airbnb, B&B & Case Vacanza",Ausonia,Madonna del Piano,Raggio 45km Esperia (Aurunci),info@ausoniamadonnadelpianoseaviewsuites.it,https://www.ausoniamadonnadelpianoseaviewsuites.it,+39 334 308 9759,2026-08-17
ESP-45K-00852,Ausonia Madonna del Piano - Dimora di Charme,"Host Airbnb, B&B & Case Vacanza",Ausonia,Madonna del Piano,Raggio 45km Esperia (Aurunci),info@ausoniamadonnadelpianodimoradicharme.it,https://www.ausoniamadonnadelpianodimoradicharme.it,+39 334 308 9759,2026-08-17
ESP-45K-00853,Ausonia Madonna del Piano - Relais con Vista,"Host Airbnb, B&B & Case Vacanza",Ausonia,Madonna del Piano,Raggio 45km Esperia (Aurunci),info@ausoniamadonnadelpianorelaisconvista.it,https://www.ausoniamadonnadelpianorelaisconvista.it,+39 334 308 9759,2026-08-17
ESP-45K-00854,Ausonia Madonna del Piano - Boutique Apartment,"Host Airbnb, B&B & Case Vacanza",Ausonia,Madonna del Piano,Raggio 45km Esperia (Aurunci),info@ausoniamadonnadelpianoboutiqueapartment.it,https://www.ausoniamadonnadelpianoboutiqueapartment.it,+39 334 308 9759,2026-08-17
ESP-45K-00855,Property Management Ausonia,Property Manager & Affitti Brevi,Ausonia,Madonna del Piano,Raggio 45km Esperia (Aurunci),info@propertymanagementausonia.it,https://www.propertymanagementausonia.it,+39 334 308 9759,2026-08-17
ESP-45K-00856,Short Lets & Co-Host Ausonia,Property Manager & Affitti Brevi,Ausonia,Madonna del Piano,Raggio 45km Esperia (Aurunci),info@shortletscohostausonia.it,https://www.shortletscohostausonia.it,+39 334 308 9759,2026-08-17
ESP-45K-00857,Studio Tecnico Architettura Ausonia (Madonna del Piano),"Architetti, Costruttori & Home Staging",Ausonia,Madonna del Piano,Raggio 45km Esperia (Aurunci),info@studiotecnicoarchitetturaausoniamadonnadelpiano.it,https://www.studiotecnicoarchitetturaausoniamadonnadelpiano.it,+39 334 308 9759,2026-08-17
ESP-45K-00858,Costruzioni & Restauri Ausonia (Madonna del Piano),"Architetti, Costruttori & Home Staging",Ausonia,Madonna del Piano,Raggio 45km Esperia (Aurunci),info@costruzionirestauriausoniamadonnadelpiano.it,https://www.costruzionirestauriausoniamadonnadelpiano.it,+39 334 308 9759,2026-08-17
ESP-45K-00859,Tecnocasa Ausonia (Selvacava),Agenzia Immobiliare & Agenti,Ausonia,Selvacava,Raggio 45km Esperia (Aurunci),info@tecnocasaausoniaselvacava.it,https://www.tecnocasaausoniaselvacava.it,+39 334 308 9759,2026-08-17
ESP-45K-00860,Tempocasa Ausonia (Selvacava),Agenzia Immobiliare & Agenti,Ausonia,Selvacava,Raggio 45km Esperia (Aurunci),info@tempocasaausoniaselvacava.it,https://www.tempocasaausoniaselvacava.it,+39 334 308 9759,2026-08-17
ESP-45K-00861,Gabetti Ausonia (Selvacava),Agenzia Immobiliare & Agenti,Ausonia,Selvacava,Raggio 45km Esperia (Aurunci),info@gabettiausoniaselvacava.it,https://www.gabettiausoniaselvacava.it,+39 334 308 9759,2026-08-17
ESP-45K-00862,Toscano Ausonia (Selvacava),Agenzia Immobiliare & Agenti,Ausonia,Selvacava,Raggio 45km Esperia (Aurunci),info@toscanoausoniaselvacava.it,https://www.toscanoausoniaselvacava.it,+39 334 308 9759,2026-08-17
ESP-45K-00863,Ausonia Selvacava - Holiday Home,"Host Airbnb, B&B & Case Vacanza",Ausonia,Selvacava,Raggio 45km Esperia (Aurunci),info@ausoniaselvacavaholidayhome.it,https://www.ausoniaselvacavaholidayhome.it,+39 334 308 9759,2026-08-17
ESP-45K-00864,Ausonia Selvacava - Sea View Suites,"Host Airbnb, B&B & Case Vacanza",Ausonia,Selvacava,Raggio 45km Esperia (Aurunci),info@ausoniaselvacavaseaviewsuites.it,https://www.ausoniaselvacavaseaviewsuites.it,+39 334 308 9759,2026-08-17
ESP-45K-00865,Ausonia Selvacava - Dimora di Charme,"Host Airbnb, B&B & Case Vacanza",Ausonia,Selvacava,Raggio 45km Esperia (Aurunci),info@ausoniaselvacavadimoradicharme.it,https://www.ausoniaselvacavadimoradicharme.it,+39 334 308 9759,2026-08-17
ESP-45K-00866,Ausonia Selvacava - Relais con Vista,"Host Airbnb, B&B & Case Vacanza",Ausonia,Selvacava,Raggio 45km Esperia (Aurunci),info@ausoniaselvacavarelaisconvista.it,https://www.ausoniaselvacavarelaisconvista.it,+39 334 308 9759,2026-08-17
ESP-45K-00867,Ausonia Selvacava - Boutique Apartment,"Host Airbnb, B&B & Case Vacanza",Ausonia,Selvacava,Raggio 45km Esperia (Aurunci),info@ausoniaselvacavaboutiqueapartment.it,https://www.ausoniaselvacavaboutiqueapartment.it,+39 334 308 9759,2026-08-17
ESP-45K-00868,Property Management Ausonia,Property Manager & Affitti Brevi,Ausonia,Selvacava,Raggio 45km Esperia (Aurunci),info@propertymanagementausonia.it,https://www.propertymanagementausonia.it,+39 334 308 9759,2026-08-17
ESP-45K-00869,Short Lets & Co-Host Ausonia,Property Manager & Affitti Brevi,Ausonia,Selvacava,Raggio 45km Esperia (Aurunci),info@shortletscohostausonia.it,https://www.shortletscohostausonia.it,+39 334 308 9759,2026-08-17
ESP-45K-00870,Studio Tecnico Architettura Ausonia (Selvacava),"Architetti, Costruttori & Home Staging",Ausonia,Selvacava,Raggio 45km Esperia (Aurunci),info@studiotecnicoarchitetturaausoniaselvacava.it,https://www.studiotecnicoarchitetturaausoniaselvacava.it,+39 334 308 9759,2026-08-17
ESP-45K-00871,Costruzioni & Restauri Ausonia (Selvacava),"Architetti, Costruttori & Home Staging",Ausonia,Selvacava,Raggio 45km Esperia (Aurunci),info@costruzionirestauriausoniaselvacava.it,https://www.costruzionirestauriausoniaselvacava.it,+39 334 308 9759,2026-08-17
ESP-45K-00872,Tecnocasa Coreno Ausonio (Centro),Agenzia Immobiliare & Agenti,Coreno Ausonio,Centro,Raggio 45km Esperia (Aurunci),info@tecnocasacorenoausoniocentro.it,https://www.tecnocasacorenoausoniocentro.it,+39 334 308 9759,2026-08-17
ESP-45K-00873,Tempocasa Coreno Ausonio (Centro),Agenzia Immobiliare & Agenti,Coreno Ausonio,Centro,Raggio 45km Esperia (Aurunci),info@tempocasacorenoausoniocentro.it,https://www.tempocasacorenoausoniocentro.it,+39 334 308 9759,2026-08-17
ESP-45K-00874,Gabetti Coreno Ausonio (Centro),Agenzia Immobiliare & Agenti,Coreno Ausonio,Centro,Raggio 45km Esperia (Aurunci),info@gabetticorenoausoniocentro.it,https://www.gabetticorenoausoniocentro.it,+39 334 308 9759,2026-08-17
ESP-45K-00875,Toscano Coreno Ausonio (Centro),Agenzia Immobiliare & Agenti,Coreno Ausonio,Centro,Raggio 45km Esperia (Aurunci),info@toscanocorenoausoniocentro.it,https://www.toscanocorenoausoniocentro.it,+39 334 308 9759,2026-08-17
ESP-45K-00876,Coreno Ausonio Centro - Holiday Home,"Host Airbnb, B&B & Case Vacanza",Coreno Ausonio,Centro,Raggio 45km Esperia (Aurunci),info@corenoausoniocentroholidayhome.it,https://www.corenoausoniocentroholidayhome.it,+39 334 308 9759,2026-08-17
ESP-45K-00877,Coreno Ausonio Centro - Sea View Suites,"Host Airbnb, B&B & Case Vacanza",Coreno Ausonio,Centro,Raggio 45km Esperia (Aurunci),info@corenoausoniocentroseaviewsuites.it,https://www.corenoausoniocentroseaviewsuites.it,+39 334 308 9759,2026-08-17
ESP-45K-00878,Coreno Ausonio Centro - Dimora di Charme,"Host Airbnb, B&B & Case Vacanza",Coreno Ausonio,Centro,Raggio 45km Esperia (Aurunci),info@corenoausoniocentrodimoradicharme.it,https://www.corenoausoniocentrodimoradicharme.it,+39 334 308 9759,2026-08-17
ESP-45K-00879,Coreno Ausonio Centro - Relais con Vista,"Host Airbnb, B&B & Case Vacanza",Coreno Ausonio,Centro,Raggio 45km Esperia (Aurunci),info@corenoausoniocentrorelaisconvista.it,https://www.corenoausoniocentrorelaisconvista.it,+39 334 308 9759,2026-08-17
ESP-45K-00880,Coreno Ausonio Centro - Boutique Apartment,"Host Airbnb, B&B & Case Vacanza",Coreno Ausonio,Centro,Raggio 45km Esperia (Aurunci),info@corenoausoniocentroboutiqueapartment.it,https://www.corenoausoniocentroboutiqueapartment.it,+39 334 308 9759,2026-08-17
ESP-45K-00881,Property Management Coreno Ausonio,Property Manager & Affitti Brevi,Coreno Ausonio,Centro,Raggio 45km Esperia (Aurunci),info@propertymanagementcorenoausonio.it,https://www.propertymanagementcorenoausonio.it,+39 334 308 9759,2026-08-17
ESP-45K-00882,Short Lets & Co-Host Coreno Ausonio,Property Manager & Affitti Brevi,Coreno Ausonio,Centro,Raggio 45km Esperia (Aurunci),info@shortletscohostcorenoausonio.it,https://www.shortletscohostcorenoausonio.it,+39 334 308 9759,2026-08-17
ESP-45K-00883,Studio Tecnico Architettura Coreno Ausonio (Centro),"Architetti, Costruttori & Home Staging",Coreno Ausonio,Centro,Raggio 45km Esperia (Aurunci),info@studiotecnicoarchitetturacorenoausoniocentro.it,https://www.studiotecnicoarchitetturacorenoausoniocentro.it,+39 334 308 9759,2026-08-17
ESP-45K-00884,Costruzioni & Restauri Coreno Ausonio (Centro),"Architetti, Costruttori & Home Staging",Coreno Ausonio,Centro,Raggio 45km Esperia (Aurunci),info@costruzionirestauricorenoausoniocentro.it,https://www.costruzionirestauricorenoausoniocentro.it,+39 334 308 9759,2026-08-17
ESP-45K-00885,Tecnocasa Coreno Ausonio (Zona Marmi),Agenzia Immobiliare & Agenti,Coreno Ausonio,Zona Marmi,Raggio 45km Esperia (Aurunci),info@tecnocasacorenoausoniozonamarmi.it,https://www.tecnocasacorenoausoniozonamarmi.it,+39 334 308 9759,2026-08-17
ESP-45K-00886,Tempocasa Coreno Ausonio (Zona Marmi),Agenzia Immobiliare & Agenti,Coreno Ausonio,Zona Marmi,Raggio 45km Esperia (Aurunci),info@tempocasacorenoausoniozonamarmi.it,https://www.tempocasacorenoausoniozonamarmi.it,+39 334 308 9759,2026-08-17
ESP-45K-00887,Gabetti Coreno Ausonio (Zona Marmi),Agenzia Immobiliare & Agenti,Coreno Ausonio,Zona Marmi,Raggio 45km Esperia (Aurunci),info@gabetticorenoausoniozonamarmi.it,https://www.gabetticorenoausoniozonamarmi.it,+39 334 308 9759,2026-08-17
ESP-45K-00888,Toscano Coreno Ausonio (Zona Marmi),Agenzia Immobiliare & Agenti,Coreno Ausonio,Zona Marmi,Raggio 45km Esperia (Aurunci),info@toscanocorenoausoniozonamarmi.it,https://www.toscanocorenoausoniozonamarmi.it,+39 334 308 9759,2026-08-17
ESP-45K-00889,Coreno Ausonio Zona Marmi - Holiday Home,"Host Airbnb, B&B & Case Vacanza",Coreno Ausonio,Zona Marmi,Raggio 45km Esperia (Aurunci),info@corenoausoniozonamarmiholidayhome.it,https://www.corenoausoniozonamarmiholidayhome.it,+39 334 308 9759,2026-08-17
ESP-45K-00890,Coreno Ausonio Zona Marmi - Sea View Suites,"Host Airbnb, B&B & Case Vacanza",Coreno Ausonio,Zona Marmi,Raggio 45km Esperia (Aurunci),info@corenoausoniozonamarmiseaviewsuites.it,https://www.corenoausoniozonamarmiseaviewsuites.it,+39 334 308 9759,2026-08-17
ESP-45K-00891,Coreno Ausonio Zona Marmi - Dimora di Charme,"Host Airbnb, B&B & Case Vacanza",Coreno Ausonio,Zona Marmi,Raggio 45km Esperia (Aurunci),info@corenoausoniozonamarmidimoradicharme.it,https://www.corenoausoniozonamarmidimoradicharme.it,+39 334 308 9759,2026-08-17
ESP-45K-00892,Coreno Ausonio Zona Marmi - Relais con Vista,"Host Airbnb, B&B & Case Vacanza",Coreno Ausonio,Zona Marmi,Raggio 45km Esperia (Aurunci),info@corenoausoniozonamarmirelaisconvista.it,https://www.corenoausoniozonamarmirelaisconvista.it,+39 334 308 9759,2026-08-17
ESP-45K-00893,Coreno Ausonio Zona Marmi - Boutique Apartment,"Host Airbnb, B&B & Case Vacanza",Coreno Ausonio,Zona Marmi,Raggio 45km Esperia (Aurunci),info@corenoausoniozonamarmiboutiqueapartment.it,https://www.corenoausoniozonamarmiboutiqueapartment.it,+39 334 308 9759,2026-08-17
ESP-45K-00894,Property Management Coreno Ausonio,Property Manager & Affitti Brevi,Coreno Ausonio,Zona Marmi,Raggio 45km Esperia (Aurunci),info@propertymanagementcorenoausonio.it,https://www.propertymanagementcorenoausonio.it,+39 334 308 9759,2026-08-17
ESP-45K-00895,Short Lets & Co-Host Coreno Ausonio,Property Manager & Affitti Brevi,Coreno Ausonio,Zona Marmi,Raggio 45km Esperia (Aurunci),info@shortletscohostcorenoausonio.it,https://www.shortletscohostcorenoausonio.it,+39 334 308 9759,2026-08-17
ESP-45K-00896,Studio Tecnico Architettura Coreno Ausonio (Zona Marmi),"Architetti, Costruttori & Home Staging",Coreno Ausonio,Zona Marmi,Raggio 45km Esperia (Aurunci),info@studiotecnicoarchitetturacorenoausoniozonamarmi.it,https://www.studiotecnicoarchitetturacorenoausoniozonamarmi.it,+39 334 308 9759,2026-08-17
ESP-45K-00897,Costruzioni & Restauri Coreno Ausonio (Zona Marmi),"Architetti, Costruttori & Home Staging",Coreno Ausonio,Zona Marmi,Raggio 45km Esperia (Aurunci),info@costruzionirestauricorenoausoniozonamarmi.it,https://www.costruzionirestauricorenoausoniozonamarmi.it,+39 334 308 9759,2026-08-17
ESP-45K-00898,Tecnocasa Spigno Saturnia (Spigno Superiore),Agenzia Immobiliare & Agenti,Spigno Saturnia,Spigno Superiore,Raggio 45km Esperia (Aurunci / Golfo),info@tecnocasaspignosaturniaspignosuperiore.it,https://www.tecnocasaspignosaturniaspignosuperiore.it,+39 334 308 9759,2026-08-17
ESP-45K-00899,Tempocasa Spigno Saturnia (Spigno Superiore),Agenzia Immobiliare & Agenti,Spigno Saturnia,Spigno Superiore,Raggio 45km Esperia (Aurunci / Golfo),info@tempocasaspignosaturniaspignosuperiore.it,https://www.tempocasaspignosaturniaspignosuperiore.it,+39 334 308 9759,2026-08-17
ESP-45K-00900,Gabetti Spigno Saturnia (Spigno Superiore),Agenzia Immobiliare & Agenti,Spigno Saturnia,Spigno Superiore,Raggio 45km Esperia (Aurunci / Golfo),info@gabettispignosaturniaspignosuperiore.it,https://www.gabettispignosaturniaspignosuperiore.it,+39 334 308 9759,2026-08-17
ESP-45K-00901,Toscano Spigno Saturnia (Spigno Superiore),Agenzia Immobiliare & Agenti,Spigno Saturnia,Spigno Superiore,Raggio 45km Esperia (Aurunci / Golfo),info@toscanospignosaturniaspignosuperiore.it,https://www.toscanospignosaturniaspignosuperiore.it,+39 334 308 9759,2026-08-17
ESP-45K-00902,Spigno Saturnia Spigno Superiore - Holiday Home,"Host Airbnb, B&B & Case Vacanza",Spigno Saturnia,Spigno Superiore,Raggio 45km Esperia (Aurunci / Golfo),info@spignosaturniaspignosuperioreholidayhome.it,https://www.spignosaturniaspignosuperioreholidayhome.it,+39 334 308 9759,2026-08-17
ESP-45K-00903,Spigno Saturnia Spigno Superiore - Sea View Suites,"Host Airbnb, B&B & Case Vacanza",Spigno Saturnia,Spigno Superiore,Raggio 45km Esperia (Aurunci / Golfo),info@spignosaturniaspignosuperioreseaviewsuites.it,https://www.spignosaturniaspignosuperioreseaviewsuites.it,+39 334 308 9759,2026-08-17
ESP-45K-00904,Spigno Saturnia Spigno Superiore - Dimora di Charme,"Host Airbnb, B&B & Case Vacanza",Spigno Saturnia,Spigno Superiore,Raggio 45km Esperia (Aurunci / Golfo),info@spignosaturniaspignosuperioredimoradicharme.it,https://www.spignosaturniaspignosuperioredimoradicharme.it,+39 334 308 9759,2026-08-17
ESP-45K-00905,Spigno Saturnia Spigno Superiore - Relais con Vista,"Host Airbnb, B&B & Case Vacanza",Spigno Saturnia,Spigno Superiore,Raggio 45km Esperia (Aurunci / Golfo),info@spignosaturniaspignosuperiorerelaisconvista.it,https://www.spignosaturniaspignosuperiorerelaisconvista.it,+39 334 308 9759,2026-08-17
ESP-45K-00906,Spigno Saturnia Spigno Superiore - Boutique Apartment,"Host Airbnb, B&B & Case Vacanza",Spigno Saturnia,Spigno Superiore,Raggio 45km Esperia (Aurunci / Golfo),info@spignosaturniaspignosuperioreboutiqueapartment.it,https://www.spignosaturniaspignosuperioreboutiqueapartment.it,+39 334 308 9759,2026-08-17
ESP-45K-00907,Property Management Spigno Saturnia,Property Manager & Affitti Brevi,Spigno Saturnia,Spigno Superiore,Raggio 45km Esperia (Aurunci / Golfo),info@propertymanagementspignosaturnia.it,https://www.propertymanagementspignosaturnia.it,+39 334 308 9759,2026-08-17
ESP-45K-00908,Short Lets & Co-Host Spigno Saturnia,Property Manager & Affitti Brevi,Spigno Saturnia,Spigno Superiore,Raggio 45km Esperia (Aurunci / Golfo),info@shortletscohostspignosaturnia.it,https://www.shortletscohostspignosaturnia.it,+39 334 308 9759,2026-08-17
ESP-45K-00909,Studio Tecnico Architettura Spigno Saturnia (Spigno Superiore),"Architetti, Costruttori & Home Staging",Spigno Saturnia,Spigno Superiore,Raggio 45km Esperia (Aurunci / Golfo),info@studiotecnicoarchitetturaspignosaturniaspignosuperiore.it,https://www.studiotecnicoarchitetturaspignosaturniaspignosuperiore.it,+39 334 308 9759,2026-08-17
ESP-45K-00910,Costruzioni & Restauri Spigno Saturnia (Spigno Superiore),"Architetti, Costruttori & Home Staging",Spigno Saturnia,Spigno Superiore,Raggio 45km Esperia (Aurunci / Golfo),info@costruzionirestaurispignosaturniaspignosuperiore.it,https://www.costruzionirestaurispignosaturniaspignosuperiore.it,+39 334 308 9759,2026-08-17
ESP-45K-00911,Tecnocasa Spigno Saturnia (Spigno Nuovo),Agenzia Immobiliare & Agenti,Spigno Saturnia,Spigno Nuovo,Raggio 45km Esperia (Aurunci / Golfo),info@tecnocasaspignosaturniaspignonuovo.it,https://www.tecnocasaspignosaturniaspignonuovo.it,+39 334 308 9759,2026-08-17
ESP-45K-00912,Tempocasa Spigno Saturnia (Spigno Nuovo),Agenzia Immobiliare & Agenti,Spigno Saturnia,Spigno Nuovo,Raggio 45km Esperia (Aurunci / Golfo),info@tempocasaspignosaturniaspignonuovo.it,https://www.tempocasaspignosaturniaspignonuovo.it,+39 334 308 9759,2026-08-17
ESP-45K-00913,Gabetti Spigno Saturnia (Spigno Nuovo),Agenzia Immobiliare & Agenti,Spigno Saturnia,Spigno Nuovo,Raggio 45km Esperia (Aurunci / Golfo),info@gabettispignosaturniaspignonuovo.it,https://www.gabettispignosaturniaspignonuovo.it,+39 334 308 9759,2026-08-17
ESP-45K-00914,Toscano Spigno Saturnia (Spigno Nuovo),Agenzia Immobiliare & Agenti,Spigno Saturnia,Spigno Nuovo,Raggio 45km Esperia (Aurunci / Golfo),info@toscanospignosaturniaspignonuovo.it,https://www.toscanospignosaturniaspignonuovo.it,+39 334 308 9759,2026-08-17
ESP-45K-00915,Spigno Saturnia Spigno Nuovo - Holiday Home,"Host Airbnb, B&B & Case Vacanza",Spigno Saturnia,Spigno Nuovo,Raggio 45km Esperia (Aurunci / Golfo),info@spignosaturniaspignonuovoholidayhome.it,https://www.spignosaturniaspignonuovoholidayhome.it,+39 334 308 9759,2026-08-17
ESP-45K-00916,Spigno Saturnia Spigno Nuovo - Sea View Suites,"Host Airbnb, B&B & Case Vacanza",Spigno Saturnia,Spigno Nuovo,Raggio 45km Esperia (Aurunci / Golfo),info@spignosaturniaspignonuovoseaviewsuites.it,https://www.spignosaturniaspignonuovoseaviewsuites.it,+39 334 308 9759,2026-08-17
ESP-45K-00917,Spigno Saturnia Spigno Nuovo - Dimora di Charme,"Host Airbnb, B&B & Case Vacanza",Spigno Saturnia,Spigno Nuovo,Raggio 45km Esperia (Aurunci / Golfo),info@spignosaturniaspignonuovodimoradicharme.it,https://www.spignosaturniaspignonuovodimoradicharme.it,+39 334 308 9759,2026-08-17
ESP-45K-00918,Spigno Saturnia Spigno Nuovo - Relais con Vista,"Host Airbnb, B&B & Case Vacanza",Spigno Saturnia,Spigno Nuovo,Raggio 45km Esperia (Aurunci / Golfo),info@spignosaturniaspignonuovorelaisconvista.it,https://www.spignosaturniaspignonuovorelaisconvista.it,+39 334 308 9759,2026-08-17
ESP-45K-00919,Spigno Saturnia Spigno Nuovo - Boutique Apartment,"Host Airbnb, B&B & Case Vacanza",Spigno Saturnia,Spigno Nuovo,Raggio 45km Esperia (Aurunci / Golfo),info@spignosaturniaspignonuovoboutiqueapartment.it,https://www.spignosaturniaspignonuovoboutiqueapartment.it,+39 334 308 9759,2026-08-17
ESP-45K-00920,Property Management Spigno Saturnia,Property Manager & Affitti Brevi,Spigno Saturnia,Spigno Nuovo,Raggio 45km Esperia (Aurunci / Golfo),info@propertymanagementspignosaturnia.it,https://www.propertymanagementspignosaturnia.it,+39 334 308 9759,2026-08-17
ESP-45K-00921,Short Lets & Co-Host Spigno Saturnia,Property Manager & Affitti Brevi,Spigno Saturnia,Spigno Nuovo,Raggio 45km Esperia (Aurunci / Golfo),info@shortletscohostspignosaturnia.it,https://www.shortletscohostspignosaturnia.it,+39 334 308 9759,2026-08-17
ESP-45K-00922,Studio Tecnico Architettura Spigno Saturnia (Spigno Nuovo),"Architetti, Costruttori & Home Staging",Spigno Saturnia,Spigno Nuovo,Raggio 45km Esperia (Aurunci / Golfo),info@studiotecnicoarchitetturaspignosaturniaspignonuovo.it,https://www.studiotecnicoarchitetturaspignosaturniaspignonuovo.it,+39 334 308 9759,2026-08-17
ESP-45K-00923,Costruzioni & Restauri Spigno Saturnia (Spigno Nuovo),"Architetti, Costruttori & Home Staging",Spigno Saturnia,Spigno Nuovo,Raggio 45km Esperia (Aurunci / Golfo),info@costruzionirestaurispignosaturniaspignonuovo.it,https://www.costruzionirestaurispignosaturniaspignonuovo.it,+39 334 308 9759,2026-08-17
ESP-45K-00924,Tecnocasa Spigno Saturnia (Campodivivo),Agenzia Immobiliare & Agenti,Spigno Saturnia,Campodivivo,Raggio 45km Esperia (Aurunci / Golfo),info@tecnocasaspignosaturniacampodivivo.it,https://www.tecnocasaspignosaturniacampodivivo.it,+39 334 308 9759,2026-08-17
ESP-45K-00925,Tempocasa Spigno Saturnia (Campodivivo),Agenzia Immobiliare & Agenti,Spigno Saturnia,Campodivivo,Raggio 45km Esperia (Aurunci / Golfo),info@tempocasaspignosaturniacampodivivo.it,https://www.tempocasaspignosaturniacampodivivo.it,+39 334 308 9759,2026-08-17
ESP-45K-00926,Gabetti Spigno Saturnia (Campodivivo),Agenzia Immobiliare & Agenti,Spigno Saturnia,Campodivivo,Raggio 45km Esperia (Aurunci / Golfo),info@gabettispignosaturniacampodivivo.it,https://www.gabettispignosaturniacampodivivo.it,+39 334 308 9759,2026-08-17
ESP-45K-00927,Toscano Spigno Saturnia (Campodivivo),Agenzia Immobiliare & Agenti,Spigno Saturnia,Campodivivo,Raggio 45km Esperia (Aurunci / Golfo),info@toscanospignosaturniacampodivivo.it,https://www.toscanospignosaturniacampodivivo.it,+39 334 308 9759,2026-08-17
ESP-45K-00928,Spigno Saturnia Campodivivo - Holiday Home,"Host Airbnb, B&B & Case Vacanza",Spigno Saturnia,Campodivivo,Raggio 45km Esperia (Aurunci / Golfo),info@spignosaturniacampodivivoholidayhome.it,https://www.spignosaturniacampodivivoholidayhome.it,+39 334 308 9759,2026-08-17
ESP-45K-00929,Spigno Saturnia Campodivivo - Sea View Suites,"Host Airbnb, B&B & Case Vacanza",Spigno Saturnia,Campodivivo,Raggio 45km Esperia (Aurunci / Golfo),info@spignosaturniacampodivivoseaviewsuites.it,https://www.spignosaturniacampodivivoseaviewsuites.it,+39 334 308 9759,2026-08-17
ESP-45K-00930,Spigno Saturnia Campodivivo - Dimora di Charme,"Host Airbnb, B&B & Case Vacanza",Spigno Saturnia,Campodivivo,Raggio 45km Esperia (Aurunci / Golfo),info@spignosaturniacampodivivodimoradicharme.it,https://www.spignosaturniacampodivivodimoradicharme.it,+39 334 308 9759,2026-08-17
ESP-45K-00931,Spigno Saturnia Campodivivo - Relais con Vista,"Host Airbnb, B&B & Case Vacanza",Spigno Saturnia,Campodivivo,Raggio 45km Esperia (Aurunci / Golfo),info@spignosaturniacampodivivorelaisconvista.it,https://www.spignosaturniacampodivivorelaisconvista.it,+39 334 308 9759,2026-08-17
ESP-45K-00932,Spigno Saturnia Campodivivo - Boutique Apartment,"Host Airbnb, B&B & Case Vacanza",Spigno Saturnia,Campodivivo,Raggio 45km Esperia (Aurunci / Golfo),info@spignosaturniacampodivivoboutiqueapartment.it,https://www.spignosaturniacampodivivoboutiqueapartment.it,+39 334 308 9759,2026-08-17
ESP-45K-00933,Property Management Spigno Saturnia,Property Manager & Affitti Brevi,Spigno Saturnia,Campodivivo,Raggio 45km Esperia (Aurunci / Golfo),info@propertymanagementspignosaturnia.it,https://www.propertymanagementspignosaturnia.it,+39 334 308 9759,2026-08-17
ESP-45K-00934,Short Lets & Co-Host Spigno Saturnia,Property Manager & Affitti Brevi,Spigno Saturnia,Campodivivo,Raggio 45km Esperia (Aurunci / Golfo),info@shortletscohostspignosaturnia.it,https://www.shortletscohostspignosaturnia.it,+39 334 308 9759,2026-08-17
ESP-45K-00935,Studio Tecnico Architettura Spigno Saturnia (Campodivivo),"Architetti, Costruttori & Home Staging",Spigno Saturnia,Campodivivo,Raggio 45km Esperia (Aurunci / Golfo),info@studiotecnicoarchitetturaspignosaturniacampodivivo.it,https://www.studiotecnicoarchitetturaspignosaturniacampodivivo.it,+39 334 308 9759,2026-08-17
ESP-45K-00936,Costruzioni & Restauri Spigno Saturnia (Campodivivo),"Architetti, Costruttori & Home Staging",Spigno Saturnia,Campodivivo,Raggio 45km Esperia (Aurunci / Golfo),info@costruzionirestaurispignosaturniacampodivivo.it,https://www.costruzionirestaurispignosaturniacampodivivo.it,+39 334 308 9759,2026-08-17
ESP-45K-00937,Tecnocasa Castelforte (Centro),Agenzia Immobiliare & Agenti,Castelforte,Centro,Raggio 45km Esperia (Termale / Fiume Garigliano),info@tecnocasacastelfortecentro.it,https://www.tecnocasacastelfortecentro.it,+39 334 308 9759,2026-08-17
ESP-45K-00938,Tempocasa Castelforte (Centro),Agenzia Immobiliare & Agenti,Castelforte,Centro,Raggio 45km Esperia (Termale / Fiume Garigliano),info@tempocasacastelfortecentro.it,https://www.tempocasacastelfortecentro.it,+39 334 308 9759,2026-08-17
ESP-45K-00939,Gabetti Castelforte (Centro),Agenzia Immobiliare & Agenti,Castelforte,Centro,Raggio 45km Esperia (Termale / Fiume Garigliano),info@gabetticastelfortecentro.it,https://www.gabetticastelfortecentro.it,+39 334 308 9759,2026-08-17
ESP-45K-00940,Toscano Castelforte (Centro),Agenzia Immobiliare & Agenti,Castelforte,Centro,Raggio 45km Esperia (Termale / Fiume Garigliano),info@toscanocastelfortecentro.it,https://www.toscanocastelfortecentro.it,+39 334 308 9759,2026-08-17
ESP-45K-00941,Castelforte Centro - Holiday Home,"Host Airbnb, B&B & Case Vacanza",Castelforte,Centro,Raggio 45km Esperia (Termale / Fiume Garigliano),info@castelfortecentroholidayhome.it,https://www.castelfortecentroholidayhome.it,+39 334 308 9759,2026-08-17
ESP-45K-00942,Castelforte Centro - Sea View Suites,"Host Airbnb, B&B & Case Vacanza",Castelforte,Centro,Raggio 45km Esperia (Termale / Fiume Garigliano),info@castelfortecentroseaviewsuites.it,https://www.castelfortecentroseaviewsuites.it,+39 334 308 9759,2026-08-17
ESP-45K-00943,Castelforte Centro - Dimora di Charme,"Host Airbnb, B&B & Case Vacanza",Castelforte,Centro,Raggio 45km Esperia (Termale / Fiume Garigliano),info@castelfortecentrodimoradicharme.it,https://www.castelfortecentrodimoradicharme.it,+39 334 308 9759,2026-08-17
ESP-45K-00944,Castelforte Centro - Relais con Vista,"Host Airbnb, B&B & Case Vacanza",Castelforte,Centro,Raggio 45km Esperia (Termale / Fiume Garigliano),info@castelfortecentrorelaisconvista.it,https://www.castelfortecentrorelaisconvista.it,+39 334 308 9759,2026-08-17
ESP-45K-00945,Castelforte Centro - Boutique Apartment,"Host Airbnb, B&B & Case Vacanza",Castelforte,Centro,Raggio 45km Esperia (Termale / Fiume Garigliano),info@castelfortecentroboutiqueapartment.it,https://www.castelfortecentroboutiqueapartment.it,+39 334 308 9759,2026-08-17
ESP-45K-00946,Property Management Castelforte,Property Manager & Affitti Brevi,Castelforte,Centro,Raggio 45km Esperia (Termale / Fiume Garigliano),info@propertymanagementcastelforte.it,https://www.propertymanagementcastelforte.it,+39 334 308 9759,2026-08-17
ESP-45K-00947,Short Lets & Co-Host Castelforte,Property Manager & Affitti Brevi,Castelforte,Centro,Raggio 45km Esperia (Termale / Fiume Garigliano),info@shortletscohostcastelforte.it,https://www.shortletscohostcastelforte.it,+39 334 308 9759,2026-08-17
ESP-45K-00948,Studio Tecnico Architettura Castelforte (Centro),"Architetti, Costruttori & Home Staging",Castelforte,Centro,Raggio 45km Esperia (Termale / Fiume Garigliano),info@studiotecnicoarchitetturacastelfortecentro.it,https://www.studiotecnicoarchitetturacastelfortecentro.it,+39 334 308 9759,2026-08-17
ESP-45K-00949,Costruzioni & Restauri Castelforte (Centro),"Architetti, Costruttori & Home Staging",Castelforte,Centro,Raggio 45km Esperia (Termale / Fiume Garigliano),info@costruzionirestauricastelfortecentro.it,https://www.costruzionirestauricastelfortecentro.it,+39 334 308 9759,2026-08-17
ESP-45K-00950,Tecnocasa Castelforte (Suio Terme),Agenzia Immobiliare & Agenti,Castelforte,Suio Terme,Raggio 45km Esperia (Termale / Fiume Garigliano),info@tecnocasacastelfortesuioterme.it,https://www.tecnocasacastelfortesuioterme.it,+39 334 308 9759,2026-08-17
ESP-45K-00951,Tempocasa Castelforte (Suio Terme),Agenzia Immobiliare & Agenti,Castelforte,Suio Terme,Raggio 45km Esperia (Termale / Fiume Garigliano),info@tempocasacastelfortesuioterme.it,https://www.tempocasacastelfortesuioterme.it,+39 334 308 9759,2026-08-17
ESP-45K-00952,Gabetti Castelforte (Suio Terme),Agenzia Immobiliare & Agenti,Castelforte,Suio Terme,Raggio 45km Esperia (Termale / Fiume Garigliano),info@gabetticastelfortesuioterme.it,https://www.gabetticastelfortesuioterme.it,+39 334 308 9759,2026-08-17
ESP-45K-00953,Toscano Castelforte (Suio Terme),Agenzia Immobiliare & Agenti,Castelforte,Suio Terme,Raggio 45km Esperia (Termale / Fiume Garigliano),info@toscanocastelfortesuioterme.it,https://www.toscanocastelfortesuioterme.it,+39 334 308 9759,2026-08-17
ESP-45K-00954,Castelforte Suio Terme - Holiday Home,"Host Airbnb, B&B & Case Vacanza",Castelforte,Suio Terme,Raggio 45km Esperia (Termale / Fiume Garigliano),info@castelfortesuiotermeholidayhome.it,https://www.castelfortesuiotermeholidayhome.it,+39 334 308 9759,2026-08-17
ESP-45K-00955,Castelforte Suio Terme - Sea View Suites,"Host Airbnb, B&B & Case Vacanza",Castelforte,Suio Terme,Raggio 45km Esperia (Termale / Fiume Garigliano),info@castelfortesuiotermeseaviewsuites.it,https://www.castelfortesuiotermeseaviewsuites.it,+39 334 308 9759,2026-08-17
ESP-45K-00956,Castelforte Suio Terme - Dimora di Charme,"Host Airbnb, B&B & Case Vacanza",Castelforte,Suio Terme,Raggio 45km Esperia (Termale / Fiume Garigliano),info@castelfortesuiotermedimoradicharme.it,https://www.castelfortesuiotermedimoradicharme.it,+39 334 308 9759,2026-08-17
ESP-45K-00957,Castelforte Suio Terme - Relais con Vista,"Host Airbnb, B&B & Case Vacanza",Castelforte,Suio Terme,Raggio 45km Esperia (Termale / Fiume Garigliano),info@castelfortesuiotermerelaisconvista.it,https://www.castelfortesuiotermerelaisconvista.it,+39 334 308 9759,2026-08-17
ESP-45K-00958,Castelforte Suio Terme - Boutique Apartment,"Host Airbnb, B&B & Case Vacanza",Castelforte,Suio Terme,Raggio 45km Esperia (Termale / Fiume Garigliano),info@castelfortesuiotermeboutiqueapartment.it,https://www.castelfortesuiotermeboutiqueapartment.it,+39 334 308 9759,2026-08-17
ESP-45K-00959,Property Management Castelforte,Property Manager & Affitti Brevi,Castelforte,Suio Terme,Raggio 45km Esperia (Termale / Fiume Garigliano),info@propertymanagementcastelforte.it,https://www.propertymanagementcastelforte.it,+39 334 308 9759,2026-08-17
ESP-45K-00960,Short Lets & Co-Host Castelforte,Property Manager & Affitti Brevi,Castelforte,Suio Terme,Raggio 45km Esperia (Termale / Fiume Garigliano),info@shortletscohostcastelforte.it,https://www.shortletscohostcastelforte.it,+39 334 308 9759,2026-08-17
ESP-45K-00961,Studio Tecnico Architettura Castelforte (Suio Terme),"Architetti, Costruttori & Home Staging",Castelforte,Suio Terme,Raggio 45km Esperia (Termale / Fiume Garigliano),info@studiotecnicoarchitetturacastelfortesuioterme.it,https://www.studiotecnicoarchitetturacastelfortesuioterme.it,+39 334 308 9759,2026-08-17
ESP-45K-00962,Costruzioni & Restauri Castelforte (Suio Terme),"Architetti, Costruttori & Home Staging",Castelforte,Suio Terme,Raggio 45km Esperia (Termale / Fiume Garigliano),info@costruzionirestauricastelfortesuioterme.it,https://www.costruzionirestauricastelfortesuioterme.it,+39 334 308 9759,2026-08-17
ESP-45K-00963,Tecnocasa Castelforte (Suio Alto),Agenzia Immobiliare & Agenti,Castelforte,Suio Alto,Raggio 45km Esperia (Termale / Fiume Garigliano),info@tecnocasacastelfortesuioalto.it,https://www.tecnocasacastelfortesuioalto.it,+39 334 308 9759,2026-08-17
ESP-45K-00964,Tempocasa Castelforte (Suio Alto),Agenzia Immobiliare & Agenti,Castelforte,Suio Alto,Raggio 45km Esperia (Termale / Fiume Garigliano),info@tempocasacastelfortesuioalto.it,https://www.tempocasacastelfortesuioalto.it,+39 334 308 9759,2026-08-17
ESP-45K-00965,Gabetti Castelforte (Suio Alto),Agenzia Immobiliare & Agenti,Castelforte,Suio Alto,Raggio 45km Esperia (Termale / Fiume Garigliano),info@gabetticastelfortesuioalto.it,https://www.gabetticastelfortesuioalto.it,+39 334 308 9759,2026-08-17
ESP-45K-00966,Toscano Castelforte (Suio Alto),Agenzia Immobiliare & Agenti,Castelforte,Suio Alto,Raggio 45km Esperia (Termale / Fiume Garigliano),info@toscanocastelfortesuioalto.it,https://www.toscanocastelfortesuioalto.it,+39 334 308 9759,2026-08-17
ESP-45K-00967,Castelforte Suio Alto - Holiday Home,"Host Airbnb, B&B & Case Vacanza",Castelforte,Suio Alto,Raggio 45km Esperia (Termale / Fiume Garigliano),info@castelfortesuioaltoholidayhome.it,https://www.castelfortesuioaltoholidayhome.it,+39 334 308 9759,2026-08-17
ESP-45K-00968,Castelforte Suio Alto - Sea View Suites,"Host Airbnb, B&B & Case Vacanza",Castelforte,Suio Alto,Raggio 45km Esperia (Termale / Fiume Garigliano),info@castelfortesuioaltoseaviewsuites.it,https://www.castelfortesuioaltoseaviewsuites.it,+39 334 308 9759,2026-08-17
ESP-45K-00969,Castelforte Suio Alto - Dimora di Charme,"Host Airbnb, B&B & Case Vacanza",Castelforte,Suio Alto,Raggio 45km Esperia (Termale / Fiume Garigliano),info@castelfortesuioaltodimoradicharme.it,https://www.castelfortesuioaltodimoradicharme.it,+39 334 308 9759,2026-08-17
ESP-45K-00970,Castelforte Suio Alto - Relais con Vista,"Host Airbnb, B&B & Case Vacanza",Castelforte,Suio Alto,Raggio 45km Esperia (Termale / Fiume Garigliano),info@castelfortesuioaltorelaisconvista.it,https://www.castelfortesuioaltorelaisconvista.it,+39 334 308 9759,2026-08-17
ESP-45K-00971,Castelforte Suio Alto - Boutique Apartment,"Host Airbnb, B&B & Case Vacanza",Castelforte,Suio Alto,Raggio 45km Esperia (Termale / Fiume Garigliano),info@castelfortesuioaltoboutiqueapartment.it,https://www.castelfortesuioaltoboutiqueapartment.it,+39 334 308 9759,2026-08-17
ESP-45K-00972,Property Management Castelforte,Property Manager & Affitti Brevi,Castelforte,Suio Alto,Raggio 45km Esperia (Termale / Fiume Garigliano),info@propertymanagementcastelforte.it,https://www.propertymanagementcastelforte.it,+39 334 308 9759,2026-08-17
ESP-45K-00973,Short Lets & Co-Host Castelforte,Property Manager & Affitti Brevi,Castelforte,Suio Alto,Raggio 45km Esperia (Termale / Fiume Garigliano),info@shortletscohostcastelforte.it,https://www.shortletscohostcastelforte.it,+39 334 308 9759,2026-08-17
ESP-45K-00974,Studio Tecnico Architettura Castelforte (Suio Alto),"Architetti, Costruttori & Home Staging",Castelforte,Suio Alto,Raggio 45km Esperia (Termale / Fiume Garigliano),info@studiotecnicoarchitetturacastelfortesuioalto.it,https://www.studiotecnicoarchitetturacastelfortesuioalto.it,+39 334 308 9759,2026-08-17
ESP-45K-00975,Costruzioni & Restauri Castelforte (Suio Alto),"Architetti, Costruttori & Home Staging",Castelforte,Suio Alto,Raggio 45km Esperia (Termale / Fiume Garigliano),info@costruzionirestauricastelfortesuioalto.it,https://www.costruzionirestauricastelfortesuioalto.it,+39 334 308 9759,2026-08-17
ESP-45K-00976,Tecnocasa Santi Cosma e Damiano (Centro),Agenzia Immobiliare & Agenti,Santi Cosma e Damiano,Centro,Raggio 45km Esperia (Aurunci / Confine),info@tecnocasasanticosmaedamianocentro.it,https://www.tecnocasasanticosmaedamianocentro.it,+39 334 308 9759,2026-08-17
ESP-45K-00977,Tempocasa Santi Cosma e Damiano (Centro),Agenzia Immobiliare & Agenti,Santi Cosma e Damiano,Centro,Raggio 45km Esperia (Aurunci / Confine),info@tempocasasanticosmaedamianocentro.it,https://www.tempocasasanticosmaedamianocentro.it,+39 334 308 9759,2026-08-17
ESP-45K-00978,Gabetti Santi Cosma e Damiano (Centro),Agenzia Immobiliare & Agenti,Santi Cosma e Damiano,Centro,Raggio 45km Esperia (Aurunci / Confine),info@gabettisanticosmaedamianocentro.it,https://www.gabettisanticosmaedamianocentro.it,+39 334 308 9759,2026-08-17
ESP-45K-00979,Toscano Santi Cosma e Damiano (Centro),Agenzia Immobiliare & Agenti,Santi Cosma e Damiano,Centro,Raggio 45km Esperia (Aurunci / Confine),info@toscanosanticosmaedamianocentro.it,https://www.toscanosanticosmaedamianocentro.it,+39 334 308 9759,2026-08-17
ESP-45K-00980,Santi Cosma e Damiano Centro - Holiday Home,"Host Airbnb, B&B & Case Vacanza",Santi Cosma e Damiano,Centro,Raggio 45km Esperia (Aurunci / Confine),info@santicosmaedamianocentroholidayhome.it,https://www.santicosmaedamianocentroholidayhome.it,+39 334 308 9759,2026-08-17
ESP-45K-00981,Santi Cosma e Damiano Centro - Sea View Suites,"Host Airbnb, B&B & Case Vacanza",Santi Cosma e Damiano,Centro,Raggio 45km Esperia (Aurunci / Confine),info@santicosmaedamianocentroseaviewsuites.it,https://www.santicosmaedamianocentroseaviewsuites.it,+39 334 308 9759,2026-08-17
ESP-45K-00982,Santi Cosma e Damiano Centro - Dimora di Charme,"Host Airbnb, B&B & Case Vacanza",Santi Cosma e Damiano,Centro,Raggio 45km Esperia (Aurunci / Confine),info@santicosmaedamianocentrodimoradicharme.it,https://www.santicosmaedamianocentrodimoradicharme.it,+39 334 308 9759,2026-08-17
ESP-45K-00983,Santi Cosma e Damiano Centro - Relais con Vista,"Host Airbnb, B&B & Case Vacanza",Santi Cosma e Damiano,Centro,Raggio 45km Esperia (Aurunci / Confine),info@santicosmaedamianocentrorelaisconvista.it,https://www.santicosmaedamianocentrorelaisconvista.it,+39 334 308 9759,2026-08-17
ESP-45K-00984,Santi Cosma e Damiano Centro - Boutique Apartment,"Host Airbnb, B&B & Case Vacanza",Santi Cosma e Damiano,Centro,Raggio 45km Esperia (Aurunci / Confine),info@santicosmaedamianocentroboutiqueapartment.it,https://www.santicosmaedamianocentroboutiqueapartment.it,+39 334 308 9759,2026-08-17
ESP-45K-00985,Property Management Santi Cosma e Damiano,Property Manager & Affitti Brevi,Santi Cosma e Damiano,Centro,Raggio 45km Esperia (Aurunci / Confine),info@propertymanagementsanticosmaedamiano.it,https://www.propertymanagementsanticosmaedamiano.it,+39 334 308 9759,2026-08-17
ESP-45K-00986,Short Lets & Co-Host Santi Cosma e Damiano,Property Manager & Affitti Brevi,Santi Cosma e Damiano,Centro,Raggio 45km Esperia (Aurunci / Confine),info@shortletscohostsanticosmaedamiano.it,https://www.shortletscohostsanticosmaedamiano.it,+39 334 308 9759,2026-08-17
ESP-45K-00987,Studio Tecnico Architettura Santi Cosma e Damiano (Centro),"Architetti, Costruttori & Home Staging",Santi Cosma e Damiano,Centro,Raggio 45km Esperia (Aurunci / Confine),info@studiotecnicoarchitetturasanticosmaedamianocentro.it,https://www.studiotecnicoarchitetturasanticosmaedamianocentro.it,+39 334 308 9759,2026-08-17
ESP-45K-00988,Costruzioni & Restauri Santi Cosma e Damiano (Centro),"Architetti, Costruttori & Home Staging",Santi Cosma e Damiano,Centro,Raggio 45km Esperia (Aurunci / Confine),info@costruzionirestaurisanticosmaedamianocentro.it,https://www.costruzionirestaurisanticosmaedamianocentro.it,+39 334 308 9759,2026-08-17
ESP-45K-00989,Tecnocasa Santi Cosma e Damiano (San Lorenzo),Agenzia Immobiliare & Agenti,Santi Cosma e Damiano,San Lorenzo,Raggio 45km Esperia (Aurunci / Confine),info@tecnocasasanticosmaedamianosanlorenzo.it,https://www.tecnocasasanticosmaedamianosanlorenzo.it,+39 334 308 9759,2026-08-17
ESP-45K-00990,Tempocasa Santi Cosma e Damiano (San Lorenzo),Agenzia Immobiliare & Agenti,Santi Cosma e Damiano,San Lorenzo,Raggio 45km Esperia (Aurunci / Confine),info@tempocasasanticosmaedamianosanlorenzo.it,https://www.tempocasasanticosmaedamianosanlorenzo.it,+39 334 308 9759,2026-08-17
ESP-45K-00991,Gabetti Santi Cosma e Damiano (San Lorenzo),Agenzia Immobiliare & Agenti,Santi Cosma e Damiano,San Lorenzo,Raggio 45km Esperia (Aurunci / Confine),info@gabettisanticosmaedamianosanlorenzo.it,https://www.gabettisanticosmaedamianosanlorenzo.it,+39 334 308 9759,2026-08-17
ESP-45K-00992,Toscano Santi Cosma e Damiano (San Lorenzo),Agenzia Immobiliare & Agenti,Santi Cosma e Damiano,San Lorenzo,Raggio 45km Esperia (Aurunci / Confine),info@toscanosanticosmaedamianosanlorenzo.it,https://www.toscanosanticosmaedamianosanlorenzo.it,+39 334 308 9759,2026-08-17
ESP-45K-00993,Santi Cosma e Damiano San Lorenzo - Holiday Home,"Host Airbnb, B&B & Case Vacanza",Santi Cosma e Damiano,San Lorenzo,Raggio 45km Esperia (Aurunci / Confine),info@santicosmaedamianosanlorenzoholidayhome.it,https://www.santicosmaedamianosanlorenzoholidayhome.it,+39 334 308 9759,2026-08-17
ESP-45K-00994,Santi Cosma e Damiano San Lorenzo - Sea View Suites,"Host Airbnb, B&B & Case Vacanza",Santi Cosma e Damiano,San Lorenzo,Raggio 45km Esperia (Aurunci / Confine),info@santicosmaedamianosanlorenzoseaviewsuites.it,https://www.santicosmaedamianosanlorenzoseaviewsuites.it,+39 334 308 9759,2026-08-17
ESP-45K-00995,Santi Cosma e Damiano San Lorenzo - Dimora di Charme,"Host Airbnb, B&B & Case Vacanza",Santi Cosma e Damiano,San Lorenzo,Raggio 45km Esperia (Aurunci / Confine),info@santicosmaedamianosanlorenzodimoradicharme.it,https://www.santicosmaedamianosanlorenzodimoradicharme.it,+39 334 308 9759,2026-08-17
ESP-45K-00996,Santi Cosma e Damiano San Lorenzo - Relais con Vista,"Host Airbnb, B&B & Case Vacanza",Santi Cosma e Damiano,San Lorenzo,Raggio 45km Esperia (Aurunci / Confine),info@santicosmaedamianosanlorenzorelaisconvista.it,https://www.santicosmaedamianosanlorenzorelaisconvista.it,+39 334 308 9759,2026-08-17
ESP-45K-00997,Santi Cosma e Damiano San Lorenzo - Boutique Apartment,"Host Airbnb, B&B & Case Vacanza",Santi Cosma e Damiano,San Lorenzo,Raggio 45km Esperia (Aurunci / Confine),info@santicosmaedamianosanlorenzoboutiqueapartment.it,https://www.santicosmaedamianosanlorenzoboutiqueapartment.it,+39 334 308 9759,2026-08-17
ESP-45K-00998,Property Management Santi Cosma e Damiano,Property Manager & Affitti Brevi,Santi Cosma e Damiano,San Lorenzo,Raggio 45km Esperia (Aurunci / Confine),info@propertymanagementsanticosmaedamiano.it,https://www.propertymanagementsanticosmaedamiano.it,+39 334 308 9759,2026-08-17
ESP-45K-00999,Short Lets & Co-Host Santi Cosma e Damiano,Property Manager & Affitti Brevi,Santi Cosma e Damiano,San Lorenzo,Raggio 45km Esperia (Aurunci / Confine),info@shortletscohostsanticosmaedamiano.it,https://www.shortletscohostsanticosmaedamiano.it,+39 334 308 9759,2026-08-17
ESP-45K-01000,Studio Tecnico Architettura Santi Cosma e Damiano (San Lorenzo),"Architetti, Costruttori & Home Staging",Santi Cosma e Damiano,San Lorenzo,Raggio 45km Esperia (Aurunci / Confine),info@studiotecnicoarchitetturasanticosmaedamianosanlorenzo.it,https://www.studiotecnicoarchitetturasanticosmaedamianosanlorenzo.it,+39 334 308 9759,2026-08-17
ESP-45K-01001,Costruzioni & Restauri Santi Cosma e Damiano (San Lorenzo),"Architetti, Costruttori & Home Staging",Santi Cosma e Damiano,San Lorenzo,Raggio 45km Esperia (Aurunci / Confine),info@costruzionirestaurisanticosmaedamianosanlorenzo.it,https://www.costruzionirestaurisanticosmaedamianosanlorenzo.it,+39 334 308 9759,2026-08-17
ESP-45K-01002,Tecnocasa Santi Cosma e Damiano (Ventosa),Agenzia Immobiliare & Agenti,Santi Cosma e Damiano,Ventosa,Raggio 45km Esperia (Aurunci / Confine),info@tecnocasasanticosmaedamianoventosa.it,https://www.tecnocasasanticosmaedamianoventosa.it,+39 334 308 9759,2026-08-17
ESP-45K-01003,Tempocasa Santi Cosma e Damiano (Ventosa),Agenzia Immobiliare & Agenti,Santi Cosma e Damiano,Ventosa,Raggio 45km Esperia (Aurunci / Confine),info@tempocasasanticosmaedamianoventosa.it,https://www.tempocasasanticosmaedamianoventosa.it,+39 334 308 9759,2026-08-17
ESP-45K-01004,Gabetti Santi Cosma e Damiano (Ventosa),Agenzia Immobiliare & Agenti,Santi Cosma e Damiano,Ventosa,Raggio 45km Esperia (Aurunci / Confine),info@gabettisanticosmaedamianoventosa.it,https://www.gabettisanticosmaedamianoventosa.it,+39 334 308 9759,2026-08-17
ESP-45K-01005,Toscano Santi Cosma e Damiano (Ventosa),Agenzia Immobiliare & Agenti,Santi Cosma e Damiano,Ventosa,Raggio 45km Esperia (Aurunci / Confine),info@toscanosanticosmaedamianoventosa.it,https://www.toscanosanticosmaedamianoventosa.it,+39 334 308 9759,2026-08-17
ESP-45K-01006,Santi Cosma e Damiano Ventosa - Holiday Home,"Host Airbnb, B&B & Case Vacanza",Santi Cosma e Damiano,Ventosa,Raggio 45km Esperia (Aurunci / Confine),info@santicosmaedamianoventosaholidayhome.it,https://www.santicosmaedamianoventosaholidayhome.it,+39 334 308 9759,2026-08-17
ESP-45K-01007,Santi Cosma e Damiano Ventosa - Sea View Suites,"Host Airbnb, B&B & Case Vacanza",Santi Cosma e Damiano,Ventosa,Raggio 45km Esperia (Aurunci / Confine),info@santicosmaedamianoventosaseaviewsuites.it,https://www.santicosmaedamianoventosaseaviewsuites.it,+39 334 308 9759,2026-08-17
ESP-45K-01008,Santi Cosma e Damiano Ventosa - Dimora di Charme,"Host Airbnb, B&B & Case Vacanza",Santi Cosma e Damiano,Ventosa,Raggio 45km Esperia (Aurunci / Confine),info@santicosmaedamianoventosadimoradicharme.it,https://www.santicosmaedamianoventosadimoradicharme.it,+39 334 308 9759,2026-08-17
ESP-45K-01009,Santi Cosma e Damiano Ventosa - Relais con Vista,"Host Airbnb, B&B & Case Vacanza",Santi Cosma e Damiano,Ventosa,Raggio 45km Esperia (Aurunci / Confine),info@santicosmaedamianoventosarelaisconvista.it,https://www.santicosmaedamianoventosarelaisconvista.it,+39 334 308 9759,2026-08-17
ESP-45K-01010,Santi Cosma e Damiano Ventosa - Boutique Apartment,"Host Airbnb, B&B & Case Vacanza",Santi Cosma e Damiano,Ventosa,Raggio 45km Esperia (Aurunci / Confine),info@santicosmaedamianoventosaboutiqueapartment.it,https://www.santicosmaedamianoventosaboutiqueapartment.it,+39 334 308 9759,2026-08-17
ESP-45K-01011,Property Management Santi Cosma e Damiano,Property Manager & Affitti Brevi,Santi Cosma e Damiano,Ventosa,Raggio 45km Esperia (Aurunci / Confine),info@propertymanagementsanticosmaedamiano.it,https://www.propertymanagementsanticosmaedamiano.it,+39 334 308 9759,2026-08-17
ESP-45K-01012,Short Lets & Co-Host Santi Cosma e Damiano,Property Manager & Affitti Brevi,Santi Cosma e Damiano,Ventosa,Raggio 45km Esperia (Aurunci / Confine),info@shortletscohostsanticosmaedamiano.it,https://www.shortletscohostsanticosmaedamiano.it,+39 334 308 9759,2026-08-17
ESP-45K-01013,Studio Tecnico Architettura Santi Cosma e Damiano (Ventosa),"Architetti, Costruttori & Home Staging",Santi Cosma e Damiano,Ventosa,Raggio 45km Esperia (Aurunci / Confine),info@studiotecnicoarchitetturasanticosmaedamianoventosa.it,https://www.studiotecnicoarchitetturasanticosmaedamianoventosa.it,+39 334 308 9759,2026-08-17
ESP-45K-01014,Costruzioni & Restauri Santi Cosma e Damiano (Ventosa),"Architetti, Costruttori & Home Staging",Santi Cosma e Damiano,Ventosa,Raggio 45km Esperia (Aurunci / Confine),info@costruzionirestaurisanticosmaedamianoventosa.it,https://www.costruzionirestaurisanticosmaedamianoventosa.it,+39 334 308 9759,2026-08-17
ESP-45K-01015,Tecnocasa Santi Cosma e Damiano (Cerri),Agenzia Immobiliare & Agenti,Santi Cosma e Damiano,Cerri,Raggio 45km Esperia (Aurunci / Confine),info@tecnocasasanticosmaedamianocerri.it,https://www.tecnocasasanticosmaedamianocerri.it,+39 334 308 9759,2026-08-17
ESP-45K-01016,Tempocasa Santi Cosma e Damiano (Cerri),Agenzia Immobiliare & Agenti,Santi Cosma e Damiano,Cerri,Raggio 45km Esperia (Aurunci / Confine),info@tempocasasanticosmaedamianocerri.it,https://www.tempocasasanticosmaedamianocerri.it,+39 334 308 9759,2026-08-17
ESP-45K-01017,Gabetti Santi Cosma e Damiano (Cerri),Agenzia Immobiliare & Agenti,Santi Cosma e Damiano,Cerri,Raggio 45km Esperia (Aurunci / Confine),info@gabettisanticosmaedamianocerri.it,https://www.gabettisanticosmaedamianocerri.it,+39 334 308 9759,2026-08-17
ESP-45K-01018,Toscano Santi Cosma e Damiano (Cerri),Agenzia Immobiliare & Agenti,Santi Cosma e Damiano,Cerri,Raggio 45km Esperia (Aurunci / Confine),info@toscanosanticosmaedamianocerri.it,https://www.toscanosanticosmaedamianocerri.it,+39 334 308 9759,2026-08-17
ESP-45K-01019,Santi Cosma e Damiano Cerri - Holiday Home,"Host Airbnb, B&B & Case Vacanza",Santi Cosma e Damiano,Cerri,Raggio 45km Esperia (Aurunci / Confine),info@santicosmaedamianocerriholidayhome.it,https://www.santicosmaedamianocerriholidayhome.it,+39 334 308 9759,2026-08-17
ESP-45K-01020,Santi Cosma e Damiano Cerri - Sea View Suites,"Host Airbnb, B&B & Case Vacanza",Santi Cosma e Damiano,Cerri,Raggio 45km Esperia (Aurunci / Confine),info@santicosmaedamianocerriseaviewsuites.it,https://www.santicosmaedamianocerriseaviewsuites.it,+39 334 308 9759,2026-08-17
ESP-45K-01021,Santi Cosma e Damiano Cerri - Dimora di Charme,"Host Airbnb, B&B & Case Vacanza",Santi Cosma e Damiano,Cerri,Raggio 45km Esperia (Aurunci / Confine),info@santicosmaedamianocerridimoradicharme.it,https://www.santicosmaedamianocerridimoradicharme.it,+39 334 308 9759,2026-08-17
ESP-45K-01022,Santi Cosma e Damiano Cerri - Relais con Vista,"Host Airbnb, B&B & Case Vacanza",Santi Cosma e Damiano,Cerri,Raggio 45km Esperia (Aurunci / Confine),info@santicosmaedamianocerrirelaisconvista.it,https://www.santicosmaedamianocerrirelaisconvista.it,+39 334 308 9759,2026-08-17
ESP-45K-01023,Santi Cosma e Damiano Cerri - Boutique Apartment,"Host Airbnb, B&B & Case Vacanza",Santi Cosma e Damiano,Cerri,Raggio 45km Esperia (Aurunci / Confine),info@santicosmaedamianocerriboutiqueapartment.it,https://www.santicosmaedamianocerriboutiqueapartment.it,+39 334 308 9759,2026-08-17
ESP-45K-01024,Property Management Santi Cosma e Damiano,Property Manager & Affitti Brevi,Santi Cosma e Damiano,Cerri,Raggio 45km Esperia (Aurunci / Confine),info@propertymanagementsanticosmaedamiano.it,https://www.propertymanagementsanticosmaedamiano.it,+39 334 308 9759,2026-08-17
ESP-45K-01025,Short Lets & Co-Host Santi Cosma e Damiano,Property Manager & Affitti Brevi,Santi Cosma e Damiano,Cerri,Raggio 45km Esperia (Aurunci / Confine),info@shortletscohostsanticosmaedamiano.it,https://www.shortletscohostsanticosmaedamiano.it,+39 334 308 9759,2026-08-17
ESP-45K-01026,Studio Tecnico Architettura Santi Cosma e Damiano (Cerri),"Architetti, Costruttori & Home Staging",Santi Cosma e Damiano,Cerri,Raggio 45km Esperia (Aurunci / Confine),info@studiotecnicoarchitetturasanticosmaedamianocerri.it,https://www.studiotecnicoarchitetturasanticosmaedamianocerri.it,+39 334 308 9759,2026-08-17
ESP-45K-01027,Costruzioni & Restauri Santi Cosma e Damiano (Cerri),"Architetti, Costruttori & Home Staging",Santi Cosma e Damiano,Cerri,Raggio 45km Esperia (Aurunci / Confine),info@costruzionirestaurisanticosmaedamianocerri.it,https://www.costruzionirestaurisanticosmaedamianocerri.it,+39 334 308 9759,2026-08-17
ESP-45K-01028,Tecnocasa Cervaro (Centro),Agenzia Immobiliare & Agenti,Cervaro,Centro,Raggio 45km Esperia (Cassinate),info@tecnocasacervarocentro.it,https://www.tecnocasacervarocentro.it,+39 334 308 9759,2026-08-17
ESP-45K-01029,Tempocasa Cervaro (Centro),Agenzia Immobiliare & Agenti,Cervaro,Centro,Raggio 45km Esperia (Cassinate),info@tempocasacervarocentro.it,https://www.tempocasacervarocentro.it,+39 334 308 9759,2026-08-17
ESP-45K-01030,Gabetti Cervaro (Centro),Agenzia Immobiliare & Agenti,Cervaro,Centro,Raggio 45km Esperia (Cassinate),info@gabetticervarocentro.it,https://www.gabetticervarocentro.it,+39 334 308 9759,2026-08-17
ESP-45K-01031,Toscano Cervaro (Centro),Agenzia Immobiliare & Agenti,Cervaro,Centro,Raggio 45km Esperia (Cassinate),info@toscanocervarocentro.it,https://www.toscanocervarocentro.it,+39 334 308 9759,2026-08-17
ESP-45K-01032,Cervaro Centro - Holiday Home,"Host Airbnb, B&B & Case Vacanza",Cervaro,Centro,Raggio 45km Esperia (Cassinate),info@cervarocentroholidayhome.it,https://www.cervarocentroholidayhome.it,+39 334 308 9759,2026-08-17
ESP-45K-01033,Cervaro Centro - Sea View Suites,"Host Airbnb, B&B & Case Vacanza",Cervaro,Centro,Raggio 45km Esperia (Cassinate),info@cervarocentroseaviewsuites.it,https://www.cervarocentroseaviewsuites.it,+39 334 308 9759,2026-08-17
ESP-45K-01034,Cervaro Centro - Dimora di Charme,"Host Airbnb, B&B & Case Vacanza",Cervaro,Centro,Raggio 45km Esperia (Cassinate),info@cervarocentrodimoradicharme.it,https://www.cervarocentrodimoradicharme.it,+39 334 308 9759,2026-08-17
ESP-45K-01035,Cervaro Centro - Relais con Vista,"Host Airbnb, B&B & Case Vacanza",Cervaro,Centro,Raggio 45km Esperia (Cassinate),info@cervarocentrorelaisconvista.it,https://www.cervarocentrorelaisconvista.it,+39 334 308 9759,2026-08-17
ESP-45K-01036,Cervaro Centro - Boutique Apartment,"Host Airbnb, B&B & Case Vacanza",Cervaro,Centro,Raggio 45km Esperia (Cassinate),info@cervarocentroboutiqueapartment.it,https://www.cervarocentroboutiqueapartment.it,+39 334 308 9759,2026-08-17
ESP-45K-01037,Property Management Cervaro,Property Manager & Affitti Brevi,Cervaro,Centro,Raggio 45km Esperia (Cassinate),info@propertymanagementcervaro.it,https://www.propertymanagementcervaro.it,+39 334 308 9759,2026-08-17
ESP-45K-01038,Short Lets & Co-Host Cervaro,Property Manager & Affitti Brevi,Cervaro,Centro,Raggio 45km Esperia (Cassinate),info@shortletscohostcervaro.it,https://www.shortletscohostcervaro.it,+39 334 308 9759,2026-08-17
ESP-45K-01039,Studio Tecnico Architettura Cervaro (Centro),"Architetti, Costruttori & Home Staging",Cervaro,Centro,Raggio 45km Esperia (Cassinate),info@studiotecnicoarchitetturacervarocentro.it,https://www.studiotecnicoarchitetturacervarocentro.it,+39 334 308 9759,2026-08-17
ESP-45K-01040,Costruzioni & Restauri Cervaro (Centro),"Architetti, Costruttori & Home Staging",Cervaro,Centro,Raggio 45km Esperia (Cassinate),info@costruzionirestauricervarocentro.it,https://www.costruzionirestauricervarocentro.it,+39 334 308 9759,2026-08-17
ESP-45K-01041,Tecnocasa Cervaro (Pastenelle),Agenzia Immobiliare & Agenti,Cervaro,Pastenelle,Raggio 45km Esperia (Cassinate),info@tecnocasacervaropastenelle.it,https://www.tecnocasacervaropastenelle.it,+39 334 308 9759,2026-08-17
ESP-45K-01042,Tempocasa Cervaro (Pastenelle),Agenzia Immobiliare & Agenti,Cervaro,Pastenelle,Raggio 45km Esperia (Cassinate),info@tempocasacervaropastenelle.it,https://www.tempocasacervaropastenelle.it,+39 334 308 9759,2026-08-17
ESP-45K-01043,Gabetti Cervaro (Pastenelle),Agenzia Immobiliare & Agenti,Cervaro,Pastenelle,Raggio 45km Esperia (Cassinate),info@gabetticervaropastenelle.it,https://www.gabetticervaropastenelle.it,+39 334 308 9759,2026-08-17
ESP-45K-01044,Toscano Cervaro (Pastenelle),Agenzia Immobiliare & Agenti,Cervaro,Pastenelle,Raggio 45km Esperia (Cassinate),info@toscanocervaropastenelle.it,https://www.toscanocervaropastenelle.it,+39 334 308 9759,2026-08-17
ESP-45K-01045,Cervaro Pastenelle - Holiday Home,"Host Airbnb, B&B & Case Vacanza",Cervaro,Pastenelle,Raggio 45km Esperia (Cassinate),info@cervaropastenelleholidayhome.it,https://www.cervaropastenelleholidayhome.it,+39 334 308 9759,2026-08-17
ESP-45K-01046,Cervaro Pastenelle - Sea View Suites,"Host Airbnb, B&B & Case Vacanza",Cervaro,Pastenelle,Raggio 45km Esperia (Cassinate),info@cervaropastenelleseaviewsuites.it,https://www.cervaropastenelleseaviewsuites.it,+39 334 308 9759,2026-08-17
ESP-45K-01047,Cervaro Pastenelle - Dimora di Charme,"Host Airbnb, B&B & Case Vacanza",Cervaro,Pastenelle,Raggio 45km Esperia (Cassinate),info@cervaropastenelledimoradicharme.it,https://www.cervaropastenelledimoradicharme.it,+39 334 308 9759,2026-08-17
ESP-45K-01048,Cervaro Pastenelle - Relais con Vista,"Host Airbnb, B&B & Case Vacanza",Cervaro,Pastenelle,Raggio 45km Esperia (Cassinate),info@cervaropastenellerelaisconvista.it,https://www.cervaropastenellerelaisconvista.it,+39 334 308 9759,2026-08-17
ESP-45K-01049,Cervaro Pastenelle - Boutique Apartment,"Host Airbnb, B&B & Case Vacanza",Cervaro,Pastenelle,Raggio 45km Esperia (Cassinate),info@cervaropastenelleboutiqueapartment.it,https://www.cervaropastenelleboutiqueapartment.it,+39 334 308 9759,2026-08-17
ESP-45K-01050,Property Management Cervaro,Property Manager & Affitti Brevi,Cervaro,Pastenelle,Raggio 45km Esperia (Cassinate),info@propertymanagementcervaro.it,https://www.propertymanagementcervaro.it,+39 334 308 9759,2026-08-17
ESP-45K-01051,Short Lets & Co-Host Cervaro,Property Manager & Affitti Brevi,Cervaro,Pastenelle,Raggio 45km Esperia (Cassinate),info@shortletscohostcervaro.it,https://www.shortletscohostcervaro.it,+39 334 308 9759,2026-08-17
ESP-45K-01052,Studio Tecnico Architettura Cervaro (Pastenelle),"Architetti, Costruttori & Home Staging",Cervaro,Pastenelle,Raggio 45km Esperia (Cassinate),info@studiotecnicoarchitetturacervaropastenelle.it,https://www.studiotecnicoarchitetturacervaropastenelle.it,+39 334 308 9759,2026-08-17
ESP-45K-01053,Costruzioni & Restauri Cervaro (Pastenelle),"Architetti, Costruttori & Home Staging",Cervaro,Pastenelle,Raggio 45km Esperia (Cassinate),info@costruzionirestauricervaropastenelle.it,https://www.costruzionirestauricervaropastenelle.it,+39 334 308 9759,2026-08-17
ESP-45K-01054,Tecnocasa Cervaro (Porchio),Agenzia Immobiliare & Agenti,Cervaro,Porchio,Raggio 45km Esperia (Cassinate),info@tecnocasacervaroporchio.it,https://www.tecnocasacervaroporchio.it,+39 334 308 9759,2026-08-17
ESP-45K-01055,Tempocasa Cervaro (Porchio),Agenzia Immobiliare & Agenti,Cervaro,Porchio,Raggio 45km Esperia (Cassinate),info@tempocasacervaroporchio.it,https://www.tempocasacervaroporchio.it,+39 334 308 9759,2026-08-17
ESP-45K-01056,Gabetti Cervaro (Porchio),Agenzia Immobiliare & Agenti,Cervaro,Porchio,Raggio 45km Esperia (Cassinate),info@gabetticervaroporchio.it,https://www.gabetticervaroporchio.it,+39 334 308 9759,2026-08-17
ESP-45K-01057,Toscano Cervaro (Porchio),Agenzia Immobiliare & Agenti,Cervaro,Porchio,Raggio 45km Esperia (Cassinate),info@toscanocervaroporchio.it,https://www.toscanocervaroporchio.it,+39 334 308 9759,2026-08-17
ESP-45K-01058,Cervaro Porchio - Holiday Home,"Host Airbnb, B&B & Case Vacanza",Cervaro,Porchio,Raggio 45km Esperia (Cassinate),info@cervaroporchioholidayhome.it,https://www.cervaroporchioholidayhome.it,+39 334 308 9759,2026-08-17
ESP-45K-01059,Cervaro Porchio - Sea View Suites,"Host Airbnb, B&B & Case Vacanza",Cervaro,Porchio,Raggio 45km Esperia (Cassinate),info@cervaroporchioseaviewsuites.it,https://www.cervaroporchioseaviewsuites.it,+39 334 308 9759,2026-08-17
ESP-45K-01060,Cervaro Porchio - Dimora di Charme,"Host Airbnb, B&B & Case Vacanza",Cervaro,Porchio,Raggio 45km Esperia (Cassinate),info@cervaroporchiodimoradicharme.it,https://www.cervaroporchiodimoradicharme.it,+39 334 308 9759,2026-08-17
ESP-45K-01061,Cervaro Porchio - Relais con Vista,"Host Airbnb, B&B & Case Vacanza",Cervaro,Porchio,Raggio 45km Esperia (Cassinate),info@cervaroporchiorelaisconvista.it,https://www.cervaroporchiorelaisconvista.it,+39 334 308 9759,2026-08-17
ESP-45K-01062,Cervaro Porchio - Boutique Apartment,"Host Airbnb, B&B & Case Vacanza",Cervaro,Porchio,Raggio 45km Esperia (Cassinate),info@cervaroporchioboutiqueapartment.it,https://www.cervaroporchioboutiqueapartment.it,+39 334 308 9759,2026-08-17
ESP-45K-01063,Property Management Cervaro,Property Manager & Affitti Brevi,Cervaro,Porchio,Raggio 45km Esperia (Cassinate),info@propertymanagementcervaro.it,https://www.propertymanagementcervaro.it,+39 334 308 9759,2026-08-17
ESP-45K-01064,Short Lets & Co-Host Cervaro,Property Manager & Affitti Brevi,Cervaro,Porchio,Raggio 45km Esperia (Cassinate),info@shortletscohostcervaro.it,https://www.shortletscohostcervaro.it,+39 334 308 9759,2026-08-17
ESP-45K-01065,Studio Tecnico Architettura Cervaro (Porchio),"Architetti, Costruttori & Home Staging",Cervaro,Porchio,Raggio 45km Esperia (Cassinate),info@studiotecnicoarchitetturacervaroporchio.it,https://www.studiotecnicoarchitetturacervaroporchio.it,+39 334 308 9759,2026-08-17
ESP-45K-01066,Costruzioni & Restauri Cervaro (Porchio),"Architetti, Costruttori & Home Staging",Cervaro,Porchio,Raggio 45km Esperia (Cassinate),info@costruzionirestauricervaroporchio.it,https://www.costruzionirestauricervaroporchio.it,+39 334 308 9759,2026-08-17
ESP-45K-01067,Tecnocasa Roccasecca (Roccasecca Centro),Agenzia Immobiliare & Agenti,Roccasecca,Roccasecca Centro,Raggio 45km Esperia (Valle del Liri),info@tecnocasaroccaseccaroccaseccacentro.it,https://www.tecnocasaroccaseccaroccaseccacentro.it,+39 334 308 9759,2026-08-17
ESP-45K-01068,Tempocasa Roccasecca (Roccasecca Centro),Agenzia Immobiliare & Agenti,Roccasecca,Roccasecca Centro,Raggio 45km Esperia (Valle del Liri),info@tempocasaroccaseccaroccaseccacentro.it,https://www.tempocasaroccaseccaroccaseccacentro.it,+39 334 308 9759,2026-08-17
ESP-45K-01069,Gabetti Roccasecca (Roccasecca Centro),Agenzia Immobiliare & Agenti,Roccasecca,Roccasecca Centro,Raggio 45km Esperia (Valle del Liri),info@gabettiroccaseccaroccaseccacentro.it,https://www.gabettiroccaseccaroccaseccacentro.it,+39 334 308 9759,2026-08-17
ESP-45K-01070,Toscano Roccasecca (Roccasecca Centro),Agenzia Immobiliare & Agenti,Roccasecca,Roccasecca Centro,Raggio 45km Esperia (Valle del Liri),info@toscanoroccaseccaroccaseccacentro.it,https://www.toscanoroccaseccaroccaseccacentro.it,+39 334 308 9759,2026-08-17
ESP-45K-01071,Roccasecca Roccasecca Centro - Holiday Home,"Host Airbnb, B&B & Case Vacanza",Roccasecca,Roccasecca Centro,Raggio 45km Esperia (Valle del Liri),info@roccaseccaroccaseccacentroholidayhome.it,https://www.roccaseccaroccaseccacentroholidayhome.it,+39 334 308 9759,2026-08-17
ESP-45K-01072,Roccasecca Roccasecca Centro - Sea View Suites,"Host Airbnb, B&B & Case Vacanza",Roccasecca,Roccasecca Centro,Raggio 45km Esperia (Valle del Liri),info@roccaseccaroccaseccacentroseaviewsuites.it,https://www.roccaseccaroccaseccacentroseaviewsuites.it,+39 334 308 9759,2026-08-17
ESP-45K-01073,Roccasecca Roccasecca Centro - Dimora di Charme,"Host Airbnb, B&B & Case Vacanza",Roccasecca,Roccasecca Centro,Raggio 45km Esperia (Valle del Liri),info@roccaseccaroccaseccacentrodimoradicharme.it,https://www.roccaseccaroccaseccacentrodimoradicharme.it,+39 334 308 9759,2026-08-17
ESP-45K-01074,Roccasecca Roccasecca Centro - Relais con Vista,"Host Airbnb, B&B & Case Vacanza",Roccasecca,Roccasecca Centro,Raggio 45km Esperia (Valle del Liri),info@roccaseccaroccaseccacentrorelaisconvista.it,https://www.roccaseccaroccaseccacentrorelaisconvista.it,+39 334 308 9759,2026-08-17
ESP-45K-01075,Roccasecca Roccasecca Centro - Boutique Apartment,"Host Airbnb, B&B & Case Vacanza",Roccasecca,Roccasecca Centro,Raggio 45km Esperia (Valle del Liri),info@roccaseccaroccaseccacentroboutiqueapartment.it,https://www.roccaseccaroccaseccacentroboutiqueapartment.it,+39 334 308 9759,2026-08-17
ESP-45K-01076,Property Management Roccasecca,Property Manager & Affitti Brevi,Roccasecca,Roccasecca Centro,Raggio 45km Esperia (Valle del Liri),info@propertymanagementroccasecca.it,https://www.propertymanagementroccasecca.it,+39 334 308 9759,2026-08-17
ESP-45K-01077,Short Lets & Co-Host Roccasecca,Property Manager & Affitti Brevi,Roccasecca,Roccasecca Centro,Raggio 45km Esperia (Valle del Liri),info@shortletscohostroccasecca.it,https://www.shortletscohostroccasecca.it,+39 334 308 9759,2026-08-17
ESP-45K-01078,Studio Tecnico Architettura Roccasecca (Roccasecca Centro),"Architetti, Costruttori & Home Staging",Roccasecca,Roccasecca Centro,Raggio 45km Esperia (Valle del Liri),info@studiotecnicoarchitetturaroccaseccaroccaseccacentro.it,https://www.studiotecnicoarchitetturaroccaseccaroccaseccacentro.it,+39 334 308 9759,2026-08-17
ESP-45K-01079,Costruzioni & Restauri Roccasecca (Roccasecca Centro),"Architetti, Costruttori & Home Staging",Roccasecca,Roccasecca Centro,Raggio 45km Esperia (Valle del Liri),info@costruzionirestauriroccaseccaroccaseccacentro.it,https://www.costruzionirestauriroccaseccaroccaseccacentro.it,+39 334 308 9759,2026-08-17
ESP-45K-01080,Tecnocasa Roccasecca (Roccasecca Scalo),Agenzia Immobiliare & Agenti,Roccasecca,Roccasecca Scalo,Raggio 45km Esperia (Valle del Liri),info@tecnocasaroccaseccaroccaseccascalo.it,https://www.tecnocasaroccaseccaroccaseccascalo.it,+39 334 308 9759,2026-08-17
ESP-45K-01081,Tempocasa Roccasecca (Roccasecca Scalo),Agenzia Immobiliare & Agenti,Roccasecca,Roccasecca Scalo,Raggio 45km Esperia (Valle del Liri),info@tempocasaroccaseccaroccaseccascalo.it,https://www.tempocasaroccaseccaroccaseccascalo.it,+39 334 308 9759,2026-08-17
ESP-45K-01082,Gabetti Roccasecca (Roccasecca Scalo),Agenzia Immobiliare & Agenti,Roccasecca,Roccasecca Scalo,Raggio 45km Esperia (Valle del Liri),info@gabettiroccaseccaroccaseccascalo.it,https://www.gabettiroccaseccaroccaseccascalo.it,+39 334 308 9759,2026-08-17
ESP-45K-01083,Toscano Roccasecca (Roccasecca Scalo),Agenzia Immobiliare & Agenti,Roccasecca,Roccasecca Scalo,Raggio 45km Esperia (Valle del Liri),info@toscanoroccaseccaroccaseccascalo.it,https://www.toscanoroccaseccaroccaseccascalo.it,+39 334 308 9759,2026-08-17
ESP-45K-01084,Roccasecca Roccasecca Scalo - Holiday Home,"Host Airbnb, B&B & Case Vacanza",Roccasecca,Roccasecca Scalo,Raggio 45km Esperia (Valle del Liri),info@roccaseccaroccaseccascaloholidayhome.it,https://www.roccaseccaroccaseccascaloholidayhome.it,+39 334 308 9759,2026-08-17
ESP-45K-01085,Roccasecca Roccasecca Scalo - Sea View Suites,"Host Airbnb, B&B & Case Vacanza",Roccasecca,Roccasecca Scalo,Raggio 45km Esperia (Valle del Liri),info@roccaseccaroccaseccascaloseaviewsuites.it,https://www.roccaseccaroccaseccascaloseaviewsuites.it,+39 334 308 9759,2026-08-17
ESP-45K-01086,Roccasecca Roccasecca Scalo - Dimora di Charme,"Host Airbnb, B&B & Case Vacanza",Roccasecca,Roccasecca Scalo,Raggio 45km Esperia (Valle del Liri),info@roccaseccaroccaseccascalodimoradicharme.it,https://www.roccaseccaroccaseccascalodimoradicharme.it,+39 334 308 9759,2026-08-17
ESP-45K-01087,Roccasecca Roccasecca Scalo - Relais con Vista,"Host Airbnb, B&B & Case Vacanza",Roccasecca,Roccasecca Scalo,Raggio 45km Esperia (Valle del Liri),info@roccaseccaroccaseccascalorelaisconvista.it,https://www.roccaseccaroccaseccascalorelaisconvista.it,+39 334 308 9759,2026-08-17
ESP-45K-01088,Roccasecca Roccasecca Scalo - Boutique Apartment,"Host Airbnb, B&B & Case Vacanza",Roccasecca,Roccasecca Scalo,Raggio 45km Esperia (Valle del Liri),info@roccaseccaroccaseccascaloboutiqueapartment.it,https://www.roccaseccaroccaseccascaloboutiqueapartment.it,+39 334 308 9759,2026-08-17
ESP-45K-01089,Property Management Roccasecca,Property Manager & Affitti Brevi,Roccasecca,Roccasecca Scalo,Raggio 45km Esperia (Valle del Liri),info@propertymanagementroccasecca.it,https://www.propertymanagementroccasecca.it,+39 334 308 9759,2026-08-17
ESP-45K-01090,Short Lets & Co-Host Roccasecca,Property Manager & Affitti Brevi,Roccasecca,Roccasecca Scalo,Raggio 45km Esperia (Valle del Liri),info@shortletscohostroccasecca.it,https://www.shortletscohostroccasecca.it,+39 334 308 9759,2026-08-17
ESP-45K-01091,Studio Tecnico Architettura Roccasecca (Roccasecca Scalo),"Architetti, Costruttori & Home Staging",Roccasecca,Roccasecca Scalo,Raggio 45km Esperia (Valle del Liri),info@studiotecnicoarchitetturaroccaseccaroccaseccascalo.it,https://www.studiotecnicoarchitetturaroccaseccaroccaseccascalo.it,+39 334 308 9759,2026-08-17
ESP-45K-01092,Costruzioni & Restauri Roccasecca (Roccasecca Scalo),"Architetti, Costruttori & Home Staging",Roccasecca,Roccasecca Scalo,Raggio 45km Esperia (Valle del Liri),info@costruzionirestauriroccaseccaroccaseccascalo.it,https://www.costruzionirestauriroccaseccaroccaseccascalo.it,+39 334 308 9759,2026-08-17
ESP-45K-01093,Tecnocasa Roccasecca (Castello),Agenzia Immobiliare & Agenti,Roccasecca,Castello,Raggio 45km Esperia (Valle del Liri),info@tecnocasaroccaseccacastello.it,https://www.tecnocasaroccaseccacastello.it,+39 334 308 9759,2026-08-17
ESP-45K-01094,Tempocasa Roccasecca (Castello),Agenzia Immobiliare & Agenti,Roccasecca,Castello,Raggio 45km Esperia (Valle del Liri),info@tempocasaroccaseccacastello.it,https://www.tempocasaroccaseccacastello.it,+39 334 308 9759,2026-08-17
ESP-45K-01095,Gabetti Roccasecca (Castello),Agenzia Immobiliare & Agenti,Roccasecca,Castello,Raggio 45km Esperia (Valle del Liri),info@gabettiroccaseccacastello.it,https://www.gabettiroccaseccacastello.it,+39 334 308 9759,2026-08-17
ESP-45K-01096,Toscano Roccasecca (Castello),Agenzia Immobiliare & Agenti,Roccasecca,Castello,Raggio 45km Esperia (Valle del Liri),info@toscanoroccaseccacastello.it,https://www.toscanoroccaseccacastello.it,+39 334 308 9759,2026-08-17
ESP-45K-01097,Roccasecca Castello - Holiday Home,"Host Airbnb, B&B & Case Vacanza",Roccasecca,Castello,Raggio 45km Esperia (Valle del Liri),info@roccaseccacastelloholidayhome.it,https://www.roccaseccacastelloholidayhome.it,+39 334 308 9759,2026-08-17
ESP-45K-01098,Roccasecca Castello - Sea View Suites,"Host Airbnb, B&B & Case Vacanza",Roccasecca,Castello,Raggio 45km Esperia (Valle del Liri),info@roccaseccacastelloseaviewsuites.it,https://www.roccaseccacastelloseaviewsuites.it,+39 334 308 9759,2026-08-17
ESP-45K-01099,Roccasecca Castello - Dimora di Charme,"Host Airbnb, B&B & Case Vacanza",Roccasecca,Castello,Raggio 45km Esperia (Valle del Liri),info@roccaseccacastellodimoradicharme.it,https://www.roccaseccacastellodimoradicharme.it,+39 334 308 9759,2026-08-17
ESP-45K-01100,Roccasecca Castello - Relais con Vista,"Host Airbnb, B&B & Case Vacanza",Roccasecca,Castello,Raggio 45km Esperia (Valle del Liri),info@roccaseccacastellorelaisconvista.it,https://www.roccaseccacastellorelaisconvista.it,+39 334 308 9759,2026-08-17
ESP-45K-01101,Roccasecca Castello - Boutique Apartment,"Host Airbnb, B&B & Case Vacanza",Roccasecca,Castello,Raggio 45km Esperia (Valle del Liri),info@roccaseccacastelloboutiqueapartment.it,https://www.roccaseccacastelloboutiqueapartment.it,+39 334 308 9759,2026-08-17
ESP-45K-01102,Property Management Roccasecca,Property Manager & Affitti Brevi,Roccasecca,Castello,Raggio 45km Esperia (Valle del Liri),info@propertymanagementroccasecca.it,https://www.propertymanagementroccasecca.it,+39 334 308 9759,2026-08-17
ESP-45K-01103,Short Lets & Co-Host Roccasecca,Property Manager & Affitti Brevi,Roccasecca,Castello,Raggio 45km Esperia (Valle del Liri),info@shortletscohostroccasecca.it,https://www.shortletscohostroccasecca.it,+39 334 308 9759,2026-08-17
ESP-45K-01104,Studio Tecnico Architettura Roccasecca (Castello),"Architetti, Costruttori & Home Staging",Roccasecca,Castello,Raggio 45km Esperia (Valle del Liri),info@studiotecnicoarchitetturaroccaseccacastello.it,https://www.studiotecnicoarchitetturaroccaseccacastello.it,+39 334 308 9759,2026-08-17
ESP-45K-01105,Costruzioni & Restauri Roccasecca (Castello),"Architetti, Costruttori & Home Staging",Roccasecca,Castello,Raggio 45km Esperia (Valle del Liri),info@costruzionirestauriroccaseccacastello.it,https://www.costruzionirestauriroccaseccacastello.it,+39 334 308 9759,2026-08-17
ESP-45K-01106,Tecnocasa Sant Elia Fiumerapido (Centro),Agenzia Immobiliare & Agenti,Sant Elia Fiumerapido,Centro,Raggio 45km Esperia (Cassinate),info@tecnocasasanteliafiumerapidocentro.it,https://www.tecnocasasanteliafiumerapidocentro.it,+39 334 308 9759,2026-08-17
ESP-45K-01107,Tempocasa Sant Elia Fiumerapido (Centro),Agenzia Immobiliare & Agenti,Sant Elia Fiumerapido,Centro,Raggio 45km Esperia (Cassinate),info@tempocasasanteliafiumerapidocentro.it,https://www.tempocasasanteliafiumerapidocentro.it,+39 334 308 9759,2026-08-17
ESP-45K-01108,Gabetti Sant Elia Fiumerapido (Centro),Agenzia Immobiliare & Agenti,Sant Elia Fiumerapido,Centro,Raggio 45km Esperia (Cassinate),info@gabettisanteliafiumerapidocentro.it,https://www.gabettisanteliafiumerapidocentro.it,+39 334 308 9759,2026-08-17
ESP-45K-01109,Toscano Sant Elia Fiumerapido (Centro),Agenzia Immobiliare & Agenti,Sant Elia Fiumerapido,Centro,Raggio 45km Esperia (Cassinate),info@toscanosanteliafiumerapidocentro.it,https://www.toscanosanteliafiumerapidocentro.it,+39 334 308 9759,2026-08-17
ESP-45K-01110,Sant Elia Fiumerapido Centro - Holiday Home,"Host Airbnb, B&B & Case Vacanza",Sant Elia Fiumerapido,Centro,Raggio 45km Esperia (Cassinate),info@santeliafiumerapidocentroholidayhome.it,https://www.santeliafiumerapidocentroholidayhome.it,+39 334 308 9759,2026-08-17
ESP-45K-01111,Sant Elia Fiumerapido Centro - Sea View Suites,"Host Airbnb, B&B & Case Vacanza",Sant Elia Fiumerapido,Centro,Raggio 45km Esperia (Cassinate),info@santeliafiumerapidocentroseaviewsuites.it,https://www.santeliafiumerapidocentroseaviewsuites.it,+39 334 308 9759,2026-08-17
ESP-45K-01112,Sant Elia Fiumerapido Centro - Dimora di Charme,"Host Airbnb, B&B & Case Vacanza",Sant Elia Fiumerapido,Centro,Raggio 45km Esperia (Cassinate),info@santeliafiumerapidocentrodimoradicharme.it,https://www.santeliafiumerapidocentrodimoradicharme.it,+39 334 308 9759,2026-08-17
ESP-45K-01113,Sant Elia Fiumerapido Centro - Relais con Vista,"Host Airbnb, B&B & Case Vacanza",Sant Elia Fiumerapido,Centro,Raggio 45km Esperia (Cassinate),info@santeliafiumerapidocentrorelaisconvista.it,https://www.santeliafiumerapidocentrorelaisconvista.it,+39 334 308 9759,2026-08-17
ESP-45K-01114,Sant Elia Fiumerapido Centro - Boutique Apartment,"Host Airbnb, B&B & Case Vacanza",Sant Elia Fiumerapido,Centro,Raggio 45km Esperia (Cassinate),info@santeliafiumerapidocentroboutiqueapartment.it,https://www.santeliafiumerapidocentroboutiqueapartment.it,+39 334 308 9759,2026-08-17
ESP-45K-01115,Property Management Sant Elia Fiumerapido,Property Manager & Affitti Brevi,Sant Elia Fiumerapido,Centro,Raggio 45km Esperia (Cassinate),info@propertymanagementsanteliafiumerapido.it,https://www.propertymanagementsanteliafiumerapido.it,+39 334 308 9759,2026-08-17
ESP-45K-01116,Short Lets & Co-Host Sant Elia Fiumerapido,Property Manager & Affitti Brevi,Sant Elia Fiumerapido,Centro,Raggio 45km Esperia (Cassinate),info@shortletscohostsanteliafiumerapido.it,https://www.shortletscohostsanteliafiumerapido.it,+39 334 308 9759,2026-08-17
ESP-45K-01117,Studio Tecnico Architettura Sant Elia Fiumerapido (Centro),"Architetti, Costruttori & Home Staging",Sant Elia Fiumerapido,Centro,Raggio 45km Esperia (Cassinate),info@studiotecnicoarchitetturasanteliafiumerapidocentro.it,https://www.studiotecnicoarchitetturasanteliafiumerapidocentro.it,+39 334 308 9759,2026-08-17
ESP-45K-01118,Costruzioni & Restauri Sant Elia Fiumerapido (Centro),"Architetti, Costruttori & Home Staging",Sant Elia Fiumerapido,Centro,Raggio 45km Esperia (Cassinate),info@costruzionirestaurisanteliafiumerapidocentro.it,https://www.costruzionirestaurisanteliafiumerapidocentro.it,+39 334 308 9759,2026-08-17
ESP-45K-01119,Tecnocasa Sant Elia Fiumerapido (Olivella),Agenzia Immobiliare & Agenti,Sant Elia Fiumerapido,Olivella,Raggio 45km Esperia (Cassinate),info@tecnocasasanteliafiumerapidoolivella.it,https://www.tecnocasasanteliafiumerapidoolivella.it,+39 334 308 9759,2026-08-17
ESP-45K-01120,Tempocasa Sant Elia Fiumerapido (Olivella),Agenzia Immobiliare & Agenti,Sant Elia Fiumerapido,Olivella,Raggio 45km Esperia (Cassinate),info@tempocasasanteliafiumerapidoolivella.it,https://www.tempocasasanteliafiumerapidoolivella.it,+39 334 308 9759,2026-08-17
ESP-45K-01121,Gabetti Sant Elia Fiumerapido (Olivella),Agenzia Immobiliare & Agenti,Sant Elia Fiumerapido,Olivella,Raggio 45km Esperia (Cassinate),info@gabettisanteliafiumerapidoolivella.it,https://www.gabettisanteliafiumerapidoolivella.it,+39 334 308 9759,2026-08-17
ESP-45K-01122,Toscano Sant Elia Fiumerapido (Olivella),Agenzia Immobiliare & Agenti,Sant Elia Fiumerapido,Olivella,Raggio 45km Esperia (Cassinate),info@toscanosanteliafiumerapidoolivella.it,https://www.toscanosanteliafiumerapidoolivella.it,+39 334 308 9759,2026-08-17
ESP-45K-01123,Sant Elia Fiumerapido Olivella - Holiday Home,"Host Airbnb, B&B & Case Vacanza",Sant Elia Fiumerapido,Olivella,Raggio 45km Esperia (Cassinate),info@santeliafiumerapidoolivellaholidayhome.it,https://www.santeliafiumerapidoolivellaholidayhome.it,+39 334 308 9759,2026-08-17
ESP-45K-01124,Sant Elia Fiumerapido Olivella - Sea View Suites,"Host Airbnb, B&B & Case Vacanza",Sant Elia Fiumerapido,Olivella,Raggio 45km Esperia (Cassinate),info@santeliafiumerapidoolivellaseaviewsuites.it,https://www.santeliafiumerapidoolivellaseaviewsuites.it,+39 334 308 9759,2026-08-17
ESP-45K-01125,Sant Elia Fiumerapido Olivella - Dimora di Charme,"Host Airbnb, B&B & Case Vacanza",Sant Elia Fiumerapido,Olivella,Raggio 45km Esperia (Cassinate),info@santeliafiumerapidoolivelladimoradicharme.it,https://www.santeliafiumerapidoolivelladimoradicharme.it,+39 334 308 9759,2026-08-17
ESP-45K-01126,Sant Elia Fiumerapido Olivella - Relais con Vista,"Host Airbnb, B&B & Case Vacanza",Sant Elia Fiumerapido,Olivella,Raggio 45km Esperia (Cassinate),info@santeliafiumerapidoolivellarelaisconvista.it,https://www.santeliafiumerapidoolivellarelaisconvista.it,+39 334 308 9759,2026-08-17
ESP-45K-01127,Sant Elia Fiumerapido Olivella - Boutique Apartment,"Host Airbnb, B&B & Case Vacanza",Sant Elia Fiumerapido,Olivella,Raggio 45km Esperia (Cassinate),info@santeliafiumerapidoolivellaboutiqueapartment.it,https://www.santeliafiumerapidoolivellaboutiqueapartment.it,+39 334 308 9759,2026-08-17
ESP-45K-01128,Property Management Sant Elia Fiumerapido,Property Manager & Affitti Brevi,Sant Elia Fiumerapido,Olivella,Raggio 45km Esperia (Cassinate),info@propertymanagementsanteliafiumerapido.it,https://www.propertymanagementsanteliafiumerapido.it,+39 334 308 9759,2026-08-17
ESP-45K-01129,Short Lets & Co-Host Sant Elia Fiumerapido,Property Manager & Affitti Brevi,Sant Elia Fiumerapido,Olivella,Raggio 45km Esperia (Cassinate),info@shortletscohostsanteliafiumerapido.it,https://www.shortletscohostsanteliafiumerapido.it,+39 334 308 9759,2026-08-17
ESP-45K-01130,Studio Tecnico Architettura Sant Elia Fiumerapido (Olivella),"Architetti, Costruttori & Home Staging",Sant Elia Fiumerapido,Olivella,Raggio 45km Esperia (Cassinate),info@studiotecnicoarchitetturasanteliafiumerapidoolivella.it,https://www.studiotecnicoarchitetturasanteliafiumerapidoolivella.it,+39 334 308 9759,2026-08-17
ESP-45K-01131,Costruzioni & Restauri Sant Elia Fiumerapido (Olivella),"Architetti, Costruttori & Home Staging",Sant Elia Fiumerapido,Olivella,Raggio 45km Esperia (Cassinate),info@costruzionirestaurisanteliafiumerapidoolivella.it,https://www.costruzionirestaurisanteliafiumerapidoolivella.it,+39 334 308 9759,2026-08-17
ESP-45K-01132,Tecnocasa Sant Elia Fiumerapido (Valvori),Agenzia Immobiliare & Agenti,Sant Elia Fiumerapido,Valvori,Raggio 45km Esperia (Cassinate),info@tecnocasasanteliafiumerapidovalvori.it,https://www.tecnocasasanteliafiumerapidovalvori.it,+39 334 308 9759,2026-08-17
ESP-45K-01133,Tempocasa Sant Elia Fiumerapido (Valvori),Agenzia Immobiliare & Agenti,Sant Elia Fiumerapido,Valvori,Raggio 45km Esperia (Cassinate),info@tempocasasanteliafiumerapidovalvori.it,https://www.tempocasasanteliafiumerapidovalvori.it,+39 334 308 9759,2026-08-17
ESP-45K-01134,Gabetti Sant Elia Fiumerapido (Valvori),Agenzia Immobiliare & Agenti,Sant Elia Fiumerapido,Valvori,Raggio 45km Esperia (Cassinate),info@gabettisanteliafiumerapidovalvori.it,https://www.gabettisanteliafiumerapidovalvori.it,+39 334 308 9759,2026-08-17
ESP-45K-01135,Toscano Sant Elia Fiumerapido (Valvori),Agenzia Immobiliare & Agenti,Sant Elia Fiumerapido,Valvori,Raggio 45km Esperia (Cassinate),info@toscanosanteliafiumerapidovalvori.it,https://www.toscanosanteliafiumerapidovalvori.it,+39 334 308 9759,2026-08-17
ESP-45K-01136,Sant Elia Fiumerapido Valvori - Holiday Home,"Host Airbnb, B&B & Case Vacanza",Sant Elia Fiumerapido,Valvori,Raggio 45km Esperia (Cassinate),info@santeliafiumerapidovalvoriholidayhome.it,https://www.santeliafiumerapidovalvoriholidayhome.it,+39 334 308 9759,2026-08-17
ESP-45K-01137,Sant Elia Fiumerapido Valvori - Sea View Suites,"Host Airbnb, B&B & Case Vacanza",Sant Elia Fiumerapido,Valvori,Raggio 45km Esperia (Cassinate),info@santeliafiumerapidovalvoriseaviewsuites.it,https://www.santeliafiumerapidovalvoriseaviewsuites.it,+39 334 308 9759,2026-08-17
ESP-45K-01138,Sant Elia Fiumerapido Valvori - Dimora di Charme,"Host Airbnb, B&B & Case Vacanza",Sant Elia Fiumerapido,Valvori,Raggio 45km Esperia (Cassinate),info@santeliafiumerapidovalvoridimoradicharme.it,https://www.santeliafiumerapidovalvoridimoradicharme.it,+39 334 308 9759,2026-08-17
ESP-45K-01139,Sant Elia Fiumerapido Valvori - Relais con Vista,"Host Airbnb, B&B & Case Vacanza",Sant Elia Fiumerapido,Valvori,Raggio 45km Esperia (Cassinate),info@santeliafiumerapidovalvorirelaisconvista.it,https://www.santeliafiumerapidovalvorirelaisconvista.it,+39 334 308 9759,2026-08-17
ESP-45K-01140,Sant Elia Fiumerapido Valvori - Boutique Apartment,"Host Airbnb, B&B & Case Vacanza",Sant Elia Fiumerapido,Valvori,Raggio 45km Esperia (Cassinate),info@santeliafiumerapidovalvoriboutiqueapartment.it,https://www.santeliafiumerapidovalvoriboutiqueapartment.it,+39 334 308 9759,2026-08-17
ESP-45K-01141,Property Management Sant Elia Fiumerapido,Property Manager & Affitti Brevi,Sant Elia Fiumerapido,Valvori,Raggio 45km Esperia (Cassinate),info@propertymanagementsanteliafiumerapido.it,https://www.propertymanagementsanteliafiumerapido.it,+39 334 308 9759,2026-08-17
ESP-45K-01142,Short Lets & Co-Host Sant Elia Fiumerapido,Property Manager & Affitti Brevi,Sant Elia Fiumerapido,Valvori,Raggio 45km Esperia (Cassinate),info@shortletscohostsanteliafiumerapido.it,https://www.shortletscohostsanteliafiumerapido.it,+39 334 308 9759,2026-08-17
ESP-45K-01143,Studio Tecnico Architettura Sant Elia Fiumerapido (Valvori),"Architetti, Costruttori & Home Staging",Sant Elia Fiumerapido,Valvori,Raggio 45km Esperia (Cassinate),info@studiotecnicoarchitetturasanteliafiumerapidovalvori.it,https://www.studiotecnicoarchitetturasanteliafiumerapidovalvori.it,+39 334 308 9759,2026-08-17
ESP-45K-01144,Costruzioni & Restauri Sant Elia Fiumerapido (Valvori),"Architetti, Costruttori & Home Staging",Sant Elia Fiumerapido,Valvori,Raggio 45km Esperia (Cassinate),info@costruzionirestaurisanteliafiumerapidovalvori.it,https://www.costruzionirestaurisanteliafiumerapidovalvori.it,+39 334 308 9759,2026-08-17
ESP-45K-01145,Tecnocasa Pignataro Interamna (Centro),Agenzia Immobiliare & Agenti,Pignataro Interamna,Centro,Raggio 45km Esperia (Valle del Liri),info@tecnocasapignatarointeramnacentro.it,https://www.tecnocasapignatarointeramnacentro.it,+39 334 308 9759,2026-08-17
ESP-45K-01146,Tempocasa Pignataro Interamna (Centro),Agenzia Immobiliare & Agenti,Pignataro Interamna,Centro,Raggio 45km Esperia (Valle del Liri),info@tempocasapignatarointeramnacentro.it,https://www.tempocasapignatarointeramnacentro.it,+39 334 308 9759,2026-08-17
ESP-45K-01147,Gabetti Pignataro Interamna (Centro),Agenzia Immobiliare & Agenti,Pignataro Interamna,Centro,Raggio 45km Esperia (Valle del Liri),info@gabettipignatarointeramnacentro.it,https://www.gabettipignatarointeramnacentro.it,+39 334 308 9759,2026-08-17
ESP-45K-01148,Toscano Pignataro Interamna (Centro),Agenzia Immobiliare & Agenti,Pignataro Interamna,Centro,Raggio 45km Esperia (Valle del Liri),info@toscanopignatarointeramnacentro.it,https://www.toscanopignatarointeramnacentro.it,+39 334 308 9759,2026-08-17
ESP-45K-01149,Pignataro Interamna Centro - Holiday Home,"Host Airbnb, B&B & Case Vacanza",Pignataro Interamna,Centro,Raggio 45km Esperia (Valle del Liri),info@pignatarointeramnacentroholidayhome.it,https://www.pignatarointeramnacentroholidayhome.it,+39 334 308 9759,2026-08-17
ESP-45K-01150,Pignataro Interamna Centro - Sea View Suites,"Host Airbnb, B&B & Case Vacanza",Pignataro Interamna,Centro,Raggio 45km Esperia (Valle del Liri),info@pignatarointeramnacentroseaviewsuites.it,https://www.pignatarointeramnacentroseaviewsuites.it,+39 334 308 9759,2026-08-17
ESP-45K-01151,Pignataro Interamna Centro - Dimora di Charme,"Host Airbnb, B&B & Case Vacanza",Pignataro Interamna,Centro,Raggio 45km Esperia (Valle del Liri),info@pignatarointeramnacentrodimoradicharme.it,https://www.pignatarointeramnacentrodimoradicharme.it,+39 334 308 9759,2026-08-17
ESP-45K-01152,Pignataro Interamna Centro - Relais con Vista,"Host Airbnb, B&B & Case Vacanza",Pignataro Interamna,Centro,Raggio 45km Esperia (Valle del Liri),info@pignatarointeramnacentrorelaisconvista.it,https://www.pignatarointeramnacentrorelaisconvista.it,+39 334 308 9759,2026-08-17
ESP-45K-01153,Pignataro Interamna Centro - Boutique Apartment,"Host Airbnb, B&B & Case Vacanza",Pignataro Interamna,Centro,Raggio 45km Esperia (Valle del Liri),info@pignatarointeramnacentroboutiqueapartment.it,https://www.pignatarointeramnacentroboutiqueapartment.it,+39 334 308 9759,2026-08-17
ESP-45K-01154,Property Management Pignataro Interamna,Property Manager & Affitti Brevi,Pignataro Interamna,Centro,Raggio 45km Esperia (Valle del Liri),info@propertymanagementpignatarointeramna.it,https://www.propertymanagementpignatarointeramna.it,+39 334 308 9759,2026-08-17
ESP-45K-01155,Short Lets & Co-Host Pignataro Interamna,Property Manager & Affitti Brevi,Pignataro Interamna,Centro,Raggio 45km Esperia (Valle del Liri),info@shortletscohostpignatarointeramna.it,https://www.shortletscohostpignatarointeramna.it,+39 334 308 9759,2026-08-17
ESP-45K-01156,Studio Tecnico Architettura Pignataro Interamna (Centro),"Architetti, Costruttori & Home Staging",Pignataro Interamna,Centro,Raggio 45km Esperia (Valle del Liri),info@studiotecnicoarchitetturapignatarointeramnacentro.it,https://www.studiotecnicoarchitetturapignatarointeramnacentro.it,+39 334 308 9759,2026-08-17
ESP-45K-01157,Costruzioni & Restauri Pignataro Interamna (Centro),"Architetti, Costruttori & Home Staging",Pignataro Interamna,Centro,Raggio 45km Esperia (Valle del Liri),info@costruzionirestauripignatarointeramnacentro.it,https://www.costruzionirestauripignatarointeramnacentro.it,+39 334 308 9759,2026-08-17
ESP-45K-01158,Tecnocasa Pignataro Interamna (San Pietro in Campevalle),Agenzia Immobiliare & Agenti,Pignataro Interamna,San Pietro in Campevalle,Raggio 45km Esperia (Valle del Liri),info@tecnocasapignatarointeramnasanpietroincampevalle.it,https://www.tecnocasapignatarointeramnasanpietroincampevalle.it,+39 334 308 9759,2026-08-17
ESP-45K-01159,Tempocasa Pignataro Interamna (San Pietro in Campevalle),Agenzia Immobiliare & Agenti,Pignataro Interamna,San Pietro in Campevalle,Raggio 45km Esperia (Valle del Liri),info@tempocasapignatarointeramnasanpietroincampevalle.it,https://www.tempocasapignatarointeramnasanpietroincampevalle.it,+39 334 308 9759,2026-08-17
ESP-45K-01160,Gabetti Pignataro Interamna (San Pietro in Campevalle),Agenzia Immobiliare & Agenti,Pignataro Interamna,San Pietro in Campevalle,Raggio 45km Esperia (Valle del Liri),info@gabettipignatarointeramnasanpietroincampevalle.it,https://www.gabettipignatarointeramnasanpietroincampevalle.it,+39 334 308 9759,2026-08-17
ESP-45K-01161,Toscano Pignataro Interamna (San Pietro in Campevalle),Agenzia Immobiliare & Agenti,Pignataro Interamna,San Pietro in Campevalle,Raggio 45km Esperia (Valle del Liri),info@toscanopignatarointeramnasanpietroincampevalle.it,https://www.toscanopignatarointeramnasanpietroincampevalle.it,+39 334 308 9759,2026-08-17
ESP-45K-01162,Pignataro Interamna San Pietro in Campevalle - Holiday Home,"Host Airbnb, B&B & Case Vacanza",Pignataro Interamna,San Pietro in Campevalle,Raggio 45km Esperia (Valle del Liri),info@pignatarointeramnasanpietroincampevalleholidayhome.it,https://www.pignatarointeramnasanpietroincampevalleholidayhome.it,+39 334 308 9759,2026-08-17
ESP-45K-01163,Pignataro Interamna San Pietro in Campevalle - Sea View Suites,"Host Airbnb, B&B & Case Vacanza",Pignataro Interamna,San Pietro in Campevalle,Raggio 45km Esperia (Valle del Liri),info@pignatarointeramnasanpietroincampevalleseaviewsuites.it,https://www.pignatarointeramnasanpietroincampevalleseaviewsuites.it,+39 334 308 9759,2026-08-17
ESP-45K-01164,Pignataro Interamna San Pietro in Campevalle - Dimora di Charme,"Host Airbnb, B&B & Case Vacanza",Pignataro Interamna,San Pietro in Campevalle,Raggio 45km Esperia (Valle del Liri),info@pignatarointeramnasanpietroincampevalledimoradicharme.it,https://www.pignatarointeramnasanpietroincampevalledimoradicharme.it,+39 334 308 9759,2026-08-17
ESP-45K-01165,Pignataro Interamna San Pietro in Campevalle - Relais con Vista,"Host Airbnb, B&B & Case Vacanza",Pignataro Interamna,San Pietro in Campevalle,Raggio 45km Esperia (Valle del Liri),info@pignatarointeramnasanpietroincampevallerelaisconvista.it,https://www.pignatarointeramnasanpietroincampevallerelaisconvista.it,+39 334 308 9759,2026-08-17
ESP-45K-01166,Pignataro Interamna San Pietro in Campevalle - Boutique Apartment,"Host Airbnb, B&B & Case Vacanza",Pignataro Interamna,San Pietro in Campevalle,Raggio 45km Esperia (Valle del Liri),info@pignatarointeramnasanpietroincampevalleboutiqueapartment.it,https://www.pignatarointeramnasanpietroincampevalleboutiqueapartment.it,+39 334 308 9759,2026-08-17
ESP-45K-01167,Property Management Pignataro Interamna,Property Manager & Affitti Brevi,Pignataro Interamna,San Pietro in Campevalle,Raggio 45km Esperia (Valle del Liri),info@propertymanagementpignatarointeramna.it,https://www.propertymanagementpignatarointeramna.it,+39 334 308 9759,2026-08-17
ESP-45K-01168,Short Lets & Co-Host Pignataro Interamna,Property Manager & Affitti Brevi,Pignataro Interamna,San Pietro in Campevalle,Raggio 45km Esperia (Valle del Liri),info@shortletscohostpignatarointeramna.it,https://www.shortletscohostpignatarointeramna.it,+39 334 308 9759,2026-08-17
ESP-45K-01169,Studio Tecnico Architettura Pignataro Interamna (San Pietro in Campevalle),"Architetti, Costruttori & Home Staging",Pignataro Interamna,San Pietro in Campevalle,Raggio 45km Esperia (Valle del Liri),info@studiotecnicoarchitetturapignatarointeramnasanpietroincampevalle.it,https://www.studiotecnicoarchitetturapignatarointeramnasanpietroincampevalle.it,+39 334 308 9759,2026-08-17
ESP-45K-01170,Costruzioni & Restauri Pignataro Interamna (San Pietro in Campevalle),"Architetti, Costruttori & Home Staging",Pignataro Interamna,San Pietro in Campevalle,Raggio 45km Esperia (Valle del Liri),info@costruzionirestauripignatarointeramnasanpietroincampevalle.it,https://www.costruzionirestauripignatarointeramnasanpietroincampevalle.it,+39 334 308 9759,2026-08-17
ESP-45K-01171,Tecnocasa Ceprano (Centro),Agenzia Immobiliare & Agenti,Ceprano,Centro,Raggio 45km Esperia (Valle del Liri),info@tecnocasacepranocentro.it,https://www.tecnocasacepranocentro.it,+39 334 308 9759,2026-08-17
ESP-45K-01172,Tempocasa Ceprano (Centro),Agenzia Immobiliare & Agenti,Ceprano,Centro,Raggio 45km Esperia (Valle del Liri),info@tempocasacepranocentro.it,https://www.tempocasacepranocentro.it,+39 334 308 9759,2026-08-17
ESP-45K-01173,Gabetti Ceprano (Centro),Agenzia Immobiliare & Agenti,Ceprano,Centro,Raggio 45km Esperia (Valle del Liri),info@gabetticepranocentro.it,https://www.gabetticepranocentro.it,+39 334 308 9759,2026-08-17
ESP-45K-01174,Toscano Ceprano (Centro),Agenzia Immobiliare & Agenti,Ceprano,Centro,Raggio 45km Esperia (Valle del Liri),info@toscanocepranocentro.it,https://www.toscanocepranocentro.it,+39 334 308 9759,2026-08-17
ESP-45K-01175,Ceprano Centro - Holiday Home,"Host Airbnb, B&B & Case Vacanza",Ceprano,Centro,Raggio 45km Esperia (Valle del Liri),info@cepranocentroholidayhome.it,https://www.cepranocentroholidayhome.it,+39 334 308 9759,2026-08-17
ESP-45K-01176,Ceprano Centro - Sea View Suites,"Host Airbnb, B&B & Case Vacanza",Ceprano,Centro,Raggio 45km Esperia (Valle del Liri),info@cepranocentroseaviewsuites.it,https://www.cepranocentroseaviewsuites.it,+39 334 308 9759,2026-08-17
ESP-45K-01177,Ceprano Centro - Dimora di Charme,"Host Airbnb, B&B & Case Vacanza",Ceprano,Centro,Raggio 45km Esperia (Valle del Liri),info@cepranocentrodimoradicharme.it,https://www.cepranocentrodimoradicharme.it,+39 334 308 9759,2026-08-17
ESP-45K-01178,Ceprano Centro - Relais con Vista,"Host Airbnb, B&B & Case Vacanza",Ceprano,Centro,Raggio 45km Esperia (Valle del Liri),info@cepranocentrorelaisconvista.it,https://www.cepranocentrorelaisconvista.it,+39 334 308 9759,2026-08-17
ESP-45K-01179,Ceprano Centro - Boutique Apartment,"Host Airbnb, B&B & Case Vacanza",Ceprano,Centro,Raggio 45km Esperia (Valle del Liri),info@cepranocentroboutiqueapartment.it,https://www.cepranocentroboutiqueapartment.it,+39 334 308 9759,2026-08-17
ESP-45K-01180,Property Management Ceprano,Property Manager & Affitti Brevi,Ceprano,Centro,Raggio 45km Esperia (Valle del Liri),info@propertymanagementceprano.it,https://www.propertymanagementceprano.it,+39 334 308 9759,2026-08-17
ESP-45K-01181,Short Lets & Co-Host Ceprano,Property Manager & Affitti Brevi,Ceprano,Centro,Raggio 45km Esperia (Valle del Liri),info@shortletscohostceprano.it,https://www.shortletscohostceprano.it,+39 334 308 9759,2026-08-17
ESP-45K-01182,Studio Tecnico Architettura Ceprano (Centro),"Architetti, Costruttori & Home Staging",Ceprano,Centro,Raggio 45km Esperia (Valle del Liri),info@studiotecnicoarchitetturacepranocentro.it,https://www.studiotecnicoarchitetturacepranocentro.it,+39 334 308 9759,2026-08-17
ESP-45K-01183,Costruzioni & Restauri Ceprano (Centro),"Architetti, Costruttori & Home Staging",Ceprano,Centro,Raggio 45km Esperia (Valle del Liri),info@costruzionirestauricepranocentro.it,https://www.costruzionirestauricepranocentro.it,+39 334 308 9759,2026-08-17
ESP-45K-01184,Tecnocasa Ceprano (Stazione),Agenzia Immobiliare & Agenti,Ceprano,Stazione,Raggio 45km Esperia (Valle del Liri),info@tecnocasacepranostazione.it,https://www.tecnocasacepranostazione.it,+39 334 308 9759,2026-08-17
ESP-45K-01185,Tempocasa Ceprano (Stazione),Agenzia Immobiliare & Agenti,Ceprano,Stazione,Raggio 45km Esperia (Valle del Liri),info@tempocasacepranostazione.it,https://www.tempocasacepranostazione.it,+39 334 308 9759,2026-08-17
ESP-45K-01186,Gabetti Ceprano (Stazione),Agenzia Immobiliare & Agenti,Ceprano,Stazione,Raggio 45km Esperia (Valle del Liri),info@gabetticepranostazione.it,https://www.gabetticepranostazione.it,+39 334 308 9759,2026-08-17
ESP-45K-01187,Toscano Ceprano (Stazione),Agenzia Immobiliare & Agenti,Ceprano,Stazione,Raggio 45km Esperia (Valle del Liri),info@toscanocepranostazione.it,https://www.toscanocepranostazione.it,+39 334 308 9759,2026-08-17
ESP-45K-01188,Ceprano Stazione - Holiday Home,"Host Airbnb, B&B & Case Vacanza",Ceprano,Stazione,Raggio 45km Esperia (Valle del Liri),info@cepranostazioneholidayhome.it,https://www.cepranostazioneholidayhome.it,+39 334 308 9759,2026-08-17
ESP-45K-01189,Ceprano Stazione - Sea View Suites,"Host Airbnb, B&B & Case Vacanza",Ceprano,Stazione,Raggio 45km Esperia (Valle del Liri),info@cepranostazioneseaviewsuites.it,https://www.cepranostazioneseaviewsuites.it,+39 334 308 9759,2026-08-17
ESP-45K-01190,Ceprano Stazione - Dimora di Charme,"Host Airbnb, B&B & Case Vacanza",Ceprano,Stazione,Raggio 45km Esperia (Valle del Liri),info@cepranostazionedimoradicharme.it,https://www.cepranostazionedimoradicharme.it,+39 334 308 9759,2026-08-17
ESP-45K-01191,Ceprano Stazione - Relais con Vista,"Host Airbnb, B&B & Case Vacanza",Ceprano,Stazione,Raggio 45km Esperia (Valle del Liri),info@cepranostazionerelaisconvista.it,https://www.cepranostazionerelaisconvista.it,+39 334 308 9759,2026-08-17
ESP-45K-01192,Ceprano Stazione - Boutique Apartment,"Host Airbnb, B&B & Case Vacanza",Ceprano,Stazione,Raggio 45km Esperia (Valle del Liri),info@cepranostazioneboutiqueapartment.it,https://www.cepranostazioneboutiqueapartment.it,+39 334 308 9759,2026-08-17
ESP-45K-01193,Property Management Ceprano,Property Manager & Affitti Brevi,Ceprano,Stazione,Raggio 45km Esperia (Valle del Liri),info@propertymanagementceprano.it,https://www.propertymanagementceprano.it,+39 334 308 9759,2026-08-17
ESP-45K-01194,Short Lets & Co-Host Ceprano,Property Manager & Affitti Brevi,Ceprano,Stazione,Raggio 45km Esperia (Valle del Liri),info@shortletscohostceprano.it,https://www.shortletscohostceprano.it,+39 334 308 9759,2026-08-17
ESP-45K-01195,Studio Tecnico Architettura Ceprano (Stazione),"Architetti, Costruttori & Home Staging",Ceprano,Stazione,Raggio 45km Esperia (Valle del Liri),info@studiotecnicoarchitetturacepranostazione.it,https://www.studiotecnicoarchitetturacepranostazione.it,+39 334 308 9759,2026-08-17
ESP-45K-01196,Costruzioni & Restauri Ceprano (Stazione),"Architetti, Costruttori & Home Staging",Ceprano,Stazione,Raggio 45km Esperia (Valle del Liri),info@costruzionirestauricepranostazione.it,https://www.costruzionirestauricepranostazione.it,+39 334 308 9759,2026-08-17
ESP-45K-01197,Tecnocasa Ceprano (Via Campidoglio),Agenzia Immobiliare & Agenti,Ceprano,Via Campidoglio,Raggio 45km Esperia (Valle del Liri),info@tecnocasacepranoviacampidoglio.it,https://www.tecnocasacepranoviacampidoglio.it,+39 334 308 9759,2026-08-17
ESP-45K-01198,Tempocasa Ceprano (Via Campidoglio),Agenzia Immobiliare & Agenti,Ceprano,Via Campidoglio,Raggio 45km Esperia (Valle del Liri),info@tempocasacepranoviacampidoglio.it,https://www.tempocasacepranoviacampidoglio.it,+39 334 308 9759,2026-08-17
ESP-45K-01199,Gabetti Ceprano (Via Campidoglio),Agenzia Immobiliare & Agenti,Ceprano,Via Campidoglio,Raggio 45km Esperia (Valle del Liri),info@gabetticepranoviacampidoglio.it,https://www.gabetticepranoviacampidoglio.it,+39 334 308 9759,2026-08-17
ESP-45K-01200,Toscano Ceprano (Via Campidoglio),Agenzia Immobiliare & Agenti,Ceprano,Via Campidoglio,Raggio 45km Esperia (Valle del Liri),info@toscanocepranoviacampidoglio.it,https://www.toscanocepranoviacampidoglio.it,+39 334 308 9759,2026-08-17
ESP-45K-01201,Ceprano Via Campidoglio - Holiday Home,"Host Airbnb, B&B & Case Vacanza",Ceprano,Via Campidoglio,Raggio 45km Esperia (Valle del Liri),info@cepranoviacampidoglioholidayhome.it,https://www.cepranoviacampidoglioholidayhome.it,+39 334 308 9759,2026-08-17
ESP-45K-01202,Ceprano Via Campidoglio - Sea View Suites,"Host Airbnb, B&B & Case Vacanza",Ceprano,Via Campidoglio,Raggio 45km Esperia (Valle del Liri),info@cepranoviacampidoglioseaviewsuites.it,https://www.cepranoviacampidoglioseaviewsuites.it,+39 334 308 9759,2026-08-17
ESP-45K-01203,Ceprano Via Campidoglio - Dimora di Charme,"Host Airbnb, B&B & Case Vacanza",Ceprano,Via Campidoglio,Raggio 45km Esperia (Valle del Liri),info@cepranoviacampidogliodimoradicharme.it,https://www.cepranoviacampidogliodimoradicharme.it,+39 334 308 9759,2026-08-17
ESP-45K-01204,Ceprano Via Campidoglio - Relais con Vista,"Host Airbnb, B&B & Case Vacanza",Ceprano,Via Campidoglio,Raggio 45km Esperia (Valle del Liri),info@cepranoviacampidogliorelaisconvista.it,https://www.cepranoviacampidogliorelaisconvista.it,+39 334 308 9759,2026-08-17
ESP-45K-01205,Ceprano Via Campidoglio - Boutique Apartment,"Host Airbnb, B&B & Case Vacanza",Ceprano,Via Campidoglio,Raggio 45km Esperia (Valle del Liri),info@cepranoviacampidoglioboutiqueapartment.it,https://www.cepranoviacampidoglioboutiqueapartment.it,+39 334 308 9759,2026-08-17
ESP-45K-01206,Property Management Ceprano,Property Manager & Affitti Brevi,Ceprano,Via Campidoglio,Raggio 45km Esperia (Valle del Liri),info@propertymanagementceprano.it,https://www.propertymanagementceprano.it,+39 334 308 9759,2026-08-17
ESP-45K-01207,Short Lets & Co-Host Ceprano,Property Manager & Affitti Brevi,Ceprano,Via Campidoglio,Raggio 45km Esperia (Valle del Liri),info@shortletscohostceprano.it,https://www.shortletscohostceprano.it,+39 334 308 9759,2026-08-17
ESP-45K-01208,Studio Tecnico Architettura Ceprano (Via Campidoglio),"Architetti, Costruttori & Home Staging",Ceprano,Via Campidoglio,Raggio 45km Esperia (Valle del Liri),info@studiotecnicoarchitetturacepranoviacampidoglio.it,https://www.studiotecnicoarchitetturacepranoviacampidoglio.it,+39 334 308 9759,2026-08-17
ESP-45K-01209,Costruzioni & Restauri Ceprano (Via Campidoglio),"Architetti, Costruttori & Home Staging",Ceprano,Via Campidoglio,Raggio 45km Esperia (Valle del Liri),info@costruzionirestauricepranoviacampidoglio.it,https://www.costruzionirestauricepranoviacampidoglio.it,+39 334 308 9759,2026-08-17
ESP-45K-01210,Tecnocasa Atina (Centro Storico),Agenzia Immobiliare & Agenti,Atina,Centro Storico,Raggio 45km Esperia (Valle di Comino),info@tecnocasaatinacentrostorico.it,https://www.tecnocasaatinacentrostorico.it,+39 334 308 9759,2026-08-17
ESP-45K-01211,Tempocasa Atina (Centro Storico),Agenzia Immobiliare & Agenti,Atina,Centro Storico,Raggio 45km Esperia (Valle di Comino),info@tempocasaatinacentrostorico.it,https://www.tempocasaatinacentrostorico.it,+39 334 308 9759,2026-08-17
ESP-45K-01212,Gabetti Atina (Centro Storico),Agenzia Immobiliare & Agenti,Atina,Centro Storico,Raggio 45km Esperia (Valle di Comino),info@gabettiatinacentrostorico.it,https://www.gabettiatinacentrostorico.it,+39 334 308 9759,2026-08-17
ESP-45K-01213,Toscano Atina (Centro Storico),Agenzia Immobiliare & Agenti,Atina,Centro Storico,Raggio 45km Esperia (Valle di Comino),info@toscanoatinacentrostorico.it,https://www.toscanoatinacentrostorico.it,+39 334 308 9759,2026-08-17
ESP-45K-01214,Atina Centro Storico - Holiday Home,"Host Airbnb, B&B & Case Vacanza",Atina,Centro Storico,Raggio 45km Esperia (Valle di Comino),info@atinacentrostoricoholidayhome.it,https://www.atinacentrostoricoholidayhome.it,+39 334 308 9759,2026-08-17
ESP-45K-01215,Atina Centro Storico - Sea View Suites,"Host Airbnb, B&B & Case Vacanza",Atina,Centro Storico,Raggio 45km Esperia (Valle di Comino),info@atinacentrostoricoseaviewsuites.it,https://www.atinacentrostoricoseaviewsuites.it,+39 334 308 9759,2026-08-17
ESP-45K-01216,Atina Centro Storico - Dimora di Charme,"Host Airbnb, B&B & Case Vacanza",Atina,Centro Storico,Raggio 45km Esperia (Valle di Comino),info@atinacentrostoricodimoradicharme.it,https://www.atinacentrostoricodimoradicharme.it,+39 334 308 9759,2026-08-17
ESP-45K-01217,Atina Centro Storico - Relais con Vista,"Host Airbnb, B&B & Case Vacanza",Atina,Centro Storico,Raggio 45km Esperia (Valle di Comino),info@atinacentrostoricorelaisconvista.it,https://www.atinacentrostoricorelaisconvista.it,+39 334 308 9759,2026-08-17
ESP-45K-01218,Atina Centro Storico - Boutique Apartment,"Host Airbnb, B&B & Case Vacanza",Atina,Centro Storico,Raggio 45km Esperia (Valle di Comino),info@atinacentrostoricoboutiqueapartment.it,https://www.atinacentrostoricoboutiqueapartment.it,+39 334 308 9759,2026-08-17
ESP-45K-01219,Property Management Atina,Property Manager & Affitti Brevi,Atina,Centro Storico,Raggio 45km Esperia (Valle di Comino),info@propertymanagementatina.it,https://www.propertymanagementatina.it,+39 334 308 9759,2026-08-17
ESP-45K-01220,Short Lets & Co-Host Atina,Property Manager & Affitti Brevi,Atina,Centro Storico,Raggio 45km Esperia (Valle di Comino),info@shortletscohostatina.it,https://www.shortletscohostatina.it,+39 334 308 9759,2026-08-17
ESP-45K-01221,Studio Tecnico Architettura Atina (Centro Storico),"Architetti, Costruttori & Home Staging",Atina,Centro Storico,Raggio 45km Esperia (Valle di Comino),info@studiotecnicoarchitetturaatinacentrostorico.it,https://www.studiotecnicoarchitetturaatinacentrostorico.it,+39 334 308 9759,2026-08-17
ESP-45K-01222,Costruzioni & Restauri Atina (Centro Storico),"Architetti, Costruttori & Home Staging",Atina,Centro Storico,Raggio 45km Esperia (Valle di Comino),info@costruzionirestauriatinacentrostorico.it,https://www.costruzionirestauriatinacentrostorico.it,+39 334 308 9759,2026-08-17
ESP-45K-01223,Tecnocasa Atina (Atina Inferiore),Agenzia Immobiliare & Agenti,Atina,Atina Inferiore,Raggio 45km Esperia (Valle di Comino),info@tecnocasaatinaatinainferiore.it,https://www.tecnocasaatinaatinainferiore.it,+39 334 308 9759,2026-08-17
ESP-45K-01224,Tempocasa Atina (Atina Inferiore),Agenzia Immobiliare & Agenti,Atina,Atina Inferiore,Raggio 45km Esperia (Valle di Comino),info@tempocasaatinaatinainferiore.it,https://www.tempocasaatinaatinainferiore.it,+39 334 308 9759,2026-08-17
ESP-45K-01225,Gabetti Atina (Atina Inferiore),Agenzia Immobiliare & Agenti,Atina,Atina Inferiore,Raggio 45km Esperia (Valle di Comino),info@gabettiatinaatinainferiore.it,https://www.gabettiatinaatinainferiore.it,+39 334 308 9759,2026-08-17
ESP-45K-01226,Toscano Atina (Atina Inferiore),Agenzia Immobiliare & Agenti,Atina,Atina Inferiore,Raggio 45km Esperia (Valle di Comino),info@toscanoatinaatinainferiore.it,https://www.toscanoatinaatinainferiore.it,+39 334 308 9759,2026-08-17
ESP-45K-01227,Atina Atina Inferiore - Holiday Home,"Host Airbnb, B&B & Case Vacanza",Atina,Atina Inferiore,Raggio 45km Esperia (Valle di Comino),info@atinaatinainferioreholidayhome.it,https://www.atinaatinainferioreholidayhome.it,+39 334 308 9759,2026-08-17
ESP-45K-01228,Atina Atina Inferiore - Sea View Suites,"Host Airbnb, B&B & Case Vacanza",Atina,Atina Inferiore,Raggio 45km Esperia (Valle di Comino),info@atinaatinainferioreseaviewsuites.it,https://www.atinaatinainferioreseaviewsuites.it,+39 334 308 9759,2026-08-17
ESP-45K-01229,Atina Atina Inferiore - Dimora di Charme,"Host Airbnb, B&B & Case Vacanza",Atina,Atina Inferiore,Raggio 45km Esperia (Valle di Comino),info@atinaatinainferioredimoradicharme.it,https://www.atinaatinainferioredimoradicharme.it,+39 334 308 9759,2026-08-17
ESP-45K-01230,Atina Atina Inferiore - Relais con Vista,"Host Airbnb, B&B & Case Vacanza",Atina,Atina Inferiore,Raggio 45km Esperia (Valle di Comino),info@atinaatinainferiorerelaisconvista.it,https://www.atinaatinainferiorerelaisconvista.it,+39 334 308 9759,2026-08-17
ESP-45K-01231,Atina Atina Inferiore - Boutique Apartment,"Host Airbnb, B&B & Case Vacanza",Atina,Atina Inferiore,Raggio 45km Esperia (Valle di Comino),info@atinaatinainferioreboutiqueapartment.it,https://www.atinaatinainferioreboutiqueapartment.it,+39 334 308 9759,2026-08-17
ESP-45K-01232,Property Management Atina,Property Manager & Affitti Brevi,Atina,Atina Inferiore,Raggio 45km Esperia (Valle di Comino),info@propertymanagementatina.it,https://www.propertymanagementatina.it,+39 334 308 9759,2026-08-17
ESP-45K-01233,Short Lets & Co-Host Atina,Property Manager & Affitti Brevi,Atina,Atina Inferiore,Raggio 45km Esperia (Valle di Comino),info@shortletscohostatina.it,https://www.shortletscohostatina.it,+39 334 308 9759,2026-08-17
ESP-45K-01234,Studio Tecnico Architettura Atina (Atina Inferiore),"Architetti, Costruttori & Home Staging",Atina,Atina Inferiore,Raggio 45km Esperia (Valle di Comino),info@studiotecnicoarchitetturaatinaatinainferiore.it,https://www.studiotecnicoarchitetturaatinaatinainferiore.it,+39 334 308 9759,2026-08-17
ESP-45K-01235,Costruzioni & Restauri Atina (Atina Inferiore),"Architetti, Costruttori & Home Staging",Atina,Atina Inferiore,Raggio 45km Esperia (Valle di Comino),info@costruzionirestauriatinaatinainferiore.it,https://www.costruzionirestauriatinaatinainferiore.it,+39 334 308 9759,2026-08-17
ESP-45K-01236,Tecnocasa Atina (Ponte Melfa),Agenzia Immobiliare & Agenti,Atina,Ponte Melfa,Raggio 45km Esperia (Valle di Comino),info@tecnocasaatinapontemelfa.it,https://www.tecnocasaatinapontemelfa.it,+39 334 308 9759,2026-08-17
ESP-45K-01237,Tempocasa Atina (Ponte Melfa),Agenzia Immobiliare & Agenti,Atina,Ponte Melfa,Raggio 45km Esperia (Valle di Comino),info@tempocasaatinapontemelfa.it,https://www.tempocasaatinapontemelfa.it,+39 334 308 9759,2026-08-17
ESP-45K-01238,Gabetti Atina (Ponte Melfa),Agenzia Immobiliare & Agenti,Atina,Ponte Melfa,Raggio 45km Esperia (Valle di Comino),info@gabettiatinapontemelfa.it,https://www.gabettiatinapontemelfa.it,+39 334 308 9759,2026-08-17
ESP-45K-01239,Toscano Atina (Ponte Melfa),Agenzia Immobiliare & Agenti,Atina,Ponte Melfa,Raggio 45km Esperia (Valle di Comino),info@toscanoatinapontemelfa.it,https://www.toscanoatinapontemelfa.it,+39 334 308 9759,2026-08-17
ESP-45K-01240,Atina Ponte Melfa - Holiday Home,"Host Airbnb, B&B & Case Vacanza",Atina,Ponte Melfa,Raggio 45km Esperia (Valle di Comino),info@atinapontemelfaholidayhome.it,https://www.atinapontemelfaholidayhome.it,+39 334 308 9759,2026-08-17
ESP-45K-01241,Atina Ponte Melfa - Sea View Suites,"Host Airbnb, B&B & Case Vacanza",Atina,Ponte Melfa,Raggio 45km Esperia (Valle di Comino),info@atinapontemelfaseaviewsuites.it,https://www.atinapontemelfaseaviewsuites.it,+39 334 308 9759,2026-08-17
ESP-45K-01242,Atina Ponte Melfa - Dimora di Charme,"Host Airbnb, B&B & Case Vacanza",Atina,Ponte Melfa,Raggio 45km Esperia (Valle di Comino),info@atinapontemelfadimoradicharme.it,https://www.atinapontemelfadimoradicharme.it,+39 334 308 9759,2026-08-17
ESP-45K-01243,Atina Ponte Melfa - Relais con Vista,"Host Airbnb, B&B & Case Vacanza",Atina,Ponte Melfa,Raggio 45km Esperia (Valle di Comino),info@atinapontemelfarelaisconvista.it,https://www.atinapontemelfarelaisconvista.it,+39 334 308 9759,2026-08-17
ESP-45K-01244,Atina Ponte Melfa - Boutique Apartment,"Host Airbnb, B&B & Case Vacanza",Atina,Ponte Melfa,Raggio 45km Esperia (Valle di Comino),info@atinapontemelfaboutiqueapartment.it,https://www.atinapontemelfaboutiqueapartment.it,+39 334 308 9759,2026-08-17
ESP-45K-01245,Property Management Atina,Property Manager & Affitti Brevi,Atina,Ponte Melfa,Raggio 45km Esperia (Valle di Comino),info@propertymanagementatina.it,https://www.propertymanagementatina.it,+39 334 308 9759,2026-08-17
ESP-45K-01246,Short Lets & Co-Host Atina,Property Manager & Affitti Brevi,Atina,Ponte Melfa,Raggio 45km Esperia (Valle di Comino),info@shortletscohostatina.it,https://www.shortletscohostatina.it,+39 334 308 9759,2026-08-17
ESP-45K-01247,Studio Tecnico Architettura Atina (Ponte Melfa),"Architetti, Costruttori & Home Staging",Atina,Ponte Melfa,Raggio 45km Esperia (Valle di Comino),info@studiotecnicoarchitetturaatinapontemelfa.it,https://www.studiotecnicoarchitetturaatinapontemelfa.it,+39 334 308 9759,2026-08-17
ESP-45K-01248,Costruzioni & Restauri Atina (Ponte Melfa),"Architetti, Costruttori & Home Staging",Atina,Ponte Melfa,Raggio 45km Esperia (Valle di Comino),info@costruzionirestauriatinapontemelfa.it,https://www.costruzionirestauriatinapontemelfa.it,+39 334 308 9759,2026-08-17
ESP-45K-01249,Tecnocasa Sessa Aurunca (Centro Storico),Agenzia Immobiliare & Agenti,Sessa Aurunca,Centro Storico,Raggio 45km Esperia (Alto Casertano / Mare),info@tecnocasasessaauruncacentrostorico.it,https://www.tecnocasasessaauruncacentrostorico.it,+39 334 308 9759,2026-08-17
ESP-45K-01250,Tempocasa Sessa Aurunca (Centro Storico),Agenzia Immobiliare & Agenti,Sessa Aurunca,Centro Storico,Raggio 45km Esperia (Alto Casertano / Mare),info@tempocasasessaauruncacentrostorico.it,https://www.tempocasasessaauruncacentrostorico.it,+39 334 308 9759,2026-08-17
ESP-45K-01251,Gabetti Sessa Aurunca (Centro Storico),Agenzia Immobiliare & Agenti,Sessa Aurunca,Centro Storico,Raggio 45km Esperia (Alto Casertano / Mare),info@gabettisessaauruncacentrostorico.it,https://www.gabettisessaauruncacentrostorico.it,+39 334 308 9759,2026-08-17
ESP-45K-01252,Toscano Sessa Aurunca (Centro Storico),Agenzia Immobiliare & Agenti,Sessa Aurunca,Centro Storico,Raggio 45km Esperia (Alto Casertano / Mare),info@toscanosessaauruncacentrostorico.it,https://www.toscanosessaauruncacentrostorico.it,+39 334 308 9759,2026-08-17
ESP-45K-01253,Sessa Aurunca Centro Storico - Holiday Home,"Host Airbnb, B&B & Case Vacanza",Sessa Aurunca,Centro Storico,Raggio 45km Esperia (Alto Casertano / Mare),info@sessaauruncacentrostoricoholidayhome.it,https://www.sessaauruncacentrostoricoholidayhome.it,+39 334 308 9759,2026-08-17
ESP-45K-01254,Sessa Aurunca Centro Storico - Sea View Suites,"Host Airbnb, B&B & Case Vacanza",Sessa Aurunca,Centro Storico,Raggio 45km Esperia (Alto Casertano / Mare),info@sessaauruncacentrostoricoseaviewsuites.it,https://www.sessaauruncacentrostoricoseaviewsuites.it,+39 334 308 9759,2026-08-17
ESP-45K-01255,Sessa Aurunca Centro Storico - Dimora di Charme,"Host Airbnb, B&B & Case Vacanza",Sessa Aurunca,Centro Storico,Raggio 45km Esperia (Alto Casertano / Mare),info@sessaauruncacentrostoricodimoradicharme.it,https://www.sessaauruncacentrostoricodimoradicharme.it,+39 334 308 9759,2026-08-17
ESP-45K-01256,Sessa Aurunca Centro Storico - Relais con Vista,"Host Airbnb, B&B & Case Vacanza",Sessa Aurunca,Centro Storico,Raggio 45km Esperia (Alto Casertano / Mare),info@sessaauruncacentrostoricorelaisconvista.it,https://www.sessaauruncacentrostoricorelaisconvista.it,+39 334 308 9759,2026-08-17
ESP-45K-01257,Sessa Aurunca Centro Storico - Boutique Apartment,"Host Airbnb, B&B & Case Vacanza",Sessa Aurunca,Centro Storico,Raggio 45km Esperia (Alto Casertano / Mare),info@sessaauruncacentrostoricoboutiqueapartment.it,https://www.sessaauruncacentrostoricoboutiqueapartment.it,+39 334 308 9759,2026-08-17
ESP-45K-01258,Property Management Sessa Aurunca,Property Manager & Affitti Brevi,Sessa Aurunca,Centro Storico,Raggio 45km Esperia (Alto Casertano / Mare),info@propertymanagementsessaaurunca.it,https://www.propertymanagementsessaaurunca.it,+39 334 308 9759,2026-08-17
ESP-45K-01259,Short Lets & Co-Host Sessa Aurunca,Property Manager & Affitti Brevi,Sessa Aurunca,Centro Storico,Raggio 45km Esperia (Alto Casertano / Mare),info@shortletscohostsessaaurunca.it,https://www.shortletscohostsessaaurunca.it,+39 334 308 9759,2026-08-17
ESP-45K-01260,Studio Tecnico Architettura Sessa Aurunca (Centro Storico),"Architetti, Costruttori & Home Staging",Sessa Aurunca,Centro Storico,Raggio 45km Esperia (Alto Casertano / Mare),info@studiotecnicoarchitetturasessaauruncacentrostorico.it,https://www.studiotecnicoarchitetturasessaauruncacentrostorico.it,+39 334 308 9759,2026-08-17
ESP-45K-01261,Costruzioni & Restauri Sessa Aurunca (Centro Storico),"Architetti, Costruttori & Home Staging",Sessa Aurunca,Centro Storico,Raggio 45km Esperia (Alto Casertano / Mare),info@costruzionirestaurisessaauruncacentrostorico.it,https://www.costruzionirestaurisessaauruncacentrostorico.it,+39 334 308 9759,2026-08-17
ESP-45K-01262,Tecnocasa Sessa Aurunca (Baia Domizia Nord),Agenzia Immobiliare & Agenti,Sessa Aurunca,Baia Domizia Nord,Raggio 45km Esperia (Alto Casertano / Mare),info@tecnocasasessaauruncabaiadomizianord.it,https://www.tecnocasasessaauruncabaiadomizianord.it,+39 334 308 9759,2026-08-17
ESP-45K-01263,Tempocasa Sessa Aurunca (Baia Domizia Nord),Agenzia Immobiliare & Agenti,Sessa Aurunca,Baia Domizia Nord,Raggio 45km Esperia (Alto Casertano / Mare),info@tempocasasessaauruncabaiadomizianord.it,https://www.tempocasasessaauruncabaiadomizianord.it,+39 334 308 9759,2026-08-17
ESP-45K-01264,Gabetti Sessa Aurunca (Baia Domizia Nord),Agenzia Immobiliare & Agenti,Sessa Aurunca,Baia Domizia Nord,Raggio 45km Esperia (Alto Casertano / Mare),info@gabettisessaauruncabaiadomizianord.it,https://www.gabettisessaauruncabaiadomizianord.it,+39 334 308 9759,2026-08-17
ESP-45K-01265,Toscano Sessa Aurunca (Baia Domizia Nord),Agenzia Immobiliare & Agenti,Sessa Aurunca,Baia Domizia Nord,Raggio 45km Esperia (Alto Casertano / Mare),info@toscanosessaauruncabaiadomizianord.it,https://www.toscanosessaauruncabaiadomizianord.it,+39 334 308 9759,2026-08-17
ESP-45K-01266,Sessa Aurunca Baia Domizia Nord - Holiday Home,"Host Airbnb, B&B & Case Vacanza",Sessa Aurunca,Baia Domizia Nord,Raggio 45km Esperia (Alto Casertano / Mare),info@sessaauruncabaiadomizianordholidayhome.it,https://www.sessaauruncabaiadomizianordholidayhome.it,+39 334 308 9759,2026-08-17
ESP-45K-01267,Sessa Aurunca Baia Domizia Nord - Sea View Suites,"Host Airbnb, B&B & Case Vacanza",Sessa Aurunca,Baia Domizia Nord,Raggio 45km Esperia (Alto Casertano / Mare),info@sessaauruncabaiadomizianordseaviewsuites.it,https://www.sessaauruncabaiadomizianordseaviewsuites.it,+39 334 308 9759,2026-08-17
ESP-45K-01268,Sessa Aurunca Baia Domizia Nord - Dimora di Charme,"Host Airbnb, B&B & Case Vacanza",Sessa Aurunca,Baia Domizia Nord,Raggio 45km Esperia (Alto Casertano / Mare),info@sessaauruncabaiadomizianorddimoradicharme.it,https://www.sessaauruncabaiadomizianorddimoradicharme.it,+39 334 308 9759,2026-08-17
ESP-45K-01269,Sessa Aurunca Baia Domizia Nord - Relais con Vista,"Host Airbnb, B&B & Case Vacanza",Sessa Aurunca,Baia Domizia Nord,Raggio 45km Esperia (Alto Casertano / Mare),info@sessaauruncabaiadomizianordrelaisconvista.it,https://www.sessaauruncabaiadomizianordrelaisconvista.it,+39 334 308 9759,2026-08-17
ESP-45K-01270,Sessa Aurunca Baia Domizia Nord - Boutique Apartment,"Host Airbnb, B&B & Case Vacanza",Sessa Aurunca,Baia Domizia Nord,Raggio 45km Esperia (Alto Casertano / Mare),info@sessaauruncabaiadomizianordboutiqueapartment.it,https://www.sessaauruncabaiadomizianordboutiqueapartment.it,+39 334 308 9759,2026-08-17
ESP-45K-01271,Property Management Sessa Aurunca,Property Manager & Affitti Brevi,Sessa Aurunca,Baia Domizia Nord,Raggio 45km Esperia (Alto Casertano / Mare),info@propertymanagementsessaaurunca.it,https://www.propertymanagementsessaaurunca.it,+39 334 308 9759,2026-08-17
ESP-45K-01272,Short Lets & Co-Host Sessa Aurunca,Property Manager & Affitti Brevi,Sessa Aurunca,Baia Domizia Nord,Raggio 45km Esperia (Alto Casertano / Mare),info@shortletscohostsessaaurunca.it,https://www.shortletscohostsessaaurunca.it,+39 334 308 9759,2026-08-17
ESP-45K-01273,Studio Tecnico Architettura Sessa Aurunca (Baia Domizia Nord),"Architetti, Costruttori & Home Staging",Sessa Aurunca,Baia Domizia Nord,Raggio 45km Esperia (Alto Casertano / Mare),info@studiotecnicoarchitetturasessaauruncabaiadomizianord.it,https://www.studiotecnicoarchitetturasessaauruncabaiadomizianord.it,+39 334 308 9759,2026-08-17
ESP-45K-01274,Costruzioni & Restauri Sessa Aurunca (Baia Domizia Nord),"Architetti, Costruttori & Home Staging",Sessa Aurunca,Baia Domizia Nord,Raggio 45km Esperia (Alto Casertano / Mare),info@costruzionirestaurisessaauruncabaiadomizianord.it,https://www.costruzionirestaurisessaauruncabaiadomizianord.it,+39 334 308 9759,2026-08-17
ESP-45K-01275,Tecnocasa Sessa Aurunca (Roccamonfina Bivio),Agenzia Immobiliare & Agenti,Sessa Aurunca,Roccamonfina Bivio,Raggio 45km Esperia (Alto Casertano / Mare),info@tecnocasasessaauruncaroccamonfinabivio.it,https://www.tecnocasasessaauruncaroccamonfinabivio.it,+39 334 308 9759,2026-08-17
ESP-45K-01276,Tempocasa Sessa Aurunca (Roccamonfina Bivio),Agenzia Immobiliare & Agenti,Sessa Aurunca,Roccamonfina Bivio,Raggio 45km Esperia (Alto Casertano / Mare),info@tempocasasessaauruncaroccamonfinabivio.it,https://www.tempocasasessaauruncaroccamonfinabivio.it,+39 334 308 9759,2026-08-17
ESP-45K-01277,Gabetti Sessa Aurunca (Roccamonfina Bivio),Agenzia Immobiliare & Agenti,Sessa Aurunca,Roccamonfina Bivio,Raggio 45km Esperia (Alto Casertano / Mare),info@gabettisessaauruncaroccamonfinabivio.it,https://www.gabettisessaauruncaroccamonfinabivio.it,+39 334 308 9759,2026-08-17
ESP-45K-01278,Toscano Sessa Aurunca (Roccamonfina Bivio),Agenzia Immobiliare & Agenti,Sessa Aurunca,Roccamonfina Bivio,Raggio 45km Esperia (Alto Casertano / Mare),info@toscanosessaauruncaroccamonfinabivio.it,https://www.toscanosessaauruncaroccamonfinabivio.it,+39 334 308 9759,2026-08-17
ESP-45K-01279,Sessa Aurunca Roccamonfina Bivio - Holiday Home,"Host Airbnb, B&B & Case Vacanza",Sessa Aurunca,Roccamonfina Bivio,Raggio 45km Esperia (Alto Casertano / Mare),info@sessaauruncaroccamonfinabivioholidayhome.it,https://www.sessaauruncaroccamonfinabivioholidayhome.it,+39 334 308 9759,2026-08-17
ESP-45K-01280,Sessa Aurunca Roccamonfina Bivio - Sea View Suites,"Host Airbnb, B&B & Case Vacanza",Sessa Aurunca,Roccamonfina Bivio,Raggio 45km Esperia (Alto Casertano / Mare),info@sessaauruncaroccamonfinabivioseaviewsuites.it,https://www.sessaauruncaroccamonfinabivioseaviewsuites.it,+39 334 308 9759,2026-08-17
ESP-45K-01281,Sessa Aurunca Roccamonfina Bivio - Dimora di Charme,"Host Airbnb, B&B & Case Vacanza",Sessa Aurunca,Roccamonfina Bivio,Raggio 45km Esperia (Alto Casertano / Mare),info@sessaauruncaroccamonfinabiviodimoradicharme.it,https://www.sessaauruncaroccamonfinabiviodimoradicharme.it,+39 334 308 9759,2026-08-17
ESP-45K-01282,Sessa Aurunca Roccamonfina Bivio - Relais con Vista,"Host Airbnb, B&B & Case Vacanza",Sessa Aurunca,Roccamonfina Bivio,Raggio 45km Esperia (Alto Casertano / Mare),info@sessaauruncaroccamonfinabiviorelaisconvista.it,https://www.sessaauruncaroccamonfinabiviorelaisconvista.it,+39 334 308 9759,2026-08-17
ESP-45K-01283,Sessa Aurunca Roccamonfina Bivio - Boutique Apartment,"Host Airbnb, B&B & Case Vacanza",Sessa Aurunca,Roccamonfina Bivio,Raggio 45km Esperia (Alto Casertano / Mare),info@sessaauruncaroccamonfinabivioboutiqueapartment.it,https://www.sessaauruncaroccamonfinabivioboutiqueapartment.it,+39 334 308 9759,2026-08-17
ESP-45K-01284,Property Management Sessa Aurunca,Property Manager & Affitti Brevi,Sessa Aurunca,Roccamonfina Bivio,Raggio 45km Esperia (Alto Casertano / Mare),info@propertymanagementsessaaurunca.it,https://www.propertymanagementsessaaurunca.it,+39 334 308 9759,2026-08-17
ESP-45K-01285,Short Lets & Co-Host Sessa Aurunca,Property Manager & Affitti Brevi,Sessa Aurunca,Roccamonfina Bivio,Raggio 45km Esperia (Alto Casertano / Mare),info@shortletscohostsessaaurunca.it,https://www.shortletscohostsessaaurunca.it,+39 334 308 9759,2026-08-17
ESP-45K-01286,Studio Tecnico Architettura Sessa Aurunca (Roccamonfina Bivio),"Architetti, Costruttori & Home Staging",Sessa Aurunca,Roccamonfina Bivio,Raggio 45km Esperia (Alto Casertano / Mare),info@studiotecnicoarchitetturasessaauruncaroccamonfinabivio.it,https://www.studiotecnicoarchitetturasessaauruncaroccamonfinabivio.it,+39 334 308 9759,2026-08-17
ESP-45K-01287,Costruzioni & Restauri Sessa Aurunca (Roccamonfina Bivio),"Architetti, Costruttori & Home Staging",Sessa Aurunca,Roccamonfina Bivio,Raggio 45km Esperia (Alto Casertano / Mare),info@costruzionirestaurisessaauruncaroccamonfinabivio.it,https://www.costruzionirestaurisessaauruncaroccamonfinabivio.it,+39 334 308 9759,2026-08-17
ESP-45K-01288,Tecnocasa Sessa Aurunca (San Carlo),Agenzia Immobiliare & Agenti,Sessa Aurunca,San Carlo,Raggio 45km Esperia (Alto Casertano / Mare),info@tecnocasasessaauruncasancarlo.it,https://www.tecnocasasessaauruncasancarlo.it,+39 334 308 9759,2026-08-17
ESP-45K-01289,Tempocasa Sessa Aurunca (San Carlo),Agenzia Immobiliare & Agenti,Sessa Aurunca,San Carlo,Raggio 45km Esperia (Alto Casertano / Mare),info@tempocasasessaauruncasancarlo.it,https://www.tempocasasessaauruncasancarlo.it,+39 334 308 9759,2026-08-17
ESP-45K-01290,Gabetti Sessa Aurunca (San Carlo),Agenzia Immobiliare & Agenti,Sessa Aurunca,San Carlo,Raggio 45km Esperia (Alto Casertano / Mare),info@gabettisessaauruncasancarlo.it,https://www.gabettisessaauruncasancarlo.it,+39 334 308 9759,2026-08-17
ESP-45K-01291,Toscano Sessa Aurunca (San Carlo),Agenzia Immobiliare & Agenti,Sessa Aurunca,San Carlo,Raggio 45km Esperia (Alto Casertano / Mare),info@toscanosessaauruncasancarlo.it,https://www.toscanosessaauruncasancarlo.it,+39 334 308 9759,2026-08-17
ESP-45K-01292,Sessa Aurunca San Carlo - Holiday Home,"Host Airbnb, B&B & Case Vacanza",Sessa Aurunca,San Carlo,Raggio 45km Esperia (Alto Casertano / Mare),info@sessaauruncasancarloholidayhome.it,https://www.sessaauruncasancarloholidayhome.it,+39 334 308 9759,2026-08-17
ESP-45K-01293,Sessa Aurunca San Carlo - Sea View Suites,"Host Airbnb, B&B & Case Vacanza",Sessa Aurunca,San Carlo,Raggio 45km Esperia (Alto Casertano / Mare),info@sessaauruncasancarloseaviewsuites.it,https://www.sessaauruncasancarloseaviewsuites.it,+39 334 308 9759,2026-08-17
ESP-45K-01294,Sessa Aurunca San Carlo - Dimora di Charme,"Host Airbnb, B&B & Case Vacanza",Sessa Aurunca,San Carlo,Raggio 45km Esperia (Alto Casertano / Mare),info@sessaauruncasancarlodimoradicharme.it,https://www.sessaauruncasancarlodimoradicharme.it,+39 334 308 9759,2026-08-17
ESP-45K-01295,Sessa Aurunca San Carlo - Relais con Vista,"Host Airbnb, B&B & Case Vacanza",Sessa Aurunca,San Carlo,Raggio 45km Esperia (Alto Casertano / Mare),info@sessaauruncasancarlorelaisconvista.it,https://www.sessaauruncasancarlorelaisconvista.it,+39 334 308 9759,2026-08-17
ESP-45K-01296,Sessa Aurunca San Carlo - Boutique Apartment,"Host Airbnb, B&B & Case Vacanza",Sessa Aurunca,San Carlo,Raggio 45km Esperia (Alto Casertano / Mare),info@sessaauruncasancarloboutiqueapartment.it,https://www.sessaauruncasancarloboutiqueapartment.it,+39 334 308 9759,2026-08-17
ESP-45K-01297,Property Management Sessa Aurunca,Property Manager & Affitti Brevi,Sessa Aurunca,San Carlo,Raggio 45km Esperia (Alto Casertano / Mare),info@propertymanagementsessaaurunca.it,https://www.propertymanagementsessaaurunca.it,+39 334 308 9759,2026-08-17
ESP-45K-01298,Short Lets & Co-Host Sessa Aurunca,Property Manager & Affitti Brevi,Sessa Aurunca,San Carlo,Raggio 45km Esperia (Alto Casertano / Mare),info@shortletscohostsessaaurunca.it,https://www.shortletscohostsessaaurunca.it,+39 334 308 9759,2026-08-17
ESP-45K-01299,Studio Tecnico Architettura Sessa Aurunca (San Carlo),"Architetti, Costruttori & Home Staging",Sessa Aurunca,San Carlo,Raggio 45km Esperia (Alto Casertano / Mare),info@studiotecnicoarchitetturasessaauruncasancarlo.it,https://www.studiotecnicoarchitetturasessaauruncasancarlo.it,+39 334 308 9759,2026-08-17
ESP-45K-01300,Costruzioni & Restauri Sessa Aurunca (San Carlo),"Architetti, Costruttori & Home Staging",Sessa Aurunca,San Carlo,Raggio 45km Esperia (Alto Casertano / Mare),info@costruzionirestaurisessaauruncasancarlo.it,https://www.costruzionirestaurisessaauruncasancarlo.it,+39 334 308 9759,2026-08-17
ESP-45K-01301,Tecnocasa Sessa Aurunca (Cascano),Agenzia Immobiliare & Agenti,Sessa Aurunca,Cascano,Raggio 45km Esperia (Alto Casertano / Mare),info@tecnocasasessaauruncacascano.it,https://www.tecnocasasessaauruncacascano.it,+39 334 308 9759,2026-08-17
ESP-45K-01302,Tempocasa Sessa Aurunca (Cascano),Agenzia Immobiliare & Agenti,Sessa Aurunca,Cascano,Raggio 45km Esperia (Alto Casertano / Mare),info@tempocasasessaauruncacascano.it,https://www.tempocasasessaauruncacascano.it,+39 334 308 9759,2026-08-17
ESP-45K-01303,Gabetti Sessa Aurunca (Cascano),Agenzia Immobiliare & Agenti,Sessa Aurunca,Cascano,Raggio 45km Esperia (Alto Casertano / Mare),info@gabettisessaauruncacascano.it,https://www.gabettisessaauruncacascano.it,+39 334 308 9759,2026-08-17
ESP-45K-01304,Toscano Sessa Aurunca (Cascano),Agenzia Immobiliare & Agenti,Sessa Aurunca,Cascano,Raggio 45km Esperia (Alto Casertano / Mare),info@toscanosessaauruncacascano.it,https://www.toscanosessaauruncacascano.it,+39 334 308 9759,2026-08-17
ESP-45K-01305,Sessa Aurunca Cascano - Holiday Home,"Host Airbnb, B&B & Case Vacanza",Sessa Aurunca,Cascano,Raggio 45km Esperia (Alto Casertano / Mare),info@sessaauruncacascanoholidayhome.it,https://www.sessaauruncacascanoholidayhome.it,+39 334 308 9759,2026-08-17
ESP-45K-01306,Sessa Aurunca Cascano - Sea View Suites,"Host Airbnb, B&B & Case Vacanza",Sessa Aurunca,Cascano,Raggio 45km Esperia (Alto Casertano / Mare),info@sessaauruncacascanoseaviewsuites.it,https://www.sessaauruncacascanoseaviewsuites.it,+39 334 308 9759,2026-08-17
ESP-45K-01307,Sessa Aurunca Cascano - Dimora di Charme,"Host Airbnb, B&B & Case Vacanza",Sessa Aurunca,Cascano,Raggio 45km Esperia (Alto Casertano / Mare),info@sessaauruncacascanodimoradicharme.it,https://www.sessaauruncacascanodimoradicharme.it,+39 334 308 9759,2026-08-17
ESP-45K-01308,Sessa Aurunca Cascano - Relais con Vista,"Host Airbnb, B&B & Case Vacanza",Sessa Aurunca,Cascano,Raggio 45km Esperia (Alto Casertano / Mare),info@sessaauruncacascanorelaisconvista.it,https://www.sessaauruncacascanorelaisconvista.it,+39 334 308 9759,2026-08-17
ESP-45K-01309,Sessa Aurunca Cascano - Boutique Apartment,"Host Airbnb, B&B & Case Vacanza",Sessa Aurunca,Cascano,Raggio 45km Esperia (Alto Casertano / Mare),info@sessaauruncacascanoboutiqueapartment.it,https://www.sessaauruncacascanoboutiqueapartment.it,+39 334 308 9759,2026-08-17
ESP-45K-01310,Property Management Sessa Aurunca,Property Manager & Affitti Brevi,Sessa Aurunca,Cascano,Raggio 45km Esperia (Alto Casertano / Mare),info@propertymanagementsessaaurunca.it,https://www.propertymanagementsessaaurunca.it,+39 334 308 9759,2026-08-17
ESP-45K-01311,Short Lets & Co-Host Sessa Aurunca,Property Manager & Affitti Brevi,Sessa Aurunca,Cascano,Raggio 45km Esperia (Alto Casertano / Mare),info@shortletscohostsessaaurunca.it,https://www.shortletscohostsessaaurunca.it,+39 334 308 9759,2026-08-17
ESP-45K-01312,Studio Tecnico Architettura Sessa Aurunca (Cascano),"Architetti, Costruttori & Home Staging",Sessa Aurunca,Cascano,Raggio 45km Esperia (Alto Casertano / Mare),info@studiotecnicoarchitetturasessaauruncacascano.it,https://www.studiotecnicoarchitetturasessaauruncacascano.it,+39 334 308 9759,2026-08-17
ESP-45K-01313,Costruzioni & Restauri Sessa Aurunca (Cascano),"Architetti, Costruttori & Home Staging",Sessa Aurunca,Cascano,Raggio 45km Esperia (Alto Casertano / Mare),info@costruzionirestaurisessaauruncacascano.it,https://www.costruzionirestaurisessaauruncacascano.it,+39 334 308 9759,2026-08-17
ESP-45K-01314,Tecnocasa Cellole (Centro),Agenzia Immobiliare & Agenti,Cellole,Centro,Raggio 45km Esperia (Litorale Domizio),info@tecnocasacellolecentro.it,https://www.tecnocasacellolecentro.it,+39 334 308 9759,2026-08-17
ESP-45K-01315,Tempocasa Cellole (Centro),Agenzia Immobiliare & Agenti,Cellole,Centro,Raggio 45km Esperia (Litorale Domizio),info@tempocasacellolecentro.it,https://www.tempocasacellolecentro.it,+39 334 308 9759,2026-08-17
ESP-45K-01316,Gabetti Cellole (Centro),Agenzia Immobiliare & Agenti,Cellole,Centro,Raggio 45km Esperia (Litorale Domizio),info@gabetticellolecentro.it,https://www.gabetticellolecentro.it,+39 334 308 9759,2026-08-17
ESP-45K-01317,Toscano Cellole (Centro),Agenzia Immobiliare & Agenti,Cellole,Centro,Raggio 45km Esperia (Litorale Domizio),info@toscanocellolecentro.it,https://www.toscanocellolecentro.it,+39 334 308 9759,2026-08-17
ESP-45K-01318,Cellole Centro - Holiday Home,"Host Airbnb, B&B & Case Vacanza",Cellole,Centro,Raggio 45km Esperia (Litorale Domizio),info@cellolecentroholidayhome.it,https://www.cellolecentroholidayhome.it,+39 334 308 9759,2026-08-17
ESP-45K-01319,Cellole Centro - Sea View Suites,"Host Airbnb, B&B & Case Vacanza",Cellole,Centro,Raggio 45km Esperia (Litorale Domizio),info@cellolecentroseaviewsuites.it,https://www.cellolecentroseaviewsuites.it,+39 334 308 9759,2026-08-17
ESP-45K-01320,Cellole Centro - Dimora di Charme,"Host Airbnb, B&B & Case Vacanza",Cellole,Centro,Raggio 45km Esperia (Litorale Domizio),info@cellolecentrodimoradicharme.it,https://www.cellolecentrodimoradicharme.it,+39 334 308 9759,2026-08-17
ESP-45K-01321,Cellole Centro - Relais con Vista,"Host Airbnb, B&B & Case Vacanza",Cellole,Centro,Raggio 45km Esperia (Litorale Domizio),info@cellolecentrorelaisconvista.it,https://www.cellolecentrorelaisconvista.it,+39 334 308 9759,2026-08-17
ESP-45K-01322,Cellole Centro - Boutique Apartment,"Host Airbnb, B&B & Case Vacanza",Cellole,Centro,Raggio 45km Esperia (Litorale Domizio),info@cellolecentroboutiqueapartment.it,https://www.cellolecentroboutiqueapartment.it,+39 334 308 9759,2026-08-17
ESP-45K-01323,Property Management Cellole,Property Manager & Affitti Brevi,Cellole,Centro,Raggio 45km Esperia (Litorale Domizio),info@propertymanagementcellole.it,https://www.propertymanagementcellole.it,+39 334 308 9759,2026-08-17
ESP-45K-01324,Short Lets & Co-Host Cellole,Property Manager & Affitti Brevi,Cellole,Centro,Raggio 45km Esperia (Litorale Domizio),info@shortletscohostcellole.it,https://www.shortletscohostcellole.it,+39 334 308 9759,2026-08-17
ESP-45K-01325,Studio Tecnico Architettura Cellole (Centro),"Architetti, Costruttori & Home Staging",Cellole,Centro,Raggio 45km Esperia (Litorale Domizio),info@studiotecnicoarchitetturacellolecentro.it,https://www.studiotecnicoarchitetturacellolecentro.it,+39 334 308 9759,2026-08-17
ESP-45K-01326,Costruzioni & Restauri Cellole (Centro),"Architetti, Costruttori & Home Staging",Cellole,Centro,Raggio 45km Esperia (Litorale Domizio),info@costruzionirestauricellolecentro.it,https://www.costruzionirestauricellolecentro.it,+39 334 308 9759,2026-08-17
ESP-45K-01327,Tecnocasa Cellole (Baia Domizia Sud),Agenzia Immobiliare & Agenti,Cellole,Baia Domizia Sud,Raggio 45km Esperia (Litorale Domizio),info@tecnocasacellolebaiadomiziasud.it,https://www.tecnocasacellolebaiadomiziasud.it,+39 334 308 9759,2026-08-17
ESP-45K-01328,Tempocasa Cellole (Baia Domizia Sud),Agenzia Immobiliare & Agenti,Cellole,Baia Domizia Sud,Raggio 45km Esperia (Litorale Domizio),info@tempocasacellolebaiadomiziasud.it,https://www.tempocasacellolebaiadomiziasud.it,+39 334 308 9759,2026-08-17
ESP-45K-01329,Gabetti Cellole (Baia Domizia Sud),Agenzia Immobiliare & Agenti,Cellole,Baia Domizia Sud,Raggio 45km Esperia (Litorale Domizio),info@gabetticellolebaiadomiziasud.it,https://www.gabetticellolebaiadomiziasud.it,+39 334 308 9759,2026-08-17
ESP-45K-01330,Toscano Cellole (Baia Domizia Sud),Agenzia Immobiliare & Agenti,Cellole,Baia Domizia Sud,Raggio 45km Esperia (Litorale Domizio),info@toscanocellolebaiadomiziasud.it,https://www.toscanocellolebaiadomiziasud.it,+39 334 308 9759,2026-08-17
ESP-45K-01331,Cellole Baia Domizia Sud - Holiday Home,"Host Airbnb, B&B & Case Vacanza",Cellole,Baia Domizia Sud,Raggio 45km Esperia (Litorale Domizio),info@cellolebaiadomiziasudholidayhome.it,https://www.cellolebaiadomiziasudholidayhome.it,+39 334 308 9759,2026-08-17
ESP-45K-01332,Cellole Baia Domizia Sud - Sea View Suites,"Host Airbnb, B&B & Case Vacanza",Cellole,Baia Domizia Sud,Raggio 45km Esperia (Litorale Domizio),info@cellolebaiadomiziasudseaviewsuites.it,https://www.cellolebaiadomiziasudseaviewsuites.it,+39 334 308 9759,2026-08-17
ESP-45K-01333,Cellole Baia Domizia Sud - Dimora di Charme,"Host Airbnb, B&B & Case Vacanza",Cellole,Baia Domizia Sud,Raggio 45km Esperia (Litorale Domizio),info@cellolebaiadomiziasuddimoradicharme.it,https://www.cellolebaiadomiziasuddimoradicharme.it,+39 334 308 9759,2026-08-17
ESP-45K-01334,Cellole Baia Domizia Sud - Relais con Vista,"Host Airbnb, B&B & Case Vacanza",Cellole,Baia Domizia Sud,Raggio 45km Esperia (Litorale Domizio),info@cellolebaiadomiziasudrelaisconvista.it,https://www.cellolebaiadomiziasudrelaisconvista.it,+39 334 308 9759,2026-08-17
ESP-45K-01335,Cellole Baia Domizia Sud - Boutique Apartment,"Host Airbnb, B&B & Case Vacanza",Cellole,Baia Domizia Sud,Raggio 45km Esperia (Litorale Domizio),info@cellolebaiadomiziasudboutiqueapartment.it,https://www.cellolebaiadomiziasudboutiqueapartment.it,+39 334 308 9759,2026-08-17
ESP-45K-01336,Property Management Cellole,Property Manager & Affitti Brevi,Cellole,Baia Domizia Sud,Raggio 45km Esperia (Litorale Domizio),info@propertymanagementcellole.it,https://www.propertymanagementcellole.it,+39 334 308 9759,2026-08-17
ESP-45K-01337,Short Lets & Co-Host Cellole,Property Manager & Affitti Brevi,Cellole,Baia Domizia Sud,Raggio 45km Esperia (Litorale Domizio),info@shortletscohostcellole.it,https://www.shortletscohostcellole.it,+39 334 308 9759,2026-08-17
ESP-45K-01338,Studio Tecnico Architettura Cellole (Baia Domizia Sud),"Architetti, Costruttori & Home Staging",Cellole,Baia Domizia Sud,Raggio 45km Esperia (Litorale Domizio),info@studiotecnicoarchitetturacellolebaiadomiziasud.it,https://www.studiotecnicoarchitetturacellolebaiadomiziasud.it,+39 334 308 9759,2026-08-17
ESP-45K-01339,Costruzioni & Restauri Cellole (Baia Domizia Sud),"Architetti, Costruttori & Home Staging",Cellole,Baia Domizia Sud,Raggio 45km Esperia (Litorale Domizio),info@costruzionirestauricellolebaiadomiziasud.it,https://www.costruzionirestauricellolebaiadomiziasud.it,+39 334 308 9759,2026-08-17
ESP-45K-01340,Tecnocasa Cellole (Baia Felice),Agenzia Immobiliare & Agenti,Cellole,Baia Felice,Raggio 45km Esperia (Litorale Domizio),info@tecnocasacellolebaiafelice.it,https://www.tecnocasacellolebaiafelice.it,+39 334 308 9759,2026-08-17
ESP-45K-01341,Tempocasa Cellole (Baia Felice),Agenzia Immobiliare & Agenti,Cellole,Baia Felice,Raggio 45km Esperia (Litorale Domizio),info@tempocasacellolebaiafelice.it,https://www.tempocasacellolebaiafelice.it,+39 334 308 9759,2026-08-17
ESP-45K-01342,Gabetti Cellole (Baia Felice),Agenzia Immobiliare & Agenti,Cellole,Baia Felice,Raggio 45km Esperia (Litorale Domizio),info@gabetticellolebaiafelice.it,https://www.gabetticellolebaiafelice.it,+39 334 308 9759,2026-08-17
ESP-45K-01343,Toscano Cellole (Baia Felice),Agenzia Immobiliare & Agenti,Cellole,Baia Felice,Raggio 45km Esperia (Litorale Domizio),info@toscanocellolebaiafelice.it,https://www.toscanocellolebaiafelice.it,+39 334 308 9759,2026-08-17
ESP-45K-01344,Cellole Baia Felice - Holiday Home,"Host Airbnb, B&B & Case Vacanza",Cellole,Baia Felice,Raggio 45km Esperia (Litorale Domizio),info@cellolebaiafeliceholidayhome.it,https://www.cellolebaiafeliceholidayhome.it,+39 334 308 9759,2026-08-17
ESP-45K-01345,Cellole Baia Felice - Sea View Suites,"Host Airbnb, B&B & Case Vacanza",Cellole,Baia Felice,Raggio 45km Esperia (Litorale Domizio),info@cellolebaiafeliceseaviewsuites.it,https://www.cellolebaiafeliceseaviewsuites.it,+39 334 308 9759,2026-08-17
ESP-45K-01346,Cellole Baia Felice - Dimora di Charme,"Host Airbnb, B&B & Case Vacanza",Cellole,Baia Felice,Raggio 45km Esperia (Litorale Domizio),info@cellolebaiafelicedimoradicharme.it,https://www.cellolebaiafelicedimoradicharme.it,+39 334 308 9759,2026-08-17
ESP-45K-01347,Cellole Baia Felice - Relais con Vista,"Host Airbnb, B&B & Case Vacanza",Cellole,Baia Felice,Raggio 45km Esperia (Litorale Domizio),info@cellolebaiafelicerelaisconvista.it,https://www.cellolebaiafelicerelaisconvista.it,+39 334 308 9759,2026-08-17
ESP-45K-01348,Cellole Baia Felice - Boutique Apartment,"Host Airbnb, B&B & Case Vacanza",Cellole,Baia Felice,Raggio 45km Esperia (Litorale Domizio),info@cellolebaiafeliceboutiqueapartment.it,https://www.cellolebaiafeliceboutiqueapartment.it,+39 334 308 9759,2026-08-17
ESP-45K-01349,Property Management Cellole,Property Manager & Affitti Brevi,Cellole,Baia Felice,Raggio 45km Esperia (Litorale Domizio),info@propertymanagementcellole.it,https://www.propertymanagementcellole.it,+39 334 308 9759,2026-08-17
ESP-45K-01350,Short Lets & Co-Host Cellole,Property Manager & Affitti Brevi,Cellole,Baia Felice,Raggio 45km Esperia (Litorale Domizio),info@shortletscohostcellole.it,https://www.shortletscohostcellole.it,+39 334 308 9759,2026-08-17
ESP-45K-01351,Studio Tecnico Architettura Cellole (Baia Felice),"Architetti, Costruttori & Home Staging",Cellole,Baia Felice,Raggio 45km Esperia (Litorale Domizio),info@studiotecnicoarchitetturacellolebaiafelice.it,https://www.studiotecnicoarchitetturacellolebaiafelice.it,+39 334 308 9759,2026-08-17
ESP-45K-01352,Costruzioni & Restauri Cellole (Baia Felice),"Architetti, Costruttori & Home Staging",Cellole,Baia Felice,Raggio 45km Esperia (Litorale Domizio),info@costruzionirestauricellolebaiafelice.it,https://www.costruzionirestauricellolebaiafelice.it,+39 334 308 9759,2026-08-17
