Nome Filiale / Struttura,Brand / Società,Tipologia / Categoria,Città,Quartiere / Micro-Zona,Sito Web,Ricerca LinkedIn
Tecnocasa Roma Centro Storico - Navona,Tecnocasa,Agenzia Immobiliare,Roma,Centro Storico - Navona,https://www.tecnocasa.it,Tecnocasa Roma Centro Storico - Navona LinkedIn
Tecnorete Roma Centro Storico - Navona,Tecnorete,Agenzia Immobiliare,Roma,Centro Storico - Navona,https://www.tecnorete.it,Tecnorete Roma Centro Storico - Navona LinkedIn
Tempocasa Roma Centro Storico - Navona,Tempocasa,Agenzia Immobiliare,Roma,Centro Storico - Navona,https://www.tempocasa.it,Tempocasa Roma Centro Storico - Navona LinkedIn
Toscano Immobiliare Roma Centro Storico - Navona,Toscano Immobiliare,Agenzia Immobiliare,Roma,Centro Storico - Navona,https://www.toscano.it,Toscano Immobiliare Roma Centro Storico - Navona LinkedIn
Gabetti Property Solutions Roma Centro Storico - Navona,Gabetti Property Solutions,Agenzia Immobiliare,Roma,Centro Storico - Navona,https://www.gabetti.it,Gabetti Property Solutions Roma Centro Storico - Navona LinkedIn
RE/MAX Italia Roma Centro Storico - Navona,RE/MAX Italia,Agenzia Immobiliare,Roma,Centro Storico - Navona,https://www.remax.it,RE/MAX Italia Roma Centro Storico - Navona LinkedIn
Grimaldi Immobiliare Roma Centro Storico - Navona,Grimaldi Immobiliare,Agenzia Immobiliare,Roma,Centro Storico - Navona,https://www.grimaldiimmobiliare.it,Grimaldi Immobiliare Roma Centro Storico - Navona LinkedIn
Professionecasa Roma Centro Storico - Navona,Professionecasa,Agenzia Immobiliare,Roma,Centro Storico - Navona,https://www.professionecasa.it,Professionecasa Roma Centro Storico - Navona LinkedIn
Coldwell Banker Roma Centro Storico - Navona,Coldwell Banker,Agenzia Immobiliare,Roma,Centro Storico - Navona,https://www.coldwellbanker.it,Coldwell Banker Roma Centro Storico - Navona LinkedIn
Engel & Völkers Roma Centro Storico - Navona,Engel & Völkers,Agenzia Immobiliare,Roma,Centro Storico - Navona,https://www.engelvoelkers.com,Engel & Völkers Roma Centro Storico - Navona LinkedIn
RockAgent Roma Centro Storico - Navona,RockAgent,Agenzia Immobiliare,Roma,Centro Storico - Navona,https://www.rockagent.it,RockAgent Roma Centro Storico - Navona LinkedIn
Century 21 Roma Centro Storico - Navona,Century 21,Agenzia Immobiliare,Roma,Centro Storico - Navona,https://www.century21.it,Century 21 Roma Centro Storico - Navona LinkedIn
Frimm Immobiliare Roma Centro Storico - Navona,Frimm Immobiliare,Agenzia Immobiliare,Roma,Centro Storico - Navona,https://www.frimm.com,Frimm Immobiliare Roma Centro Storico - Navona LinkedIn
Fondocasa Roma Centro Storico - Navona,Fondocasa,Agenzia Immobiliare,Roma,Centro Storico - Navona,https://www.fondocasa.it,Fondocasa Roma Centro Storico - Navona LinkedIn
CleanBnB Roma Centro Storico - Navona,CleanBnB,Full Property Management Affitti Brevi,Roma,Centro Storico - Navona,https://cleanbnb.net,CleanBnB Roma Centro Storico - Navona LinkedIn
Joivy / Altido Roma Centro Storico - Navona,Joivy / Altido,Co-Living & Vacation Rental Management,Roma,Centro Storico - Navona,https://www.joivy.com,Joivy / Altido Roma Centro Storico - Navona LinkedIn
Italianway Roma Centro Storico - Navona,Italianway,Network Gestione Locazioni Turistiche,Roma,Centro Storico - Navona,https://www.italianway.house,Italianway Roma Centro Storico - Navona LinkedIn
Halldis Roma Centro Storico - Navona,Halldis,Corporate & Short Stay Management,Roma,Centro Storico - Navona,https://www.halldis.com,Halldis Roma Centro Storico - Navona LinkedIn
iFlat Roma Centro Storico - Navona,iFlat,Luxury & Boutique Property Management,Roma,Centro Storico - Navona,https://iflat.it,iFlat Roma Centro Storico - Navona LinkedIn
Varental Roma Centro Storico - Navona,Varental,Revenue & Short Rental Management,Roma,Centro Storico - Navona,https://varental.it,Varental Roma Centro Storico - Navona LinkedIn
My Extra Home Roma Centro Storico - Navona,My Extra Home,Boutique Vacation Rental Mgmt,Roma,Centro Storico - Navona,https://myextrahome.com,My Extra Home Roma Centro Storico - Navona LinkedIn
Rome Key Apartments Roma Centro Storico - Navona,Rome Key Apartments,Property Management Turistico,Roma,Centro Storico - Navona,https://romekeyapartments.com,Rome Key Apartments Roma Centro Storico - Navona LinkedIn
Rome City Rentals Roma Centro Storico - Navona,Rome City Rentals,Short-Term Rental Management,Roma,Centro Storico - Navona,https://romecityrentals.com,Rome City Rentals Roma Centro Storico - Navona LinkedIn
Homeity Roma Centro Storico - Navona,Homeity,Full Property Management,Roma,Centro Storico - Navona,https://homeity.it,Homeity Roma Centro Storico - Navona LinkedIn
Tecnocasa Roma Centro Storico - Pantheon,Tecnocasa,Agenzia Immobiliare,Roma,Centro Storico - Pantheon,https://www.tecnocasa.it,Tecnocasa Roma Centro Storico - Pantheon LinkedIn
Tecnorete Roma Centro Storico - Pantheon,Tecnorete,Agenzia Immobiliare,Roma,Centro Storico - Pantheon,https://www.tecnorete.it,Tecnorete Roma Centro Storico - Pantheon LinkedIn
Tempocasa Roma Centro Storico - Pantheon,Tempocasa,Agenzia Immobiliare,Roma,Centro Storico - Pantheon,https://www.tempocasa.it,Tempocasa Roma Centro Storico - Pantheon LinkedIn
Toscano Immobiliare Roma Centro Storico - Pantheon,Toscano Immobiliare,Agenzia Immobiliare,Roma,Centro Storico - Pantheon,https://www.toscano.it,Toscano Immobiliare Roma Centro Storico - Pantheon LinkedIn
Gabetti Property Solutions Roma Centro Storico - Pantheon,Gabetti Property Solutions,Agenzia Immobiliare,Roma,Centro Storico - Pantheon,https://www.gabetti.it,Gabetti Property Solutions Roma Centro Storico - Pantheon LinkedIn
RE/MAX Italia Roma Centro Storico - Pantheon,RE/MAX Italia,Agenzia Immobiliare,Roma,Centro Storico - Pantheon,https://www.remax.it,RE/MAX Italia Roma Centro Storico - Pantheon LinkedIn
Grimaldi Immobiliare Roma Centro Storico - Pantheon,Grimaldi Immobiliare,Agenzia Immobiliare,Roma,Centro Storico - Pantheon,https://www.grimaldiimmobiliare.it,Grimaldi Immobiliare Roma Centro Storico - Pantheon LinkedIn
Professionecasa Roma Centro Storico - Pantheon,Professionecasa,Agenzia Immobiliare,Roma,Centro Storico - Pantheon,https://www.professionecasa.it,Professionecasa Roma Centro Storico - Pantheon LinkedIn
Coldwell Banker Roma Centro Storico - Pantheon,Coldwell Banker,Agenzia Immobiliare,Roma,Centro Storico - Pantheon,https://www.coldwellbanker.it,Coldwell Banker Roma Centro Storico - Pantheon LinkedIn
Engel & Völkers Roma Centro Storico - Pantheon,Engel & Völkers,Agenzia Immobiliare,Roma,Centro Storico - Pantheon,https://www.engelvoelkers.com,Engel & Völkers Roma Centro Storico - Pantheon LinkedIn
RockAgent Roma Centro Storico - Pantheon,RockAgent,Agenzia Immobiliare,Roma,Centro Storico - Pantheon,https://www.rockagent.it,RockAgent Roma Centro Storico - Pantheon LinkedIn
Century 21 Roma Centro Storico - Pantheon,Century 21,Agenzia Immobiliare,Roma,Centro Storico - Pantheon,https://www.century21.it,Century 21 Roma Centro Storico - Pantheon LinkedIn
Frimm Immobiliare Roma Centro Storico - Pantheon,Frimm Immobiliare,Agenzia Immobiliare,Roma,Centro Storico - Pantheon,https://www.frimm.com,Frimm Immobiliare Roma Centro Storico - Pantheon LinkedIn
Fondocasa Roma Centro Storico - Pantheon,Fondocasa,Agenzia Immobiliare,Roma,Centro Storico - Pantheon,https://www.fondocasa.it,Fondocasa Roma Centro Storico - Pantheon LinkedIn
CleanBnB Roma Centro Storico - Pantheon,CleanBnB,Full Property Management Affitti Brevi,Roma,Centro Storico - Pantheon,https://cleanbnb.net,CleanBnB Roma Centro Storico - Pantheon LinkedIn
Joivy / Altido Roma Centro Storico - Pantheon,Joivy / Altido,Co-Living & Vacation Rental Management,Roma,Centro Storico - Pantheon,https://www.joivy.com,Joivy / Altido Roma Centro Storico - Pantheon LinkedIn
Italianway Roma Centro Storico - Pantheon,Italianway,Network Gestione Locazioni Turistiche,Roma,Centro Storico - Pantheon,https://www.italianway.house,Italianway Roma Centro Storico - Pantheon LinkedIn
Halldis Roma Centro Storico - Pantheon,Halldis,Corporate & Short Stay Management,Roma,Centro Storico - Pantheon,https://www.halldis.com,Halldis Roma Centro Storico - Pantheon LinkedIn
iFlat Roma Centro Storico - Pantheon,iFlat,Luxury & Boutique Property Management,Roma,Centro Storico - Pantheon,https://iflat.it,iFlat Roma Centro Storico - Pantheon LinkedIn
Varental Roma Centro Storico - Pantheon,Varental,Revenue & Short Rental Management,Roma,Centro Storico - Pantheon,https://varental.it,Varental Roma Centro Storico - Pantheon LinkedIn
My Extra Home Roma Centro Storico - Pantheon,My Extra Home,Boutique Vacation Rental Mgmt,Roma,Centro Storico - Pantheon,https://myextrahome.com,My Extra Home Roma Centro Storico - Pantheon LinkedIn
Rome Key Apartments Roma Centro Storico - Pantheon,Rome Key Apartments,Property Management Turistico,Roma,Centro Storico - Pantheon,https://romekeyapartments.com,Rome Key Apartments Roma Centro Storico - Pantheon LinkedIn
Rome City Rentals Roma Centro Storico - Pantheon,Rome City Rentals,Short-Term Rental Management,Roma,Centro Storico - Pantheon,https://romecityrentals.com,Rome City Rentals Roma Centro Storico - Pantheon LinkedIn
Homeity Roma Centro Storico - Pantheon,Homeity,Full Property Management,Roma,Centro Storico - Pantheon,https://homeity.it,Homeity Roma Centro Storico - Pantheon LinkedIn
Tecnocasa Roma Centro Storico - Campo de Fiori,Tecnocasa,Agenzia Immobiliare,Roma,Centro Storico - Campo de Fiori,https://www.tecnocasa.it,Tecnocasa Roma Centro Storico - Campo de Fiori LinkedIn
Tecnorete Roma Centro Storico - Campo de Fiori,Tecnorete,Agenzia Immobiliare,Roma,Centro Storico - Campo de Fiori,https://www.tecnorete.it,Tecnorete Roma Centro Storico - Campo de Fiori LinkedIn
Tempocasa Roma Centro Storico - Campo de Fiori,Tempocasa,Agenzia Immobiliare,Roma,Centro Storico - Campo de Fiori,https://www.tempocasa.it,Tempocasa Roma Centro Storico - Campo de Fiori LinkedIn
Toscano Immobiliare Roma Centro Storico - Campo de Fiori,Toscano Immobiliare,Agenzia Immobiliare,Roma,Centro Storico - Campo de Fiori,https://www.toscano.it,Toscano Immobiliare Roma Centro Storico - Campo de Fiori LinkedIn
Gabetti Property Solutions Roma Centro Storico - Campo de Fiori,Gabetti Property Solutions,Agenzia Immobiliare,Roma,Centro Storico - Campo de Fiori,https://www.gabetti.it,Gabetti Property Solutions Roma Centro Storico - Campo de Fiori LinkedIn
RE/MAX Italia Roma Centro Storico - Campo de Fiori,RE/MAX Italia,Agenzia Immobiliare,Roma,Centro Storico - Campo de Fiori,https://www.remax.it,RE/MAX Italia Roma Centro Storico - Campo de Fiori LinkedIn
Grimaldi Immobiliare Roma Centro Storico - Campo de Fiori,Grimaldi Immobiliare,Agenzia Immobiliare,Roma,Centro Storico - Campo de Fiori,https://www.grimaldiimmobiliare.it,Grimaldi Immobiliare Roma Centro Storico - Campo de Fiori LinkedIn
Professionecasa Roma Centro Storico - Campo de Fiori,Professionecasa,Agenzia Immobiliare,Roma,Centro Storico - Campo de Fiori,https://www.professionecasa.it,Professionecasa Roma Centro Storico - Campo de Fiori LinkedIn
Coldwell Banker Roma Centro Storico - Campo de Fiori,Coldwell Banker,Agenzia Immobiliare,Roma,Centro Storico - Campo de Fiori,https://www.coldwellbanker.it,Coldwell Banker Roma Centro Storico - Campo de Fiori LinkedIn
Engel & Völkers Roma Centro Storico - Campo de Fiori,Engel & Völkers,Agenzia Immobiliare,Roma,Centro Storico - Campo de Fiori,https://www.engelvoelkers.com,Engel & Völkers Roma Centro Storico - Campo de Fiori LinkedIn
RockAgent Roma Centro Storico - Campo de Fiori,RockAgent,Agenzia Immobiliare,Roma,Centro Storico - Campo de Fiori,https://www.rockagent.it,RockAgent Roma Centro Storico - Campo de Fiori LinkedIn
Century 21 Roma Centro Storico - Campo de Fiori,Century 21,Agenzia Immobiliare,Roma,Centro Storico - Campo de Fiori,https://www.century21.it,Century 21 Roma Centro Storico - Campo de Fiori LinkedIn
Frimm Immobiliare Roma Centro Storico - Campo de Fiori,Frimm Immobiliare,Agenzia Immobiliare,Roma,Centro Storico - Campo de Fiori,https://www.frimm.com,Frimm Immobiliare Roma Centro Storico - Campo de Fiori LinkedIn
Fondocasa Roma Centro Storico - Campo de Fiori,Fondocasa,Agenzia Immobiliare,Roma,Centro Storico - Campo de Fiori,https://www.fondocasa.it,Fondocasa Roma Centro Storico - Campo de Fiori LinkedIn
CleanBnB Roma Centro Storico - Campo de Fiori,CleanBnB,Full Property Management Affitti Brevi,Roma,Centro Storico - Campo de Fiori,https://cleanbnb.net,CleanBnB Roma Centro Storico - Campo de Fiori LinkedIn
Joivy / Altido Roma Centro Storico - Campo de Fiori,Joivy / Altido,Co-Living & Vacation Rental Management,Roma,Centro Storico - Campo de Fiori,https://www.joivy.com,Joivy / Altido Roma Centro Storico - Campo de Fiori LinkedIn
Italianway Roma Centro Storico - Campo de Fiori,Italianway,Network Gestione Locazioni Turistiche,Roma,Centro Storico - Campo de Fiori,https://www.italianway.house,Italianway Roma Centro Storico - Campo de Fiori LinkedIn
Halldis Roma Centro Storico - Campo de Fiori,Halldis,Corporate & Short Stay Management,Roma,Centro Storico - Campo de Fiori,https://www.halldis.com,Halldis Roma Centro Storico - Campo de Fiori LinkedIn
iFlat Roma Centro Storico - Campo de Fiori,iFlat,Luxury & Boutique Property Management,Roma,Centro Storico - Campo de Fiori,https://iflat.it,iFlat Roma Centro Storico - Campo de Fiori LinkedIn
Varental Roma Centro Storico - Campo de Fiori,Varental,Revenue & Short Rental Management,Roma,Centro Storico - Campo de Fiori,https://varental.it,Varental Roma Centro Storico - Campo de Fiori LinkedIn
My Extra Home Roma Centro Storico - Campo de Fiori,My Extra Home,Boutique Vacation Rental Mgmt,Roma,Centro Storico - Campo de Fiori,https://myextrahome.com,My Extra Home Roma Centro Storico - Campo de Fiori LinkedIn
Rome Key Apartments Roma Centro Storico - Campo de Fiori,Rome Key Apartments,Property Management Turistico,Roma,Centro Storico - Campo de Fiori,https://romekeyapartments.com,Rome Key Apartments Roma Centro Storico - Campo de Fiori LinkedIn
Rome City Rentals Roma Centro Storico - Campo de Fiori,Rome City Rentals,Short-Term Rental Management,Roma,Centro Storico - Campo de Fiori,https://romecityrentals.com,Rome City Rentals Roma Centro Storico - Campo de Fiori LinkedIn
Homeity Roma Centro Storico - Campo de Fiori,Homeity,Full Property Management,Roma,Centro Storico - Campo de Fiori,https://homeity.it,Homeity Roma Centro Storico - Campo de Fiori LinkedIn
Tecnocasa Roma Centro Storico - Spagna,Tecnocasa,Agenzia Immobiliare,Roma,Centro Storico - Spagna,https://www.tecnocasa.it,Tecnocasa Roma Centro Storico - Spagna LinkedIn
Tecnorete Roma Centro Storico - Spagna,Tecnorete,Agenzia Immobiliare,Roma,Centro Storico - Spagna,https://www.tecnorete.it,Tecnorete Roma Centro Storico - Spagna LinkedIn
Tempocasa Roma Centro Storico - Spagna,Tempocasa,Agenzia Immobiliare,Roma,Centro Storico - Spagna,https://www.tempocasa.it,Tempocasa Roma Centro Storico - Spagna LinkedIn
Toscano Immobiliare Roma Centro Storico - Spagna,Toscano Immobiliare,Agenzia Immobiliare,Roma,Centro Storico - Spagna,https://www.toscano.it,Toscano Immobiliare Roma Centro Storico - Spagna LinkedIn
Gabetti Property Solutions Roma Centro Storico - Spagna,Gabetti Property Solutions,Agenzia Immobiliare,Roma,Centro Storico - Spagna,https://www.gabetti.it,Gabetti Property Solutions Roma Centro Storico - Spagna LinkedIn
RE/MAX Italia Roma Centro Storico - Spagna,RE/MAX Italia,Agenzia Immobiliare,Roma,Centro Storico - Spagna,https://www.remax.it,RE/MAX Italia Roma Centro Storico - Spagna LinkedIn
Grimaldi Immobiliare Roma Centro Storico - Spagna,Grimaldi Immobiliare,Agenzia Immobiliare,Roma,Centro Storico - Spagna,https://www.grimaldiimmobiliare.it,Grimaldi Immobiliare Roma Centro Storico - Spagna LinkedIn
Professionecasa Roma Centro Storico - Spagna,Professionecasa,Agenzia Immobiliare,Roma,Centro Storico - Spagna,https://www.professionecasa.it,Professionecasa Roma Centro Storico - Spagna LinkedIn
Coldwell Banker Roma Centro Storico - Spagna,Coldwell Banker,Agenzia Immobiliare,Roma,Centro Storico - Spagna,https://www.coldwellbanker.it,Coldwell Banker Roma Centro Storico - Spagna LinkedIn
Engel & Völkers Roma Centro Storico - Spagna,Engel & Völkers,Agenzia Immobiliare,Roma,Centro Storico - Spagna,https://www.engelvoelkers.com,Engel & Völkers Roma Centro Storico - Spagna LinkedIn
RockAgent Roma Centro Storico - Spagna,RockAgent,Agenzia Immobiliare,Roma,Centro Storico - Spagna,https://www.rockagent.it,RockAgent Roma Centro Storico - Spagna LinkedIn
Century 21 Roma Centro Storico - Spagna,Century 21,Agenzia Immobiliare,Roma,Centro Storico - Spagna,https://www.century21.it,Century 21 Roma Centro Storico - Spagna LinkedIn
Frimm Immobiliare Roma Centro Storico - Spagna,Frimm Immobiliare,Agenzia Immobiliare,Roma,Centro Storico - Spagna,https://www.frimm.com,Frimm Immobiliare Roma Centro Storico - Spagna LinkedIn
Fondocasa Roma Centro Storico - Spagna,Fondocasa,Agenzia Immobiliare,Roma,Centro Storico - Spagna,https://www.fondocasa.it,Fondocasa Roma Centro Storico - Spagna LinkedIn
CleanBnB Roma Centro Storico - Spagna,CleanBnB,Full Property Management Affitti Brevi,Roma,Centro Storico - Spagna,https://cleanbnb.net,CleanBnB Roma Centro Storico - Spagna LinkedIn
Joivy / Altido Roma Centro Storico - Spagna,Joivy / Altido,Co-Living & Vacation Rental Management,Roma,Centro Storico - Spagna,https://www.joivy.com,Joivy / Altido Roma Centro Storico - Spagna LinkedIn
Italianway Roma Centro Storico - Spagna,Italianway,Network Gestione Locazioni Turistiche,Roma,Centro Storico - Spagna,https://www.italianway.house,Italianway Roma Centro Storico - Spagna LinkedIn
Halldis Roma Centro Storico - Spagna,Halldis,Corporate & Short Stay Management,Roma,Centro Storico - Spagna,https://www.halldis.com,Halldis Roma Centro Storico - Spagna LinkedIn
iFlat Roma Centro Storico - Spagna,iFlat,Luxury & Boutique Property Management,Roma,Centro Storico - Spagna,https://iflat.it,iFlat Roma Centro Storico - Spagna LinkedIn
Varental Roma Centro Storico - Spagna,Varental,Revenue & Short Rental Management,Roma,Centro Storico - Spagna,https://varental.it,Varental Roma Centro Storico - Spagna LinkedIn
My Extra Home Roma Centro Storico - Spagna,My Extra Home,Boutique Vacation Rental Mgmt,Roma,Centro Storico - Spagna,https://myextrahome.com,My Extra Home Roma Centro Storico - Spagna LinkedIn
Rome Key Apartments Roma Centro Storico - Spagna,Rome Key Apartments,Property Management Turistico,Roma,Centro Storico - Spagna,https://romekeyapartments.com,Rome Key Apartments Roma Centro Storico - Spagna LinkedIn
Rome City Rentals Roma Centro Storico - Spagna,Rome City Rentals,Short-Term Rental Management,Roma,Centro Storico - Spagna,https://romecityrentals.com,Rome City Rentals Roma Centro Storico - Spagna LinkedIn
Homeity Roma Centro Storico - Spagna,Homeity,Full Property Management,Roma,Centro Storico - Spagna,https://homeity.it,Homeity Roma Centro Storico - Spagna LinkedIn
Tecnocasa Roma Centro Storico - Trevi,Tecnocasa,Agenzia Immobiliare,Roma,Centro Storico - Trevi,https://www.tecnocasa.it,Tecnocasa Roma Centro Storico - Trevi LinkedIn
Tecnorete Roma Centro Storico - Trevi,Tecnorete,Agenzia Immobiliare,Roma,Centro Storico - Trevi,https://www.tecnorete.it,Tecnorete Roma Centro Storico - Trevi LinkedIn
Tempocasa Roma Centro Storico - Trevi,Tempocasa,Agenzia Immobiliare,Roma,Centro Storico - Trevi,https://www.tempocasa.it,Tempocasa Roma Centro Storico - Trevi LinkedIn
Toscano Immobiliare Roma Centro Storico - Trevi,Toscano Immobiliare,Agenzia Immobiliare,Roma,Centro Storico - Trevi,https://www.toscano.it,Toscano Immobiliare Roma Centro Storico - Trevi LinkedIn
Gabetti Property Solutions Roma Centro Storico - Trevi,Gabetti Property Solutions,Agenzia Immobiliare,Roma,Centro Storico - Trevi,https://www.gabetti.it,Gabetti Property Solutions Roma Centro Storico - Trevi LinkedIn
RE/MAX Italia Roma Centro Storico - Trevi,RE/MAX Italia,Agenzia Immobiliare,Roma,Centro Storico - Trevi,https://www.remax.it,RE/MAX Italia Roma Centro Storico - Trevi LinkedIn
Grimaldi Immobiliare Roma Centro Storico - Trevi,Grimaldi Immobiliare,Agenzia Immobiliare,Roma,Centro Storico - Trevi,https://www.grimaldiimmobiliare.it,Grimaldi Immobiliare Roma Centro Storico - Trevi LinkedIn
Professionecasa Roma Centro Storico - Trevi,Professionecasa,Agenzia Immobiliare,Roma,Centro Storico - Trevi,https://www.professionecasa.it,Professionecasa Roma Centro Storico - Trevi LinkedIn
Coldwell Banker Roma Centro Storico - Trevi,Coldwell Banker,Agenzia Immobiliare,Roma,Centro Storico - Trevi,https://www.coldwellbanker.it,Coldwell Banker Roma Centro Storico - Trevi LinkedIn
Engel & Völkers Roma Centro Storico - Trevi,Engel & Völkers,Agenzia Immobiliare,Roma,Centro Storico - Trevi,https://www.engelvoelkers.com,Engel & Völkers Roma Centro Storico - Trevi LinkedIn
RockAgent Roma Centro Storico - Trevi,RockAgent,Agenzia Immobiliare,Roma,Centro Storico - Trevi,https://www.rockagent.it,RockAgent Roma Centro Storico - Trevi LinkedIn
Century 21 Roma Centro Storico - Trevi,Century 21,Agenzia Immobiliare,Roma,Centro Storico - Trevi,https://www.century21.it,Century 21 Roma Centro Storico - Trevi LinkedIn
Frimm Immobiliare Roma Centro Storico - Trevi,Frimm Immobiliare,Agenzia Immobiliare,Roma,Centro Storico - Trevi,https://www.frimm.com,Frimm Immobiliare Roma Centro Storico - Trevi LinkedIn
Fondocasa Roma Centro Storico - Trevi,Fondocasa,Agenzia Immobiliare,Roma,Centro Storico - Trevi,https://www.fondocasa.it,Fondocasa Roma Centro Storico - Trevi LinkedIn
CleanBnB Roma Centro Storico - Trevi,CleanBnB,Full Property Management Affitti Brevi,Roma,Centro Storico - Trevi,https://cleanbnb.net,CleanBnB Roma Centro Storico - Trevi LinkedIn
Joivy / Altido Roma Centro Storico - Trevi,Joivy / Altido,Co-Living & Vacation Rental Management,Roma,Centro Storico - Trevi,https://www.joivy.com,Joivy / Altido Roma Centro Storico - Trevi LinkedIn
Italianway Roma Centro Storico - Trevi,Italianway,Network Gestione Locazioni Turistiche,Roma,Centro Storico - Trevi,https://www.italianway.house,Italianway Roma Centro Storico - Trevi LinkedIn
Halldis Roma Centro Storico - Trevi,Halldis,Corporate & Short Stay Management,Roma,Centro Storico - Trevi,https://www.halldis.com,Halldis Roma Centro Storico - Trevi LinkedIn
iFlat Roma Centro Storico - Trevi,iFlat,Luxury & Boutique Property Management,Roma,Centro Storico - Trevi,https://iflat.it,iFlat Roma Centro Storico - Trevi LinkedIn
Varental Roma Centro Storico - Trevi,Varental,Revenue & Short Rental Management,Roma,Centro Storico - Trevi,https://varental.it,Varental Roma Centro Storico - Trevi LinkedIn
My Extra Home Roma Centro Storico - Trevi,My Extra Home,Boutique Vacation Rental Mgmt,Roma,Centro Storico - Trevi,https://myextrahome.com,My Extra Home Roma Centro Storico - Trevi LinkedIn
Rome Key Apartments Roma Centro Storico - Trevi,Rome Key Apartments,Property Management Turistico,Roma,Centro Storico - Trevi,https://romekeyapartments.com,Rome Key Apartments Roma Centro Storico - Trevi LinkedIn
Rome City Rentals Roma Centro Storico - Trevi,Rome City Rentals,Short-Term Rental Management,Roma,Centro Storico - Trevi,https://romecityrentals.com,Rome City Rentals Roma Centro Storico - Trevi LinkedIn
Homeity Roma Centro Storico - Trevi,Homeity,Full Property Management,Roma,Centro Storico - Trevi,https://homeity.it,Homeity Roma Centro Storico - Trevi LinkedIn
Tecnocasa Roma Centro Storico - Monti,Tecnocasa,Agenzia Immobiliare,Roma,Centro Storico - Monti,https://www.tecnocasa.it,Tecnocasa Roma Centro Storico - Monti LinkedIn
Tecnorete Roma Centro Storico - Monti,Tecnorete,Agenzia Immobiliare,Roma,Centro Storico - Monti,https://www.tecnorete.it,Tecnorete Roma Centro Storico - Monti LinkedIn
Tempocasa Roma Centro Storico - Monti,Tempocasa,Agenzia Immobiliare,Roma,Centro Storico - Monti,https://www.tempocasa.it,Tempocasa Roma Centro Storico - Monti LinkedIn
Toscano Immobiliare Roma Centro Storico - Monti,Toscano Immobiliare,Agenzia Immobiliare,Roma,Centro Storico - Monti,https://www.toscano.it,Toscano Immobiliare Roma Centro Storico - Monti LinkedIn
Gabetti Property Solutions Roma Centro Storico - Monti,Gabetti Property Solutions,Agenzia Immobiliare,Roma,Centro Storico - Monti,https://www.gabetti.it,Gabetti Property Solutions Roma Centro Storico - Monti LinkedIn
RE/MAX Italia Roma Centro Storico - Monti,RE/MAX Italia,Agenzia Immobiliare,Roma,Centro Storico - Monti,https://www.remax.it,RE/MAX Italia Roma Centro Storico - Monti LinkedIn
Grimaldi Immobiliare Roma Centro Storico - Monti,Grimaldi Immobiliare,Agenzia Immobiliare,Roma,Centro Storico - Monti,https://www.grimaldiimmobiliare.it,Grimaldi Immobiliare Roma Centro Storico - Monti LinkedIn
Professionecasa Roma Centro Storico - Monti,Professionecasa,Agenzia Immobiliare,Roma,Centro Storico - Monti,https://www.professionecasa.it,Professionecasa Roma Centro Storico - Monti LinkedIn
Coldwell Banker Roma Centro Storico - Monti,Coldwell Banker,Agenzia Immobiliare,Roma,Centro Storico - Monti,https://www.coldwellbanker.it,Coldwell Banker Roma Centro Storico - Monti LinkedIn
Engel & Völkers Roma Centro Storico - Monti,Engel & Völkers,Agenzia Immobiliare,Roma,Centro Storico - Monti,https://www.engelvoelkers.com,Engel & Völkers Roma Centro Storico - Monti LinkedIn
RockAgent Roma Centro Storico - Monti,RockAgent,Agenzia Immobiliare,Roma,Centro Storico - Monti,https://www.rockagent.it,RockAgent Roma Centro Storico - Monti LinkedIn
Century 21 Roma Centro Storico - Monti,Century 21,Agenzia Immobiliare,Roma,Centro Storico - Monti,https://www.century21.it,Century 21 Roma Centro Storico - Monti LinkedIn
Frimm Immobiliare Roma Centro Storico - Monti,Frimm Immobiliare,Agenzia Immobiliare,Roma,Centro Storico - Monti,https://www.frimm.com,Frimm Immobiliare Roma Centro Storico - Monti LinkedIn
Fondocasa Roma Centro Storico - Monti,Fondocasa,Agenzia Immobiliare,Roma,Centro Storico - Monti,https://www.fondocasa.it,Fondocasa Roma Centro Storico - Monti LinkedIn
CleanBnB Roma Centro Storico - Monti,CleanBnB,Full Property Management Affitti Brevi,Roma,Centro Storico - Monti,https://cleanbnb.net,CleanBnB Roma Centro Storico - Monti LinkedIn
Joivy / Altido Roma Centro Storico - Monti,Joivy / Altido,Co-Living & Vacation Rental Management,Roma,Centro Storico - Monti,https://www.joivy.com,Joivy / Altido Roma Centro Storico - Monti LinkedIn
Italianway Roma Centro Storico - Monti,Italianway,Network Gestione Locazioni Turistiche,Roma,Centro Storico - Monti,https://www.italianway.house,Italianway Roma Centro Storico - Monti LinkedIn
Halldis Roma Centro Storico - Monti,Halldis,Corporate & Short Stay Management,Roma,Centro Storico - Monti,https://www.halldis.com,Halldis Roma Centro Storico - Monti LinkedIn
iFlat Roma Centro Storico - Monti,iFlat,Luxury & Boutique Property Management,Roma,Centro Storico - Monti,https://iflat.it,iFlat Roma Centro Storico - Monti LinkedIn
Varental Roma Centro Storico - Monti,Varental,Revenue & Short Rental Management,Roma,Centro Storico - Monti,https://varental.it,Varental Roma Centro Storico - Monti LinkedIn
My Extra Home Roma Centro Storico - Monti,My Extra Home,Boutique Vacation Rental Mgmt,Roma,Centro Storico - Monti,https://myextrahome.com,My Extra Home Roma Centro Storico - Monti LinkedIn
Rome Key Apartments Roma Centro Storico - Monti,Rome Key Apartments,Property Management Turistico,Roma,Centro Storico - Monti,https://romekeyapartments.com,Rome Key Apartments Roma Centro Storico - Monti LinkedIn
Rome City Rentals Roma Centro Storico - Monti,Rome City Rentals,Short-Term Rental Management,Roma,Centro Storico - Monti,https://romecityrentals.com,Rome City Rentals Roma Centro Storico - Monti LinkedIn
Homeity Roma Centro Storico - Monti,Homeity,Full Property Management,Roma,Centro Storico - Monti,https://homeity.it,Homeity Roma Centro Storico - Monti LinkedIn
Tecnocasa Roma Prati - Cola di Rienzo,Tecnocasa,Agenzia Immobiliare,Roma,Prati - Cola di Rienzo,https://www.tecnocasa.it,Tecnocasa Roma Prati - Cola di Rienzo LinkedIn
Tecnorete Roma Prati - Cola di Rienzo,Tecnorete,Agenzia Immobiliare,Roma,Prati - Cola di Rienzo,https://www.tecnorete.it,Tecnorete Roma Prati - Cola di Rienzo LinkedIn
Tempocasa Roma Prati - Cola di Rienzo,Tempocasa,Agenzia Immobiliare,Roma,Prati - Cola di Rienzo,https://www.tempocasa.it,Tempocasa Roma Prati - Cola di Rienzo LinkedIn
Toscano Immobiliare Roma Prati - Cola di Rienzo,Toscano Immobiliare,Agenzia Immobiliare,Roma,Prati - Cola di Rienzo,https://www.toscano.it,Toscano Immobiliare Roma Prati - Cola di Rienzo LinkedIn
Gabetti Property Solutions Roma Prati - Cola di Rienzo,Gabetti Property Solutions,Agenzia Immobiliare,Roma,Prati - Cola di Rienzo,https://www.gabetti.it,Gabetti Property Solutions Roma Prati - Cola di Rienzo LinkedIn
RE/MAX Italia Roma Prati - Cola di Rienzo,RE/MAX Italia,Agenzia Immobiliare,Roma,Prati - Cola di Rienzo,https://www.remax.it,RE/MAX Italia Roma Prati - Cola di Rienzo LinkedIn
Grimaldi Immobiliare Roma Prati - Cola di Rienzo,Grimaldi Immobiliare,Agenzia Immobiliare,Roma,Prati - Cola di Rienzo,https://www.grimaldiimmobiliare.it,Grimaldi Immobiliare Roma Prati - Cola di Rienzo LinkedIn
Professionecasa Roma Prati - Cola di Rienzo,Professionecasa,Agenzia Immobiliare,Roma,Prati - Cola di Rienzo,https://www.professionecasa.it,Professionecasa Roma Prati - Cola di Rienzo LinkedIn
Coldwell Banker Roma Prati - Cola di Rienzo,Coldwell Banker,Agenzia Immobiliare,Roma,Prati - Cola di Rienzo,https://www.coldwellbanker.it,Coldwell Banker Roma Prati - Cola di Rienzo LinkedIn
Engel & Völkers Roma Prati - Cola di Rienzo,Engel & Völkers,Agenzia Immobiliare,Roma,Prati - Cola di Rienzo,https://www.engelvoelkers.com,Engel & Völkers Roma Prati - Cola di Rienzo LinkedIn
RockAgent Roma Prati - Cola di Rienzo,RockAgent,Agenzia Immobiliare,Roma,Prati - Cola di Rienzo,https://www.rockagent.it,RockAgent Roma Prati - Cola di Rienzo LinkedIn
Century 21 Roma Prati - Cola di Rienzo,Century 21,Agenzia Immobiliare,Roma,Prati - Cola di Rienzo,https://www.century21.it,Century 21 Roma Prati - Cola di Rienzo LinkedIn
Frimm Immobiliare Roma Prati - Cola di Rienzo,Frimm Immobiliare,Agenzia Immobiliare,Roma,Prati - Cola di Rienzo,https://www.frimm.com,Frimm Immobiliare Roma Prati - Cola di Rienzo LinkedIn
Fondocasa Roma Prati - Cola di Rienzo,Fondocasa,Agenzia Immobiliare,Roma,Prati - Cola di Rienzo,https://www.fondocasa.it,Fondocasa Roma Prati - Cola di Rienzo LinkedIn
CleanBnB Roma Prati - Cola di Rienzo,CleanBnB,Full Property Management Affitti Brevi,Roma,Prati - Cola di Rienzo,https://cleanbnb.net,CleanBnB Roma Prati - Cola di Rienzo LinkedIn
Joivy / Altido Roma Prati - Cola di Rienzo,Joivy / Altido,Co-Living & Vacation Rental Management,Roma,Prati - Cola di Rienzo,https://www.joivy.com,Joivy / Altido Roma Prati - Cola di Rienzo LinkedIn
Italianway Roma Prati - Cola di Rienzo,Italianway,Network Gestione Locazioni Turistiche,Roma,Prati - Cola di Rienzo,https://www.italianway.house,Italianway Roma Prati - Cola di Rienzo LinkedIn
Halldis Roma Prati - Cola di Rienzo,Halldis,Corporate & Short Stay Management,Roma,Prati - Cola di Rienzo,https://www.halldis.com,Halldis Roma Prati - Cola di Rienzo LinkedIn
iFlat Roma Prati - Cola di Rienzo,iFlat,Luxury & Boutique Property Management,Roma,Prati - Cola di Rienzo,https://iflat.it,iFlat Roma Prati - Cola di Rienzo LinkedIn
Varental Roma Prati - Cola di Rienzo,Varental,Revenue & Short Rental Management,Roma,Prati - Cola di Rienzo,https://varental.it,Varental Roma Prati - Cola di Rienzo LinkedIn
My Extra Home Roma Prati - Cola di Rienzo,My Extra Home,Boutique Vacation Rental Mgmt,Roma,Prati - Cola di Rienzo,https://myextrahome.com,My Extra Home Roma Prati - Cola di Rienzo LinkedIn
Rome Key Apartments Roma Prati - Cola di Rienzo,Rome Key Apartments,Property Management Turistico,Roma,Prati - Cola di Rienzo,https://romekeyapartments.com,Rome Key Apartments Roma Prati - Cola di Rienzo LinkedIn
Rome City Rentals Roma Prati - Cola di Rienzo,Rome City Rentals,Short-Term Rental Management,Roma,Prati - Cola di Rienzo,https://romecityrentals.com,Rome City Rentals Roma Prati - Cola di Rienzo LinkedIn
Homeity Roma Prati - Cola di Rienzo,Homeity,Full Property Management,Roma,Prati - Cola di Rienzo,https://homeity.it,Homeity Roma Prati - Cola di Rienzo LinkedIn
Tecnocasa Roma Prati - Vaticano,Tecnocasa,Agenzia Immobiliare,Roma,Prati - Vaticano,https://www.tecnocasa.it,Tecnocasa Roma Prati - Vaticano LinkedIn
Tecnorete Roma Prati - Vaticano,Tecnorete,Agenzia Immobiliare,Roma,Prati - Vaticano,https://www.tecnorete.it,Tecnorete Roma Prati - Vaticano LinkedIn
Tempocasa Roma Prati - Vaticano,Tempocasa,Agenzia Immobiliare,Roma,Prati - Vaticano,https://www.tempocasa.it,Tempocasa Roma Prati - Vaticano LinkedIn
Toscano Immobiliare Roma Prati - Vaticano,Toscano Immobiliare,Agenzia Immobiliare,Roma,Prati - Vaticano,https://www.toscano.it,Toscano Immobiliare Roma Prati - Vaticano LinkedIn
Gabetti Property Solutions Roma Prati - Vaticano,Gabetti Property Solutions,Agenzia Immobiliare,Roma,Prati - Vaticano,https://www.gabetti.it,Gabetti Property Solutions Roma Prati - Vaticano LinkedIn
RE/MAX Italia Roma Prati - Vaticano,RE/MAX Italia,Agenzia Immobiliare,Roma,Prati - Vaticano,https://www.remax.it,RE/MAX Italia Roma Prati - Vaticano LinkedIn
Grimaldi Immobiliare Roma Prati - Vaticano,Grimaldi Immobiliare,Agenzia Immobiliare,Roma,Prati - Vaticano,https://www.grimaldiimmobiliare.it,Grimaldi Immobiliare Roma Prati - Vaticano LinkedIn
Professionecasa Roma Prati - Vaticano,Professionecasa,Agenzia Immobiliare,Roma,Prati - Vaticano,https://www.professionecasa.it,Professionecasa Roma Prati - Vaticano LinkedIn
Coldwell Banker Roma Prati - Vaticano,Coldwell Banker,Agenzia Immobiliare,Roma,Prati - Vaticano,https://www.coldwellbanker.it,Coldwell Banker Roma Prati - Vaticano LinkedIn
Engel & Völkers Roma Prati - Vaticano,Engel & Völkers,Agenzia Immobiliare,Roma,Prati - Vaticano,https://www.engelvoelkers.com,Engel & Völkers Roma Prati - Vaticano LinkedIn
RockAgent Roma Prati - Vaticano,RockAgent,Agenzia Immobiliare,Roma,Prati - Vaticano,https://www.rockagent.it,RockAgent Roma Prati - Vaticano LinkedIn
Century 21 Roma Prati - Vaticano,Century 21,Agenzia Immobiliare,Roma,Prati - Vaticano,https://www.century21.it,Century 21 Roma Prati - Vaticano LinkedIn
Frimm Immobiliare Roma Prati - Vaticano,Frimm Immobiliare,Agenzia Immobiliare,Roma,Prati - Vaticano,https://www.frimm.com,Frimm Immobiliare Roma Prati - Vaticano LinkedIn
Fondocasa Roma Prati - Vaticano,Fondocasa,Agenzia Immobiliare,Roma,Prati - Vaticano,https://www.fondocasa.it,Fondocasa Roma Prati - Vaticano LinkedIn
CleanBnB Roma Prati - Vaticano,CleanBnB,Full Property Management Affitti Brevi,Roma,Prati - Vaticano,https://cleanbnb.net,CleanBnB Roma Prati - Vaticano LinkedIn
Joivy / Altido Roma Prati - Vaticano,Joivy / Altido,Co-Living & Vacation Rental Management,Roma,Prati - Vaticano,https://www.joivy.com,Joivy / Altido Roma Prati - Vaticano LinkedIn
Italianway Roma Prati - Vaticano,Italianway,Network Gestione Locazioni Turistiche,Roma,Prati - Vaticano,https://www.italianway.house,Italianway Roma Prati - Vaticano LinkedIn
Halldis Roma Prati - Vaticano,Halldis,Corporate & Short Stay Management,Roma,Prati - Vaticano,https://www.halldis.com,Halldis Roma Prati - Vaticano LinkedIn
iFlat Roma Prati - Vaticano,iFlat,Luxury & Boutique Property Management,Roma,Prati - Vaticano,https://iflat.it,iFlat Roma Prati - Vaticano LinkedIn
Varental Roma Prati - Vaticano,Varental,Revenue & Short Rental Management,Roma,Prati - Vaticano,https://varental.it,Varental Roma Prati - Vaticano LinkedIn
My Extra Home Roma Prati - Vaticano,My Extra Home,Boutique Vacation Rental Mgmt,Roma,Prati - Vaticano,https://myextrahome.com,My Extra Home Roma Prati - Vaticano LinkedIn
Rome Key Apartments Roma Prati - Vaticano,Rome Key Apartments,Property Management Turistico,Roma,Prati - Vaticano,https://romekeyapartments.com,Rome Key Apartments Roma Prati - Vaticano LinkedIn
Rome City Rentals Roma Prati - Vaticano,Rome City Rentals,Short-Term Rental Management,Roma,Prati - Vaticano,https://romecityrentals.com,Rome City Rentals Roma Prati - Vaticano LinkedIn
Homeity Roma Prati - Vaticano,Homeity,Full Property Management,Roma,Prati - Vaticano,https://homeity.it,Homeity Roma Prati - Vaticano LinkedIn
Tecnocasa Roma Prati - Borgo,Tecnocasa,Agenzia Immobiliare,Roma,Prati - Borgo,https://www.tecnocasa.it,Tecnocasa Roma Prati - Borgo LinkedIn
Tecnorete Roma Prati - Borgo,Tecnorete,Agenzia Immobiliare,Roma,Prati - Borgo,https://www.tecnorete.it,Tecnorete Roma Prati - Borgo LinkedIn
Tempocasa Roma Prati - Borgo,Tempocasa,Agenzia Immobiliare,Roma,Prati - Borgo,https://www.tempocasa.it,Tempocasa Roma Prati - Borgo LinkedIn
Toscano Immobiliare Roma Prati - Borgo,Toscano Immobiliare,Agenzia Immobiliare,Roma,Prati - Borgo,https://www.toscano.it,Toscano Immobiliare Roma Prati - Borgo LinkedIn
Gabetti Property Solutions Roma Prati - Borgo,Gabetti Property Solutions,Agenzia Immobiliare,Roma,Prati - Borgo,https://www.gabetti.it,Gabetti Property Solutions Roma Prati - Borgo LinkedIn
RE/MAX Italia Roma Prati - Borgo,RE/MAX Italia,Agenzia Immobiliare,Roma,Prati - Borgo,https://www.remax.it,RE/MAX Italia Roma Prati - Borgo LinkedIn
Grimaldi Immobiliare Roma Prati - Borgo,Grimaldi Immobiliare,Agenzia Immobiliare,Roma,Prati - Borgo,https://www.grimaldiimmobiliare.it,Grimaldi Immobiliare Roma Prati - Borgo LinkedIn
Professionecasa Roma Prati - Borgo,Professionecasa,Agenzia Immobiliare,Roma,Prati - Borgo,https://www.professionecasa.it,Professionecasa Roma Prati - Borgo LinkedIn
Coldwell Banker Roma Prati - Borgo,Coldwell Banker,Agenzia Immobiliare,Roma,Prati - Borgo,https://www.coldwellbanker.it,Coldwell Banker Roma Prati - Borgo LinkedIn
Engel & Völkers Roma Prati - Borgo,Engel & Völkers,Agenzia Immobiliare,Roma,Prati - Borgo,https://www.engelvoelkers.com,Engel & Völkers Roma Prati - Borgo LinkedIn
RockAgent Roma Prati - Borgo,RockAgent,Agenzia Immobiliare,Roma,Prati - Borgo,https://www.rockagent.it,RockAgent Roma Prati - Borgo LinkedIn
Century 21 Roma Prati - Borgo,Century 21,Agenzia Immobiliare,Roma,Prati - Borgo,https://www.century21.it,Century 21 Roma Prati - Borgo LinkedIn
Frimm Immobiliare Roma Prati - Borgo,Frimm Immobiliare,Agenzia Immobiliare,Roma,Prati - Borgo,https://www.frimm.com,Frimm Immobiliare Roma Prati - Borgo LinkedIn
Fondocasa Roma Prati - Borgo,Fondocasa,Agenzia Immobiliare,Roma,Prati - Borgo,https://www.fondocasa.it,Fondocasa Roma Prati - Borgo LinkedIn
CleanBnB Roma Prati - Borgo,CleanBnB,Full Property Management Affitti Brevi,Roma,Prati - Borgo,https://cleanbnb.net,CleanBnB Roma Prati - Borgo LinkedIn
Joivy / Altido Roma Prati - Borgo,Joivy / Altido,Co-Living & Vacation Rental Management,Roma,Prati - Borgo,https://www.joivy.com,Joivy / Altido Roma Prati - Borgo LinkedIn
Italianway Roma Prati - Borgo,Italianway,Network Gestione Locazioni Turistiche,Roma,Prati - Borgo,https://www.italianway.house,Italianway Roma Prati - Borgo LinkedIn
Halldis Roma Prati - Borgo,Halldis,Corporate & Short Stay Management,Roma,Prati - Borgo,https://www.halldis.com,Halldis Roma Prati - Borgo LinkedIn
iFlat Roma Prati - Borgo,iFlat,Luxury & Boutique Property Management,Roma,Prati - Borgo,https://iflat.it,iFlat Roma Prati - Borgo LinkedIn
Varental Roma Prati - Borgo,Varental,Revenue & Short Rental Management,Roma,Prati - Borgo,https://varental.it,Varental Roma Prati - Borgo LinkedIn
My Extra Home Roma Prati - Borgo,My Extra Home,Boutique Vacation Rental Mgmt,Roma,Prati - Borgo,https://myextrahome.com,My Extra Home Roma Prati - Borgo LinkedIn
Rome Key Apartments Roma Prati - Borgo,Rome Key Apartments,Property Management Turistico,Roma,Prati - Borgo,https://romekeyapartments.com,Rome Key Apartments Roma Prati - Borgo LinkedIn
Rome City Rentals Roma Prati - Borgo,Rome City Rentals,Short-Term Rental Management,Roma,Prati - Borgo,https://romecityrentals.com,Rome City Rentals Roma Prati - Borgo LinkedIn
Homeity Roma Prati - Borgo,Homeity,Full Property Management,Roma,Prati - Borgo,https://homeity.it,Homeity Roma Prati - Borgo LinkedIn
Tecnocasa Roma Parioli - Euclide,Tecnocasa,Agenzia Immobiliare,Roma,Parioli - Euclide,https://www.tecnocasa.it,Tecnocasa Roma Parioli - Euclide LinkedIn
Tecnorete Roma Parioli - Euclide,Tecnorete,Agenzia Immobiliare,Roma,Parioli - Euclide,https://www.tecnorete.it,Tecnorete Roma Parioli - Euclide LinkedIn
Tempocasa Roma Parioli - Euclide,Tempocasa,Agenzia Immobiliare,Roma,Parioli - Euclide,https://www.tempocasa.it,Tempocasa Roma Parioli - Euclide LinkedIn
Toscano Immobiliare Roma Parioli - Euclide,Toscano Immobiliare,Agenzia Immobiliare,Roma,Parioli - Euclide,https://www.toscano.it,Toscano Immobiliare Roma Parioli - Euclide LinkedIn
Gabetti Property Solutions Roma Parioli - Euclide,Gabetti Property Solutions,Agenzia Immobiliare,Roma,Parioli - Euclide,https://www.gabetti.it,Gabetti Property Solutions Roma Parioli - Euclide LinkedIn
RE/MAX Italia Roma Parioli - Euclide,RE/MAX Italia,Agenzia Immobiliare,Roma,Parioli - Euclide,https://www.remax.it,RE/MAX Italia Roma Parioli - Euclide LinkedIn
Grimaldi Immobiliare Roma Parioli - Euclide,Grimaldi Immobiliare,Agenzia Immobiliare,Roma,Parioli - Euclide,https://www.grimaldiimmobiliare.it,Grimaldi Immobiliare Roma Parioli - Euclide LinkedIn
Professionecasa Roma Parioli - Euclide,Professionecasa,Agenzia Immobiliare,Roma,Parioli - Euclide,https://www.professionecasa.it,Professionecasa Roma Parioli - Euclide LinkedIn
Coldwell Banker Roma Parioli - Euclide,Coldwell Banker,Agenzia Immobiliare,Roma,Parioli - Euclide,https://www.coldwellbanker.it,Coldwell Banker Roma Parioli - Euclide LinkedIn
Engel & Völkers Roma Parioli - Euclide,Engel & Völkers,Agenzia Immobiliare,Roma,Parioli - Euclide,https://www.engelvoelkers.com,Engel & Völkers Roma Parioli - Euclide LinkedIn
RockAgent Roma Parioli - Euclide,RockAgent,Agenzia Immobiliare,Roma,Parioli - Euclide,https://www.rockagent.it,RockAgent Roma Parioli - Euclide LinkedIn
Century 21 Roma Parioli - Euclide,Century 21,Agenzia Immobiliare,Roma,Parioli - Euclide,https://www.century21.it,Century 21 Roma Parioli - Euclide LinkedIn
Frimm Immobiliare Roma Parioli - Euclide,Frimm Immobiliare,Agenzia Immobiliare,Roma,Parioli - Euclide,https://www.frimm.com,Frimm Immobiliare Roma Parioli - Euclide LinkedIn
Fondocasa Roma Parioli - Euclide,Fondocasa,Agenzia Immobiliare,Roma,Parioli - Euclide,https://www.fondocasa.it,Fondocasa Roma Parioli - Euclide LinkedIn
CleanBnB Roma Parioli - Euclide,CleanBnB,Full Property Management Affitti Brevi,Roma,Parioli - Euclide,https://cleanbnb.net,CleanBnB Roma Parioli - Euclide LinkedIn
Joivy / Altido Roma Parioli - Euclide,Joivy / Altido,Co-Living & Vacation Rental Management,Roma,Parioli - Euclide,https://www.joivy.com,Joivy / Altido Roma Parioli - Euclide LinkedIn
Italianway Roma Parioli - Euclide,Italianway,Network Gestione Locazioni Turistiche,Roma,Parioli - Euclide,https://www.italianway.house,Italianway Roma Parioli - Euclide LinkedIn
Halldis Roma Parioli - Euclide,Halldis,Corporate & Short Stay Management,Roma,Parioli - Euclide,https://www.halldis.com,Halldis Roma Parioli - Euclide LinkedIn
iFlat Roma Parioli - Euclide,iFlat,Luxury & Boutique Property Management,Roma,Parioli - Euclide,https://iflat.it,iFlat Roma Parioli - Euclide LinkedIn
Varental Roma Parioli - Euclide,Varental,Revenue & Short Rental Management,Roma,Parioli - Euclide,https://varental.it,Varental Roma Parioli - Euclide LinkedIn
My Extra Home Roma Parioli - Euclide,My Extra Home,Boutique Vacation Rental Mgmt,Roma,Parioli - Euclide,https://myextrahome.com,My Extra Home Roma Parioli - Euclide LinkedIn
Rome Key Apartments Roma Parioli - Euclide,Rome Key Apartments,Property Management Turistico,Roma,Parioli - Euclide,https://romekeyapartments.com,Rome Key Apartments Roma Parioli - Euclide LinkedIn
Rome City Rentals Roma Parioli - Euclide,Rome City Rentals,Short-Term Rental Management,Roma,Parioli - Euclide,https://romecityrentals.com,Rome City Rentals Roma Parioli - Euclide LinkedIn
Homeity Roma Parioli - Euclide,Homeity,Full Property Management,Roma,Parioli - Euclide,https://homeity.it,Homeity Roma Parioli - Euclide LinkedIn
Tecnocasa Roma Parioli - Pinciano,Tecnocasa,Agenzia Immobiliare,Roma,Parioli - Pinciano,https://www.tecnocasa.it,Tecnocasa Roma Parioli - Pinciano LinkedIn
Tecnorete Roma Parioli - Pinciano,Tecnorete,Agenzia Immobiliare,Roma,Parioli - Pinciano,https://www.tecnorete.it,Tecnorete Roma Parioli - Pinciano LinkedIn
Tempocasa Roma Parioli - Pinciano,Tempocasa,Agenzia Immobiliare,Roma,Parioli - Pinciano,https://www.tempocasa.it,Tempocasa Roma Parioli - Pinciano LinkedIn
Toscano Immobiliare Roma Parioli - Pinciano,Toscano Immobiliare,Agenzia Immobiliare,Roma,Parioli - Pinciano,https://www.toscano.it,Toscano Immobiliare Roma Parioli - Pinciano LinkedIn
Gabetti Property Solutions Roma Parioli - Pinciano,Gabetti Property Solutions,Agenzia Immobiliare,Roma,Parioli - Pinciano,https://www.gabetti.it,Gabetti Property Solutions Roma Parioli - Pinciano LinkedIn
RE/MAX Italia Roma Parioli - Pinciano,RE/MAX Italia,Agenzia Immobiliare,Roma,Parioli - Pinciano,https://www.remax.it,RE/MAX Italia Roma Parioli - Pinciano LinkedIn
Grimaldi Immobiliare Roma Parioli - Pinciano,Grimaldi Immobiliare,Agenzia Immobiliare,Roma,Parioli - Pinciano,https://www.grimaldiimmobiliare.it,Grimaldi Immobiliare Roma Parioli - Pinciano LinkedIn
Professionecasa Roma Parioli - Pinciano,Professionecasa,Agenzia Immobiliare,Roma,Parioli - Pinciano,https://www.professionecasa.it,Professionecasa Roma Parioli - Pinciano LinkedIn
Coldwell Banker Roma Parioli - Pinciano,Coldwell Banker,Agenzia Immobiliare,Roma,Parioli - Pinciano,https://www.coldwellbanker.it,Coldwell Banker Roma Parioli - Pinciano LinkedIn
Engel & Völkers Roma Parioli - Pinciano,Engel & Völkers,Agenzia Immobiliare,Roma,Parioli - Pinciano,https://www.engelvoelkers.com,Engel & Völkers Roma Parioli - Pinciano LinkedIn
RockAgent Roma Parioli - Pinciano,RockAgent,Agenzia Immobiliare,Roma,Parioli - Pinciano,https://www.rockagent.it,RockAgent Roma Parioli - Pinciano LinkedIn
Century 21 Roma Parioli - Pinciano,Century 21,Agenzia Immobiliare,Roma,Parioli - Pinciano,https://www.century21.it,Century 21 Roma Parioli - Pinciano LinkedIn
Frimm Immobiliare Roma Parioli - Pinciano,Frimm Immobiliare,Agenzia Immobiliare,Roma,Parioli - Pinciano,https://www.frimm.com,Frimm Immobiliare Roma Parioli - Pinciano LinkedIn
Fondocasa Roma Parioli - Pinciano,Fondocasa,Agenzia Immobiliare,Roma,Parioli - Pinciano,https://www.fondocasa.it,Fondocasa Roma Parioli - Pinciano LinkedIn
CleanBnB Roma Parioli - Pinciano,CleanBnB,Full Property Management Affitti Brevi,Roma,Parioli - Pinciano,https://cleanbnb.net,CleanBnB Roma Parioli - Pinciano LinkedIn
Joivy / Altido Roma Parioli - Pinciano,Joivy / Altido,Co-Living & Vacation Rental Management,Roma,Parioli - Pinciano,https://www.joivy.com,Joivy / Altido Roma Parioli - Pinciano LinkedIn
Italianway Roma Parioli - Pinciano,Italianway,Network Gestione Locazioni Turistiche,Roma,Parioli - Pinciano,https://www.italianway.house,Italianway Roma Parioli - Pinciano LinkedIn
Halldis Roma Parioli - Pinciano,Halldis,Corporate & Short Stay Management,Roma,Parioli - Pinciano,https://www.halldis.com,Halldis Roma Parioli - Pinciano LinkedIn
iFlat Roma Parioli - Pinciano,iFlat,Luxury & Boutique Property Management,Roma,Parioli - Pinciano,https://iflat.it,iFlat Roma Parioli - Pinciano LinkedIn
Varental Roma Parioli - Pinciano,Varental,Revenue & Short Rental Management,Roma,Parioli - Pinciano,https://varental.it,Varental Roma Parioli - Pinciano LinkedIn
My Extra Home Roma Parioli - Pinciano,My Extra Home,Boutique Vacation Rental Mgmt,Roma,Parioli - Pinciano,https://myextrahome.com,My Extra Home Roma Parioli - Pinciano LinkedIn
Rome Key Apartments Roma Parioli - Pinciano,Rome Key Apartments,Property Management Turistico,Roma,Parioli - Pinciano,https://romekeyapartments.com,Rome Key Apartments Roma Parioli - Pinciano LinkedIn
Rome City Rentals Roma Parioli - Pinciano,Rome City Rentals,Short-Term Rental Management,Roma,Parioli - Pinciano,https://romecityrentals.com,Rome City Rentals Roma Parioli - Pinciano LinkedIn
Homeity Roma Parioli - Pinciano,Homeity,Full Property Management,Roma,Parioli - Pinciano,https://homeity.it,Homeity Roma Parioli - Pinciano LinkedIn
Tecnocasa Roma Flaminio - Popolo,Tecnocasa,Agenzia Immobiliare,Roma,Flaminio - Popolo,https://www.tecnocasa.it,Tecnocasa Roma Flaminio - Popolo LinkedIn
Tecnorete Roma Flaminio - Popolo,Tecnorete,Agenzia Immobiliare,Roma,Flaminio - Popolo,https://www.tecnorete.it,Tecnorete Roma Flaminio - Popolo LinkedIn
Tempocasa Roma Flaminio - Popolo,Tempocasa,Agenzia Immobiliare,Roma,Flaminio - Popolo,https://www.tempocasa.it,Tempocasa Roma Flaminio - Popolo LinkedIn
Toscano Immobiliare Roma Flaminio - Popolo,Toscano Immobiliare,Agenzia Immobiliare,Roma,Flaminio - Popolo,https://www.toscano.it,Toscano Immobiliare Roma Flaminio - Popolo LinkedIn
Gabetti Property Solutions Roma Flaminio - Popolo,Gabetti Property Solutions,Agenzia Immobiliare,Roma,Flaminio - Popolo,https://www.gabetti.it,Gabetti Property Solutions Roma Flaminio - Popolo LinkedIn
RE/MAX Italia Roma Flaminio - Popolo,RE/MAX Italia,Agenzia Immobiliare,Roma,Flaminio - Popolo,https://www.remax.it,RE/MAX Italia Roma Flaminio - Popolo LinkedIn
Grimaldi Immobiliare Roma Flaminio - Popolo,Grimaldi Immobiliare,Agenzia Immobiliare,Roma,Flaminio - Popolo,https://www.grimaldiimmobiliare.it,Grimaldi Immobiliare Roma Flaminio - Popolo LinkedIn
Professionecasa Roma Flaminio - Popolo,Professionecasa,Agenzia Immobiliare,Roma,Flaminio - Popolo,https://www.professionecasa.it,Professionecasa Roma Flaminio - Popolo LinkedIn
Coldwell Banker Roma Flaminio - Popolo,Coldwell Banker,Agenzia Immobiliare,Roma,Flaminio - Popolo,https://www.coldwellbanker.it,Coldwell Banker Roma Flaminio - Popolo LinkedIn
Engel & Völkers Roma Flaminio - Popolo,Engel & Völkers,Agenzia Immobiliare,Roma,Flaminio - Popolo,https://www.engelvoelkers.com,Engel & Völkers Roma Flaminio - Popolo LinkedIn
RockAgent Roma Flaminio - Popolo,RockAgent,Agenzia Immobiliare,Roma,Flaminio - Popolo,https://www.rockagent.it,RockAgent Roma Flaminio - Popolo LinkedIn
Century 21 Roma Flaminio - Popolo,Century 21,Agenzia Immobiliare,Roma,Flaminio - Popolo,https://www.century21.it,Century 21 Roma Flaminio - Popolo LinkedIn
Frimm Immobiliare Roma Flaminio - Popolo,Frimm Immobiliare,Agenzia Immobiliare,Roma,Flaminio - Popolo,https://www.frimm.com,Frimm Immobiliare Roma Flaminio - Popolo LinkedIn
Fondocasa Roma Flaminio - Popolo,Fondocasa,Agenzia Immobiliare,Roma,Flaminio - Popolo,https://www.fondocasa.it,Fondocasa Roma Flaminio - Popolo LinkedIn
CleanBnB Roma Flaminio - Popolo,CleanBnB,Full Property Management Affitti Brevi,Roma,Flaminio - Popolo,https://cleanbnb.net,CleanBnB Roma Flaminio - Popolo LinkedIn
Joivy / Altido Roma Flaminio - Popolo,Joivy / Altido,Co-Living & Vacation Rental Management,Roma,Flaminio - Popolo,https://www.joivy.com,Joivy / Altido Roma Flaminio - Popolo LinkedIn
Italianway Roma Flaminio - Popolo,Italianway,Network Gestione Locazioni Turistiche,Roma,Flaminio - Popolo,https://www.italianway.house,Italianway Roma Flaminio - Popolo LinkedIn
Halldis Roma Flaminio - Popolo,Halldis,Corporate & Short Stay Management,Roma,Flaminio - Popolo,https://www.halldis.com,Halldis Roma Flaminio - Popolo LinkedIn
iFlat Roma Flaminio - Popolo,iFlat,Luxury & Boutique Property Management,Roma,Flaminio - Popolo,https://iflat.it,iFlat Roma Flaminio - Popolo LinkedIn
Varental Roma Flaminio - Popolo,Varental,Revenue & Short Rental Management,Roma,Flaminio - Popolo,https://varental.it,Varental Roma Flaminio - Popolo LinkedIn
My Extra Home Roma Flaminio - Popolo,My Extra Home,Boutique Vacation Rental Mgmt,Roma,Flaminio - Popolo,https://myextrahome.com,My Extra Home Roma Flaminio - Popolo LinkedIn
Rome Key Apartments Roma Flaminio - Popolo,Rome Key Apartments,Property Management Turistico,Roma,Flaminio - Popolo,https://romekeyapartments.com,Rome Key Apartments Roma Flaminio - Popolo LinkedIn
Rome City Rentals Roma Flaminio - Popolo,Rome City Rentals,Short-Term Rental Management,Roma,Flaminio - Popolo,https://romecityrentals.com,Rome City Rentals Roma Flaminio - Popolo LinkedIn
Homeity Roma Flaminio - Popolo,Homeity,Full Property Management,Roma,Flaminio - Popolo,https://homeity.it,Homeity Roma Flaminio - Popolo LinkedIn
Tecnocasa Roma EUR - Fermi,Tecnocasa,Agenzia Immobiliare,Roma,EUR - Fermi,https://www.tecnocasa.it,Tecnocasa Roma EUR - Fermi LinkedIn
Tecnorete Roma EUR - Fermi,Tecnorete,Agenzia Immobiliare,Roma,EUR - Fermi,https://www.tecnorete.it,Tecnorete Roma EUR - Fermi LinkedIn
Tempocasa Roma EUR - Fermi,Tempocasa,Agenzia Immobiliare,Roma,EUR - Fermi,https://www.tempocasa.it,Tempocasa Roma EUR - Fermi LinkedIn
Toscano Immobiliare Roma EUR - Fermi,Toscano Immobiliare,Agenzia Immobiliare,Roma,EUR - Fermi,https://www.toscano.it,Toscano Immobiliare Roma EUR - Fermi LinkedIn
Gabetti Property Solutions Roma EUR - Fermi,Gabetti Property Solutions,Agenzia Immobiliare,Roma,EUR - Fermi,https://www.gabetti.it,Gabetti Property Solutions Roma EUR - Fermi LinkedIn
RE/MAX Italia Roma EUR - Fermi,RE/MAX Italia,Agenzia Immobiliare,Roma,EUR - Fermi,https://www.remax.it,RE/MAX Italia Roma EUR - Fermi LinkedIn
Grimaldi Immobiliare Roma EUR - Fermi,Grimaldi Immobiliare,Agenzia Immobiliare,Roma,EUR - Fermi,https://www.grimaldiimmobiliare.it,Grimaldi Immobiliare Roma EUR - Fermi LinkedIn
Professionecasa Roma EUR - Fermi,Professionecasa,Agenzia Immobiliare,Roma,EUR - Fermi,https://www.professionecasa.it,Professionecasa Roma EUR - Fermi LinkedIn
Coldwell Banker Roma EUR - Fermi,Coldwell Banker,Agenzia Immobiliare,Roma,EUR - Fermi,https://www.coldwellbanker.it,Coldwell Banker Roma EUR - Fermi LinkedIn
Engel & Völkers Roma EUR - Fermi,Engel & Völkers,Agenzia Immobiliare,Roma,EUR - Fermi,https://www.engelvoelkers.com,Engel & Völkers Roma EUR - Fermi LinkedIn
RockAgent Roma EUR - Fermi,RockAgent,Agenzia Immobiliare,Roma,EUR - Fermi,https://www.rockagent.it,RockAgent Roma EUR - Fermi LinkedIn
Century 21 Roma EUR - Fermi,Century 21,Agenzia Immobiliare,Roma,EUR - Fermi,https://www.century21.it,Century 21 Roma EUR - Fermi LinkedIn
Frimm Immobiliare Roma EUR - Fermi,Frimm Immobiliare,Agenzia Immobiliare,Roma,EUR - Fermi,https://www.frimm.com,Frimm Immobiliare Roma EUR - Fermi LinkedIn
Fondocasa Roma EUR - Fermi,Fondocasa,Agenzia Immobiliare,Roma,EUR - Fermi,https://www.fondocasa.it,Fondocasa Roma EUR - Fermi LinkedIn
CleanBnB Roma EUR - Fermi,CleanBnB,Full Property Management Affitti Brevi,Roma,EUR - Fermi,https://cleanbnb.net,CleanBnB Roma EUR - Fermi LinkedIn
Joivy / Altido Roma EUR - Fermi,Joivy / Altido,Co-Living & Vacation Rental Management,Roma,EUR - Fermi,https://www.joivy.com,Joivy / Altido Roma EUR - Fermi LinkedIn
Italianway Roma EUR - Fermi,Italianway,Network Gestione Locazioni Turistiche,Roma,EUR - Fermi,https://www.italianway.house,Italianway Roma EUR - Fermi LinkedIn
Halldis Roma EUR - Fermi,Halldis,Corporate & Short Stay Management,Roma,EUR - Fermi,https://www.halldis.com,Halldis Roma EUR - Fermi LinkedIn
iFlat Roma EUR - Fermi,iFlat,Luxury & Boutique Property Management,Roma,EUR - Fermi,https://iflat.it,iFlat Roma EUR - Fermi LinkedIn
Varental Roma EUR - Fermi,Varental,Revenue & Short Rental Management,Roma,EUR - Fermi,https://varental.it,Varental Roma EUR - Fermi LinkedIn
My Extra Home Roma EUR - Fermi,My Extra Home,Boutique Vacation Rental Mgmt,Roma,EUR - Fermi,https://myextrahome.com,My Extra Home Roma EUR - Fermi LinkedIn
Rome Key Apartments Roma EUR - Fermi,Rome Key Apartments,Property Management Turistico,Roma,EUR - Fermi,https://romekeyapartments.com,Rome Key Apartments Roma EUR - Fermi LinkedIn
Rome City Rentals Roma EUR - Fermi,Rome City Rentals,Short-Term Rental Management,Roma,EUR - Fermi,https://romecityrentals.com,Rome City Rentals Roma EUR - Fermi LinkedIn
Homeity Roma EUR - Fermi,Homeity,Full Property Management,Roma,EUR - Fermi,https://homeity.it,Homeity Roma EUR - Fermi LinkedIn
Tecnocasa Roma EUR - Europa,Tecnocasa,Agenzia Immobiliare,Roma,EUR - Europa,https://www.tecnocasa.it,Tecnocasa Roma EUR - Europa LinkedIn
Tecnorete Roma EUR - Europa,Tecnorete,Agenzia Immobiliare,Roma,EUR - Europa,https://www.tecnorete.it,Tecnorete Roma EUR - Europa LinkedIn
Tempocasa Roma EUR - Europa,Tempocasa,Agenzia Immobiliare,Roma,EUR - Europa,https://www.tempocasa.it,Tempocasa Roma EUR - Europa LinkedIn
Toscano Immobiliare Roma EUR - Europa,Toscano Immobiliare,Agenzia Immobiliare,Roma,EUR - Europa,https://www.toscano.it,Toscano Immobiliare Roma EUR - Europa LinkedIn
Gabetti Property Solutions Roma EUR - Europa,Gabetti Property Solutions,Agenzia Immobiliare,Roma,EUR - Europa,https://www.gabetti.it,Gabetti Property Solutions Roma EUR - Europa LinkedIn
RE/MAX Italia Roma EUR - Europa,RE/MAX Italia,Agenzia Immobiliare,Roma,EUR - Europa,https://www.remax.it,RE/MAX Italia Roma EUR - Europa LinkedIn
Grimaldi Immobiliare Roma EUR - Europa,Grimaldi Immobiliare,Agenzia Immobiliare,Roma,EUR - Europa,https://www.grimaldiimmobiliare.it,Grimaldi Immobiliare Roma EUR - Europa LinkedIn
Professionecasa Roma EUR - Europa,Professionecasa,Agenzia Immobiliare,Roma,EUR - Europa,https://www.professionecasa.it,Professionecasa Roma EUR - Europa LinkedIn
Coldwell Banker Roma EUR - Europa,Coldwell Banker,Agenzia Immobiliare,Roma,EUR - Europa,https://www.coldwellbanker.it,Coldwell Banker Roma EUR - Europa LinkedIn
Engel & Völkers Roma EUR - Europa,Engel & Völkers,Agenzia Immobiliare,Roma,EUR - Europa,https://www.engelvoelkers.com,Engel & Völkers Roma EUR - Europa LinkedIn
RockAgent Roma EUR - Europa,RockAgent,Agenzia Immobiliare,Roma,EUR - Europa,https://www.rockagent.it,RockAgent Roma EUR - Europa LinkedIn
Century 21 Roma EUR - Europa,Century 21,Agenzia Immobiliare,Roma,EUR - Europa,https://www.century21.it,Century 21 Roma EUR - Europa LinkedIn
Frimm Immobiliare Roma EUR - Europa,Frimm Immobiliare,Agenzia Immobiliare,Roma,EUR - Europa,https://www.frimm.com,Frimm Immobiliare Roma EUR - Europa LinkedIn
Fondocasa Roma EUR - Europa,Fondocasa,Agenzia Immobiliare,Roma,EUR - Europa,https://www.fondocasa.it,Fondocasa Roma EUR - Europa LinkedIn
CleanBnB Roma EUR - Europa,CleanBnB,Full Property Management Affitti Brevi,Roma,EUR - Europa,https://cleanbnb.net,CleanBnB Roma EUR - Europa LinkedIn
Joivy / Altido Roma EUR - Europa,Joivy / Altido,Co-Living & Vacation Rental Management,Roma,EUR - Europa,https://www.joivy.com,Joivy / Altido Roma EUR - Europa LinkedIn
Italianway Roma EUR - Europa,Italianway,Network Gestione Locazioni Turistiche,Roma,EUR - Europa,https://www.italianway.house,Italianway Roma EUR - Europa LinkedIn
Halldis Roma EUR - Europa,Halldis,Corporate & Short Stay Management,Roma,EUR - Europa,https://www.halldis.com,Halldis Roma EUR - Europa LinkedIn
iFlat Roma EUR - Europa,iFlat,Luxury & Boutique Property Management,Roma,EUR - Europa,https://iflat.it,iFlat Roma EUR - Europa LinkedIn
Varental Roma EUR - Europa,Varental,Revenue & Short Rental Management,Roma,EUR - Europa,https://varental.it,Varental Roma EUR - Europa LinkedIn
My Extra Home Roma EUR - Europa,My Extra Home,Boutique Vacation Rental Mgmt,Roma,EUR - Europa,https://myextrahome.com,My Extra Home Roma EUR - Europa LinkedIn
Rome Key Apartments Roma EUR - Europa,Rome Key Apartments,Property Management Turistico,Roma,EUR - Europa,https://romekeyapartments.com,Rome Key Apartments Roma EUR - Europa LinkedIn
Rome City Rentals Roma EUR - Europa,Rome City Rentals,Short-Term Rental Management,Roma,EUR - Europa,https://romecityrentals.com,Rome City Rentals Roma EUR - Europa LinkedIn
Homeity Roma EUR - Europa,Homeity,Full Property Management,Roma,EUR - Europa,https://homeity.it,Homeity Roma EUR - Europa LinkedIn
Tecnocasa Roma EUR - Torrino,Tecnocasa,Agenzia Immobiliare,Roma,EUR - Torrino,https://www.tecnocasa.it,Tecnocasa Roma EUR - Torrino LinkedIn
Tecnorete Roma EUR - Torrino,Tecnorete,Agenzia Immobiliare,Roma,EUR - Torrino,https://www.tecnorete.it,Tecnorete Roma EUR - Torrino LinkedIn
Tempocasa Roma EUR - Torrino,Tempocasa,Agenzia Immobiliare,Roma,EUR - Torrino,https://www.tempocasa.it,Tempocasa Roma EUR - Torrino LinkedIn
Toscano Immobiliare Roma EUR - Torrino,Toscano Immobiliare,Agenzia Immobiliare,Roma,EUR - Torrino,https://www.toscano.it,Toscano Immobiliare Roma EUR - Torrino LinkedIn
Gabetti Property Solutions Roma EUR - Torrino,Gabetti Property Solutions,Agenzia Immobiliare,Roma,EUR - Torrino,https://www.gabetti.it,Gabetti Property Solutions Roma EUR - Torrino LinkedIn
RE/MAX Italia Roma EUR - Torrino,RE/MAX Italia,Agenzia Immobiliare,Roma,EUR - Torrino,https://www.remax.it,RE/MAX Italia Roma EUR - Torrino LinkedIn
Grimaldi Immobiliare Roma EUR - Torrino,Grimaldi Immobiliare,Agenzia Immobiliare,Roma,EUR - Torrino,https://www.grimaldiimmobiliare.it,Grimaldi Immobiliare Roma EUR - Torrino LinkedIn
Professionecasa Roma EUR - Torrino,Professionecasa,Agenzia Immobiliare,Roma,EUR - Torrino,https://www.professionecasa.it,Professionecasa Roma EUR - Torrino LinkedIn
Coldwell Banker Roma EUR - Torrino,Coldwell Banker,Agenzia Immobiliare,Roma,EUR - Torrino,https://www.coldwellbanker.it,Coldwell Banker Roma EUR - Torrino LinkedIn
Engel & Völkers Roma EUR - Torrino,Engel & Völkers,Agenzia Immobiliare,Roma,EUR - Torrino,https://www.engelvoelkers.com,Engel & Völkers Roma EUR - Torrino LinkedIn
RockAgent Roma EUR - Torrino,RockAgent,Agenzia Immobiliare,Roma,EUR - Torrino,https://www.rockagent.it,RockAgent Roma EUR - Torrino LinkedIn
Century 21 Roma EUR - Torrino,Century 21,Agenzia Immobiliare,Roma,EUR - Torrino,https://www.century21.it,Century 21 Roma EUR - Torrino LinkedIn
Frimm Immobiliare Roma EUR - Torrino,Frimm Immobiliare,Agenzia Immobiliare,Roma,EUR - Torrino,https://www.frimm.com,Frimm Immobiliare Roma EUR - Torrino LinkedIn
Fondocasa Roma EUR - Torrino,Fondocasa,Agenzia Immobiliare,Roma,EUR - Torrino,https://www.fondocasa.it,Fondocasa Roma EUR - Torrino LinkedIn
CleanBnB Roma EUR - Torrino,CleanBnB,Full Property Management Affitti Brevi,Roma,EUR - Torrino,https://cleanbnb.net,CleanBnB Roma EUR - Torrino LinkedIn
Joivy / Altido Roma EUR - Torrino,Joivy / Altido,Co-Living & Vacation Rental Management,Roma,EUR - Torrino,https://www.joivy.com,Joivy / Altido Roma EUR - Torrino LinkedIn
Italianway Roma EUR - Torrino,Italianway,Network Gestione Locazioni Turistiche,Roma,EUR - Torrino,https://www.italianway.house,Italianway Roma EUR - Torrino LinkedIn
Halldis Roma EUR - Torrino,Halldis,Corporate & Short Stay Management,Roma,EUR - Torrino,https://www.halldis.com,Halldis Roma EUR - Torrino LinkedIn
iFlat Roma EUR - Torrino,iFlat,Luxury & Boutique Property Management,Roma,EUR - Torrino,https://iflat.it,iFlat Roma EUR - Torrino LinkedIn
Varental Roma EUR - Torrino,Varental,Revenue & Short Rental Management,Roma,EUR - Torrino,https://varental.it,Varental Roma EUR - Torrino LinkedIn
My Extra Home Roma EUR - Torrino,My Extra Home,Boutique Vacation Rental Mgmt,Roma,EUR - Torrino,https://myextrahome.com,My Extra Home Roma EUR - Torrino LinkedIn
Rome Key Apartments Roma EUR - Torrino,Rome Key Apartments,Property Management Turistico,Roma,EUR - Torrino,https://romekeyapartments.com,Rome Key Apartments Roma EUR - Torrino LinkedIn
Rome City Rentals Roma EUR - Torrino,Rome City Rentals,Short-Term Rental Management,Roma,EUR - Torrino,https://romecityrentals.com,Rome City Rentals Roma EUR - Torrino LinkedIn
Homeity Roma EUR - Torrino,Homeity,Full Property Management,Roma,EUR - Torrino,https://homeity.it,Homeity Roma EUR - Torrino LinkedIn
Tecnocasa Roma San Giovanni - Appia Nuova,Tecnocasa,Agenzia Immobiliare,Roma,San Giovanni - Appia Nuova,https://www.tecnocasa.it,Tecnocasa Roma San Giovanni - Appia Nuova LinkedIn
Tecnorete Roma San Giovanni - Appia Nuova,Tecnorete,Agenzia Immobiliare,Roma,San Giovanni - Appia Nuova,https://www.tecnorete.it,Tecnorete Roma San Giovanni - Appia Nuova LinkedIn
Tempocasa Roma San Giovanni - Appia Nuova,Tempocasa,Agenzia Immobiliare,Roma,San Giovanni - Appia Nuova,https://www.tempocasa.it,Tempocasa Roma San Giovanni - Appia Nuova LinkedIn
Toscano Immobiliare Roma San Giovanni - Appia Nuova,Toscano Immobiliare,Agenzia Immobiliare,Roma,San Giovanni - Appia Nuova,https://www.toscano.it,Toscano Immobiliare Roma San Giovanni - Appia Nuova LinkedIn
Gabetti Property Solutions Roma San Giovanni - Appia Nuova,Gabetti Property Solutions,Agenzia Immobiliare,Roma,San Giovanni - Appia Nuova,https://www.gabetti.it,Gabetti Property Solutions Roma San Giovanni - Appia Nuova LinkedIn
RE/MAX Italia Roma San Giovanni - Appia Nuova,RE/MAX Italia,Agenzia Immobiliare,Roma,San Giovanni - Appia Nuova,https://www.remax.it,RE/MAX Italia Roma San Giovanni - Appia Nuova LinkedIn
Grimaldi Immobiliare Roma San Giovanni - Appia Nuova,Grimaldi Immobiliare,Agenzia Immobiliare,Roma,San Giovanni - Appia Nuova,https://www.grimaldiimmobiliare.it,Grimaldi Immobiliare Roma San Giovanni - Appia Nuova LinkedIn
Professionecasa Roma San Giovanni - Appia Nuova,Professionecasa,Agenzia Immobiliare,Roma,San Giovanni - Appia Nuova,https://www.professionecasa.it,Professionecasa Roma San Giovanni - Appia Nuova LinkedIn
Coldwell Banker Roma San Giovanni - Appia Nuova,Coldwell Banker,Agenzia Immobiliare,Roma,San Giovanni - Appia Nuova,https://www.coldwellbanker.it,Coldwell Banker Roma San Giovanni - Appia Nuova LinkedIn
Engel & Völkers Roma San Giovanni - Appia Nuova,Engel & Völkers,Agenzia Immobiliare,Roma,San Giovanni - Appia Nuova,https://www.engelvoelkers.com,Engel & Völkers Roma San Giovanni - Appia Nuova LinkedIn
RockAgent Roma San Giovanni - Appia Nuova,RockAgent,Agenzia Immobiliare,Roma,San Giovanni - Appia Nuova,https://www.rockagent.it,RockAgent Roma San Giovanni - Appia Nuova LinkedIn
Century 21 Roma San Giovanni - Appia Nuova,Century 21,Agenzia Immobiliare,Roma,San Giovanni - Appia Nuova,https://www.century21.it,Century 21 Roma San Giovanni - Appia Nuova LinkedIn
Frimm Immobiliare Roma San Giovanni - Appia Nuova,Frimm Immobiliare,Agenzia Immobiliare,Roma,San Giovanni - Appia Nuova,https://www.frimm.com,Frimm Immobiliare Roma San Giovanni - Appia Nuova LinkedIn
Fondocasa Roma San Giovanni - Appia Nuova,Fondocasa,Agenzia Immobiliare,Roma,San Giovanni - Appia Nuova,https://www.fondocasa.it,Fondocasa Roma San Giovanni - Appia Nuova LinkedIn
CleanBnB Roma San Giovanni - Appia Nuova,CleanBnB,Full Property Management Affitti Brevi,Roma,San Giovanni - Appia Nuova,https://cleanbnb.net,CleanBnB Roma San Giovanni - Appia Nuova LinkedIn
Joivy / Altido Roma San Giovanni - Appia Nuova,Joivy / Altido,Co-Living & Vacation Rental Management,Roma,San Giovanni - Appia Nuova,https://www.joivy.com,Joivy / Altido Roma San Giovanni - Appia Nuova LinkedIn
Italianway Roma San Giovanni - Appia Nuova,Italianway,Network Gestione Locazioni Turistiche,Roma,San Giovanni - Appia Nuova,https://www.italianway.house,Italianway Roma San Giovanni - Appia Nuova LinkedIn
Halldis Roma San Giovanni - Appia Nuova,Halldis,Corporate & Short Stay Management,Roma,San Giovanni - Appia Nuova,https://www.halldis.com,Halldis Roma San Giovanni - Appia Nuova LinkedIn
iFlat Roma San Giovanni - Appia Nuova,iFlat,Luxury & Boutique Property Management,Roma,San Giovanni - Appia Nuova,https://iflat.it,iFlat Roma San Giovanni - Appia Nuova LinkedIn
Varental Roma San Giovanni - Appia Nuova,Varental,Revenue & Short Rental Management,Roma,San Giovanni - Appia Nuova,https://varental.it,Varental Roma San Giovanni - Appia Nuova LinkedIn
My Extra Home Roma San Giovanni - Appia Nuova,My Extra Home,Boutique Vacation Rental Mgmt,Roma,San Giovanni - Appia Nuova,https://myextrahome.com,My Extra Home Roma San Giovanni - Appia Nuova LinkedIn
Rome Key Apartments Roma San Giovanni - Appia Nuova,Rome Key Apartments,Property Management Turistico,Roma,San Giovanni - Appia Nuova,https://romekeyapartments.com,Rome Key Apartments Roma San Giovanni - Appia Nuova LinkedIn
Rome City Rentals Roma San Giovanni - Appia Nuova,Rome City Rentals,Short-Term Rental Management,Roma,San Giovanni - Appia Nuova,https://romecityrentals.com,Rome City Rentals Roma San Giovanni - Appia Nuova LinkedIn
Homeity Roma San Giovanni - Appia Nuova,Homeity,Full Property Management,Roma,San Giovanni - Appia Nuova,https://homeity.it,Homeity Roma San Giovanni - Appia Nuova LinkedIn
Tecnocasa Roma San Giovanni - Re di Roma,Tecnocasa,Agenzia Immobiliare,Roma,San Giovanni - Re di Roma,https://www.tecnocasa.it,Tecnocasa Roma San Giovanni - Re di Roma LinkedIn
Tecnorete Roma San Giovanni - Re di Roma,Tecnorete,Agenzia Immobiliare,Roma,San Giovanni - Re di Roma,https://www.tecnorete.it,Tecnorete Roma San Giovanni - Re di Roma LinkedIn
Tempocasa Roma San Giovanni - Re di Roma,Tempocasa,Agenzia Immobiliare,Roma,San Giovanni - Re di Roma,https://www.tempocasa.it,Tempocasa Roma San Giovanni - Re di Roma LinkedIn
Toscano Immobiliare Roma San Giovanni - Re di Roma,Toscano Immobiliare,Agenzia Immobiliare,Roma,San Giovanni - Re di Roma,https://www.toscano.it,Toscano Immobiliare Roma San Giovanni - Re di Roma LinkedIn
Gabetti Property Solutions Roma San Giovanni - Re di Roma,Gabetti Property Solutions,Agenzia Immobiliare,Roma,San Giovanni - Re di Roma,https://www.gabetti.it,Gabetti Property Solutions Roma San Giovanni - Re di Roma LinkedIn
RE/MAX Italia Roma San Giovanni - Re di Roma,RE/MAX Italia,Agenzia Immobiliare,Roma,San Giovanni - Re di Roma,https://www.remax.it,RE/MAX Italia Roma San Giovanni - Re di Roma LinkedIn
Grimaldi Immobiliare Roma San Giovanni - Re di Roma,Grimaldi Immobiliare,Agenzia Immobiliare,Roma,San Giovanni - Re di Roma,https://www.grimaldiimmobiliare.it,Grimaldi Immobiliare Roma San Giovanni - Re di Roma LinkedIn
Professionecasa Roma San Giovanni - Re di Roma,Professionecasa,Agenzia Immobiliare,Roma,San Giovanni - Re di Roma,https://www.professionecasa.it,Professionecasa Roma San Giovanni - Re di Roma LinkedIn
Coldwell Banker Roma San Giovanni - Re di Roma,Coldwell Banker,Agenzia Immobiliare,Roma,San Giovanni - Re di Roma,https://www.coldwellbanker.it,Coldwell Banker Roma San Giovanni - Re di Roma LinkedIn
Engel & Völkers Roma San Giovanni - Re di Roma,Engel & Völkers,Agenzia Immobiliare,Roma,San Giovanni - Re di Roma,https://www.engelvoelkers.com,Engel & Völkers Roma San Giovanni - Re di Roma LinkedIn
RockAgent Roma San Giovanni - Re di Roma,RockAgent,Agenzia Immobiliare,Roma,San Giovanni - Re di Roma,https://www.rockagent.it,RockAgent Roma San Giovanni - Re di Roma LinkedIn
Century 21 Roma San Giovanni - Re di Roma,Century 21,Agenzia Immobiliare,Roma,San Giovanni - Re di Roma,https://www.century21.it,Century 21 Roma San Giovanni - Re di Roma LinkedIn
Frimm Immobiliare Roma San Giovanni - Re di Roma,Frimm Immobiliare,Agenzia Immobiliare,Roma,San Giovanni - Re di Roma,https://www.frimm.com,Frimm Immobiliare Roma San Giovanni - Re di Roma LinkedIn
Fondocasa Roma San Giovanni - Re di Roma,Fondocasa,Agenzia Immobiliare,Roma,San Giovanni - Re di Roma,https://www.fondocasa.it,Fondocasa Roma San Giovanni - Re di Roma LinkedIn
CleanBnB Roma San Giovanni - Re di Roma,CleanBnB,Full Property Management Affitti Brevi,Roma,San Giovanni - Re di Roma,https://cleanbnb.net,CleanBnB Roma San Giovanni - Re di Roma LinkedIn
Joivy / Altido Roma San Giovanni - Re di Roma,Joivy / Altido,Co-Living & Vacation Rental Management,Roma,San Giovanni - Re di Roma,https://www.joivy.com,Joivy / Altido Roma San Giovanni - Re di Roma LinkedIn
Italianway Roma San Giovanni - Re di Roma,Italianway,Network Gestione Locazioni Turistiche,Roma,San Giovanni - Re di Roma,https://www.italianway.house,Italianway Roma San Giovanni - Re di Roma LinkedIn
Halldis Roma San Giovanni - Re di Roma,Halldis,Corporate & Short Stay Management,Roma,San Giovanni - Re di Roma,https://www.halldis.com,Halldis Roma San Giovanni - Re di Roma LinkedIn
iFlat Roma San Giovanni - Re di Roma,iFlat,Luxury & Boutique Property Management,Roma,San Giovanni - Re di Roma,https://iflat.it,iFlat Roma San Giovanni - Re di Roma LinkedIn
Varental Roma San Giovanni - Re di Roma,Varental,Revenue & Short Rental Management,Roma,San Giovanni - Re di Roma,https://varental.it,Varental Roma San Giovanni - Re di Roma LinkedIn
My Extra Home Roma San Giovanni - Re di Roma,My Extra Home,Boutique Vacation Rental Mgmt,Roma,San Giovanni - Re di Roma,https://myextrahome.com,My Extra Home Roma San Giovanni - Re di Roma LinkedIn
Rome Key Apartments Roma San Giovanni - Re di Roma,Rome Key Apartments,Property Management Turistico,Roma,San Giovanni - Re di Roma,https://romekeyapartments.com,Rome Key Apartments Roma San Giovanni - Re di Roma LinkedIn
Rome City Rentals Roma San Giovanni - Re di Roma,Rome City Rentals,Short-Term Rental Management,Roma,San Giovanni - Re di Roma,https://romecityrentals.com,Rome City Rentals Roma San Giovanni - Re di Roma LinkedIn
Homeity Roma San Giovanni - Re di Roma,Homeity,Full Property Management,Roma,San Giovanni - Re di Roma,https://homeity.it,Homeity Roma San Giovanni - Re di Roma LinkedIn
Tecnocasa Roma Trastevere - Santa Maria,Tecnocasa,Agenzia Immobiliare,Roma,Trastevere - Santa Maria,https://www.tecnocasa.it,Tecnocasa Roma Trastevere - Santa Maria LinkedIn
Tecnorete Roma Trastevere - Santa Maria,Tecnorete,Agenzia Immobiliare,Roma,Trastevere - Santa Maria,https://www.tecnorete.it,Tecnorete Roma Trastevere - Santa Maria LinkedIn
Tempocasa Roma Trastevere - Santa Maria,Tempocasa,Agenzia Immobiliare,Roma,Trastevere - Santa Maria,https://www.tempocasa.it,Tempocasa Roma Trastevere - Santa Maria LinkedIn
Toscano Immobiliare Roma Trastevere - Santa Maria,Toscano Immobiliare,Agenzia Immobiliare,Roma,Trastevere - Santa Maria,https://www.toscano.it,Toscano Immobiliare Roma Trastevere - Santa Maria LinkedIn
Gabetti Property Solutions Roma Trastevere - Santa Maria,Gabetti Property Solutions,Agenzia Immobiliare,Roma,Trastevere - Santa Maria,https://www.gabetti.it,Gabetti Property Solutions Roma Trastevere - Santa Maria LinkedIn
RE/MAX Italia Roma Trastevere - Santa Maria,RE/MAX Italia,Agenzia Immobiliare,Roma,Trastevere - Santa Maria,https://www.remax.it,RE/MAX Italia Roma Trastevere - Santa Maria LinkedIn
Grimaldi Immobiliare Roma Trastevere - Santa Maria,Grimaldi Immobiliare,Agenzia Immobiliare,Roma,Trastevere - Santa Maria,https://www.grimaldiimmobiliare.it,Grimaldi Immobiliare Roma Trastevere - Santa Maria LinkedIn
Professionecasa Roma Trastevere - Santa Maria,Professionecasa,Agenzia Immobiliare,Roma,Trastevere - Santa Maria,https://www.professionecasa.it,Professionecasa Roma Trastevere - Santa Maria LinkedIn
Coldwell Banker Roma Trastevere - Santa Maria,Coldwell Banker,Agenzia Immobiliare,Roma,Trastevere - Santa Maria,https://www.coldwellbanker.it,Coldwell Banker Roma Trastevere - Santa Maria LinkedIn
Engel & Völkers Roma Trastevere - Santa Maria,Engel & Völkers,Agenzia Immobiliare,Roma,Trastevere - Santa Maria,https://www.engelvoelkers.com,Engel & Völkers Roma Trastevere - Santa Maria LinkedIn
RockAgent Roma Trastevere - Santa Maria,RockAgent,Agenzia Immobiliare,Roma,Trastevere - Santa Maria,https://www.rockagent.it,RockAgent Roma Trastevere - Santa Maria LinkedIn
Century 21 Roma Trastevere - Santa Maria,Century 21,Agenzia Immobiliare,Roma,Trastevere - Santa Maria,https://www.century21.it,Century 21 Roma Trastevere - Santa Maria LinkedIn
Frimm Immobiliare Roma Trastevere - Santa Maria,Frimm Immobiliare,Agenzia Immobiliare,Roma,Trastevere - Santa Maria,https://www.frimm.com,Frimm Immobiliare Roma Trastevere - Santa Maria LinkedIn
Fondocasa Roma Trastevere - Santa Maria,Fondocasa,Agenzia Immobiliare,Roma,Trastevere - Santa Maria,https://www.fondocasa.it,Fondocasa Roma Trastevere - Santa Maria LinkedIn
CleanBnB Roma Trastevere - Santa Maria,CleanBnB,Full Property Management Affitti Brevi,Roma,Trastevere - Santa Maria,https://cleanbnb.net,CleanBnB Roma Trastevere - Santa Maria LinkedIn
Joivy / Altido Roma Trastevere - Santa Maria,Joivy / Altido,Co-Living & Vacation Rental Management,Roma,Trastevere - Santa Maria,https://www.joivy.com,Joivy / Altido Roma Trastevere - Santa Maria LinkedIn
Italianway Roma Trastevere - Santa Maria,Italianway,Network Gestione Locazioni Turistiche,Roma,Trastevere - Santa Maria,https://www.italianway.house,Italianway Roma Trastevere - Santa Maria LinkedIn
Halldis Roma Trastevere - Santa Maria,Halldis,Corporate & Short Stay Management,Roma,Trastevere - Santa Maria,https://www.halldis.com,Halldis Roma Trastevere - Santa Maria LinkedIn
iFlat Roma Trastevere - Santa Maria,iFlat,Luxury & Boutique Property Management,Roma,Trastevere - Santa Maria,https://iflat.it,iFlat Roma Trastevere - Santa Maria LinkedIn
Varental Roma Trastevere - Santa Maria,Varental,Revenue & Short Rental Management,Roma,Trastevere - Santa Maria,https://varental.it,Varental Roma Trastevere - Santa Maria LinkedIn
My Extra Home Roma Trastevere - Santa Maria,My Extra Home,Boutique Vacation Rental Mgmt,Roma,Trastevere - Santa Maria,https://myextrahome.com,My Extra Home Roma Trastevere - Santa Maria LinkedIn
Rome Key Apartments Roma Trastevere - Santa Maria,Rome Key Apartments,Property Management Turistico,Roma,Trastevere - Santa Maria,https://romekeyapartments.com,Rome Key Apartments Roma Trastevere - Santa Maria LinkedIn
Rome City Rentals Roma Trastevere - Santa Maria,Rome City Rentals,Short-Term Rental Management,Roma,Trastevere - Santa Maria,https://romecityrentals.com,Rome City Rentals Roma Trastevere - Santa Maria LinkedIn
Homeity Roma Trastevere - Santa Maria,Homeity,Full Property Management,Roma,Trastevere - Santa Maria,https://homeity.it,Homeity Roma Trastevere - Santa Maria LinkedIn
Tecnocasa Roma Trastevere - Mastai,Tecnocasa,Agenzia Immobiliare,Roma,Trastevere - Mastai,https://www.tecnocasa.it,Tecnocasa Roma Trastevere - Mastai LinkedIn
Tecnorete Roma Trastevere - Mastai,Tecnorete,Agenzia Immobiliare,Roma,Trastevere - Mastai,https://www.tecnorete.it,Tecnorete Roma Trastevere - Mastai LinkedIn
Tempocasa Roma Trastevere - Mastai,Tempocasa,Agenzia Immobiliare,Roma,Trastevere - Mastai,https://www.tempocasa.it,Tempocasa Roma Trastevere - Mastai LinkedIn
Toscano Immobiliare Roma Trastevere - Mastai,Toscano Immobiliare,Agenzia Immobiliare,Roma,Trastevere - Mastai,https://www.toscano.it,Toscano Immobiliare Roma Trastevere - Mastai LinkedIn
Gabetti Property Solutions Roma Trastevere - Mastai,Gabetti Property Solutions,Agenzia Immobiliare,Roma,Trastevere - Mastai,https://www.gabetti.it,Gabetti Property Solutions Roma Trastevere - Mastai LinkedIn
RE/MAX Italia Roma Trastevere - Mastai,RE/MAX Italia,Agenzia Immobiliare,Roma,Trastevere - Mastai,https://www.remax.it,RE/MAX Italia Roma Trastevere - Mastai LinkedIn
Grimaldi Immobiliare Roma Trastevere - Mastai,Grimaldi Immobiliare,Agenzia Immobiliare,Roma,Trastevere - Mastai,https://www.grimaldiimmobiliare.it,Grimaldi Immobiliare Roma Trastevere - Mastai LinkedIn
Professionecasa Roma Trastevere - Mastai,Professionecasa,Agenzia Immobiliare,Roma,Trastevere - Mastai,https://www.professionecasa.it,Professionecasa Roma Trastevere - Mastai LinkedIn
Coldwell Banker Roma Trastevere - Mastai,Coldwell Banker,Agenzia Immobiliare,Roma,Trastevere - Mastai,https://www.coldwellbanker.it,Coldwell Banker Roma Trastevere - Mastai LinkedIn
Engel & Völkers Roma Trastevere - Mastai,Engel & Völkers,Agenzia Immobiliare,Roma,Trastevere - Mastai,https://www.engelvoelkers.com,Engel & Völkers Roma Trastevere - Mastai LinkedIn
RockAgent Roma Trastevere - Mastai,RockAgent,Agenzia Immobiliare,Roma,Trastevere - Mastai,https://www.rockagent.it,RockAgent Roma Trastevere - Mastai LinkedIn
Century 21 Roma Trastevere - Mastai,Century 21,Agenzia Immobiliare,Roma,Trastevere - Mastai,https://www.century21.it,Century 21 Roma Trastevere - Mastai LinkedIn
Frimm Immobiliare Roma Trastevere - Mastai,Frimm Immobiliare,Agenzia Immobiliare,Roma,Trastevere - Mastai,https://www.frimm.com,Frimm Immobiliare Roma Trastevere - Mastai LinkedIn
Fondocasa Roma Trastevere - Mastai,Fondocasa,Agenzia Immobiliare,Roma,Trastevere - Mastai,https://www.fondocasa.it,Fondocasa Roma Trastevere - Mastai LinkedIn
CleanBnB Roma Trastevere - Mastai,CleanBnB,Full Property Management Affitti Brevi,Roma,Trastevere - Mastai,https://cleanbnb.net,CleanBnB Roma Trastevere - Mastai LinkedIn
Joivy / Altido Roma Trastevere - Mastai,Joivy / Altido,Co-Living & Vacation Rental Management,Roma,Trastevere - Mastai,https://www.joivy.com,Joivy / Altido Roma Trastevere - Mastai LinkedIn
Italianway Roma Trastevere - Mastai,Italianway,Network Gestione Locazioni Turistiche,Roma,Trastevere - Mastai,https://www.italianway.house,Italianway Roma Trastevere - Mastai LinkedIn
Halldis Roma Trastevere - Mastai,Halldis,Corporate & Short Stay Management,Roma,Trastevere - Mastai,https://www.halldis.com,Halldis Roma Trastevere - Mastai LinkedIn
iFlat Roma Trastevere - Mastai,iFlat,Luxury & Boutique Property Management,Roma,Trastevere - Mastai,https://iflat.it,iFlat Roma Trastevere - Mastai LinkedIn
Varental Roma Trastevere - Mastai,Varental,Revenue & Short Rental Management,Roma,Trastevere - Mastai,https://varental.it,Varental Roma Trastevere - Mastai LinkedIn
My Extra Home Roma Trastevere - Mastai,My Extra Home,Boutique Vacation Rental Mgmt,Roma,Trastevere - Mastai,https://myextrahome.com,My Extra Home Roma Trastevere - Mastai LinkedIn
Rome Key Apartments Roma Trastevere - Mastai,Rome Key Apartments,Property Management Turistico,Roma,Trastevere - Mastai,https://romekeyapartments.com,Rome Key Apartments Roma Trastevere - Mastai LinkedIn
Rome City Rentals Roma Trastevere - Mastai,Rome City Rentals,Short-Term Rental Management,Roma,Trastevere - Mastai,https://romecityrentals.com,Rome City Rentals Roma Trastevere - Mastai LinkedIn
Homeity Roma Trastevere - Mastai,Homeity,Full Property Management,Roma,Trastevere - Mastai,https://homeity.it,Homeity Roma Trastevere - Mastai LinkedIn
Tecnocasa Roma Testaccio - Marmorata,Tecnocasa,Agenzia Immobiliare,Roma,Testaccio - Marmorata,https://www.tecnocasa.it,Tecnocasa Roma Testaccio - Marmorata LinkedIn
Tecnorete Roma Testaccio - Marmorata,Tecnorete,Agenzia Immobiliare,Roma,Testaccio - Marmorata,https://www.tecnorete.it,Tecnorete Roma Testaccio - Marmorata LinkedIn
Tempocasa Roma Testaccio - Marmorata,Tempocasa,Agenzia Immobiliare,Roma,Testaccio - Marmorata,https://www.tempocasa.it,Tempocasa Roma Testaccio - Marmorata LinkedIn
Toscano Immobiliare Roma Testaccio - Marmorata,Toscano Immobiliare,Agenzia Immobiliare,Roma,Testaccio - Marmorata,https://www.toscano.it,Toscano Immobiliare Roma Testaccio - Marmorata LinkedIn
Gabetti Property Solutions Roma Testaccio - Marmorata,Gabetti Property Solutions,Agenzia Immobiliare,Roma,Testaccio - Marmorata,https://www.gabetti.it,Gabetti Property Solutions Roma Testaccio - Marmorata LinkedIn
RE/MAX Italia Roma Testaccio - Marmorata,RE/MAX Italia,Agenzia Immobiliare,Roma,Testaccio - Marmorata,https://www.remax.it,RE/MAX Italia Roma Testaccio - Marmorata LinkedIn
Grimaldi Immobiliare Roma Testaccio - Marmorata,Grimaldi Immobiliare,Agenzia Immobiliare,Roma,Testaccio - Marmorata,https://www.grimaldiimmobiliare.it,Grimaldi Immobiliare Roma Testaccio - Marmorata LinkedIn
Professionecasa Roma Testaccio - Marmorata,Professionecasa,Agenzia Immobiliare,Roma,Testaccio - Marmorata,https://www.professionecasa.it,Professionecasa Roma Testaccio - Marmorata LinkedIn
Coldwell Banker Roma Testaccio - Marmorata,Coldwell Banker,Agenzia Immobiliare,Roma,Testaccio - Marmorata,https://www.coldwellbanker.it,Coldwell Banker Roma Testaccio - Marmorata LinkedIn
Engel & Völkers Roma Testaccio - Marmorata,Engel & Völkers,Agenzia Immobiliare,Roma,Testaccio - Marmorata,https://www.engelvoelkers.com,Engel & Völkers Roma Testaccio - Marmorata LinkedIn
RockAgent Roma Testaccio - Marmorata,RockAgent,Agenzia Immobiliare,Roma,Testaccio - Marmorata,https://www.rockagent.it,RockAgent Roma Testaccio - Marmorata LinkedIn
Century 21 Roma Testaccio - Marmorata,Century 21,Agenzia Immobiliare,Roma,Testaccio - Marmorata,https://www.century21.it,Century 21 Roma Testaccio - Marmorata LinkedIn
Frimm Immobiliare Roma Testaccio - Marmorata,Frimm Immobiliare,Agenzia Immobiliare,Roma,Testaccio - Marmorata,https://www.frimm.com,Frimm Immobiliare Roma Testaccio - Marmorata LinkedIn
Fondocasa Roma Testaccio - Marmorata,Fondocasa,Agenzia Immobiliare,Roma,Testaccio - Marmorata,https://www.fondocasa.it,Fondocasa Roma Testaccio - Marmorata LinkedIn
CleanBnB Roma Testaccio - Marmorata,CleanBnB,Full Property Management Affitti Brevi,Roma,Testaccio - Marmorata,https://cleanbnb.net,CleanBnB Roma Testaccio - Marmorata LinkedIn
Joivy / Altido Roma Testaccio - Marmorata,Joivy / Altido,Co-Living & Vacation Rental Management,Roma,Testaccio - Marmorata,https://www.joivy.com,Joivy / Altido Roma Testaccio - Marmorata LinkedIn
Italianway Roma Testaccio - Marmorata,Italianway,Network Gestione Locazioni Turistiche,Roma,Testaccio - Marmorata,https://www.italianway.house,Italianway Roma Testaccio - Marmorata LinkedIn
Halldis Roma Testaccio - Marmorata,Halldis,Corporate & Short Stay Management,Roma,Testaccio - Marmorata,https://www.halldis.com,Halldis Roma Testaccio - Marmorata LinkedIn
iFlat Roma Testaccio - Marmorata,iFlat,Luxury & Boutique Property Management,Roma,Testaccio - Marmorata,https://iflat.it,iFlat Roma Testaccio - Marmorata LinkedIn
Varental Roma Testaccio - Marmorata,Varental,Revenue & Short Rental Management,Roma,Testaccio - Marmorata,https://varental.it,Varental Roma Testaccio - Marmorata LinkedIn
My Extra Home Roma Testaccio - Marmorata,My Extra Home,Boutique Vacation Rental Mgmt,Roma,Testaccio - Marmorata,https://myextrahome.com,My Extra Home Roma Testaccio - Marmorata LinkedIn
Rome Key Apartments Roma Testaccio - Marmorata,Rome Key Apartments,Property Management Turistico,Roma,Testaccio - Marmorata,https://romekeyapartments.com,Rome Key Apartments Roma Testaccio - Marmorata LinkedIn
Rome City Rentals Roma Testaccio - Marmorata,Rome City Rentals,Short-Term Rental Management,Roma,Testaccio - Marmorata,https://romecityrentals.com,Rome City Rentals Roma Testaccio - Marmorata LinkedIn
Homeity Roma Testaccio - Marmorata,Homeity,Full Property Management,Roma,Testaccio - Marmorata,https://homeity.it,Homeity Roma Testaccio - Marmorata LinkedIn
Tecnocasa Roma Montesacro - Espero,Tecnocasa,Agenzia Immobiliare,Roma,Montesacro - Espero,https://www.tecnocasa.it,Tecnocasa Roma Montesacro - Espero LinkedIn
Tecnorete Roma Montesacro - Espero,Tecnorete,Agenzia Immobiliare,Roma,Montesacro - Espero,https://www.tecnorete.it,Tecnorete Roma Montesacro - Espero LinkedIn
Tempocasa Roma Montesacro - Espero,Tempocasa,Agenzia Immobiliare,Roma,Montesacro - Espero,https://www.tempocasa.it,Tempocasa Roma Montesacro - Espero LinkedIn
Toscano Immobiliare Roma Montesacro - Espero,Toscano Immobiliare,Agenzia Immobiliare,Roma,Montesacro - Espero,https://www.toscano.it,Toscano Immobiliare Roma Montesacro - Espero LinkedIn
Gabetti Property Solutions Roma Montesacro - Espero,Gabetti Property Solutions,Agenzia Immobiliare,Roma,Montesacro - Espero,https://www.gabetti.it,Gabetti Property Solutions Roma Montesacro - Espero LinkedIn
RE/MAX Italia Roma Montesacro - Espero,RE/MAX Italia,Agenzia Immobiliare,Roma,Montesacro - Espero,https://www.remax.it,RE/MAX Italia Roma Montesacro - Espero LinkedIn
Grimaldi Immobiliare Roma Montesacro - Espero,Grimaldi Immobiliare,Agenzia Immobiliare,Roma,Montesacro - Espero,https://www.grimaldiimmobiliare.it,Grimaldi Immobiliare Roma Montesacro - Espero LinkedIn
Professionecasa Roma Montesacro - Espero,Professionecasa,Agenzia Immobiliare,Roma,Montesacro - Espero,https://www.professionecasa.it,Professionecasa Roma Montesacro - Espero LinkedIn
Coldwell Banker Roma Montesacro - Espero,Coldwell Banker,Agenzia Immobiliare,Roma,Montesacro - Espero,https://www.coldwellbanker.it,Coldwell Banker Roma Montesacro - Espero LinkedIn
Engel & Völkers Roma Montesacro - Espero,Engel & Völkers,Agenzia Immobiliare,Roma,Montesacro - Espero,https://www.engelvoelkers.com,Engel & Völkers Roma Montesacro - Espero LinkedIn
RockAgent Roma Montesacro - Espero,RockAgent,Agenzia Immobiliare,Roma,Montesacro - Espero,https://www.rockagent.it,RockAgent Roma Montesacro - Espero LinkedIn
Century 21 Roma Montesacro - Espero,Century 21,Agenzia Immobiliare,Roma,Montesacro - Espero,https://www.century21.it,Century 21 Roma Montesacro - Espero LinkedIn
Frimm Immobiliare Roma Montesacro - Espero,Frimm Immobiliare,Agenzia Immobiliare,Roma,Montesacro - Espero,https://www.frimm.com,Frimm Immobiliare Roma Montesacro - Espero LinkedIn
Fondocasa Roma Montesacro - Espero,Fondocasa,Agenzia Immobiliare,Roma,Montesacro - Espero,https://www.fondocasa.it,Fondocasa Roma Montesacro - Espero LinkedIn
CleanBnB Roma Montesacro - Espero,CleanBnB,Full Property Management Affitti Brevi,Roma,Montesacro - Espero,https://cleanbnb.net,CleanBnB Roma Montesacro - Espero LinkedIn
Joivy / Altido Roma Montesacro - Espero,Joivy / Altido,Co-Living & Vacation Rental Management,Roma,Montesacro - Espero,https://www.joivy.com,Joivy / Altido Roma Montesacro - Espero LinkedIn
Italianway Roma Montesacro - Espero,Italianway,Network Gestione Locazioni Turistiche,Roma,Montesacro - Espero,https://www.italianway.house,Italianway Roma Montesacro - Espero LinkedIn
Halldis Roma Montesacro - Espero,Halldis,Corporate & Short Stay Management,Roma,Montesacro - Espero,https://www.halldis.com,Halldis Roma Montesacro - Espero LinkedIn
iFlat Roma Montesacro - Espero,iFlat,Luxury & Boutique Property Management,Roma,Montesacro - Espero,https://iflat.it,iFlat Roma Montesacro - Espero LinkedIn
Varental Roma Montesacro - Espero,Varental,Revenue & Short Rental Management,Roma,Montesacro - Espero,https://varental.it,Varental Roma Montesacro - Espero LinkedIn
My Extra Home Roma Montesacro - Espero,My Extra Home,Boutique Vacation Rental Mgmt,Roma,Montesacro - Espero,https://myextrahome.com,My Extra Home Roma Montesacro - Espero LinkedIn
Rome Key Apartments Roma Montesacro - Espero,Rome Key Apartments,Property Management Turistico,Roma,Montesacro - Espero,https://romekeyapartments.com,Rome Key Apartments Roma Montesacro - Espero LinkedIn
Rome City Rentals Roma Montesacro - Espero,Rome City Rentals,Short-Term Rental Management,Roma,Montesacro - Espero,https://romecityrentals.com,Rome City Rentals Roma Montesacro - Espero LinkedIn
Homeity Roma Montesacro - Espero,Homeity,Full Property Management,Roma,Montesacro - Espero,https://homeity.it,Homeity Roma Montesacro - Espero LinkedIn
Tecnocasa Roma Montesacro - Talenti,Tecnocasa,Agenzia Immobiliare,Roma,Montesacro - Talenti,https://www.tecnocasa.it,Tecnocasa Roma Montesacro - Talenti LinkedIn
Tecnorete Roma Montesacro - Talenti,Tecnorete,Agenzia Immobiliare,Roma,Montesacro - Talenti,https://www.tecnorete.it,Tecnorete Roma Montesacro - Talenti LinkedIn
Tempocasa Roma Montesacro - Talenti,Tempocasa,Agenzia Immobiliare,Roma,Montesacro - Talenti,https://www.tempocasa.it,Tempocasa Roma Montesacro - Talenti LinkedIn
Toscano Immobiliare Roma Montesacro - Talenti,Toscano Immobiliare,Agenzia Immobiliare,Roma,Montesacro - Talenti,https://www.toscano.it,Toscano Immobiliare Roma Montesacro - Talenti LinkedIn
Gabetti Property Solutions Roma Montesacro - Talenti,Gabetti Property Solutions,Agenzia Immobiliare,Roma,Montesacro - Talenti,https://www.gabetti.it,Gabetti Property Solutions Roma Montesacro - Talenti LinkedIn
RE/MAX Italia Roma Montesacro - Talenti,RE/MAX Italia,Agenzia Immobiliare,Roma,Montesacro - Talenti,https://www.remax.it,RE/MAX Italia Roma Montesacro - Talenti LinkedIn
Grimaldi Immobiliare Roma Montesacro - Talenti,Grimaldi Immobiliare,Agenzia Immobiliare,Roma,Montesacro - Talenti,https://www.grimaldiimmobiliare.it,Grimaldi Immobiliare Roma Montesacro - Talenti LinkedIn
Professionecasa Roma Montesacro - Talenti,Professionecasa,Agenzia Immobiliare,Roma,Montesacro - Talenti,https://www.professionecasa.it,Professionecasa Roma Montesacro - Talenti LinkedIn
Coldwell Banker Roma Montesacro - Talenti,Coldwell Banker,Agenzia Immobiliare,Roma,Montesacro - Talenti,https://www.coldwellbanker.it,Coldwell Banker Roma Montesacro - Talenti LinkedIn
Engel & Völkers Roma Montesacro - Talenti,Engel & Völkers,Agenzia Immobiliare,Roma,Montesacro - Talenti,https://www.engelvoelkers.com,Engel & Völkers Roma Montesacro - Talenti LinkedIn
RockAgent Roma Montesacro - Talenti,RockAgent,Agenzia Immobiliare,Roma,Montesacro - Talenti,https://www.rockagent.it,RockAgent Roma Montesacro - Talenti LinkedIn
Century 21 Roma Montesacro - Talenti,Century 21,Agenzia Immobiliare,Roma,Montesacro - Talenti,https://www.century21.it,Century 21 Roma Montesacro - Talenti LinkedIn
Frimm Immobiliare Roma Montesacro - Talenti,Frimm Immobiliare,Agenzia Immobiliare,Roma,Montesacro - Talenti,https://www.frimm.com,Frimm Immobiliare Roma Montesacro - Talenti LinkedIn
Fondocasa Roma Montesacro - Talenti,Fondocasa,Agenzia Immobiliare,Roma,Montesacro - Talenti,https://www.fondocasa.it,Fondocasa Roma Montesacro - Talenti LinkedIn
CleanBnB Roma Montesacro - Talenti,CleanBnB,Full Property Management Affitti Brevi,Roma,Montesacro - Talenti,https://cleanbnb.net,CleanBnB Roma Montesacro - Talenti LinkedIn
Joivy / Altido Roma Montesacro - Talenti,Joivy / Altido,Co-Living & Vacation Rental Management,Roma,Montesacro - Talenti,https://www.joivy.com,Joivy / Altido Roma Montesacro - Talenti LinkedIn
Italianway Roma Montesacro - Talenti,Italianway,Network Gestione Locazioni Turistiche,Roma,Montesacro - Talenti,https://www.italianway.house,Italianway Roma Montesacro - Talenti LinkedIn
Halldis Roma Montesacro - Talenti,Halldis,Corporate & Short Stay Management,Roma,Montesacro - Talenti,https://www.halldis.com,Halldis Roma Montesacro - Talenti LinkedIn
iFlat Roma Montesacro - Talenti,iFlat,Luxury & Boutique Property Management,Roma,Montesacro - Talenti,https://iflat.it,iFlat Roma Montesacro - Talenti LinkedIn
Varental Roma Montesacro - Talenti,Varental,Revenue & Short Rental Management,Roma,Montesacro - Talenti,https://varental.it,Varental Roma Montesacro - Talenti LinkedIn
My Extra Home Roma Montesacro - Talenti,My Extra Home,Boutique Vacation Rental Mgmt,Roma,Montesacro - Talenti,https://myextrahome.com,My Extra Home Roma Montesacro - Talenti LinkedIn
Rome Key Apartments Roma Montesacro - Talenti,Rome Key Apartments,Property Management Turistico,Roma,Montesacro - Talenti,https://romekeyapartments.com,Rome Key Apartments Roma Montesacro - Talenti LinkedIn
Rome City Rentals Roma Montesacro - Talenti,Rome City Rentals,Short-Term Rental Management,Roma,Montesacro - Talenti,https://romecityrentals.com,Rome City Rentals Roma Montesacro - Talenti LinkedIn
Homeity Roma Montesacro - Talenti,Homeity,Full Property Management,Roma,Montesacro - Talenti,https://homeity.it,Homeity Roma Montesacro - Talenti LinkedIn
Tecnocasa Roma Nomentano - Bologna,Tecnocasa,Agenzia Immobiliare,Roma,Nomentano - Bologna,https://www.tecnocasa.it,Tecnocasa Roma Nomentano - Bologna LinkedIn
Tecnorete Roma Nomentano - Bologna,Tecnorete,Agenzia Immobiliare,Roma,Nomentano - Bologna,https://www.tecnorete.it,Tecnorete Roma Nomentano - Bologna LinkedIn
Tempocasa Roma Nomentano - Bologna,Tempocasa,Agenzia Immobiliare,Roma,Nomentano - Bologna,https://www.tempocasa.it,Tempocasa Roma Nomentano - Bologna LinkedIn
Toscano Immobiliare Roma Nomentano - Bologna,Toscano Immobiliare,Agenzia Immobiliare,Roma,Nomentano - Bologna,https://www.toscano.it,Toscano Immobiliare Roma Nomentano - Bologna LinkedIn
Gabetti Property Solutions Roma Nomentano - Bologna,Gabetti Property Solutions,Agenzia Immobiliare,Roma,Nomentano - Bologna,https://www.gabetti.it,Gabetti Property Solutions Roma Nomentano - Bologna LinkedIn
RE/MAX Italia Roma Nomentano - Bologna,RE/MAX Italia,Agenzia Immobiliare,Roma,Nomentano - Bologna,https://www.remax.it,RE/MAX Italia Roma Nomentano - Bologna LinkedIn
Grimaldi Immobiliare Roma Nomentano - Bologna,Grimaldi Immobiliare,Agenzia Immobiliare,Roma,Nomentano - Bologna,https://www.grimaldiimmobiliare.it,Grimaldi Immobiliare Roma Nomentano - Bologna LinkedIn
Professionecasa Roma Nomentano - Bologna,Professionecasa,Agenzia Immobiliare,Roma,Nomentano - Bologna,https://www.professionecasa.it,Professionecasa Roma Nomentano - Bologna LinkedIn
Coldwell Banker Roma Nomentano - Bologna,Coldwell Banker,Agenzia Immobiliare,Roma,Nomentano - Bologna,https://www.coldwellbanker.it,Coldwell Banker Roma Nomentano - Bologna LinkedIn
Engel & Völkers Roma Nomentano - Bologna,Engel & Völkers,Agenzia Immobiliare,Roma,Nomentano - Bologna,https://www.engelvoelkers.com,Engel & Völkers Roma Nomentano - Bologna LinkedIn
RockAgent Roma Nomentano - Bologna,RockAgent,Agenzia Immobiliare,Roma,Nomentano - Bologna,https://www.rockagent.it,RockAgent Roma Nomentano - Bologna LinkedIn
Century 21 Roma Nomentano - Bologna,Century 21,Agenzia Immobiliare,Roma,Nomentano - Bologna,https://www.century21.it,Century 21 Roma Nomentano - Bologna LinkedIn
Frimm Immobiliare Roma Nomentano - Bologna,Frimm Immobiliare,Agenzia Immobiliare,Roma,Nomentano - Bologna,https://www.frimm.com,Frimm Immobiliare Roma Nomentano - Bologna LinkedIn
Fondocasa Roma Nomentano - Bologna,Fondocasa,Agenzia Immobiliare,Roma,Nomentano - Bologna,https://www.fondocasa.it,Fondocasa Roma Nomentano - Bologna LinkedIn
CleanBnB Roma Nomentano - Bologna,CleanBnB,Full Property Management Affitti Brevi,Roma,Nomentano - Bologna,https://cleanbnb.net,CleanBnB Roma Nomentano - Bologna LinkedIn
Joivy / Altido Roma Nomentano - Bologna,Joivy / Altido,Co-Living & Vacation Rental Management,Roma,Nomentano - Bologna,https://www.joivy.com,Joivy / Altido Roma Nomentano - Bologna LinkedIn
Italianway Roma Nomentano - Bologna,Italianway,Network Gestione Locazioni Turistiche,Roma,Nomentano - Bologna,https://www.italianway.house,Italianway Roma Nomentano - Bologna LinkedIn
Halldis Roma Nomentano - Bologna,Halldis,Corporate & Short Stay Management,Roma,Nomentano - Bologna,https://www.halldis.com,Halldis Roma Nomentano - Bologna LinkedIn
iFlat Roma Nomentano - Bologna,iFlat,Luxury & Boutique Property Management,Roma,Nomentano - Bologna,https://iflat.it,iFlat Roma Nomentano - Bologna LinkedIn
Varental Roma Nomentano - Bologna,Varental,Revenue & Short Rental Management,Roma,Nomentano - Bologna,https://varental.it,Varental Roma Nomentano - Bologna LinkedIn
My Extra Home Roma Nomentano - Bologna,My Extra Home,Boutique Vacation Rental Mgmt,Roma,Nomentano - Bologna,https://myextrahome.com,My Extra Home Roma Nomentano - Bologna LinkedIn
Rome Key Apartments Roma Nomentano - Bologna,Rome Key Apartments,Property Management Turistico,Roma,Nomentano - Bologna,https://romekeyapartments.com,Rome Key Apartments Roma Nomentano - Bologna LinkedIn
Rome City Rentals Roma Nomentano - Bologna,Rome City Rentals,Short-Term Rental Management,Roma,Nomentano - Bologna,https://romecityrentals.com,Rome City Rentals Roma Nomentano - Bologna LinkedIn
Homeity Roma Nomentano - Bologna,Homeity,Full Property Management,Roma,Nomentano - Bologna,https://homeity.it,Homeity Roma Nomentano - Bologna LinkedIn
Tecnocasa Roma Esquilino - Termini,Tecnocasa,Agenzia Immobiliare,Roma,Esquilino - Termini,https://www.tecnocasa.it,Tecnocasa Roma Esquilino - Termini LinkedIn
Tecnorete Roma Esquilino - Termini,Tecnorete,Agenzia Immobiliare,Roma,Esquilino - Termini,https://www.tecnorete.it,Tecnorete Roma Esquilino - Termini LinkedIn
Tempocasa Roma Esquilino - Termini,Tempocasa,Agenzia Immobiliare,Roma,Esquilino - Termini,https://www.tempocasa.it,Tempocasa Roma Esquilino - Termini LinkedIn
Toscano Immobiliare Roma Esquilino - Termini,Toscano Immobiliare,Agenzia Immobiliare,Roma,Esquilino - Termini,https://www.toscano.it,Toscano Immobiliare Roma Esquilino - Termini LinkedIn
Gabetti Property Solutions Roma Esquilino - Termini,Gabetti Property Solutions,Agenzia Immobiliare,Roma,Esquilino - Termini,https://www.gabetti.it,Gabetti Property Solutions Roma Esquilino - Termini LinkedIn
RE/MAX Italia Roma Esquilino - Termini,RE/MAX Italia,Agenzia Immobiliare,Roma,Esquilino - Termini,https://www.remax.it,RE/MAX Italia Roma Esquilino - Termini LinkedIn
Grimaldi Immobiliare Roma Esquilino - Termini,Grimaldi Immobiliare,Agenzia Immobiliare,Roma,Esquilino - Termini,https://www.grimaldiimmobiliare.it,Grimaldi Immobiliare Roma Esquilino - Termini LinkedIn
Professionecasa Roma Esquilino - Termini,Professionecasa,Agenzia Immobiliare,Roma,Esquilino - Termini,https://www.professionecasa.it,Professionecasa Roma Esquilino - Termini LinkedIn
Coldwell Banker Roma Esquilino - Termini,Coldwell Banker,Agenzia Immobiliare,Roma,Esquilino - Termini,https://www.coldwellbanker.it,Coldwell Banker Roma Esquilino - Termini LinkedIn
Engel & Völkers Roma Esquilino - Termini,Engel & Völkers,Agenzia Immobiliare,Roma,Esquilino - Termini,https://www.engelvoelkers.com,Engel & Völkers Roma Esquilino - Termini LinkedIn
RockAgent Roma Esquilino - Termini,RockAgent,Agenzia Immobiliare,Roma,Esquilino - Termini,https://www.rockagent.it,RockAgent Roma Esquilino - Termini LinkedIn
Century 21 Roma Esquilino - Termini,Century 21,Agenzia Immobiliare,Roma,Esquilino - Termini,https://www.century21.it,Century 21 Roma Esquilino - Termini LinkedIn
Frimm Immobiliare Roma Esquilino - Termini,Frimm Immobiliare,Agenzia Immobiliare,Roma,Esquilino - Termini,https://www.frimm.com,Frimm Immobiliare Roma Esquilino - Termini LinkedIn
Fondocasa Roma Esquilino - Termini,Fondocasa,Agenzia Immobiliare,Roma,Esquilino - Termini,https://www.fondocasa.it,Fondocasa Roma Esquilino - Termini LinkedIn
CleanBnB Roma Esquilino - Termini,CleanBnB,Full Property Management Affitti Brevi,Roma,Esquilino - Termini,https://cleanbnb.net,CleanBnB Roma Esquilino - Termini LinkedIn
Joivy / Altido Roma Esquilino - Termini,Joivy / Altido,Co-Living & Vacation Rental Management,Roma,Esquilino - Termini,https://www.joivy.com,Joivy / Altido Roma Esquilino - Termini LinkedIn
Italianway Roma Esquilino - Termini,Italianway,Network Gestione Locazioni Turistiche,Roma,Esquilino - Termini,https://www.italianway.house,Italianway Roma Esquilino - Termini LinkedIn
Halldis Roma Esquilino - Termini,Halldis,Corporate & Short Stay Management,Roma,Esquilino - Termini,https://www.halldis.com,Halldis Roma Esquilino - Termini LinkedIn
iFlat Roma Esquilino - Termini,iFlat,Luxury & Boutique Property Management,Roma,Esquilino - Termini,https://iflat.it,iFlat Roma Esquilino - Termini LinkedIn
Varental Roma Esquilino - Termini,Varental,Revenue & Short Rental Management,Roma,Esquilino - Termini,https://varental.it,Varental Roma Esquilino - Termini LinkedIn
My Extra Home Roma Esquilino - Termini,My Extra Home,Boutique Vacation Rental Mgmt,Roma,Esquilino - Termini,https://myextrahome.com,My Extra Home Roma Esquilino - Termini LinkedIn
Rome Key Apartments Roma Esquilino - Termini,Rome Key Apartments,Property Management Turistico,Roma,Esquilino - Termini,https://romekeyapartments.com,Rome Key Apartments Roma Esquilino - Termini LinkedIn
Rome City Rentals Roma Esquilino - Termini,Rome City Rentals,Short-Term Rental Management,Roma,Esquilino - Termini,https://romecityrentals.com,Rome City Rentals Roma Esquilino - Termini LinkedIn
Homeity Roma Esquilino - Termini,Homeity,Full Property Management,Roma,Esquilino - Termini,https://homeity.it,Homeity Roma Esquilino - Termini LinkedIn
Tecnocasa Roma Esquilino - Vittorio,Tecnocasa,Agenzia Immobiliare,Roma,Esquilino - Vittorio,https://www.tecnocasa.it,Tecnocasa Roma Esquilino - Vittorio LinkedIn
Tecnorete Roma Esquilino - Vittorio,Tecnorete,Agenzia Immobiliare,Roma,Esquilino - Vittorio,https://www.tecnorete.it,Tecnorete Roma Esquilino - Vittorio LinkedIn
Tempocasa Roma Esquilino - Vittorio,Tempocasa,Agenzia Immobiliare,Roma,Esquilino - Vittorio,https://www.tempocasa.it,Tempocasa Roma Esquilino - Vittorio LinkedIn
Toscano Immobiliare Roma Esquilino - Vittorio,Toscano Immobiliare,Agenzia Immobiliare,Roma,Esquilino - Vittorio,https://www.toscano.it,Toscano Immobiliare Roma Esquilino - Vittorio LinkedIn
Gabetti Property Solutions Roma Esquilino - Vittorio,Gabetti Property Solutions,Agenzia Immobiliare,Roma,Esquilino - Vittorio,https://www.gabetti.it,Gabetti Property Solutions Roma Esquilino - Vittorio LinkedIn
RE/MAX Italia Roma Esquilino - Vittorio,RE/MAX Italia,Agenzia Immobiliare,Roma,Esquilino - Vittorio,https://www.remax.it,RE/MAX Italia Roma Esquilino - Vittorio LinkedIn
Grimaldi Immobiliare Roma Esquilino - Vittorio,Grimaldi Immobiliare,Agenzia Immobiliare,Roma,Esquilino - Vittorio,https://www.grimaldiimmobiliare.it,Grimaldi Immobiliare Roma Esquilino - Vittorio LinkedIn
Professionecasa Roma Esquilino - Vittorio,Professionecasa,Agenzia Immobiliare,Roma,Esquilino - Vittorio,https://www.professionecasa.it,Professionecasa Roma Esquilino - Vittorio LinkedIn
Coldwell Banker Roma Esquilino - Vittorio,Coldwell Banker,Agenzia Immobiliare,Roma,Esquilino - Vittorio,https://www.coldwellbanker.it,Coldwell Banker Roma Esquilino - Vittorio LinkedIn
Engel & Völkers Roma Esquilino - Vittorio,Engel & Völkers,Agenzia Immobiliare,Roma,Esquilino - Vittorio,https://www.engelvoelkers.com,Engel & Völkers Roma Esquilino - Vittorio LinkedIn
RockAgent Roma Esquilino - Vittorio,RockAgent,Agenzia Immobiliare,Roma,Esquilino - Vittorio,https://www.rockagent.it,RockAgent Roma Esquilino - Vittorio LinkedIn
Century 21 Roma Esquilino - Vittorio,Century 21,Agenzia Immobiliare,Roma,Esquilino - Vittorio,https://www.century21.it,Century 21 Roma Esquilino - Vittorio LinkedIn
Frimm Immobiliare Roma Esquilino - Vittorio,Frimm Immobiliare,Agenzia Immobiliare,Roma,Esquilino - Vittorio,https://www.frimm.com,Frimm Immobiliare Roma Esquilino - Vittorio LinkedIn
Fondocasa Roma Esquilino - Vittorio,Fondocasa,Agenzia Immobiliare,Roma,Esquilino - Vittorio,https://www.fondocasa.it,Fondocasa Roma Esquilino - Vittorio LinkedIn
CleanBnB Roma Esquilino - Vittorio,CleanBnB,Full Property Management Affitti Brevi,Roma,Esquilino - Vittorio,https://cleanbnb.net,CleanBnB Roma Esquilino - Vittorio LinkedIn
Joivy / Altido Roma Esquilino - Vittorio,Joivy / Altido,Co-Living & Vacation Rental Management,Roma,Esquilino - Vittorio,https://www.joivy.com,Joivy / Altido Roma Esquilino - Vittorio LinkedIn
Italianway Roma Esquilino - Vittorio,Italianway,Network Gestione Locazioni Turistiche,Roma,Esquilino - Vittorio,https://www.italianway.house,Italianway Roma Esquilino - Vittorio LinkedIn
Halldis Roma Esquilino - Vittorio,Halldis,Corporate & Short Stay Management,Roma,Esquilino - Vittorio,https://www.halldis.com,Halldis Roma Esquilino - Vittorio LinkedIn
iFlat Roma Esquilino - Vittorio,iFlat,Luxury & Boutique Property Management,Roma,Esquilino - Vittorio,https://iflat.it,iFlat Roma Esquilino - Vittorio LinkedIn
Varental Roma Esquilino - Vittorio,Varental,Revenue & Short Rental Management,Roma,Esquilino - Vittorio,https://varental.it,Varental Roma Esquilino - Vittorio LinkedIn
My Extra Home Roma Esquilino - Vittorio,My Extra Home,Boutique Vacation Rental Mgmt,Roma,Esquilino - Vittorio,https://myextrahome.com,My Extra Home Roma Esquilino - Vittorio LinkedIn
Rome Key Apartments Roma Esquilino - Vittorio,Rome Key Apartments,Property Management Turistico,Roma,Esquilino - Vittorio,https://romekeyapartments.com,Rome Key Apartments Roma Esquilino - Vittorio LinkedIn
Rome City Rentals Roma Esquilino - Vittorio,Rome City Rentals,Short-Term Rental Management,Roma,Esquilino - Vittorio,https://romecityrentals.com,Rome City Rentals Roma Esquilino - Vittorio LinkedIn
Homeity Roma Esquilino - Vittorio,Homeity,Full Property Management,Roma,Esquilino - Vittorio,https://homeity.it,Homeity Roma Esquilino - Vittorio LinkedIn
Tecnocasa Roma Aurelio - Boccea,Tecnocasa,Agenzia Immobiliare,Roma,Aurelio - Boccea,https://www.tecnocasa.it,Tecnocasa Roma Aurelio - Boccea LinkedIn
Tecnorete Roma Aurelio - Boccea,Tecnorete,Agenzia Immobiliare,Roma,Aurelio - Boccea,https://www.tecnorete.it,Tecnorete Roma Aurelio - Boccea LinkedIn
Tempocasa Roma Aurelio - Boccea,Tempocasa,Agenzia Immobiliare,Roma,Aurelio - Boccea,https://www.tempocasa.it,Tempocasa Roma Aurelio - Boccea LinkedIn
Toscano Immobiliare Roma Aurelio - Boccea,Toscano Immobiliare,Agenzia Immobiliare,Roma,Aurelio - Boccea,https://www.toscano.it,Toscano Immobiliare Roma Aurelio - Boccea LinkedIn
Gabetti Property Solutions Roma Aurelio - Boccea,Gabetti Property Solutions,Agenzia Immobiliare,Roma,Aurelio - Boccea,https://www.gabetti.it,Gabetti Property Solutions Roma Aurelio - Boccea LinkedIn
RE/MAX Italia Roma Aurelio - Boccea,RE/MAX Italia,Agenzia Immobiliare,Roma,Aurelio - Boccea,https://www.remax.it,RE/MAX Italia Roma Aurelio - Boccea LinkedIn
Grimaldi Immobiliare Roma Aurelio - Boccea,Grimaldi Immobiliare,Agenzia Immobiliare,Roma,Aurelio - Boccea,https://www.grimaldiimmobiliare.it,Grimaldi Immobiliare Roma Aurelio - Boccea LinkedIn
Professionecasa Roma Aurelio - Boccea,Professionecasa,Agenzia Immobiliare,Roma,Aurelio - Boccea,https://www.professionecasa.it,Professionecasa Roma Aurelio - Boccea LinkedIn
Coldwell Banker Roma Aurelio - Boccea,Coldwell Banker,Agenzia Immobiliare,Roma,Aurelio - Boccea,https://www.coldwellbanker.it,Coldwell Banker Roma Aurelio - Boccea LinkedIn
Engel & Völkers Roma Aurelio - Boccea,Engel & Völkers,Agenzia Immobiliare,Roma,Aurelio - Boccea,https://www.engelvoelkers.com,Engel & Völkers Roma Aurelio - Boccea LinkedIn
RockAgent Roma Aurelio - Boccea,RockAgent,Agenzia Immobiliare,Roma,Aurelio - Boccea,https://www.rockagent.it,RockAgent Roma Aurelio - Boccea LinkedIn
Century 21 Roma Aurelio - Boccea,Century 21,Agenzia Immobiliare,Roma,Aurelio - Boccea,https://www.century21.it,Century 21 Roma Aurelio - Boccea LinkedIn
Frimm Immobiliare Roma Aurelio - Boccea,Frimm Immobiliare,Agenzia Immobiliare,Roma,Aurelio - Boccea,https://www.frimm.com,Frimm Immobiliare Roma Aurelio - Boccea LinkedIn
Fondocasa Roma Aurelio - Boccea,Fondocasa,Agenzia Immobiliare,Roma,Aurelio - Boccea,https://www.fondocasa.it,Fondocasa Roma Aurelio - Boccea LinkedIn
CleanBnB Roma Aurelio - Boccea,CleanBnB,Full Property Management Affitti Brevi,Roma,Aurelio - Boccea,https://cleanbnb.net,CleanBnB Roma Aurelio - Boccea LinkedIn
Joivy / Altido Roma Aurelio - Boccea,Joivy / Altido,Co-Living & Vacation Rental Management,Roma,Aurelio - Boccea,https://www.joivy.com,Joivy / Altido Roma Aurelio - Boccea LinkedIn
Italianway Roma Aurelio - Boccea,Italianway,Network Gestione Locazioni Turistiche,Roma,Aurelio - Boccea,https://www.italianway.house,Italianway Roma Aurelio - Boccea LinkedIn
Halldis Roma Aurelio - Boccea,Halldis,Corporate & Short Stay Management,Roma,Aurelio - Boccea,https://www.halldis.com,Halldis Roma Aurelio - Boccea LinkedIn
iFlat Roma Aurelio - Boccea,iFlat,Luxury & Boutique Property Management,Roma,Aurelio - Boccea,https://iflat.it,iFlat Roma Aurelio - Boccea LinkedIn
Varental Roma Aurelio - Boccea,Varental,Revenue & Short Rental Management,Roma,Aurelio - Boccea,https://varental.it,Varental Roma Aurelio - Boccea LinkedIn
My Extra Home Roma Aurelio - Boccea,My Extra Home,Boutique Vacation Rental Mgmt,Roma,Aurelio - Boccea,https://myextrahome.com,My Extra Home Roma Aurelio - Boccea LinkedIn
Rome Key Apartments Roma Aurelio - Boccea,Rome Key Apartments,Property Management Turistico,Roma,Aurelio - Boccea,https://romekeyapartments.com,Rome Key Apartments Roma Aurelio - Boccea LinkedIn
Rome City Rentals Roma Aurelio - Boccea,Rome City Rentals,Short-Term Rental Management,Roma,Aurelio - Boccea,https://romecityrentals.com,Rome City Rentals Roma Aurelio - Boccea LinkedIn
Homeity Roma Aurelio - Boccea,Homeity,Full Property Management,Roma,Aurelio - Boccea,https://homeity.it,Homeity Roma Aurelio - Boccea LinkedIn
Tecnocasa Roma Trionfale - Balduina,Tecnocasa,Agenzia Immobiliare,Roma,Trionfale - Balduina,https://www.tecnocasa.it,Tecnocasa Roma Trionfale - Balduina LinkedIn
Tecnorete Roma Trionfale - Balduina,Tecnorete,Agenzia Immobiliare,Roma,Trionfale - Balduina,https://www.tecnorete.it,Tecnorete Roma Trionfale - Balduina LinkedIn
Tempocasa Roma Trionfale - Balduina,Tempocasa,Agenzia Immobiliare,Roma,Trionfale - Balduina,https://www.tempocasa.it,Tempocasa Roma Trionfale - Balduina LinkedIn
Toscano Immobiliare Roma Trionfale - Balduina,Toscano Immobiliare,Agenzia Immobiliare,Roma,Trionfale - Balduina,https://www.toscano.it,Toscano Immobiliare Roma Trionfale - Balduina LinkedIn
Gabetti Property Solutions Roma Trionfale - Balduina,Gabetti Property Solutions,Agenzia Immobiliare,Roma,Trionfale - Balduina,https://www.gabetti.it,Gabetti Property Solutions Roma Trionfale - Balduina LinkedIn
RE/MAX Italia Roma Trionfale - Balduina,RE/MAX Italia,Agenzia Immobiliare,Roma,Trionfale - Balduina,https://www.remax.it,RE/MAX Italia Roma Trionfale - Balduina LinkedIn
Grimaldi Immobiliare Roma Trionfale - Balduina,Grimaldi Immobiliare,Agenzia Immobiliare,Roma,Trionfale - Balduina,https://www.grimaldiimmobiliare.it,Grimaldi Immobiliare Roma Trionfale - Balduina LinkedIn
Professionecasa Roma Trionfale - Balduina,Professionecasa,Agenzia Immobiliare,Roma,Trionfale - Balduina,https://www.professionecasa.it,Professionecasa Roma Trionfale - Balduina LinkedIn
Coldwell Banker Roma Trionfale - Balduina,Coldwell Banker,Agenzia Immobiliare,Roma,Trionfale - Balduina,https://www.coldwellbanker.it,Coldwell Banker Roma Trionfale - Balduina LinkedIn
Engel & Völkers Roma Trionfale - Balduina,Engel & Völkers,Agenzia Immobiliare,Roma,Trionfale - Balduina,https://www.engelvoelkers.com,Engel & Völkers Roma Trionfale - Balduina LinkedIn
RockAgent Roma Trionfale - Balduina,RockAgent,Agenzia Immobiliare,Roma,Trionfale - Balduina,https://www.rockagent.it,RockAgent Roma Trionfale - Balduina LinkedIn
Century 21 Roma Trionfale - Balduina,Century 21,Agenzia Immobiliare,Roma,Trionfale - Balduina,https://www.century21.it,Century 21 Roma Trionfale - Balduina LinkedIn
Frimm Immobiliare Roma Trionfale - Balduina,Frimm Immobiliare,Agenzia Immobiliare,Roma,Trionfale - Balduina,https://www.frimm.com,Frimm Immobiliare Roma Trionfale - Balduina LinkedIn
Fondocasa Roma Trionfale - Balduina,Fondocasa,Agenzia Immobiliare,Roma,Trionfale - Balduina,https://www.fondocasa.it,Fondocasa Roma Trionfale - Balduina LinkedIn
CleanBnB Roma Trionfale - Balduina,CleanBnB,Full Property Management Affitti Brevi,Roma,Trionfale - Balduina,https://cleanbnb.net,CleanBnB Roma Trionfale - Balduina LinkedIn
Joivy / Altido Roma Trionfale - Balduina,Joivy / Altido,Co-Living & Vacation Rental Management,Roma,Trionfale - Balduina,https://www.joivy.com,Joivy / Altido Roma Trionfale - Balduina LinkedIn
Italianway Roma Trionfale - Balduina,Italianway,Network Gestione Locazioni Turistiche,Roma,Trionfale - Balduina,https://www.italianway.house,Italianway Roma Trionfale - Balduina LinkedIn
Halldis Roma Trionfale - Balduina,Halldis,Corporate & Short Stay Management,Roma,Trionfale - Balduina,https://www.halldis.com,Halldis Roma Trionfale - Balduina LinkedIn
iFlat Roma Trionfale - Balduina,iFlat,Luxury & Boutique Property Management,Roma,Trionfale - Balduina,https://iflat.it,iFlat Roma Trionfale - Balduina LinkedIn
Varental Roma Trionfale - Balduina,Varental,Revenue & Short Rental Management,Roma,Trionfale - Balduina,https://varental.it,Varental Roma Trionfale - Balduina LinkedIn
My Extra Home Roma Trionfale - Balduina,My Extra Home,Boutique Vacation Rental Mgmt,Roma,Trionfale - Balduina,https://myextrahome.com,My Extra Home Roma Trionfale - Balduina LinkedIn
Rome Key Apartments Roma Trionfale - Balduina,Rome Key Apartments,Property Management Turistico,Roma,Trionfale - Balduina,https://romekeyapartments.com,Rome Key Apartments Roma Trionfale - Balduina LinkedIn
Rome City Rentals Roma Trionfale - Balduina,Rome City Rentals,Short-Term Rental Management,Roma,Trionfale - Balduina,https://romecityrentals.com,Rome City Rentals Roma Trionfale - Balduina LinkedIn
Homeity Roma Trionfale - Balduina,Homeity,Full Property Management,Roma,Trionfale - Balduina,https://homeity.it,Homeity Roma Trionfale - Balduina LinkedIn
Tecnocasa Roma Monteverde - Gianicolense,Tecnocasa,Agenzia Immobiliare,Roma,Monteverde - Gianicolense,https://www.tecnocasa.it,Tecnocasa Roma Monteverde - Gianicolense LinkedIn
Tecnorete Roma Monteverde - Gianicolense,Tecnorete,Agenzia Immobiliare,Roma,Monteverde - Gianicolense,https://www.tecnorete.it,Tecnorete Roma Monteverde - Gianicolense LinkedIn
Tempocasa Roma Monteverde - Gianicolense,Tempocasa,Agenzia Immobiliare,Roma,Monteverde - Gianicolense,https://www.tempocasa.it,Tempocasa Roma Monteverde - Gianicolense LinkedIn
Toscano Immobiliare Roma Monteverde - Gianicolense,Toscano Immobiliare,Agenzia Immobiliare,Roma,Monteverde - Gianicolense,https://www.toscano.it,Toscano Immobiliare Roma Monteverde - Gianicolense LinkedIn
Gabetti Property Solutions Roma Monteverde - Gianicolense,Gabetti Property Solutions,Agenzia Immobiliare,Roma,Monteverde - Gianicolense,https://www.gabetti.it,Gabetti Property Solutions Roma Monteverde - Gianicolense LinkedIn
RE/MAX Italia Roma Monteverde - Gianicolense,RE/MAX Italia,Agenzia Immobiliare,Roma,Monteverde - Gianicolense,https://www.remax.it,RE/MAX Italia Roma Monteverde - Gianicolense LinkedIn
Grimaldi Immobiliare Roma Monteverde - Gianicolense,Grimaldi Immobiliare,Agenzia Immobiliare,Roma,Monteverde - Gianicolense,https://www.grimaldiimmobiliare.it,Grimaldi Immobiliare Roma Monteverde - Gianicolense LinkedIn
Professionecasa Roma Monteverde - Gianicolense,Professionecasa,Agenzia Immobiliare,Roma,Monteverde - Gianicolense,https://www.professionecasa.it,Professionecasa Roma Monteverde - Gianicolense LinkedIn
Coldwell Banker Roma Monteverde - Gianicolense,Coldwell Banker,Agenzia Immobiliare,Roma,Monteverde - Gianicolense,https://www.coldwellbanker.it,Coldwell Banker Roma Monteverde - Gianicolense LinkedIn
Engel & Völkers Roma Monteverde - Gianicolense,Engel & Völkers,Agenzia Immobiliare,Roma,Monteverde - Gianicolense,https://www.engelvoelkers.com,Engel & Völkers Roma Monteverde - Gianicolense LinkedIn
RockAgent Roma Monteverde - Gianicolense,RockAgent,Agenzia Immobiliare,Roma,Monteverde - Gianicolense,https://www.rockagent.it,RockAgent Roma Monteverde - Gianicolense LinkedIn
Century 21 Roma Monteverde - Gianicolense,Century 21,Agenzia Immobiliare,Roma,Monteverde - Gianicolense,https://www.century21.it,Century 21 Roma Monteverde - Gianicolense LinkedIn
Frimm Immobiliare Roma Monteverde - Gianicolense,Frimm Immobiliare,Agenzia Immobiliare,Roma,Monteverde - Gianicolense,https://www.frimm.com,Frimm Immobiliare Roma Monteverde - Gianicolense LinkedIn
Fondocasa Roma Monteverde - Gianicolense,Fondocasa,Agenzia Immobiliare,Roma,Monteverde - Gianicolense,https://www.fondocasa.it,Fondocasa Roma Monteverde - Gianicolense LinkedIn
CleanBnB Roma Monteverde - Gianicolense,CleanBnB,Full Property Management Affitti Brevi,Roma,Monteverde - Gianicolense,https://cleanbnb.net,CleanBnB Roma Monteverde - Gianicolense LinkedIn
Joivy / Altido Roma Monteverde - Gianicolense,Joivy / Altido,Co-Living & Vacation Rental Management,Roma,Monteverde - Gianicolense,https://www.joivy.com,Joivy / Altido Roma Monteverde - Gianicolense LinkedIn
Italianway Roma Monteverde - Gianicolense,Italianway,Network Gestione Locazioni Turistiche,Roma,Monteverde - Gianicolense,https://www.italianway.house,Italianway Roma Monteverde - Gianicolense LinkedIn
Halldis Roma Monteverde - Gianicolense,Halldis,Corporate & Short Stay Management,Roma,Monteverde - Gianicolense,https://www.halldis.com,Halldis Roma Monteverde - Gianicolense LinkedIn
iFlat Roma Monteverde - Gianicolense,iFlat,Luxury & Boutique Property Management,Roma,Monteverde - Gianicolense,https://iflat.it,iFlat Roma Monteverde - Gianicolense LinkedIn
Varental Roma Monteverde - Gianicolense,Varental,Revenue & Short Rental Management,Roma,Monteverde - Gianicolense,https://varental.it,Varental Roma Monteverde - Gianicolense LinkedIn
My Extra Home Roma Monteverde - Gianicolense,My Extra Home,Boutique Vacation Rental Mgmt,Roma,Monteverde - Gianicolense,https://myextrahome.com,My Extra Home Roma Monteverde - Gianicolense LinkedIn
Rome Key Apartments Roma Monteverde - Gianicolense,Rome Key Apartments,Property Management Turistico,Roma,Monteverde - Gianicolense,https://romekeyapartments.com,Rome Key Apartments Roma Monteverde - Gianicolense LinkedIn
Rome City Rentals Roma Monteverde - Gianicolense,Rome City Rentals,Short-Term Rental Management,Roma,Monteverde - Gianicolense,https://romecityrentals.com,Rome City Rentals Roma Monteverde - Gianicolense LinkedIn
Homeity Roma Monteverde - Gianicolense,Homeity,Full Property Management,Roma,Monteverde - Gianicolense,https://homeity.it,Homeity Roma Monteverde - Gianicolense LinkedIn
Tecnocasa Roma Ostiense - Garbatella,Tecnocasa,Agenzia Immobiliare,Roma,Ostiense - Garbatella,https://www.tecnocasa.it,Tecnocasa Roma Ostiense - Garbatella LinkedIn
Tecnorete Roma Ostiense - Garbatella,Tecnorete,Agenzia Immobiliare,Roma,Ostiense - Garbatella,https://www.tecnorete.it,Tecnorete Roma Ostiense - Garbatella LinkedIn
Tempocasa Roma Ostiense - Garbatella,Tempocasa,Agenzia Immobiliare,Roma,Ostiense - Garbatella,https://www.tempocasa.it,Tempocasa Roma Ostiense - Garbatella LinkedIn
Toscano Immobiliare Roma Ostiense - Garbatella,Toscano Immobiliare,Agenzia Immobiliare,Roma,Ostiense - Garbatella,https://www.toscano.it,Toscano Immobiliare Roma Ostiense - Garbatella LinkedIn
Gabetti Property Solutions Roma Ostiense - Garbatella,Gabetti Property Solutions,Agenzia Immobiliare,Roma,Ostiense - Garbatella,https://www.gabetti.it,Gabetti Property Solutions Roma Ostiense - Garbatella LinkedIn
RE/MAX Italia Roma Ostiense - Garbatella,RE/MAX Italia,Agenzia Immobiliare,Roma,Ostiense - Garbatella,https://www.remax.it,RE/MAX Italia Roma Ostiense - Garbatella LinkedIn
Grimaldi Immobiliare Roma Ostiense - Garbatella,Grimaldi Immobiliare,Agenzia Immobiliare,Roma,Ostiense - Garbatella,https://www.grimaldiimmobiliare.it,Grimaldi Immobiliare Roma Ostiense - Garbatella LinkedIn
Professionecasa Roma Ostiense - Garbatella,Professionecasa,Agenzia Immobiliare,Roma,Ostiense - Garbatella,https://www.professionecasa.it,Professionecasa Roma Ostiense - Garbatella LinkedIn
Coldwell Banker Roma Ostiense - Garbatella,Coldwell Banker,Agenzia Immobiliare,Roma,Ostiense - Garbatella,https://www.coldwellbanker.it,Coldwell Banker Roma Ostiense - Garbatella LinkedIn
Engel & Völkers Roma Ostiense - Garbatella,Engel & Völkers,Agenzia Immobiliare,Roma,Ostiense - Garbatella,https://www.engelvoelkers.com,Engel & Völkers Roma Ostiense - Garbatella LinkedIn
RockAgent Roma Ostiense - Garbatella,RockAgent,Agenzia Immobiliare,Roma,Ostiense - Garbatella,https://www.rockagent.it,RockAgent Roma Ostiense - Garbatella LinkedIn
Century 21 Roma Ostiense - Garbatella,Century 21,Agenzia Immobiliare,Roma,Ostiense - Garbatella,https://www.century21.it,Century 21 Roma Ostiense - Garbatella LinkedIn
Frimm Immobiliare Roma Ostiense - Garbatella,Frimm Immobiliare,Agenzia Immobiliare,Roma,Ostiense - Garbatella,https://www.frimm.com,Frimm Immobiliare Roma Ostiense - Garbatella LinkedIn
Fondocasa Roma Ostiense - Garbatella,Fondocasa,Agenzia Immobiliare,Roma,Ostiense - Garbatella,https://www.fondocasa.it,Fondocasa Roma Ostiense - Garbatella LinkedIn
CleanBnB Roma Ostiense - Garbatella,CleanBnB,Full Property Management Affitti Brevi,Roma,Ostiense - Garbatella,https://cleanbnb.net,CleanBnB Roma Ostiense - Garbatella LinkedIn
Joivy / Altido Roma Ostiense - Garbatella,Joivy / Altido,Co-Living & Vacation Rental Management,Roma,Ostiense - Garbatella,https://www.joivy.com,Joivy / Altido Roma Ostiense - Garbatella LinkedIn
Italianway Roma Ostiense - Garbatella,Italianway,Network Gestione Locazioni Turistiche,Roma,Ostiense - Garbatella,https://www.italianway.house,Italianway Roma Ostiense - Garbatella LinkedIn
Halldis Roma Ostiense - Garbatella,Halldis,Corporate & Short Stay Management,Roma,Ostiense - Garbatella,https://www.halldis.com,Halldis Roma Ostiense - Garbatella LinkedIn
iFlat Roma Ostiense - Garbatella,iFlat,Luxury & Boutique Property Management,Roma,Ostiense - Garbatella,https://iflat.it,iFlat Roma Ostiense - Garbatella LinkedIn
Varental Roma Ostiense - Garbatella,Varental,Revenue & Short Rental Management,Roma,Ostiense - Garbatella,https://varental.it,Varental Roma Ostiense - Garbatella LinkedIn
My Extra Home Roma Ostiense - Garbatella,My Extra Home,Boutique Vacation Rental Mgmt,Roma,Ostiense - Garbatella,https://myextrahome.com,My Extra Home Roma Ostiense - Garbatella LinkedIn
Rome Key Apartments Roma Ostiense - Garbatella,Rome Key Apartments,Property Management Turistico,Roma,Ostiense - Garbatella,https://romekeyapartments.com,Rome Key Apartments Roma Ostiense - Garbatella LinkedIn
Rome City Rentals Roma Ostiense - Garbatella,Rome City Rentals,Short-Term Rental Management,Roma,Ostiense - Garbatella,https://romecityrentals.com,Rome City Rentals Roma Ostiense - Garbatella LinkedIn
Homeity Roma Ostiense - Garbatella,Homeity,Full Property Management,Roma,Ostiense - Garbatella,https://homeity.it,Homeity Roma Ostiense - Garbatella LinkedIn
Tecnocasa Roma Tiburtina - Stazione,Tecnocasa,Agenzia Immobiliare,Roma,Tiburtina - Stazione,https://www.tecnocasa.it,Tecnocasa Roma Tiburtina - Stazione LinkedIn
Tecnorete Roma Tiburtina - Stazione,Tecnorete,Agenzia Immobiliare,Roma,Tiburtina - Stazione,https://www.tecnorete.it,Tecnorete Roma Tiburtina - Stazione LinkedIn
Tempocasa Roma Tiburtina - Stazione,Tempocasa,Agenzia Immobiliare,Roma,Tiburtina - Stazione,https://www.tempocasa.it,Tempocasa Roma Tiburtina - Stazione LinkedIn
Toscano Immobiliare Roma Tiburtina - Stazione,Toscano Immobiliare,Agenzia Immobiliare,Roma,Tiburtina - Stazione,https://www.toscano.it,Toscano Immobiliare Roma Tiburtina - Stazione LinkedIn
Gabetti Property Solutions Roma Tiburtina - Stazione,Gabetti Property Solutions,Agenzia Immobiliare,Roma,Tiburtina - Stazione,https://www.gabetti.it,Gabetti Property Solutions Roma Tiburtina - Stazione LinkedIn
RE/MAX Italia Roma Tiburtina - Stazione,RE/MAX Italia,Agenzia Immobiliare,Roma,Tiburtina - Stazione,https://www.remax.it,RE/MAX Italia Roma Tiburtina - Stazione LinkedIn
Grimaldi Immobiliare Roma Tiburtina - Stazione,Grimaldi Immobiliare,Agenzia Immobiliare,Roma,Tiburtina - Stazione,https://www.grimaldiimmobiliare.it,Grimaldi Immobiliare Roma Tiburtina - Stazione LinkedIn
Professionecasa Roma Tiburtina - Stazione,Professionecasa,Agenzia Immobiliare,Roma,Tiburtina - Stazione,https://www.professionecasa.it,Professionecasa Roma Tiburtina - Stazione LinkedIn
Coldwell Banker Roma Tiburtina - Stazione,Coldwell Banker,Agenzia Immobiliare,Roma,Tiburtina - Stazione,https://www.coldwellbanker.it,Coldwell Banker Roma Tiburtina - Stazione LinkedIn
Engel & Völkers Roma Tiburtina - Stazione,Engel & Völkers,Agenzia Immobiliare,Roma,Tiburtina - Stazione,https://www.engelvoelkers.com,Engel & Völkers Roma Tiburtina - Stazione LinkedIn
RockAgent Roma Tiburtina - Stazione,RockAgent,Agenzia Immobiliare,Roma,Tiburtina - Stazione,https://www.rockagent.it,RockAgent Roma Tiburtina - Stazione LinkedIn
Century 21 Roma Tiburtina - Stazione,Century 21,Agenzia Immobiliare,Roma,Tiburtina - Stazione,https://www.century21.it,Century 21 Roma Tiburtina - Stazione LinkedIn
Frimm Immobiliare Roma Tiburtina - Stazione,Frimm Immobiliare,Agenzia Immobiliare,Roma,Tiburtina - Stazione,https://www.frimm.com,Frimm Immobiliare Roma Tiburtina - Stazione LinkedIn
Fondocasa Roma Tiburtina - Stazione,Fondocasa,Agenzia Immobiliare,Roma,Tiburtina - Stazione,https://www.fondocasa.it,Fondocasa Roma Tiburtina - Stazione LinkedIn
CleanBnB Roma Tiburtina - Stazione,CleanBnB,Full Property Management Affitti Brevi,Roma,Tiburtina - Stazione,https://cleanbnb.net,CleanBnB Roma Tiburtina - Stazione LinkedIn
Joivy / Altido Roma Tiburtina - Stazione,Joivy / Altido,Co-Living & Vacation Rental Management,Roma,Tiburtina - Stazione,https://www.joivy.com,Joivy / Altido Roma Tiburtina - Stazione LinkedIn
Italianway Roma Tiburtina - Stazione,Italianway,Network Gestione Locazioni Turistiche,Roma,Tiburtina - Stazione,https://www.italianway.house,Italianway Roma Tiburtina - Stazione LinkedIn
Halldis Roma Tiburtina - Stazione,Halldis,Corporate & Short Stay Management,Roma,Tiburtina - Stazione,https://www.halldis.com,Halldis Roma Tiburtina - Stazione LinkedIn
iFlat Roma Tiburtina - Stazione,iFlat,Luxury & Boutique Property Management,Roma,Tiburtina - Stazione,https://iflat.it,iFlat Roma Tiburtina - Stazione LinkedIn
Varental Roma Tiburtina - Stazione,Varental,Revenue & Short Rental Management,Roma,Tiburtina - Stazione,https://varental.it,Varental Roma Tiburtina - Stazione LinkedIn
My Extra Home Roma Tiburtina - Stazione,My Extra Home,Boutique Vacation Rental Mgmt,Roma,Tiburtina - Stazione,https://myextrahome.com,My Extra Home Roma Tiburtina - Stazione LinkedIn
Rome Key Apartments Roma Tiburtina - Stazione,Rome Key Apartments,Property Management Turistico,Roma,Tiburtina - Stazione,https://romekeyapartments.com,Rome Key Apartments Roma Tiburtina - Stazione LinkedIn
Rome City Rentals Roma Tiburtina - Stazione,Rome City Rentals,Short-Term Rental Management,Roma,Tiburtina - Stazione,https://romecityrentals.com,Rome City Rentals Roma Tiburtina - Stazione LinkedIn
Homeity Roma Tiburtina - Stazione,Homeity,Full Property Management,Roma,Tiburtina - Stazione,https://homeity.it,Homeity Roma Tiburtina - Stazione LinkedIn
Tecnocasa Roma Tuscolana - Subaugusta,Tecnocasa,Agenzia Immobiliare,Roma,Tuscolana - Subaugusta,https://www.tecnocasa.it,Tecnocasa Roma Tuscolana - Subaugusta LinkedIn
Tecnorete Roma Tuscolana - Subaugusta,Tecnorete,Agenzia Immobiliare,Roma,Tuscolana - Subaugusta,https://www.tecnorete.it,Tecnorete Roma Tuscolana - Subaugusta LinkedIn
Tempocasa Roma Tuscolana - Subaugusta,Tempocasa,Agenzia Immobiliare,Roma,Tuscolana - Subaugusta,https://www.tempocasa.it,Tempocasa Roma Tuscolana - Subaugusta LinkedIn
Toscano Immobiliare Roma Tuscolana - Subaugusta,Toscano Immobiliare,Agenzia Immobiliare,Roma,Tuscolana - Subaugusta,https://www.toscano.it,Toscano Immobiliare Roma Tuscolana - Subaugusta LinkedIn
Gabetti Property Solutions Roma Tuscolana - Subaugusta,Gabetti Property Solutions,Agenzia Immobiliare,Roma,Tuscolana - Subaugusta,https://www.gabetti.it,Gabetti Property Solutions Roma Tuscolana - Subaugusta LinkedIn
RE/MAX Italia Roma Tuscolana - Subaugusta,RE/MAX Italia,Agenzia Immobiliare,Roma,Tuscolana - Subaugusta,https://www.remax.it,RE/MAX Italia Roma Tuscolana - Subaugusta LinkedIn
Grimaldi Immobiliare Roma Tuscolana - Subaugusta,Grimaldi Immobiliare,Agenzia Immobiliare,Roma,Tuscolana - Subaugusta,https://www.grimaldiimmobiliare.it,Grimaldi Immobiliare Roma Tuscolana - Subaugusta LinkedIn
Professionecasa Roma Tuscolana - Subaugusta,Professionecasa,Agenzia Immobiliare,Roma,Tuscolana - Subaugusta,https://www.professionecasa.it,Professionecasa Roma Tuscolana - Subaugusta LinkedIn
Coldwell Banker Roma Tuscolana - Subaugusta,Coldwell Banker,Agenzia Immobiliare,Roma,Tuscolana - Subaugusta,https://www.coldwellbanker.it,Coldwell Banker Roma Tuscolana - Subaugusta LinkedIn
Engel & Völkers Roma Tuscolana - Subaugusta,Engel & Völkers,Agenzia Immobiliare,Roma,Tuscolana - Subaugusta,https://www.engelvoelkers.com,Engel & Völkers Roma Tuscolana - Subaugusta LinkedIn
RockAgent Roma Tuscolana - Subaugusta,RockAgent,Agenzia Immobiliare,Roma,Tuscolana - Subaugusta,https://www.rockagent.it,RockAgent Roma Tuscolana - Subaugusta LinkedIn
Century 21 Roma Tuscolana - Subaugusta,Century 21,Agenzia Immobiliare,Roma,Tuscolana - Subaugusta,https://www.century21.it,Century 21 Roma Tuscolana - Subaugusta LinkedIn
Frimm Immobiliare Roma Tuscolana - Subaugusta,Frimm Immobiliare,Agenzia Immobiliare,Roma,Tuscolana - Subaugusta,https://www.frimm.com,Frimm Immobiliare Roma Tuscolana - Subaugusta LinkedIn
Fondocasa Roma Tuscolana - Subaugusta,Fondocasa,Agenzia Immobiliare,Roma,Tuscolana - Subaugusta,https://www.fondocasa.it,Fondocasa Roma Tuscolana - Subaugusta LinkedIn
CleanBnB Roma Tuscolana - Subaugusta,CleanBnB,Full Property Management Affitti Brevi,Roma,Tuscolana - Subaugusta,https://cleanbnb.net,CleanBnB Roma Tuscolana - Subaugusta LinkedIn
Joivy / Altido Roma Tuscolana - Subaugusta,Joivy / Altido,Co-Living & Vacation Rental Management,Roma,Tuscolana - Subaugusta,https://www.joivy.com,Joivy / Altido Roma Tuscolana - Subaugusta LinkedIn
Italianway Roma Tuscolana - Subaugusta,Italianway,Network Gestione Locazioni Turistiche,Roma,Tuscolana - Subaugusta,https://www.italianway.house,Italianway Roma Tuscolana - Subaugusta LinkedIn
Halldis Roma Tuscolana - Subaugusta,Halldis,Corporate & Short Stay Management,Roma,Tuscolana - Subaugusta,https://www.halldis.com,Halldis Roma Tuscolana - Subaugusta LinkedIn
iFlat Roma Tuscolana - Subaugusta,iFlat,Luxury & Boutique Property Management,Roma,Tuscolana - Subaugusta,https://iflat.it,iFlat Roma Tuscolana - Subaugusta LinkedIn
Varental Roma Tuscolana - Subaugusta,Varental,Revenue & Short Rental Management,Roma,Tuscolana - Subaugusta,https://varental.it,Varental Roma Tuscolana - Subaugusta LinkedIn
My Extra Home Roma Tuscolana - Subaugusta,My Extra Home,Boutique Vacation Rental Mgmt,Roma,Tuscolana - Subaugusta,https://myextrahome.com,My Extra Home Roma Tuscolana - Subaugusta LinkedIn
Rome Key Apartments Roma Tuscolana - Subaugusta,Rome Key Apartments,Property Management Turistico,Roma,Tuscolana - Subaugusta,https://romekeyapartments.com,Rome Key Apartments Roma Tuscolana - Subaugusta LinkedIn
Rome City Rentals Roma Tuscolana - Subaugusta,Rome City Rentals,Short-Term Rental Management,Roma,Tuscolana - Subaugusta,https://romecityrentals.com,Rome City Rentals Roma Tuscolana - Subaugusta LinkedIn
Homeity Roma Tuscolana - Subaugusta,Homeity,Full Property Management,Roma,Tuscolana - Subaugusta,https://homeity.it,Homeity Roma Tuscolana - Subaugusta LinkedIn
Tecnocasa Roma Centocelle - Castani,Tecnocasa,Agenzia Immobiliare,Roma,Centocelle - Castani,https://www.tecnocasa.it,Tecnocasa Roma Centocelle - Castani LinkedIn
Tecnorete Roma Centocelle - Castani,Tecnorete,Agenzia Immobiliare,Roma,Centocelle - Castani,https://www.tecnorete.it,Tecnorete Roma Centocelle - Castani LinkedIn
Tempocasa Roma Centocelle - Castani,Tempocasa,Agenzia Immobiliare,Roma,Centocelle - Castani,https://www.tempocasa.it,Tempocasa Roma Centocelle - Castani LinkedIn
Toscano Immobiliare Roma Centocelle - Castani,Toscano Immobiliare,Agenzia Immobiliare,Roma,Centocelle - Castani,https://www.toscano.it,Toscano Immobiliare Roma Centocelle - Castani LinkedIn
Gabetti Property Solutions Roma Centocelle - Castani,Gabetti Property Solutions,Agenzia Immobiliare,Roma,Centocelle - Castani,https://www.gabetti.it,Gabetti Property Solutions Roma Centocelle - Castani LinkedIn
RE/MAX Italia Roma Centocelle - Castani,RE/MAX Italia,Agenzia Immobiliare,Roma,Centocelle - Castani,https://www.remax.it,RE/MAX Italia Roma Centocelle - Castani LinkedIn
Grimaldi Immobiliare Roma Centocelle - Castani,Grimaldi Immobiliare,Agenzia Immobiliare,Roma,Centocelle - Castani,https://www.grimaldiimmobiliare.it,Grimaldi Immobiliare Roma Centocelle - Castani LinkedIn
Professionecasa Roma Centocelle - Castani,Professionecasa,Agenzia Immobiliare,Roma,Centocelle - Castani,https://www.professionecasa.it,Professionecasa Roma Centocelle - Castani LinkedIn
Coldwell Banker Roma Centocelle - Castani,Coldwell Banker,Agenzia Immobiliare,Roma,Centocelle - Castani,https://www.coldwellbanker.it,Coldwell Banker Roma Centocelle - Castani LinkedIn
Engel & Völkers Roma Centocelle - Castani,Engel & Völkers,Agenzia Immobiliare,Roma,Centocelle - Castani,https://www.engelvoelkers.com,Engel & Völkers Roma Centocelle - Castani LinkedIn
RockAgent Roma Centocelle - Castani,RockAgent,Agenzia Immobiliare,Roma,Centocelle - Castani,https://www.rockagent.it,RockAgent Roma Centocelle - Castani LinkedIn
Century 21 Roma Centocelle - Castani,Century 21,Agenzia Immobiliare,Roma,Centocelle - Castani,https://www.century21.it,Century 21 Roma Centocelle - Castani LinkedIn
Frimm Immobiliare Roma Centocelle - Castani,Frimm Immobiliare,Agenzia Immobiliare,Roma,Centocelle - Castani,https://www.frimm.com,Frimm Immobiliare Roma Centocelle - Castani LinkedIn
Fondocasa Roma Centocelle - Castani,Fondocasa,Agenzia Immobiliare,Roma,Centocelle - Castani,https://www.fondocasa.it,Fondocasa Roma Centocelle - Castani LinkedIn
CleanBnB Roma Centocelle - Castani,CleanBnB,Full Property Management Affitti Brevi,Roma,Centocelle - Castani,https://cleanbnb.net,CleanBnB Roma Centocelle - Castani LinkedIn
Joivy / Altido Roma Centocelle - Castani,Joivy / Altido,Co-Living & Vacation Rental Management,Roma,Centocelle - Castani,https://www.joivy.com,Joivy / Altido Roma Centocelle - Castani LinkedIn
Italianway Roma Centocelle - Castani,Italianway,Network Gestione Locazioni Turistiche,Roma,Centocelle - Castani,https://www.italianway.house,Italianway Roma Centocelle - Castani LinkedIn
Halldis Roma Centocelle - Castani,Halldis,Corporate & Short Stay Management,Roma,Centocelle - Castani,https://www.halldis.com,Halldis Roma Centocelle - Castani LinkedIn
iFlat Roma Centocelle - Castani,iFlat,Luxury & Boutique Property Management,Roma,Centocelle - Castani,https://iflat.it,iFlat Roma Centocelle - Castani LinkedIn
Varental Roma Centocelle - Castani,Varental,Revenue & Short Rental Management,Roma,Centocelle - Castani,https://varental.it,Varental Roma Centocelle - Castani LinkedIn
My Extra Home Roma Centocelle - Castani,My Extra Home,Boutique Vacation Rental Mgmt,Roma,Centocelle - Castani,https://myextrahome.com,My Extra Home Roma Centocelle - Castani LinkedIn
Rome Key Apartments Roma Centocelle - Castani,Rome Key Apartments,Property Management Turistico,Roma,Centocelle - Castani,https://romekeyapartments.com,Rome Key Apartments Roma Centocelle - Castani LinkedIn
Rome City Rentals Roma Centocelle - Castani,Rome City Rentals,Short-Term Rental Management,Roma,Centocelle - Castani,https://romecityrentals.com,Rome City Rentals Roma Centocelle - Castani LinkedIn
Homeity Roma Centocelle - Castani,Homeity,Full Property Management,Roma,Centocelle - Castani,https://homeity.it,Homeity Roma Centocelle - Castani LinkedIn
Tecnocasa Roma Cassia - Olgiata,Tecnocasa,Agenzia Immobiliare,Roma,Cassia - Olgiata,https://www.tecnocasa.it,Tecnocasa Roma Cassia - Olgiata LinkedIn
Tecnorete Roma Cassia - Olgiata,Tecnorete,Agenzia Immobiliare,Roma,Cassia - Olgiata,https://www.tecnorete.it,Tecnorete Roma Cassia - Olgiata LinkedIn
Tempocasa Roma Cassia - Olgiata,Tempocasa,Agenzia Immobiliare,Roma,Cassia - Olgiata,https://www.tempocasa.it,Tempocasa Roma Cassia - Olgiata LinkedIn
Toscano Immobiliare Roma Cassia - Olgiata,Toscano Immobiliare,Agenzia Immobiliare,Roma,Cassia - Olgiata,https://www.toscano.it,Toscano Immobiliare Roma Cassia - Olgiata LinkedIn
Gabetti Property Solutions Roma Cassia - Olgiata,Gabetti Property Solutions,Agenzia Immobiliare,Roma,Cassia - Olgiata,https://www.gabetti.it,Gabetti Property Solutions Roma Cassia - Olgiata LinkedIn
RE/MAX Italia Roma Cassia - Olgiata,RE/MAX Italia,Agenzia Immobiliare,Roma,Cassia - Olgiata,https://www.remax.it,RE/MAX Italia Roma Cassia - Olgiata LinkedIn
Grimaldi Immobiliare Roma Cassia - Olgiata,Grimaldi Immobiliare,Agenzia Immobiliare,Roma,Cassia - Olgiata,https://www.grimaldiimmobiliare.it,Grimaldi Immobiliare Roma Cassia - Olgiata LinkedIn
Professionecasa Roma Cassia - Olgiata,Professionecasa,Agenzia Immobiliare,Roma,Cassia - Olgiata,https://www.professionecasa.it,Professionecasa Roma Cassia - Olgiata LinkedIn
Coldwell Banker Roma Cassia - Olgiata,Coldwell Banker,Agenzia Immobiliare,Roma,Cassia - Olgiata,https://www.coldwellbanker.it,Coldwell Banker Roma Cassia - Olgiata LinkedIn
Engel & Völkers Roma Cassia - Olgiata,Engel & Völkers,Agenzia Immobiliare,Roma,Cassia - Olgiata,https://www.engelvoelkers.com,Engel & Völkers Roma Cassia - Olgiata LinkedIn
RockAgent Roma Cassia - Olgiata,RockAgent,Agenzia Immobiliare,Roma,Cassia - Olgiata,https://www.rockagent.it,RockAgent Roma Cassia - Olgiata LinkedIn
Century 21 Roma Cassia - Olgiata,Century 21,Agenzia Immobiliare,Roma,Cassia - Olgiata,https://www.century21.it,Century 21 Roma Cassia - Olgiata LinkedIn
Frimm Immobiliare Roma Cassia - Olgiata,Frimm Immobiliare,Agenzia Immobiliare,Roma,Cassia - Olgiata,https://www.frimm.com,Frimm Immobiliare Roma Cassia - Olgiata LinkedIn
Fondocasa Roma Cassia - Olgiata,Fondocasa,Agenzia Immobiliare,Roma,Cassia - Olgiata,https://www.fondocasa.it,Fondocasa Roma Cassia - Olgiata LinkedIn
CleanBnB Roma Cassia - Olgiata,CleanBnB,Full Property Management Affitti Brevi,Roma,Cassia - Olgiata,https://cleanbnb.net,CleanBnB Roma Cassia - Olgiata LinkedIn
Joivy / Altido Roma Cassia - Olgiata,Joivy / Altido,Co-Living & Vacation Rental Management,Roma,Cassia - Olgiata,https://www.joivy.com,Joivy / Altido Roma Cassia - Olgiata LinkedIn
Italianway Roma Cassia - Olgiata,Italianway,Network Gestione Locazioni Turistiche,Roma,Cassia - Olgiata,https://www.italianway.house,Italianway Roma Cassia - Olgiata LinkedIn
Halldis Roma Cassia - Olgiata,Halldis,Corporate & Short Stay Management,Roma,Cassia - Olgiata,https://www.halldis.com,Halldis Roma Cassia - Olgiata LinkedIn
iFlat Roma Cassia - Olgiata,iFlat,Luxury & Boutique Property Management,Roma,Cassia - Olgiata,https://iflat.it,iFlat Roma Cassia - Olgiata LinkedIn
Varental Roma Cassia - Olgiata,Varental,Revenue & Short Rental Management,Roma,Cassia - Olgiata,https://varental.it,Varental Roma Cassia - Olgiata LinkedIn
My Extra Home Roma Cassia - Olgiata,My Extra Home,Boutique Vacation Rental Mgmt,Roma,Cassia - Olgiata,https://myextrahome.com,My Extra Home Roma Cassia - Olgiata LinkedIn
Rome Key Apartments Roma Cassia - Olgiata,Rome Key Apartments,Property Management Turistico,Roma,Cassia - Olgiata,https://romekeyapartments.com,Rome Key Apartments Roma Cassia - Olgiata LinkedIn
Rome City Rentals Roma Cassia - Olgiata,Rome City Rentals,Short-Term Rental Management,Roma,Cassia - Olgiata,https://romecityrentals.com,Rome City Rentals Roma Cassia - Olgiata LinkedIn
Homeity Roma Cassia - Olgiata,Homeity,Full Property Management,Roma,Cassia - Olgiata,https://homeity.it,Homeity Roma Cassia - Olgiata LinkedIn
Tecnocasa Roma Appio Latino - Furio Camillo,Tecnocasa,Agenzia Immobiliare,Roma,Appio Latino - Furio Camillo,https://www.tecnocasa.it,Tecnocasa Roma Appio Latino - Furio Camillo LinkedIn
Tecnorete Roma Appio Latino - Furio Camillo,Tecnorete,Agenzia Immobiliare,Roma,Appio Latino - Furio Camillo,https://www.tecnorete.it,Tecnorete Roma Appio Latino - Furio Camillo LinkedIn
Tempocasa Roma Appio Latino - Furio Camillo,Tempocasa,Agenzia Immobiliare,Roma,Appio Latino - Furio Camillo,https://www.tempocasa.it,Tempocasa Roma Appio Latino - Furio Camillo LinkedIn
Toscano Immobiliare Roma Appio Latino - Furio Camillo,Toscano Immobiliare,Agenzia Immobiliare,Roma,Appio Latino - Furio Camillo,https://www.toscano.it,Toscano Immobiliare Roma Appio Latino - Furio Camillo LinkedIn
Gabetti Property Solutions Roma Appio Latino - Furio Camillo,Gabetti Property Solutions,Agenzia Immobiliare,Roma,Appio Latino - Furio Camillo,https://www.gabetti.it,Gabetti Property Solutions Roma Appio Latino - Furio Camillo LinkedIn
RE/MAX Italia Roma Appio Latino - Furio Camillo,RE/MAX Italia,Agenzia Immobiliare,Roma,Appio Latino - Furio Camillo,https://www.remax.it,RE/MAX Italia Roma Appio Latino - Furio Camillo LinkedIn
Grimaldi Immobiliare Roma Appio Latino - Furio Camillo,Grimaldi Immobiliare,Agenzia Immobiliare,Roma,Appio Latino - Furio Camillo,https://www.grimaldiimmobiliare.it,Grimaldi Immobiliare Roma Appio Latino - Furio Camillo LinkedIn
Professionecasa Roma Appio Latino - Furio Camillo,Professionecasa,Agenzia Immobiliare,Roma,Appio Latino - Furio Camillo,https://www.professionecasa.it,Professionecasa Roma Appio Latino - Furio Camillo LinkedIn
Coldwell Banker Roma Appio Latino - Furio Camillo,Coldwell Banker,Agenzia Immobiliare,Roma,Appio Latino - Furio Camillo,https://www.coldwellbanker.it,Coldwell Banker Roma Appio Latino - Furio Camillo LinkedIn
Engel & Völkers Roma Appio Latino - Furio Camillo,Engel & Völkers,Agenzia Immobiliare,Roma,Appio Latino - Furio Camillo,https://www.engelvoelkers.com,Engel & Völkers Roma Appio Latino - Furio Camillo LinkedIn
RockAgent Roma Appio Latino - Furio Camillo,RockAgent,Agenzia Immobiliare,Roma,Appio Latino - Furio Camillo,https://www.rockagent.it,RockAgent Roma Appio Latino - Furio Camillo LinkedIn
Century 21 Roma Appio Latino - Furio Camillo,Century 21,Agenzia Immobiliare,Roma,Appio Latino - Furio Camillo,https://www.century21.it,Century 21 Roma Appio Latino - Furio Camillo LinkedIn
Frimm Immobiliare Roma Appio Latino - Furio Camillo,Frimm Immobiliare,Agenzia Immobiliare,Roma,Appio Latino - Furio Camillo,https://www.frimm.com,Frimm Immobiliare Roma Appio Latino - Furio Camillo LinkedIn
Fondocasa Roma Appio Latino - Furio Camillo,Fondocasa,Agenzia Immobiliare,Roma,Appio Latino - Furio Camillo,https://www.fondocasa.it,Fondocasa Roma Appio Latino - Furio Camillo LinkedIn
CleanBnB Roma Appio Latino - Furio Camillo,CleanBnB,Full Property Management Affitti Brevi,Roma,Appio Latino - Furio Camillo,https://cleanbnb.net,CleanBnB Roma Appio Latino - Furio Camillo LinkedIn
Joivy / Altido Roma Appio Latino - Furio Camillo,Joivy / Altido,Co-Living & Vacation Rental Management,Roma,Appio Latino - Furio Camillo,https://www.joivy.com,Joivy / Altido Roma Appio Latino - Furio Camillo LinkedIn
Italianway Roma Appio Latino - Furio Camillo,Italianway,Network Gestione Locazioni Turistiche,Roma,Appio Latino - Furio Camillo,https://www.italianway.house,Italianway Roma Appio Latino - Furio Camillo LinkedIn
Halldis Roma Appio Latino - Furio Camillo,Halldis,Corporate & Short Stay Management,Roma,Appio Latino - Furio Camillo,https://www.halldis.com,Halldis Roma Appio Latino - Furio Camillo LinkedIn
iFlat Roma Appio Latino - Furio Camillo,iFlat,Luxury & Boutique Property Management,Roma,Appio Latino - Furio Camillo,https://iflat.it,iFlat Roma Appio Latino - Furio Camillo LinkedIn
Varental Roma Appio Latino - Furio Camillo,Varental,Revenue & Short Rental Management,Roma,Appio Latino - Furio Camillo,https://varental.it,Varental Roma Appio Latino - Furio Camillo LinkedIn
My Extra Home Roma Appio Latino - Furio Camillo,My Extra Home,Boutique Vacation Rental Mgmt,Roma,Appio Latino - Furio Camillo,https://myextrahome.com,My Extra Home Roma Appio Latino - Furio Camillo LinkedIn
Rome Key Apartments Roma Appio Latino - Furio Camillo,Rome Key Apartments,Property Management Turistico,Roma,Appio Latino - Furio Camillo,https://romekeyapartments.com,Rome Key Apartments Roma Appio Latino - Furio Camillo LinkedIn
Rome City Rentals Roma Appio Latino - Furio Camillo,Rome City Rentals,Short-Term Rental Management,Roma,Appio Latino - Furio Camillo,https://romecityrentals.com,Rome City Rentals Roma Appio Latino - Furio Camillo LinkedIn
Homeity Roma Appio Latino - Furio Camillo,Homeity,Full Property Management,Roma,Appio Latino - Furio Camillo,https://homeity.it,Homeity Roma Appio Latino - Furio Camillo LinkedIn
Tecnocasa Roma Portuense - Marconi,Tecnocasa,Agenzia Immobiliare,Roma,Portuense - Marconi,https://www.tecnocasa.it,Tecnocasa Roma Portuense - Marconi LinkedIn
Tecnorete Roma Portuense - Marconi,Tecnorete,Agenzia Immobiliare,Roma,Portuense - Marconi,https://www.tecnorete.it,Tecnorete Roma Portuense - Marconi LinkedIn
Tempocasa Roma Portuense - Marconi,Tempocasa,Agenzia Immobiliare,Roma,Portuense - Marconi,https://www.tempocasa.it,Tempocasa Roma Portuense - Marconi LinkedIn
Toscano Immobiliare Roma Portuense - Marconi,Toscano Immobiliare,Agenzia Immobiliare,Roma,Portuense - Marconi,https://www.toscano.it,Toscano Immobiliare Roma Portuense - Marconi LinkedIn
Gabetti Property Solutions Roma Portuense - Marconi,Gabetti Property Solutions,Agenzia Immobiliare,Roma,Portuense - Marconi,https://www.gabetti.it,Gabetti Property Solutions Roma Portuense - Marconi LinkedIn
RE/MAX Italia Roma Portuense - Marconi,RE/MAX Italia,Agenzia Immobiliare,Roma,Portuense - Marconi,https://www.remax.it,RE/MAX Italia Roma Portuense - Marconi LinkedIn
Grimaldi Immobiliare Roma Portuense - Marconi,Grimaldi Immobiliare,Agenzia Immobiliare,Roma,Portuense - Marconi,https://www.grimaldiimmobiliare.it,Grimaldi Immobiliare Roma Portuense - Marconi LinkedIn
Professionecasa Roma Portuense - Marconi,Professionecasa,Agenzia Immobiliare,Roma,Portuense - Marconi,https://www.professionecasa.it,Professionecasa Roma Portuense - Marconi LinkedIn
Coldwell Banker Roma Portuense - Marconi,Coldwell Banker,Agenzia Immobiliare,Roma,Portuense - Marconi,https://www.coldwellbanker.it,Coldwell Banker Roma Portuense - Marconi LinkedIn
Engel & Völkers Roma Portuense - Marconi,Engel & Völkers,Agenzia Immobiliare,Roma,Portuense - Marconi,https://www.engelvoelkers.com,Engel & Völkers Roma Portuense - Marconi LinkedIn
RockAgent Roma Portuense - Marconi,RockAgent,Agenzia Immobiliare,Roma,Portuense - Marconi,https://www.rockagent.it,RockAgent Roma Portuense - Marconi LinkedIn
Century 21 Roma Portuense - Marconi,Century 21,Agenzia Immobiliare,Roma,Portuense - Marconi,https://www.century21.it,Century 21 Roma Portuense - Marconi LinkedIn
Frimm Immobiliare Roma Portuense - Marconi,Frimm Immobiliare,Agenzia Immobiliare,Roma,Portuense - Marconi,https://www.frimm.com,Frimm Immobiliare Roma Portuense - Marconi LinkedIn
Fondocasa Roma Portuense - Marconi,Fondocasa,Agenzia Immobiliare,Roma,Portuense - Marconi,https://www.fondocasa.it,Fondocasa Roma Portuense - Marconi LinkedIn
CleanBnB Roma Portuense - Marconi,CleanBnB,Full Property Management Affitti Brevi,Roma,Portuense - Marconi,https://cleanbnb.net,CleanBnB Roma Portuense - Marconi LinkedIn
Joivy / Altido Roma Portuense - Marconi,Joivy / Altido,Co-Living & Vacation Rental Management,Roma,Portuense - Marconi,https://www.joivy.com,Joivy / Altido Roma Portuense - Marconi LinkedIn
Italianway Roma Portuense - Marconi,Italianway,Network Gestione Locazioni Turistiche,Roma,Portuense - Marconi,https://www.italianway.house,Italianway Roma Portuense - Marconi LinkedIn
Halldis Roma Portuense - Marconi,Halldis,Corporate & Short Stay Management,Roma,Portuense - Marconi,https://www.halldis.com,Halldis Roma Portuense - Marconi LinkedIn
iFlat Roma Portuense - Marconi,iFlat,Luxury & Boutique Property Management,Roma,Portuense - Marconi,https://iflat.it,iFlat Roma Portuense - Marconi LinkedIn
Varental Roma Portuense - Marconi,Varental,Revenue & Short Rental Management,Roma,Portuense - Marconi,https://varental.it,Varental Roma Portuense - Marconi LinkedIn
My Extra Home Roma Portuense - Marconi,My Extra Home,Boutique Vacation Rental Mgmt,Roma,Portuense - Marconi,https://myextrahome.com,My Extra Home Roma Portuense - Marconi LinkedIn
Rome Key Apartments Roma Portuense - Marconi,Rome Key Apartments,Property Management Turistico,Roma,Portuense - Marconi,https://romekeyapartments.com,Rome Key Apartments Roma Portuense - Marconi LinkedIn
Rome City Rentals Roma Portuense - Marconi,Rome City Rentals,Short-Term Rental Management,Roma,Portuense - Marconi,https://romecityrentals.com,Rome City Rentals Roma Portuense - Marconi LinkedIn
Homeity Roma Portuense - Marconi,Homeity,Full Property Management,Roma,Portuense - Marconi,https://homeity.it,Homeity Roma Portuense - Marconi LinkedIn
Tecnocasa Napoli Vomero - Scarlatti,Tecnocasa,Agenzia Immobiliare,Napoli,Vomero - Scarlatti,https://www.tecnocasa.it,Tecnocasa Napoli Vomero - Scarlatti LinkedIn
Tecnorete Napoli Vomero - Scarlatti,Tecnorete,Agenzia Immobiliare,Napoli,Vomero - Scarlatti,https://www.tecnorete.it,Tecnorete Napoli Vomero - Scarlatti LinkedIn
Tempocasa Napoli Vomero - Scarlatti,Tempocasa,Agenzia Immobiliare,Napoli,Vomero - Scarlatti,https://www.tempocasa.it,Tempocasa Napoli Vomero - Scarlatti LinkedIn
Toscano Immobiliare Napoli Vomero - Scarlatti,Toscano Immobiliare,Agenzia Immobiliare,Napoli,Vomero - Scarlatti,https://www.toscano.it,Toscano Immobiliare Napoli Vomero - Scarlatti LinkedIn
Gabetti Property Solutions Napoli Vomero - Scarlatti,Gabetti Property Solutions,Agenzia Immobiliare,Napoli,Vomero - Scarlatti,https://www.gabetti.it,Gabetti Property Solutions Napoli Vomero - Scarlatti LinkedIn
RE/MAX Italia Napoli Vomero - Scarlatti,RE/MAX Italia,Agenzia Immobiliare,Napoli,Vomero - Scarlatti,https://www.remax.it,RE/MAX Italia Napoli Vomero - Scarlatti LinkedIn
Grimaldi Immobiliare Napoli Vomero - Scarlatti,Grimaldi Immobiliare,Agenzia Immobiliare,Napoli,Vomero - Scarlatti,https://www.grimaldiimmobiliare.it,Grimaldi Immobiliare Napoli Vomero - Scarlatti LinkedIn
Professionecasa Napoli Vomero - Scarlatti,Professionecasa,Agenzia Immobiliare,Napoli,Vomero - Scarlatti,https://www.professionecasa.it,Professionecasa Napoli Vomero - Scarlatti LinkedIn
Coldwell Banker Napoli Vomero - Scarlatti,Coldwell Banker,Agenzia Immobiliare,Napoli,Vomero - Scarlatti,https://www.coldwellbanker.it,Coldwell Banker Napoli Vomero - Scarlatti LinkedIn
Engel & Völkers Napoli Vomero - Scarlatti,Engel & Völkers,Agenzia Immobiliare,Napoli,Vomero - Scarlatti,https://www.engelvoelkers.com,Engel & Völkers Napoli Vomero - Scarlatti LinkedIn
RockAgent Napoli Vomero - Scarlatti,RockAgent,Agenzia Immobiliare,Napoli,Vomero - Scarlatti,https://www.rockagent.it,RockAgent Napoli Vomero - Scarlatti LinkedIn
Century 21 Napoli Vomero - Scarlatti,Century 21,Agenzia Immobiliare,Napoli,Vomero - Scarlatti,https://www.century21.it,Century 21 Napoli Vomero - Scarlatti LinkedIn
Frimm Immobiliare Napoli Vomero - Scarlatti,Frimm Immobiliare,Agenzia Immobiliare,Napoli,Vomero - Scarlatti,https://www.frimm.com,Frimm Immobiliare Napoli Vomero - Scarlatti LinkedIn
Fondocasa Napoli Vomero - Scarlatti,Fondocasa,Agenzia Immobiliare,Napoli,Vomero - Scarlatti,https://www.fondocasa.it,Fondocasa Napoli Vomero - Scarlatti LinkedIn
Beesprint Napoli Vomero - Scarlatti,Beesprint,Revenue Management & Pricing,Napoli,Vomero - Scarlatti,https://www.beesprint.com,Beesprint Napoli Vomero - Scarlatti LinkedIn
Hostplace Napoli Vomero - Scarlatti,Hostplace,B&B & Vacation Rental Management,Napoli,Vomero - Scarlatti,https://www.hostplace.it,Hostplace Napoli Vomero - Scarlatti LinkedIn
Hosity Napoli Vomero - Scarlatti,Hosity,Gestione Operativa Affitti Brevi,Napoli,Vomero - Scarlatti,https://hosity.com,Hosity Napoli Vomero - Scarlatti LinkedIn
Apartments Florence Napoli Vomero - Scarlatti,Apartments Florence,Full-Service Property Management,Napoli,Vomero - Scarlatti,https://www.apartmentsflorence.it,Apartments Florence Napoli Vomero - Scarlatti LinkedIn
Florentia Homes Napoli Vomero - Scarlatti,Florentia Homes,Property Management & Concierge,Napoli,Vomero - Scarlatti,https://florentiahomes.com,Florentia Homes Napoli Vomero - Scarlatti LinkedIn
Quality House Napoli Vomero - Scarlatti,Quality House,Gestione Appartamenti Turistici,Napoli,Vomero - Scarlatti,https://qualityhouse.it,Quality House Napoli Vomero - Scarlatti LinkedIn
Metres Property Mgmt Napoli Vomero - Scarlatti,Metres Property Mgmt,Gestione Locazioni Brevi e Medie,Napoli,Vomero - Scarlatti,https://metres.it,Metres Property Mgmt Napoli Vomero - Scarlatti LinkedIn
Napolity Affitti Brevi Napoli Vomero - Scarlatti,Napolity Affitti Brevi,Short Rental Specialist,Napoli,Vomero - Scarlatti,https://napolity.it,Napolity Affitti Brevi Napoli Vomero - Scarlatti LinkedIn
MIA Apartment Napoli Vomero - Scarlatti,MIA Apartment,Property Management Turistico,Napoli,Vomero - Scarlatti,https://miaapartment.it,MIA Apartment Napoli Vomero - Scarlatti LinkedIn
Neapolitan Trips Mgmt Napoli Vomero - Scarlatti,Neapolitan Trips Mgmt,Hospitality & Rental Mgmt,Napoli,Vomero - Scarlatti,https://neapolitantrips.com,Neapolitan Trips Mgmt Napoli Vomero - Scarlatti LinkedIn
Tecnocasa Napoli Vomero - Cilea,Tecnocasa,Agenzia Immobiliare,Napoli,Vomero - Cilea,https://www.tecnocasa.it,Tecnocasa Napoli Vomero - Cilea LinkedIn
Tecnorete Napoli Vomero - Cilea,Tecnorete,Agenzia Immobiliare,Napoli,Vomero - Cilea,https://www.tecnorete.it,Tecnorete Napoli Vomero - Cilea LinkedIn
Tempocasa Napoli Vomero - Cilea,Tempocasa,Agenzia Immobiliare,Napoli,Vomero - Cilea,https://www.tempocasa.it,Tempocasa Napoli Vomero - Cilea LinkedIn
Toscano Immobiliare Napoli Vomero - Cilea,Toscano Immobiliare,Agenzia Immobiliare,Napoli,Vomero - Cilea,https://www.toscano.it,Toscano Immobiliare Napoli Vomero - Cilea LinkedIn
Gabetti Property Solutions Napoli Vomero - Cilea,Gabetti Property Solutions,Agenzia Immobiliare,Napoli,Vomero - Cilea,https://www.gabetti.it,Gabetti Property Solutions Napoli Vomero - Cilea LinkedIn
RE/MAX Italia Napoli Vomero - Cilea,RE/MAX Italia,Agenzia Immobiliare,Napoli,Vomero - Cilea,https://www.remax.it,RE/MAX Italia Napoli Vomero - Cilea LinkedIn
Grimaldi Immobiliare Napoli Vomero - Cilea,Grimaldi Immobiliare,Agenzia Immobiliare,Napoli,Vomero - Cilea,https://www.grimaldiimmobiliare.it,Grimaldi Immobiliare Napoli Vomero - Cilea LinkedIn
Professionecasa Napoli Vomero - Cilea,Professionecasa,Agenzia Immobiliare,Napoli,Vomero - Cilea,https://www.professionecasa.it,Professionecasa Napoli Vomero - Cilea LinkedIn
Coldwell Banker Napoli Vomero - Cilea,Coldwell Banker,Agenzia Immobiliare,Napoli,Vomero - Cilea,https://www.coldwellbanker.it,Coldwell Banker Napoli Vomero - Cilea LinkedIn
Engel & Völkers Napoli Vomero - Cilea,Engel & Völkers,Agenzia Immobiliare,Napoli,Vomero - Cilea,https://www.engelvoelkers.com,Engel & Völkers Napoli Vomero - Cilea LinkedIn
RockAgent Napoli Vomero - Cilea,RockAgent,Agenzia Immobiliare,Napoli,Vomero - Cilea,https://www.rockagent.it,RockAgent Napoli Vomero - Cilea LinkedIn
Century 21 Napoli Vomero - Cilea,Century 21,Agenzia Immobiliare,Napoli,Vomero - Cilea,https://www.century21.it,Century 21 Napoli Vomero - Cilea LinkedIn
Frimm Immobiliare Napoli Vomero - Cilea,Frimm Immobiliare,Agenzia Immobiliare,Napoli,Vomero - Cilea,https://www.frimm.com,Frimm Immobiliare Napoli Vomero - Cilea LinkedIn
Fondocasa Napoli Vomero - Cilea,Fondocasa,Agenzia Immobiliare,Napoli,Vomero - Cilea,https://www.fondocasa.it,Fondocasa Napoli Vomero - Cilea LinkedIn
Beesprint Napoli Vomero - Cilea,Beesprint,Revenue Management & Pricing,Napoli,Vomero - Cilea,https://www.beesprint.com,Beesprint Napoli Vomero - Cilea LinkedIn
Hostplace Napoli Vomero - Cilea,Hostplace,B&B & Vacation Rental Management,Napoli,Vomero - Cilea,https://www.hostplace.it,Hostplace Napoli Vomero - Cilea LinkedIn
Hosity Napoli Vomero - Cilea,Hosity,Gestione Operativa Affitti Brevi,Napoli,Vomero - Cilea,https://hosity.com,Hosity Napoli Vomero - Cilea LinkedIn
Apartments Florence Napoli Vomero - Cilea,Apartments Florence,Full-Service Property Management,Napoli,Vomero - Cilea,https://www.apartmentsflorence.it,Apartments Florence Napoli Vomero - Cilea LinkedIn
Florentia Homes Napoli Vomero - Cilea,Florentia Homes,Property Management & Concierge,Napoli,Vomero - Cilea,https://florentiahomes.com,Florentia Homes Napoli Vomero - Cilea LinkedIn
Quality House Napoli Vomero - Cilea,Quality House,Gestione Appartamenti Turistici,Napoli,Vomero - Cilea,https://qualityhouse.it,Quality House Napoli Vomero - Cilea LinkedIn
Metres Property Mgmt Napoli Vomero - Cilea,Metres Property Mgmt,Gestione Locazioni Brevi e Medie,Napoli,Vomero - Cilea,https://metres.it,Metres Property Mgmt Napoli Vomero - Cilea LinkedIn
Napolity Affitti Brevi Napoli Vomero - Cilea,Napolity Affitti Brevi,Short Rental Specialist,Napoli,Vomero - Cilea,https://napolity.it,Napolity Affitti Brevi Napoli Vomero - Cilea LinkedIn
MIA Apartment Napoli Vomero - Cilea,MIA Apartment,Property Management Turistico,Napoli,Vomero - Cilea,https://miaapartment.it,MIA Apartment Napoli Vomero - Cilea LinkedIn
Neapolitan Trips Mgmt Napoli Vomero - Cilea,Neapolitan Trips Mgmt,Hospitality & Rental Mgmt,Napoli,Vomero - Cilea,https://neapolitantrips.com,Neapolitan Trips Mgmt Napoli Vomero - Cilea LinkedIn
Tecnocasa Napoli Vomero - Luca Giordano,Tecnocasa,Agenzia Immobiliare,Napoli,Vomero - Luca Giordano,https://www.tecnocasa.it,Tecnocasa Napoli Vomero - Luca Giordano LinkedIn
Tecnorete Napoli Vomero - Luca Giordano,Tecnorete,Agenzia Immobiliare,Napoli,Vomero - Luca Giordano,https://www.tecnorete.it,Tecnorete Napoli Vomero - Luca Giordano LinkedIn
Tempocasa Napoli Vomero - Luca Giordano,Tempocasa,Agenzia Immobiliare,Napoli,Vomero - Luca Giordano,https://www.tempocasa.it,Tempocasa Napoli Vomero - Luca Giordano LinkedIn
Toscano Immobiliare Napoli Vomero - Luca Giordano,Toscano Immobiliare,Agenzia Immobiliare,Napoli,Vomero - Luca Giordano,https://www.toscano.it,Toscano Immobiliare Napoli Vomero - Luca Giordano LinkedIn
Gabetti Property Solutions Napoli Vomero - Luca Giordano,Gabetti Property Solutions,Agenzia Immobiliare,Napoli,Vomero - Luca Giordano,https://www.gabetti.it,Gabetti Property Solutions Napoli Vomero - Luca Giordano LinkedIn
RE/MAX Italia Napoli Vomero - Luca Giordano,RE/MAX Italia,Agenzia Immobiliare,Napoli,Vomero - Luca Giordano,https://www.remax.it,RE/MAX Italia Napoli Vomero - Luca Giordano LinkedIn
Grimaldi Immobiliare Napoli Vomero - Luca Giordano,Grimaldi Immobiliare,Agenzia Immobiliare,Napoli,Vomero - Luca Giordano,https://www.grimaldiimmobiliare.it,Grimaldi Immobiliare Napoli Vomero - Luca Giordano LinkedIn
Professionecasa Napoli Vomero - Luca Giordano,Professionecasa,Agenzia Immobiliare,Napoli,Vomero - Luca Giordano,https://www.professionecasa.it,Professionecasa Napoli Vomero - Luca Giordano LinkedIn
Coldwell Banker Napoli Vomero - Luca Giordano,Coldwell Banker,Agenzia Immobiliare,Napoli,Vomero - Luca Giordano,https://www.coldwellbanker.it,Coldwell Banker Napoli Vomero - Luca Giordano LinkedIn
Engel & Völkers Napoli Vomero - Luca Giordano,Engel & Völkers,Agenzia Immobiliare,Napoli,Vomero - Luca Giordano,https://www.engelvoelkers.com,Engel & Völkers Napoli Vomero - Luca Giordano LinkedIn
RockAgent Napoli Vomero - Luca Giordano,RockAgent,Agenzia Immobiliare,Napoli,Vomero - Luca Giordano,https://www.rockagent.it,RockAgent Napoli Vomero - Luca Giordano LinkedIn
Century 21 Napoli Vomero - Luca Giordano,Century 21,Agenzia Immobiliare,Napoli,Vomero - Luca Giordano,https://www.century21.it,Century 21 Napoli Vomero - Luca Giordano LinkedIn
Frimm Immobiliare Napoli Vomero - Luca Giordano,Frimm Immobiliare,Agenzia Immobiliare,Napoli,Vomero - Luca Giordano,https://www.frimm.com,Frimm Immobiliare Napoli Vomero - Luca Giordano LinkedIn
Fondocasa Napoli Vomero - Luca Giordano,Fondocasa,Agenzia Immobiliare,Napoli,Vomero - Luca Giordano,https://www.fondocasa.it,Fondocasa Napoli Vomero - Luca Giordano LinkedIn
Beesprint Napoli Vomero - Luca Giordano,Beesprint,Revenue Management & Pricing,Napoli,Vomero - Luca Giordano,https://www.beesprint.com,Beesprint Napoli Vomero - Luca Giordano LinkedIn
Hostplace Napoli Vomero - Luca Giordano,Hostplace,B&B & Vacation Rental Management,Napoli,Vomero - Luca Giordano,https://www.hostplace.it,Hostplace Napoli Vomero - Luca Giordano LinkedIn
Hosity Napoli Vomero - Luca Giordano,Hosity,Gestione Operativa Affitti Brevi,Napoli,Vomero - Luca Giordano,https://hosity.com,Hosity Napoli Vomero - Luca Giordano LinkedIn
Apartments Florence Napoli Vomero - Luca Giordano,Apartments Florence,Full-Service Property Management,Napoli,Vomero - Luca Giordano,https://www.apartmentsflorence.it,Apartments Florence Napoli Vomero - Luca Giordano LinkedIn
Florentia Homes Napoli Vomero - Luca Giordano,Florentia Homes,Property Management & Concierge,Napoli,Vomero - Luca Giordano,https://florentiahomes.com,Florentia Homes Napoli Vomero - Luca Giordano LinkedIn
Quality House Napoli Vomero - Luca Giordano,Quality House,Gestione Appartamenti Turistici,Napoli,Vomero - Luca Giordano,https://qualityhouse.it,Quality House Napoli Vomero - Luca Giordano LinkedIn
Metres Property Mgmt Napoli Vomero - Luca Giordano,Metres Property Mgmt,Gestione Locazioni Brevi e Medie,Napoli,Vomero - Luca Giordano,https://metres.it,Metres Property Mgmt Napoli Vomero - Luca Giordano LinkedIn
Napolity Affitti Brevi Napoli Vomero - Luca Giordano,Napolity Affitti Brevi,Short Rental Specialist,Napoli,Vomero - Luca Giordano,https://napolity.it,Napolity Affitti Brevi Napoli Vomero - Luca Giordano LinkedIn
MIA Apartment Napoli Vomero - Luca Giordano,MIA Apartment,Property Management Turistico,Napoli,Vomero - Luca Giordano,https://miaapartment.it,MIA Apartment Napoli Vomero - Luca Giordano LinkedIn
Neapolitan Trips Mgmt Napoli Vomero - Luca Giordano,Neapolitan Trips Mgmt,Hospitality & Rental Mgmt,Napoli,Vomero - Luca Giordano,https://neapolitantrips.com,Neapolitan Trips Mgmt Napoli Vomero - Luca Giordano LinkedIn
Tecnocasa Napoli Chiaia - Dei Mille,Tecnocasa,Agenzia Immobiliare,Napoli,Chiaia - Dei Mille,https://www.tecnocasa.it,Tecnocasa Napoli Chiaia - Dei Mille LinkedIn
Tecnorete Napoli Chiaia - Dei Mille,Tecnorete,Agenzia Immobiliare,Napoli,Chiaia - Dei Mille,https://www.tecnorete.it,Tecnorete Napoli Chiaia - Dei Mille LinkedIn
Tempocasa Napoli Chiaia - Dei Mille,Tempocasa,Agenzia Immobiliare,Napoli,Chiaia - Dei Mille,https://www.tempocasa.it,Tempocasa Napoli Chiaia - Dei Mille LinkedIn
Toscano Immobiliare Napoli Chiaia - Dei Mille,Toscano Immobiliare,Agenzia Immobiliare,Napoli,Chiaia - Dei Mille,https://www.toscano.it,Toscano Immobiliare Napoli Chiaia - Dei Mille LinkedIn
Gabetti Property Solutions Napoli Chiaia - Dei Mille,Gabetti Property Solutions,Agenzia Immobiliare,Napoli,Chiaia - Dei Mille,https://www.gabetti.it,Gabetti Property Solutions Napoli Chiaia - Dei Mille LinkedIn
RE/MAX Italia Napoli Chiaia - Dei Mille,RE/MAX Italia,Agenzia Immobiliare,Napoli,Chiaia - Dei Mille,https://www.remax.it,RE/MAX Italia Napoli Chiaia - Dei Mille LinkedIn
Grimaldi Immobiliare Napoli Chiaia - Dei Mille,Grimaldi Immobiliare,Agenzia Immobiliare,Napoli,Chiaia - Dei Mille,https://www.grimaldiimmobiliare.it,Grimaldi Immobiliare Napoli Chiaia - Dei Mille LinkedIn
Professionecasa Napoli Chiaia - Dei Mille,Professionecasa,Agenzia Immobiliare,Napoli,Chiaia - Dei Mille,https://www.professionecasa.it,Professionecasa Napoli Chiaia - Dei Mille LinkedIn
Coldwell Banker Napoli Chiaia - Dei Mille,Coldwell Banker,Agenzia Immobiliare,Napoli,Chiaia - Dei Mille,https://www.coldwellbanker.it,Coldwell Banker Napoli Chiaia - Dei Mille LinkedIn
Engel & Völkers Napoli Chiaia - Dei Mille,Engel & Völkers,Agenzia Immobiliare,Napoli,Chiaia - Dei Mille,https://www.engelvoelkers.com,Engel & Völkers Napoli Chiaia - Dei Mille LinkedIn
RockAgent Napoli Chiaia - Dei Mille,RockAgent,Agenzia Immobiliare,Napoli,Chiaia - Dei Mille,https://www.rockagent.it,RockAgent Napoli Chiaia - Dei Mille LinkedIn
Century 21 Napoli Chiaia - Dei Mille,Century 21,Agenzia Immobiliare,Napoli,Chiaia - Dei Mille,https://www.century21.it,Century 21 Napoli Chiaia - Dei Mille LinkedIn
Frimm Immobiliare Napoli Chiaia - Dei Mille,Frimm Immobiliare,Agenzia Immobiliare,Napoli,Chiaia - Dei Mille,https://www.frimm.com,Frimm Immobiliare Napoli Chiaia - Dei Mille LinkedIn
Fondocasa Napoli Chiaia - Dei Mille,Fondocasa,Agenzia Immobiliare,Napoli,Chiaia - Dei Mille,https://www.fondocasa.it,Fondocasa Napoli Chiaia - Dei Mille LinkedIn
Beesprint Napoli Chiaia - Dei Mille,Beesprint,Revenue Management & Pricing,Napoli,Chiaia - Dei Mille,https://www.beesprint.com,Beesprint Napoli Chiaia - Dei Mille LinkedIn
Hostplace Napoli Chiaia - Dei Mille,Hostplace,B&B & Vacation Rental Management,Napoli,Chiaia - Dei Mille,https://www.hostplace.it,Hostplace Napoli Chiaia - Dei Mille LinkedIn
Hosity Napoli Chiaia - Dei Mille,Hosity,Gestione Operativa Affitti Brevi,Napoli,Chiaia - Dei Mille,https://hosity.com,Hosity Napoli Chiaia - Dei Mille LinkedIn
Apartments Florence Napoli Chiaia - Dei Mille,Apartments Florence,Full-Service Property Management,Napoli,Chiaia - Dei Mille,https://www.apartmentsflorence.it,Apartments Florence Napoli Chiaia - Dei Mille LinkedIn
Florentia Homes Napoli Chiaia - Dei Mille,Florentia Homes,Property Management & Concierge,Napoli,Chiaia - Dei Mille,https://florentiahomes.com,Florentia Homes Napoli Chiaia - Dei Mille LinkedIn
Quality House Napoli Chiaia - Dei Mille,Quality House,Gestione Appartamenti Turistici,Napoli,Chiaia - Dei Mille,https://qualityhouse.it,Quality House Napoli Chiaia - Dei Mille LinkedIn
Metres Property Mgmt Napoli Chiaia - Dei Mille,Metres Property Mgmt,Gestione Locazioni Brevi e Medie,Napoli,Chiaia - Dei Mille,https://metres.it,Metres Property Mgmt Napoli Chiaia - Dei Mille LinkedIn
Napolity Affitti Brevi Napoli Chiaia - Dei Mille,Napolity Affitti Brevi,Short Rental Specialist,Napoli,Chiaia - Dei Mille,https://napolity.it,Napolity Affitti Brevi Napoli Chiaia - Dei Mille LinkedIn
MIA Apartment Napoli Chiaia - Dei Mille,MIA Apartment,Property Management Turistico,Napoli,Chiaia - Dei Mille,https://miaapartment.it,MIA Apartment Napoli Chiaia - Dei Mille LinkedIn
Neapolitan Trips Mgmt Napoli Chiaia - Dei Mille,Neapolitan Trips Mgmt,Hospitality & Rental Mgmt,Napoli,Chiaia - Dei Mille,https://neapolitantrips.com,Neapolitan Trips Mgmt Napoli Chiaia - Dei Mille LinkedIn
Tecnocasa Napoli Chiaia - Riviera,Tecnocasa,Agenzia Immobiliare,Napoli,Chiaia - Riviera,https://www.tecnocasa.it,Tecnocasa Napoli Chiaia - Riviera LinkedIn
Tecnorete Napoli Chiaia - Riviera,Tecnorete,Agenzia Immobiliare,Napoli,Chiaia - Riviera,https://www.tecnorete.it,Tecnorete Napoli Chiaia - Riviera LinkedIn
Tempocasa Napoli Chiaia - Riviera,Tempocasa,Agenzia Immobiliare,Napoli,Chiaia - Riviera,https://www.tempocasa.it,Tempocasa Napoli Chiaia - Riviera LinkedIn
Toscano Immobiliare Napoli Chiaia - Riviera,Toscano Immobiliare,Agenzia Immobiliare,Napoli,Chiaia - Riviera,https://www.toscano.it,Toscano Immobiliare Napoli Chiaia - Riviera LinkedIn
Gabetti Property Solutions Napoli Chiaia - Riviera,Gabetti Property Solutions,Agenzia Immobiliare,Napoli,Chiaia - Riviera,https://www.gabetti.it,Gabetti Property Solutions Napoli Chiaia - Riviera LinkedIn
RE/MAX Italia Napoli Chiaia - Riviera,RE/MAX Italia,Agenzia Immobiliare,Napoli,Chiaia - Riviera,https://www.remax.it,RE/MAX Italia Napoli Chiaia - Riviera LinkedIn
Grimaldi Immobiliare Napoli Chiaia - Riviera,Grimaldi Immobiliare,Agenzia Immobiliare,Napoli,Chiaia - Riviera,https://www.grimaldiimmobiliare.it,Grimaldi Immobiliare Napoli Chiaia - Riviera LinkedIn
Professionecasa Napoli Chiaia - Riviera,Professionecasa,Agenzia Immobiliare,Napoli,Chiaia - Riviera,https://www.professionecasa.it,Professionecasa Napoli Chiaia - Riviera LinkedIn
Coldwell Banker Napoli Chiaia - Riviera,Coldwell Banker,Agenzia Immobiliare,Napoli,Chiaia - Riviera,https://www.coldwellbanker.it,Coldwell Banker Napoli Chiaia - Riviera LinkedIn
Engel & Völkers Napoli Chiaia - Riviera,Engel & Völkers,Agenzia Immobiliare,Napoli,Chiaia - Riviera,https://www.engelvoelkers.com,Engel & Völkers Napoli Chiaia - Riviera LinkedIn
RockAgent Napoli Chiaia - Riviera,RockAgent,Agenzia Immobiliare,Napoli,Chiaia - Riviera,https://www.rockagent.it,RockAgent Napoli Chiaia - Riviera LinkedIn
Century 21 Napoli Chiaia - Riviera,Century 21,Agenzia Immobiliare,Napoli,Chiaia - Riviera,https://www.century21.it,Century 21 Napoli Chiaia - Riviera LinkedIn
Frimm Immobiliare Napoli Chiaia - Riviera,Frimm Immobiliare,Agenzia Immobiliare,Napoli,Chiaia - Riviera,https://www.frimm.com,Frimm Immobiliare Napoli Chiaia - Riviera LinkedIn
Fondocasa Napoli Chiaia - Riviera,Fondocasa,Agenzia Immobiliare,Napoli,Chiaia - Riviera,https://www.fondocasa.it,Fondocasa Napoli Chiaia - Riviera LinkedIn
Beesprint Napoli Chiaia - Riviera,Beesprint,Revenue Management & Pricing,Napoli,Chiaia - Riviera,https://www.beesprint.com,Beesprint Napoli Chiaia - Riviera LinkedIn
Hostplace Napoli Chiaia - Riviera,Hostplace,B&B & Vacation Rental Management,Napoli,Chiaia - Riviera,https://www.hostplace.it,Hostplace Napoli Chiaia - Riviera LinkedIn
Hosity Napoli Chiaia - Riviera,Hosity,Gestione Operativa Affitti Brevi,Napoli,Chiaia - Riviera,https://hosity.com,Hosity Napoli Chiaia - Riviera LinkedIn
Apartments Florence Napoli Chiaia - Riviera,Apartments Florence,Full-Service Property Management,Napoli,Chiaia - Riviera,https://www.apartmentsflorence.it,Apartments Florence Napoli Chiaia - Riviera LinkedIn
Florentia Homes Napoli Chiaia - Riviera,Florentia Homes,Property Management & Concierge,Napoli,Chiaia - Riviera,https://florentiahomes.com,Florentia Homes Napoli Chiaia - Riviera LinkedIn
Quality House Napoli Chiaia - Riviera,Quality House,Gestione Appartamenti Turistici,Napoli,Chiaia - Riviera,https://qualityhouse.it,Quality House Napoli Chiaia - Riviera LinkedIn
Metres Property Mgmt Napoli Chiaia - Riviera,Metres Property Mgmt,Gestione Locazioni Brevi e Medie,Napoli,Chiaia - Riviera,https://metres.it,Metres Property Mgmt Napoli Chiaia - Riviera LinkedIn
Napolity Affitti Brevi Napoli Chiaia - Riviera,Napolity Affitti Brevi,Short Rental Specialist,Napoli,Chiaia - Riviera,https://napolity.it,Napolity Affitti Brevi Napoli Chiaia - Riviera LinkedIn
MIA Apartment Napoli Chiaia - Riviera,MIA Apartment,Property Management Turistico,Napoli,Chiaia - Riviera,https://miaapartment.it,MIA Apartment Napoli Chiaia - Riviera LinkedIn
Neapolitan Trips Mgmt Napoli Chiaia - Riviera,Neapolitan Trips Mgmt,Hospitality & Rental Mgmt,Napoli,Chiaia - Riviera,https://neapolitantrips.com,Neapolitan Trips Mgmt Napoli Chiaia - Riviera LinkedIn
Tecnocasa Napoli Chiaia - Filangieri,Tecnocasa,Agenzia Immobiliare,Napoli,Chiaia - Filangieri,https://www.tecnocasa.it,Tecnocasa Napoli Chiaia - Filangieri LinkedIn
Tecnorete Napoli Chiaia - Filangieri,Tecnorete,Agenzia Immobiliare,Napoli,Chiaia - Filangieri,https://www.tecnorete.it,Tecnorete Napoli Chiaia - Filangieri LinkedIn
Tempocasa Napoli Chiaia - Filangieri,Tempocasa,Agenzia Immobiliare,Napoli,Chiaia - Filangieri,https://www.tempocasa.it,Tempocasa Napoli Chiaia - Filangieri LinkedIn
Toscano Immobiliare Napoli Chiaia - Filangieri,Toscano Immobiliare,Agenzia Immobiliare,Napoli,Chiaia - Filangieri,https://www.toscano.it,Toscano Immobiliare Napoli Chiaia - Filangieri LinkedIn
Gabetti Property Solutions Napoli Chiaia - Filangieri,Gabetti Property Solutions,Agenzia Immobiliare,Napoli,Chiaia - Filangieri,https://www.gabetti.it,Gabetti Property Solutions Napoli Chiaia - Filangieri LinkedIn
RE/MAX Italia Napoli Chiaia - Filangieri,RE/MAX Italia,Agenzia Immobiliare,Napoli,Chiaia - Filangieri,https://www.remax.it,RE/MAX Italia Napoli Chiaia - Filangieri LinkedIn
Grimaldi Immobiliare Napoli Chiaia - Filangieri,Grimaldi Immobiliare,Agenzia Immobiliare,Napoli,Chiaia - Filangieri,https://www.grimaldiimmobiliare.it,Grimaldi Immobiliare Napoli Chiaia - Filangieri LinkedIn
Professionecasa Napoli Chiaia - Filangieri,Professionecasa,Agenzia Immobiliare,Napoli,Chiaia - Filangieri,https://www.professionecasa.it,Professionecasa Napoli Chiaia - Filangieri LinkedIn
Coldwell Banker Napoli Chiaia - Filangieri,Coldwell Banker,Agenzia Immobiliare,Napoli,Chiaia - Filangieri,https://www.coldwellbanker.it,Coldwell Banker Napoli Chiaia - Filangieri LinkedIn
Engel & Völkers Napoli Chiaia - Filangieri,Engel & Völkers,Agenzia Immobiliare,Napoli,Chiaia - Filangieri,https://www.engelvoelkers.com,Engel & Völkers Napoli Chiaia - Filangieri LinkedIn
RockAgent Napoli Chiaia - Filangieri,RockAgent,Agenzia Immobiliare,Napoli,Chiaia - Filangieri,https://www.rockagent.it,RockAgent Napoli Chiaia - Filangieri LinkedIn
Century 21 Napoli Chiaia - Filangieri,Century 21,Agenzia Immobiliare,Napoli,Chiaia - Filangieri,https://www.century21.it,Century 21 Napoli Chiaia - Filangieri LinkedIn
Frimm Immobiliare Napoli Chiaia - Filangieri,Frimm Immobiliare,Agenzia Immobiliare,Napoli,Chiaia - Filangieri,https://www.frimm.com,Frimm Immobiliare Napoli Chiaia - Filangieri LinkedIn
Fondocasa Napoli Chiaia - Filangieri,Fondocasa,Agenzia Immobiliare,Napoli,Chiaia - Filangieri,https://www.fondocasa.it,Fondocasa Napoli Chiaia - Filangieri LinkedIn
Beesprint Napoli Chiaia - Filangieri,Beesprint,Revenue Management & Pricing,Napoli,Chiaia - Filangieri,https://www.beesprint.com,Beesprint Napoli Chiaia - Filangieri LinkedIn
Hostplace Napoli Chiaia - Filangieri,Hostplace,B&B & Vacation Rental Management,Napoli,Chiaia - Filangieri,https://www.hostplace.it,Hostplace Napoli Chiaia - Filangieri LinkedIn
Hosity Napoli Chiaia - Filangieri,Hosity,Gestione Operativa Affitti Brevi,Napoli,Chiaia - Filangieri,https://hosity.com,Hosity Napoli Chiaia - Filangieri LinkedIn
Apartments Florence Napoli Chiaia - Filangieri,Apartments Florence,Full-Service Property Management,Napoli,Chiaia - Filangieri,https://www.apartmentsflorence.it,Apartments Florence Napoli Chiaia - Filangieri LinkedIn
Florentia Homes Napoli Chiaia - Filangieri,Florentia Homes,Property Management & Concierge,Napoli,Chiaia - Filangieri,https://florentiahomes.com,Florentia Homes Napoli Chiaia - Filangieri LinkedIn
Quality House Napoli Chiaia - Filangieri,Quality House,Gestione Appartamenti Turistici,Napoli,Chiaia - Filangieri,https://qualityhouse.it,Quality House Napoli Chiaia - Filangieri LinkedIn
Metres Property Mgmt Napoli Chiaia - Filangieri,Metres Property Mgmt,Gestione Locazioni Brevi e Medie,Napoli,Chiaia - Filangieri,https://metres.it,Metres Property Mgmt Napoli Chiaia - Filangieri LinkedIn
Napolity Affitti Brevi Napoli Chiaia - Filangieri,Napolity Affitti Brevi,Short Rental Specialist,Napoli,Chiaia - Filangieri,https://napolity.it,Napolity Affitti Brevi Napoli Chiaia - Filangieri LinkedIn
MIA Apartment Napoli Chiaia - Filangieri,MIA Apartment,Property Management Turistico,Napoli,Chiaia - Filangieri,https://miaapartment.it,MIA Apartment Napoli Chiaia - Filangieri LinkedIn
Neapolitan Trips Mgmt Napoli Chiaia - Filangieri,Neapolitan Trips Mgmt,Hospitality & Rental Mgmt,Napoli,Chiaia - Filangieri,https://neapolitantrips.com,Neapolitan Trips Mgmt Napoli Chiaia - Filangieri LinkedIn
Tecnocasa Napoli San Ferdinando - Plebiscito,Tecnocasa,Agenzia Immobiliare,Napoli,San Ferdinando - Plebiscito,https://www.tecnocasa.it,Tecnocasa Napoli San Ferdinando - Plebiscito LinkedIn
Tecnorete Napoli San Ferdinando - Plebiscito,Tecnorete,Agenzia Immobiliare,Napoli,San Ferdinando - Plebiscito,https://www.tecnorete.it,Tecnorete Napoli San Ferdinando - Plebiscito LinkedIn
Tempocasa Napoli San Ferdinando - Plebiscito,Tempocasa,Agenzia Immobiliare,Napoli,San Ferdinando - Plebiscito,https://www.tempocasa.it,Tempocasa Napoli San Ferdinando - Plebiscito LinkedIn
Toscano Immobiliare Napoli San Ferdinando - Plebiscito,Toscano Immobiliare,Agenzia Immobiliare,Napoli,San Ferdinando - Plebiscito,https://www.toscano.it,Toscano Immobiliare Napoli San Ferdinando - Plebiscito LinkedIn
Gabetti Property Solutions Napoli San Ferdinando - Plebiscito,Gabetti Property Solutions,Agenzia Immobiliare,Napoli,San Ferdinando - Plebiscito,https://www.gabetti.it,Gabetti Property Solutions Napoli San Ferdinando - Plebiscito LinkedIn
RE/MAX Italia Napoli San Ferdinando - Plebiscito,RE/MAX Italia,Agenzia Immobiliare,Napoli,San Ferdinando - Plebiscito,https://www.remax.it,RE/MAX Italia Napoli San Ferdinando - Plebiscito LinkedIn
Grimaldi Immobiliare Napoli San Ferdinando - Plebiscito,Grimaldi Immobiliare,Agenzia Immobiliare,Napoli,San Ferdinando - Plebiscito,https://www.grimaldiimmobiliare.it,Grimaldi Immobiliare Napoli San Ferdinando - Plebiscito LinkedIn
Professionecasa Napoli San Ferdinando - Plebiscito,Professionecasa,Agenzia Immobiliare,Napoli,San Ferdinando - Plebiscito,https://www.professionecasa.it,Professionecasa Napoli San Ferdinando - Plebiscito LinkedIn
Coldwell Banker Napoli San Ferdinando - Plebiscito,Coldwell Banker,Agenzia Immobiliare,Napoli,San Ferdinando - Plebiscito,https://www.coldwellbanker.it,Coldwell Banker Napoli San Ferdinando - Plebiscito LinkedIn
Engel & Völkers Napoli San Ferdinando - Plebiscito,Engel & Völkers,Agenzia Immobiliare,Napoli,San Ferdinando - Plebiscito,https://www.engelvoelkers.com,Engel & Völkers Napoli San Ferdinando - Plebiscito LinkedIn
RockAgent Napoli San Ferdinando - Plebiscito,RockAgent,Agenzia Immobiliare,Napoli,San Ferdinando - Plebiscito,https://www.rockagent.it,RockAgent Napoli San Ferdinando - Plebiscito LinkedIn
Century 21 Napoli San Ferdinando - Plebiscito,Century 21,Agenzia Immobiliare,Napoli,San Ferdinando - Plebiscito,https://www.century21.it,Century 21 Napoli San Ferdinando - Plebiscito LinkedIn
Frimm Immobiliare Napoli San Ferdinando - Plebiscito,Frimm Immobiliare,Agenzia Immobiliare,Napoli,San Ferdinando - Plebiscito,https://www.frimm.com,Frimm Immobiliare Napoli San Ferdinando - Plebiscito LinkedIn
Fondocasa Napoli San Ferdinando - Plebiscito,Fondocasa,Agenzia Immobiliare,Napoli,San Ferdinando - Plebiscito,https://www.fondocasa.it,Fondocasa Napoli San Ferdinando - Plebiscito LinkedIn
Beesprint Napoli San Ferdinando - Plebiscito,Beesprint,Revenue Management & Pricing,Napoli,San Ferdinando - Plebiscito,https://www.beesprint.com,Beesprint Napoli San Ferdinando - Plebiscito LinkedIn
Hostplace Napoli San Ferdinando - Plebiscito,Hostplace,B&B & Vacation Rental Management,Napoli,San Ferdinando - Plebiscito,https://www.hostplace.it,Hostplace Napoli San Ferdinando - Plebiscito LinkedIn
Hosity Napoli San Ferdinando - Plebiscito,Hosity,Gestione Operativa Affitti Brevi,Napoli,San Ferdinando - Plebiscito,https://hosity.com,Hosity Napoli San Ferdinando - Plebiscito LinkedIn
Apartments Florence Napoli San Ferdinando - Plebiscito,Apartments Florence,Full-Service Property Management,Napoli,San Ferdinando - Plebiscito,https://www.apartmentsflorence.it,Apartments Florence Napoli San Ferdinando - Plebiscito LinkedIn
Florentia Homes Napoli San Ferdinando - Plebiscito,Florentia Homes,Property Management & Concierge,Napoli,San Ferdinando - Plebiscito,https://florentiahomes.com,Florentia Homes Napoli San Ferdinando - Plebiscito LinkedIn
Quality House Napoli San Ferdinando - Plebiscito,Quality House,Gestione Appartamenti Turistici,Napoli,San Ferdinando - Plebiscito,https://qualityhouse.it,Quality House Napoli San Ferdinando - Plebiscito LinkedIn
Metres Property Mgmt Napoli San Ferdinando - Plebiscito,Metres Property Mgmt,Gestione Locazioni Brevi e Medie,Napoli,San Ferdinando - Plebiscito,https://metres.it,Metres Property Mgmt Napoli San Ferdinando - Plebiscito LinkedIn
Napolity Affitti Brevi Napoli San Ferdinando - Plebiscito,Napolity Affitti Brevi,Short Rental Specialist,Napoli,San Ferdinando - Plebiscito,https://napolity.it,Napolity Affitti Brevi Napoli San Ferdinando - Plebiscito LinkedIn
MIA Apartment Napoli San Ferdinando - Plebiscito,MIA Apartment,Property Management Turistico,Napoli,San Ferdinando - Plebiscito,https://miaapartment.it,MIA Apartment Napoli San Ferdinando - Plebiscito LinkedIn
Neapolitan Trips Mgmt Napoli San Ferdinando - Plebiscito,Neapolitan Trips Mgmt,Hospitality & Rental Mgmt,Napoli,San Ferdinando - Plebiscito,https://neapolitantrips.com,Neapolitan Trips Mgmt Napoli San Ferdinando - Plebiscito LinkedIn
Tecnocasa Napoli Centro Storico - Toledo,Tecnocasa,Agenzia Immobiliare,Napoli,Centro Storico - Toledo,https://www.tecnocasa.it,Tecnocasa Napoli Centro Storico - Toledo LinkedIn
Tecnorete Napoli Centro Storico - Toledo,Tecnorete,Agenzia Immobiliare,Napoli,Centro Storico - Toledo,https://www.tecnorete.it,Tecnorete Napoli Centro Storico - Toledo LinkedIn
Tempocasa Napoli Centro Storico - Toledo,Tempocasa,Agenzia Immobiliare,Napoli,Centro Storico - Toledo,https://www.tempocasa.it,Tempocasa Napoli Centro Storico - Toledo LinkedIn
Toscano Immobiliare Napoli Centro Storico - Toledo,Toscano Immobiliare,Agenzia Immobiliare,Napoli,Centro Storico - Toledo,https://www.toscano.it,Toscano Immobiliare Napoli Centro Storico - Toledo LinkedIn
Gabetti Property Solutions Napoli Centro Storico - Toledo,Gabetti Property Solutions,Agenzia Immobiliare,Napoli,Centro Storico - Toledo,https://www.gabetti.it,Gabetti Property Solutions Napoli Centro Storico - Toledo LinkedIn
RE/MAX Italia Napoli Centro Storico - Toledo,RE/MAX Italia,Agenzia Immobiliare,Napoli,Centro Storico - Toledo,https://www.remax.it,RE/MAX Italia Napoli Centro Storico - Toledo LinkedIn
Grimaldi Immobiliare Napoli Centro Storico - Toledo,Grimaldi Immobiliare,Agenzia Immobiliare,Napoli,Centro Storico - Toledo,https://www.grimaldiimmobiliare.it,Grimaldi Immobiliare Napoli Centro Storico - Toledo LinkedIn
Professionecasa Napoli Centro Storico - Toledo,Professionecasa,Agenzia Immobiliare,Napoli,Centro Storico - Toledo,https://www.professionecasa.it,Professionecasa Napoli Centro Storico - Toledo LinkedIn
Coldwell Banker Napoli Centro Storico - Toledo,Coldwell Banker,Agenzia Immobiliare,Napoli,Centro Storico - Toledo,https://www.coldwellbanker.it,Coldwell Banker Napoli Centro Storico - Toledo LinkedIn
Engel & Völkers Napoli Centro Storico - Toledo,Engel & Völkers,Agenzia Immobiliare,Napoli,Centro Storico - Toledo,https://www.engelvoelkers.com,Engel & Völkers Napoli Centro Storico - Toledo LinkedIn
RockAgent Napoli Centro Storico - Toledo,RockAgent,Agenzia Immobiliare,Napoli,Centro Storico - Toledo,https://www.rockagent.it,RockAgent Napoli Centro Storico - Toledo LinkedIn
Century 21 Napoli Centro Storico - Toledo,Century 21,Agenzia Immobiliare,Napoli,Centro Storico - Toledo,https://www.century21.it,Century 21 Napoli Centro Storico - Toledo LinkedIn
Frimm Immobiliare Napoli Centro Storico - Toledo,Frimm Immobiliare,Agenzia Immobiliare,Napoli,Centro Storico - Toledo,https://www.frimm.com,Frimm Immobiliare Napoli Centro Storico - Toledo LinkedIn
Fondocasa Napoli Centro Storico - Toledo,Fondocasa,Agenzia Immobiliare,Napoli,Centro Storico - Toledo,https://www.fondocasa.it,Fondocasa Napoli Centro Storico - Toledo LinkedIn
Beesprint Napoli Centro Storico - Toledo,Beesprint,Revenue Management & Pricing,Napoli,Centro Storico - Toledo,https://www.beesprint.com,Beesprint Napoli Centro Storico - Toledo LinkedIn
Hostplace Napoli Centro Storico - Toledo,Hostplace,B&B & Vacation Rental Management,Napoli,Centro Storico - Toledo,https://www.hostplace.it,Hostplace Napoli Centro Storico - Toledo LinkedIn
Hosity Napoli Centro Storico - Toledo,Hosity,Gestione Operativa Affitti Brevi,Napoli,Centro Storico - Toledo,https://hosity.com,Hosity Napoli Centro Storico - Toledo LinkedIn
Apartments Florence Napoli Centro Storico - Toledo,Apartments Florence,Full-Service Property Management,Napoli,Centro Storico - Toledo,https://www.apartmentsflorence.it,Apartments Florence Napoli Centro Storico - Toledo LinkedIn
Florentia Homes Napoli Centro Storico - Toledo,Florentia Homes,Property Management & Concierge,Napoli,Centro Storico - Toledo,https://florentiahomes.com,Florentia Homes Napoli Centro Storico - Toledo LinkedIn
Quality House Napoli Centro Storico - Toledo,Quality House,Gestione Appartamenti Turistici,Napoli,Centro Storico - Toledo,https://qualityhouse.it,Quality House Napoli Centro Storico - Toledo LinkedIn
Metres Property Mgmt Napoli Centro Storico - Toledo,Metres Property Mgmt,Gestione Locazioni Brevi e Medie,Napoli,Centro Storico - Toledo,https://metres.it,Metres Property Mgmt Napoli Centro Storico - Toledo LinkedIn
Napolity Affitti Brevi Napoli Centro Storico - Toledo,Napolity Affitti Brevi,Short Rental Specialist,Napoli,Centro Storico - Toledo,https://napolity.it,Napolity Affitti Brevi Napoli Centro Storico - Toledo LinkedIn
MIA Apartment Napoli Centro Storico - Toledo,MIA Apartment,Property Management Turistico,Napoli,Centro Storico - Toledo,https://miaapartment.it,MIA Apartment Napoli Centro Storico - Toledo LinkedIn
Neapolitan Trips Mgmt Napoli Centro Storico - Toledo,Neapolitan Trips Mgmt,Hospitality & Rental Mgmt,Napoli,Centro Storico - Toledo,https://neapolitantrips.com,Neapolitan Trips Mgmt Napoli Centro Storico - Toledo LinkedIn
Tecnocasa Napoli Centro Storico - Spaccanapoli,Tecnocasa,Agenzia Immobiliare,Napoli,Centro Storico - Spaccanapoli,https://www.tecnocasa.it,Tecnocasa Napoli Centro Storico - Spaccanapoli LinkedIn
Tecnorete Napoli Centro Storico - Spaccanapoli,Tecnorete,Agenzia Immobiliare,Napoli,Centro Storico - Spaccanapoli,https://www.tecnorete.it,Tecnorete Napoli Centro Storico - Spaccanapoli LinkedIn
Tempocasa Napoli Centro Storico - Spaccanapoli,Tempocasa,Agenzia Immobiliare,Napoli,Centro Storico - Spaccanapoli,https://www.tempocasa.it,Tempocasa Napoli Centro Storico - Spaccanapoli LinkedIn
Toscano Immobiliare Napoli Centro Storico - Spaccanapoli,Toscano Immobiliare,Agenzia Immobiliare,Napoli,Centro Storico - Spaccanapoli,https://www.toscano.it,Toscano Immobiliare Napoli Centro Storico - Spaccanapoli LinkedIn
Gabetti Property Solutions Napoli Centro Storico - Spaccanapoli,Gabetti Property Solutions,Agenzia Immobiliare,Napoli,Centro Storico - Spaccanapoli,https://www.gabetti.it,Gabetti Property Solutions Napoli Centro Storico - Spaccanapoli LinkedIn
RE/MAX Italia Napoli Centro Storico - Spaccanapoli,RE/MAX Italia,Agenzia Immobiliare,Napoli,Centro Storico - Spaccanapoli,https://www.remax.it,RE/MAX Italia Napoli Centro Storico - Spaccanapoli LinkedIn
Grimaldi Immobiliare Napoli Centro Storico - Spaccanapoli,Grimaldi Immobiliare,Agenzia Immobiliare,Napoli,Centro Storico - Spaccanapoli,https://www.grimaldiimmobiliare.it,Grimaldi Immobiliare Napoli Centro Storico - Spaccanapoli LinkedIn
Professionecasa Napoli Centro Storico - Spaccanapoli,Professionecasa,Agenzia Immobiliare,Napoli,Centro Storico - Spaccanapoli,https://www.professionecasa.it,Professionecasa Napoli Centro Storico - Spaccanapoli LinkedIn
Coldwell Banker Napoli Centro Storico - Spaccanapoli,Coldwell Banker,Agenzia Immobiliare,Napoli,Centro Storico - Spaccanapoli,https://www.coldwellbanker.it,Coldwell Banker Napoli Centro Storico - Spaccanapoli LinkedIn
Engel & Völkers Napoli Centro Storico - Spaccanapoli,Engel & Völkers,Agenzia Immobiliare,Napoli,Centro Storico - Spaccanapoli,https://www.engelvoelkers.com,Engel & Völkers Napoli Centro Storico - Spaccanapoli LinkedIn
RockAgent Napoli Centro Storico - Spaccanapoli,RockAgent,Agenzia Immobiliare,Napoli,Centro Storico - Spaccanapoli,https://www.rockagent.it,RockAgent Napoli Centro Storico - Spaccanapoli LinkedIn
Century 21 Napoli Centro Storico - Spaccanapoli,Century 21,Agenzia Immobiliare,Napoli,Centro Storico - Spaccanapoli,https://www.century21.it,Century 21 Napoli Centro Storico - Spaccanapoli LinkedIn
Frimm Immobiliare Napoli Centro Storico - Spaccanapoli,Frimm Immobiliare,Agenzia Immobiliare,Napoli,Centro Storico - Spaccanapoli,https://www.frimm.com,Frimm Immobiliare Napoli Centro Storico - Spaccanapoli LinkedIn
Fondocasa Napoli Centro Storico - Spaccanapoli,Fondocasa,Agenzia Immobiliare,Napoli,Centro Storico - Spaccanapoli,https://www.fondocasa.it,Fondocasa Napoli Centro Storico - Spaccanapoli LinkedIn
Beesprint Napoli Centro Storico - Spaccanapoli,Beesprint,Revenue Management & Pricing,Napoli,Centro Storico - Spaccanapoli,https://www.beesprint.com,Beesprint Napoli Centro Storico - Spaccanapoli LinkedIn
Hostplace Napoli Centro Storico - Spaccanapoli,Hostplace,B&B & Vacation Rental Management,Napoli,Centro Storico - Spaccanapoli,https://www.hostplace.it,Hostplace Napoli Centro Storico - Spaccanapoli LinkedIn
Hosity Napoli Centro Storico - Spaccanapoli,Hosity,Gestione Operativa Affitti Brevi,Napoli,Centro Storico - Spaccanapoli,https://hosity.com,Hosity Napoli Centro Storico - Spaccanapoli LinkedIn
Apartments Florence Napoli Centro Storico - Spaccanapoli,Apartments Florence,Full-Service Property Management,Napoli,Centro Storico - Spaccanapoli,https://www.apartmentsflorence.it,Apartments Florence Napoli Centro Storico - Spaccanapoli LinkedIn
Florentia Homes Napoli Centro Storico - Spaccanapoli,Florentia Homes,Property Management & Concierge,Napoli,Centro Storico - Spaccanapoli,https://florentiahomes.com,Florentia Homes Napoli Centro Storico - Spaccanapoli LinkedIn
Quality House Napoli Centro Storico - Spaccanapoli,Quality House,Gestione Appartamenti Turistici,Napoli,Centro Storico - Spaccanapoli,https://qualityhouse.it,Quality House Napoli Centro Storico - Spaccanapoli LinkedIn
Metres Property Mgmt Napoli Centro Storico - Spaccanapoli,Metres Property Mgmt,Gestione Locazioni Brevi e Medie,Napoli,Centro Storico - Spaccanapoli,https://metres.it,Metres Property Mgmt Napoli Centro Storico - Spaccanapoli LinkedIn
Napolity Affitti Brevi Napoli Centro Storico - Spaccanapoli,Napolity Affitti Brevi,Short Rental Specialist,Napoli,Centro Storico - Spaccanapoli,https://napolity.it,Napolity Affitti Brevi Napoli Centro Storico - Spaccanapoli LinkedIn
MIA Apartment Napoli Centro Storico - Spaccanapoli,MIA Apartment,Property Management Turistico,Napoli,Centro Storico - Spaccanapoli,https://miaapartment.it,MIA Apartment Napoli Centro Storico - Spaccanapoli LinkedIn
Neapolitan Trips Mgmt Napoli Centro Storico - Spaccanapoli,Neapolitan Trips Mgmt,Hospitality & Rental Mgmt,Napoli,Centro Storico - Spaccanapoli,https://neapolitantrips.com,Neapolitan Trips Mgmt Napoli Centro Storico - Spaccanapoli LinkedIn
Tecnocasa Napoli Centro Storico - Tribunali,Tecnocasa,Agenzia Immobiliare,Napoli,Centro Storico - Tribunali,https://www.tecnocasa.it,Tecnocasa Napoli Centro Storico - Tribunali LinkedIn
Tecnorete Napoli Centro Storico - Tribunali,Tecnorete,Agenzia Immobiliare,Napoli,Centro Storico - Tribunali,https://www.tecnorete.it,Tecnorete Napoli Centro Storico - Tribunali LinkedIn
Tempocasa Napoli Centro Storico - Tribunali,Tempocasa,Agenzia Immobiliare,Napoli,Centro Storico - Tribunali,https://www.tempocasa.it,Tempocasa Napoli Centro Storico - Tribunali LinkedIn
Toscano Immobiliare Napoli Centro Storico - Tribunali,Toscano Immobiliare,Agenzia Immobiliare,Napoli,Centro Storico - Tribunali,https://www.toscano.it,Toscano Immobiliare Napoli Centro Storico - Tribunali LinkedIn
Gabetti Property Solutions Napoli Centro Storico - Tribunali,Gabetti Property Solutions,Agenzia Immobiliare,Napoli,Centro Storico - Tribunali,https://www.gabetti.it,Gabetti Property Solutions Napoli Centro Storico - Tribunali LinkedIn
RE/MAX Italia Napoli Centro Storico - Tribunali,RE/MAX Italia,Agenzia Immobiliare,Napoli,Centro Storico - Tribunali,https://www.remax.it,RE/MAX Italia Napoli Centro Storico - Tribunali LinkedIn
Grimaldi Immobiliare Napoli Centro Storico - Tribunali,Grimaldi Immobiliare,Agenzia Immobiliare,Napoli,Centro Storico - Tribunali,https://www.grimaldiimmobiliare.it,Grimaldi Immobiliare Napoli Centro Storico - Tribunali LinkedIn
Professionecasa Napoli Centro Storico - Tribunali,Professionecasa,Agenzia Immobiliare,Napoli,Centro Storico - Tribunali,https://www.professionecasa.it,Professionecasa Napoli Centro Storico - Tribunali LinkedIn
Coldwell Banker Napoli Centro Storico - Tribunali,Coldwell Banker,Agenzia Immobiliare,Napoli,Centro Storico - Tribunali,https://www.coldwellbanker.it,Coldwell Banker Napoli Centro Storico - Tribunali LinkedIn
Engel & Völkers Napoli Centro Storico - Tribunali,Engel & Völkers,Agenzia Immobiliare,Napoli,Centro Storico - Tribunali,https://www.engelvoelkers.com,Engel & Völkers Napoli Centro Storico - Tribunali LinkedIn
RockAgent Napoli Centro Storico - Tribunali,RockAgent,Agenzia Immobiliare,Napoli,Centro Storico - Tribunali,https://www.rockagent.it,RockAgent Napoli Centro Storico - Tribunali LinkedIn
Century 21 Napoli Centro Storico - Tribunali,Century 21,Agenzia Immobiliare,Napoli,Centro Storico - Tribunali,https://www.century21.it,Century 21 Napoli Centro Storico - Tribunali LinkedIn
Frimm Immobiliare Napoli Centro Storico - Tribunali,Frimm Immobiliare,Agenzia Immobiliare,Napoli,Centro Storico - Tribunali,https://www.frimm.com,Frimm Immobiliare Napoli Centro Storico - Tribunali LinkedIn
Fondocasa Napoli Centro Storico - Tribunali,Fondocasa,Agenzia Immobiliare,Napoli,Centro Storico - Tribunali,https://www.fondocasa.it,Fondocasa Napoli Centro Storico - Tribunali LinkedIn
Beesprint Napoli Centro Storico - Tribunali,Beesprint,Revenue Management & Pricing,Napoli,Centro Storico - Tribunali,https://www.beesprint.com,Beesprint Napoli Centro Storico - Tribunali LinkedIn
Hostplace Napoli Centro Storico - Tribunali,Hostplace,B&B & Vacation Rental Management,Napoli,Centro Storico - Tribunali,https://www.hostplace.it,Hostplace Napoli Centro Storico - Tribunali LinkedIn
Hosity Napoli Centro Storico - Tribunali,Hosity,Gestione Operativa Affitti Brevi,Napoli,Centro Storico - Tribunali,https://hosity.com,Hosity Napoli Centro Storico - Tribunali LinkedIn
Apartments Florence Napoli Centro Storico - Tribunali,Apartments Florence,Full-Service Property Management,Napoli,Centro Storico - Tribunali,https://www.apartmentsflorence.it,Apartments Florence Napoli Centro Storico - Tribunali LinkedIn
Florentia Homes Napoli Centro Storico - Tribunali,Florentia Homes,Property Management & Concierge,Napoli,Centro Storico - Tribunali,https://florentiahomes.com,Florentia Homes Napoli Centro Storico - Tribunali LinkedIn
Quality House Napoli Centro Storico - Tribunali,Quality House,Gestione Appartamenti Turistici,Napoli,Centro Storico - Tribunali,https://qualityhouse.it,Quality House Napoli Centro Storico - Tribunali LinkedIn
Metres Property Mgmt Napoli Centro Storico - Tribunali,Metres Property Mgmt,Gestione Locazioni Brevi e Medie,Napoli,Centro Storico - Tribunali,https://metres.it,Metres Property Mgmt Napoli Centro Storico - Tribunali LinkedIn
Napolity Affitti Brevi Napoli Centro Storico - Tribunali,Napolity Affitti Brevi,Short Rental Specialist,Napoli,Centro Storico - Tribunali,https://napolity.it,Napolity Affitti Brevi Napoli Centro Storico - Tribunali LinkedIn
MIA Apartment Napoli Centro Storico - Tribunali,MIA Apartment,Property Management Turistico,Napoli,Centro Storico - Tribunali,https://miaapartment.it,MIA Apartment Napoli Centro Storico - Tribunali LinkedIn
Neapolitan Trips Mgmt Napoli Centro Storico - Tribunali,Neapolitan Trips Mgmt,Hospitality & Rental Mgmt,Napoli,Centro Storico - Tribunali,https://neapolitantrips.com,Neapolitan Trips Mgmt Napoli Centro Storico - Tribunali LinkedIn
Tecnocasa Napoli Centro Storico - Dante,Tecnocasa,Agenzia Immobiliare,Napoli,Centro Storico - Dante,https://www.tecnocasa.it,Tecnocasa Napoli Centro Storico - Dante LinkedIn
Tecnorete Napoli Centro Storico - Dante,Tecnorete,Agenzia Immobiliare,Napoli,Centro Storico - Dante,https://www.tecnorete.it,Tecnorete Napoli Centro Storico - Dante LinkedIn
Tempocasa Napoli Centro Storico - Dante,Tempocasa,Agenzia Immobiliare,Napoli,Centro Storico - Dante,https://www.tempocasa.it,Tempocasa Napoli Centro Storico - Dante LinkedIn
Toscano Immobiliare Napoli Centro Storico - Dante,Toscano Immobiliare,Agenzia Immobiliare,Napoli,Centro Storico - Dante,https://www.toscano.it,Toscano Immobiliare Napoli Centro Storico - Dante LinkedIn
Gabetti Property Solutions Napoli Centro Storico - Dante,Gabetti Property Solutions,Agenzia Immobiliare,Napoli,Centro Storico - Dante,https://www.gabetti.it,Gabetti Property Solutions Napoli Centro Storico - Dante LinkedIn
RE/MAX Italia Napoli Centro Storico - Dante,RE/MAX Italia,Agenzia Immobiliare,Napoli,Centro Storico - Dante,https://www.remax.it,RE/MAX Italia Napoli Centro Storico - Dante LinkedIn
Grimaldi Immobiliare Napoli Centro Storico - Dante,Grimaldi Immobiliare,Agenzia Immobiliare,Napoli,Centro Storico - Dante,https://www.grimaldiimmobiliare.it,Grimaldi Immobiliare Napoli Centro Storico - Dante LinkedIn
Professionecasa Napoli Centro Storico - Dante,Professionecasa,Agenzia Immobiliare,Napoli,Centro Storico - Dante,https://www.professionecasa.it,Professionecasa Napoli Centro Storico - Dante LinkedIn
Coldwell Banker Napoli Centro Storico - Dante,Coldwell Banker,Agenzia Immobiliare,Napoli,Centro Storico - Dante,https://www.coldwellbanker.it,Coldwell Banker Napoli Centro Storico - Dante LinkedIn
Engel & Völkers Napoli Centro Storico - Dante,Engel & Völkers,Agenzia Immobiliare,Napoli,Centro Storico - Dante,https://www.engelvoelkers.com,Engel & Völkers Napoli Centro Storico - Dante LinkedIn
RockAgent Napoli Centro Storico - Dante,RockAgent,Agenzia Immobiliare,Napoli,Centro Storico - Dante,https://www.rockagent.it,RockAgent Napoli Centro Storico - Dante LinkedIn
Century 21 Napoli Centro Storico - Dante,Century 21,Agenzia Immobiliare,Napoli,Centro Storico - Dante,https://www.century21.it,Century 21 Napoli Centro Storico - Dante LinkedIn
Frimm Immobiliare Napoli Centro Storico - Dante,Frimm Immobiliare,Agenzia Immobiliare,Napoli,Centro Storico - Dante,https://www.frimm.com,Frimm Immobiliare Napoli Centro Storico - Dante LinkedIn
Fondocasa Napoli Centro Storico - Dante,Fondocasa,Agenzia Immobiliare,Napoli,Centro Storico - Dante,https://www.fondocasa.it,Fondocasa Napoli Centro Storico - Dante LinkedIn
Beesprint Napoli Centro Storico - Dante,Beesprint,Revenue Management & Pricing,Napoli,Centro Storico - Dante,https://www.beesprint.com,Beesprint Napoli Centro Storico - Dante LinkedIn
Hostplace Napoli Centro Storico - Dante,Hostplace,B&B & Vacation Rental Management,Napoli,Centro Storico - Dante,https://www.hostplace.it,Hostplace Napoli Centro Storico - Dante LinkedIn
Hosity Napoli Centro Storico - Dante,Hosity,Gestione Operativa Affitti Brevi,Napoli,Centro Storico - Dante,https://hosity.com,Hosity Napoli Centro Storico - Dante LinkedIn
Apartments Florence Napoli Centro Storico - Dante,Apartments Florence,Full-Service Property Management,Napoli,Centro Storico - Dante,https://www.apartmentsflorence.it,Apartments Florence Napoli Centro Storico - Dante LinkedIn
Florentia Homes Napoli Centro Storico - Dante,Florentia Homes,Property Management & Concierge,Napoli,Centro Storico - Dante,https://florentiahomes.com,Florentia Homes Napoli Centro Storico - Dante LinkedIn
Quality House Napoli Centro Storico - Dante,Quality House,Gestione Appartamenti Turistici,Napoli,Centro Storico - Dante,https://qualityhouse.it,Quality House Napoli Centro Storico - Dante LinkedIn
Metres Property Mgmt Napoli Centro Storico - Dante,Metres Property Mgmt,Gestione Locazioni Brevi e Medie,Napoli,Centro Storico - Dante,https://metres.it,Metres Property Mgmt Napoli Centro Storico - Dante LinkedIn
Napolity Affitti Brevi Napoli Centro Storico - Dante,Napolity Affitti Brevi,Short Rental Specialist,Napoli,Centro Storico - Dante,https://napolity.it,Napolity Affitti Brevi Napoli Centro Storico - Dante LinkedIn
MIA Apartment Napoli Centro Storico - Dante,MIA Apartment,Property Management Turistico,Napoli,Centro Storico - Dante,https://miaapartment.it,MIA Apartment Napoli Centro Storico - Dante LinkedIn
Neapolitan Trips Mgmt Napoli Centro Storico - Dante,Neapolitan Trips Mgmt,Hospitality & Rental Mgmt,Napoli,Centro Storico - Dante,https://neapolitantrips.com,Neapolitan Trips Mgmt Napoli Centro Storico - Dante LinkedIn
Tecnocasa Napoli Decumani - San Gregorio,Tecnocasa,Agenzia Immobiliare,Napoli,Decumani - San Gregorio,https://www.tecnocasa.it,Tecnocasa Napoli Decumani - San Gregorio LinkedIn
Tecnorete Napoli Decumani - San Gregorio,Tecnorete,Agenzia Immobiliare,Napoli,Decumani - San Gregorio,https://www.tecnorete.it,Tecnorete Napoli Decumani - San Gregorio LinkedIn
Tempocasa Napoli Decumani - San Gregorio,Tempocasa,Agenzia Immobiliare,Napoli,Decumani - San Gregorio,https://www.tempocasa.it,Tempocasa Napoli Decumani - San Gregorio LinkedIn
Toscano Immobiliare Napoli Decumani - San Gregorio,Toscano Immobiliare,Agenzia Immobiliare,Napoli,Decumani - San Gregorio,https://www.toscano.it,Toscano Immobiliare Napoli Decumani - San Gregorio LinkedIn
Gabetti Property Solutions Napoli Decumani - San Gregorio,Gabetti Property Solutions,Agenzia Immobiliare,Napoli,Decumani - San Gregorio,https://www.gabetti.it,Gabetti Property Solutions Napoli Decumani - San Gregorio LinkedIn
RE/MAX Italia Napoli Decumani - San Gregorio,RE/MAX Italia,Agenzia Immobiliare,Napoli,Decumani - San Gregorio,https://www.remax.it,RE/MAX Italia Napoli Decumani - San Gregorio LinkedIn
Grimaldi Immobiliare Napoli Decumani - San Gregorio,Grimaldi Immobiliare,Agenzia Immobiliare,Napoli,Decumani - San Gregorio,https://www.grimaldiimmobiliare.it,Grimaldi Immobiliare Napoli Decumani - San Gregorio LinkedIn
Professionecasa Napoli Decumani - San Gregorio,Professionecasa,Agenzia Immobiliare,Napoli,Decumani - San Gregorio,https://www.professionecasa.it,Professionecasa Napoli Decumani - San Gregorio LinkedIn
Coldwell Banker Napoli Decumani - San Gregorio,Coldwell Banker,Agenzia Immobiliare,Napoli,Decumani - San Gregorio,https://www.coldwellbanker.it,Coldwell Banker Napoli Decumani - San Gregorio LinkedIn
Engel & Völkers Napoli Decumani - San Gregorio,Engel & Völkers,Agenzia Immobiliare,Napoli,Decumani - San Gregorio,https://www.engelvoelkers.com,Engel & Völkers Napoli Decumani - San Gregorio LinkedIn
RockAgent Napoli Decumani - San Gregorio,RockAgent,Agenzia Immobiliare,Napoli,Decumani - San Gregorio,https://www.rockagent.it,RockAgent Napoli Decumani - San Gregorio LinkedIn
Century 21 Napoli Decumani - San Gregorio,Century 21,Agenzia Immobiliare,Napoli,Decumani - San Gregorio,https://www.century21.it,Century 21 Napoli Decumani - San Gregorio LinkedIn
Frimm Immobiliare Napoli Decumani - San Gregorio,Frimm Immobiliare,Agenzia Immobiliare,Napoli,Decumani - San Gregorio,https://www.frimm.com,Frimm Immobiliare Napoli Decumani - San Gregorio LinkedIn
Fondocasa Napoli Decumani - San Gregorio,Fondocasa,Agenzia Immobiliare,Napoli,Decumani - San Gregorio,https://www.fondocasa.it,Fondocasa Napoli Decumani - San Gregorio LinkedIn
Beesprint Napoli Decumani - San Gregorio,Beesprint,Revenue Management & Pricing,Napoli,Decumani - San Gregorio,https://www.beesprint.com,Beesprint Napoli Decumani - San Gregorio LinkedIn
Hostplace Napoli Decumani - San Gregorio,Hostplace,B&B & Vacation Rental Management,Napoli,Decumani - San Gregorio,https://www.hostplace.it,Hostplace Napoli Decumani - San Gregorio LinkedIn
Hosity Napoli Decumani - San Gregorio,Hosity,Gestione Operativa Affitti Brevi,Napoli,Decumani - San Gregorio,https://hosity.com,Hosity Napoli Decumani - San Gregorio LinkedIn
Apartments Florence Napoli Decumani - San Gregorio,Apartments Florence,Full-Service Property Management,Napoli,Decumani - San Gregorio,https://www.apartmentsflorence.it,Apartments Florence Napoli Decumani - San Gregorio LinkedIn
Florentia Homes Napoli Decumani - San Gregorio,Florentia Homes,Property Management & Concierge,Napoli,Decumani - San Gregorio,https://florentiahomes.com,Florentia Homes Napoli Decumani - San Gregorio LinkedIn
Quality House Napoli Decumani - San Gregorio,Quality House,Gestione Appartamenti Turistici,Napoli,Decumani - San Gregorio,https://qualityhouse.it,Quality House Napoli Decumani - San Gregorio LinkedIn
Metres Property Mgmt Napoli Decumani - San Gregorio,Metres Property Mgmt,Gestione Locazioni Brevi e Medie,Napoli,Decumani - San Gregorio,https://metres.it,Metres Property Mgmt Napoli Decumani - San Gregorio LinkedIn
Napolity Affitti Brevi Napoli Decumani - San Gregorio,Napolity Affitti Brevi,Short Rental Specialist,Napoli,Decumani - San Gregorio,https://napolity.it,Napolity Affitti Brevi Napoli Decumani - San Gregorio LinkedIn
MIA Apartment Napoli Decumani - San Gregorio,MIA Apartment,Property Management Turistico,Napoli,Decumani - San Gregorio,https://miaapartment.it,MIA Apartment Napoli Decumani - San Gregorio LinkedIn
Neapolitan Trips Mgmt Napoli Decumani - San Gregorio,Neapolitan Trips Mgmt,Hospitality & Rental Mgmt,Napoli,Decumani - San Gregorio,https://neapolitantrips.com,Neapolitan Trips Mgmt Napoli Decumani - San Gregorio LinkedIn
Tecnocasa Napoli Posillipo - Manzoni,Tecnocasa,Agenzia Immobiliare,Napoli,Posillipo - Manzoni,https://www.tecnocasa.it,Tecnocasa Napoli Posillipo - Manzoni LinkedIn
Tecnorete Napoli Posillipo - Manzoni,Tecnorete,Agenzia Immobiliare,Napoli,Posillipo - Manzoni,https://www.tecnorete.it,Tecnorete Napoli Posillipo - Manzoni LinkedIn
Tempocasa Napoli Posillipo - Manzoni,Tempocasa,Agenzia Immobiliare,Napoli,Posillipo - Manzoni,https://www.tempocasa.it,Tempocasa Napoli Posillipo - Manzoni LinkedIn
Toscano Immobiliare Napoli Posillipo - Manzoni,Toscano Immobiliare,Agenzia Immobiliare,Napoli,Posillipo - Manzoni,https://www.toscano.it,Toscano Immobiliare Napoli Posillipo - Manzoni LinkedIn
Gabetti Property Solutions Napoli Posillipo - Manzoni,Gabetti Property Solutions,Agenzia Immobiliare,Napoli,Posillipo - Manzoni,https://www.gabetti.it,Gabetti Property Solutions Napoli Posillipo - Manzoni LinkedIn
RE/MAX Italia Napoli Posillipo - Manzoni,RE/MAX Italia,Agenzia Immobiliare,Napoli,Posillipo - Manzoni,https://www.remax.it,RE/MAX Italia Napoli Posillipo - Manzoni LinkedIn
Grimaldi Immobiliare Napoli Posillipo - Manzoni,Grimaldi Immobiliare,Agenzia Immobiliare,Napoli,Posillipo - Manzoni,https://www.grimaldiimmobiliare.it,Grimaldi Immobiliare Napoli Posillipo - Manzoni LinkedIn
Professionecasa Napoli Posillipo - Manzoni,Professionecasa,Agenzia Immobiliare,Napoli,Posillipo - Manzoni,https://www.professionecasa.it,Professionecasa Napoli Posillipo - Manzoni LinkedIn
Coldwell Banker Napoli Posillipo - Manzoni,Coldwell Banker,Agenzia Immobiliare,Napoli,Posillipo - Manzoni,https://www.coldwellbanker.it,Coldwell Banker Napoli Posillipo - Manzoni LinkedIn
Engel & Völkers Napoli Posillipo - Manzoni,Engel & Völkers,Agenzia Immobiliare,Napoli,Posillipo - Manzoni,https://www.engelvoelkers.com,Engel & Völkers Napoli Posillipo - Manzoni LinkedIn
RockAgent Napoli Posillipo - Manzoni,RockAgent,Agenzia Immobiliare,Napoli,Posillipo - Manzoni,https://www.rockagent.it,RockAgent Napoli Posillipo - Manzoni LinkedIn
Century 21 Napoli Posillipo - Manzoni,Century 21,Agenzia Immobiliare,Napoli,Posillipo - Manzoni,https://www.century21.it,Century 21 Napoli Posillipo - Manzoni LinkedIn
Frimm Immobiliare Napoli Posillipo - Manzoni,Frimm Immobiliare,Agenzia Immobiliare,Napoli,Posillipo - Manzoni,https://www.frimm.com,Frimm Immobiliare Napoli Posillipo - Manzoni LinkedIn
Fondocasa Napoli Posillipo - Manzoni,Fondocasa,Agenzia Immobiliare,Napoli,Posillipo - Manzoni,https://www.fondocasa.it,Fondocasa Napoli Posillipo - Manzoni LinkedIn
Beesprint Napoli Posillipo - Manzoni,Beesprint,Revenue Management & Pricing,Napoli,Posillipo - Manzoni,https://www.beesprint.com,Beesprint Napoli Posillipo - Manzoni LinkedIn
Hostplace Napoli Posillipo - Manzoni,Hostplace,B&B & Vacation Rental Management,Napoli,Posillipo - Manzoni,https://www.hostplace.it,Hostplace Napoli Posillipo - Manzoni LinkedIn
Hosity Napoli Posillipo - Manzoni,Hosity,Gestione Operativa Affitti Brevi,Napoli,Posillipo - Manzoni,https://hosity.com,Hosity Napoli Posillipo - Manzoni LinkedIn
Apartments Florence Napoli Posillipo - Manzoni,Apartments Florence,Full-Service Property Management,Napoli,Posillipo - Manzoni,https://www.apartmentsflorence.it,Apartments Florence Napoli Posillipo - Manzoni LinkedIn
Florentia Homes Napoli Posillipo - Manzoni,Florentia Homes,Property Management & Concierge,Napoli,Posillipo - Manzoni,https://florentiahomes.com,Florentia Homes Napoli Posillipo - Manzoni LinkedIn
Quality House Napoli Posillipo - Manzoni,Quality House,Gestione Appartamenti Turistici,Napoli,Posillipo - Manzoni,https://qualityhouse.it,Quality House Napoli Posillipo - Manzoni LinkedIn
Metres Property Mgmt Napoli Posillipo - Manzoni,Metres Property Mgmt,Gestione Locazioni Brevi e Medie,Napoli,Posillipo - Manzoni,https://metres.it,Metres Property Mgmt Napoli Posillipo - Manzoni LinkedIn
Napolity Affitti Brevi Napoli Posillipo - Manzoni,Napolity Affitti Brevi,Short Rental Specialist,Napoli,Posillipo - Manzoni,https://napolity.it,Napolity Affitti Brevi Napoli Posillipo - Manzoni LinkedIn
MIA Apartment Napoli Posillipo - Manzoni,MIA Apartment,Property Management Turistico,Napoli,Posillipo - Manzoni,https://miaapartment.it,MIA Apartment Napoli Posillipo - Manzoni LinkedIn
Neapolitan Trips Mgmt Napoli Posillipo - Manzoni,Neapolitan Trips Mgmt,Hospitality & Rental Mgmt,Napoli,Posillipo - Manzoni,https://neapolitantrips.com,Neapolitan Trips Mgmt Napoli Posillipo - Manzoni LinkedIn
Tecnocasa Napoli Posillipo - Marechiaro,Tecnocasa,Agenzia Immobiliare,Napoli,Posillipo - Marechiaro,https://www.tecnocasa.it,Tecnocasa Napoli Posillipo - Marechiaro LinkedIn
Tecnorete Napoli Posillipo - Marechiaro,Tecnorete,Agenzia Immobiliare,Napoli,Posillipo - Marechiaro,https://www.tecnorete.it,Tecnorete Napoli Posillipo - Marechiaro LinkedIn
Tempocasa Napoli Posillipo - Marechiaro,Tempocasa,Agenzia Immobiliare,Napoli,Posillipo - Marechiaro,https://www.tempocasa.it,Tempocasa Napoli Posillipo - Marechiaro LinkedIn
Toscano Immobiliare Napoli Posillipo - Marechiaro,Toscano Immobiliare,Agenzia Immobiliare,Napoli,Posillipo - Marechiaro,https://www.toscano.it,Toscano Immobiliare Napoli Posillipo - Marechiaro LinkedIn
Gabetti Property Solutions Napoli Posillipo - Marechiaro,Gabetti Property Solutions,Agenzia Immobiliare,Napoli,Posillipo - Marechiaro,https://www.gabetti.it,Gabetti Property Solutions Napoli Posillipo - Marechiaro LinkedIn
RE/MAX Italia Napoli Posillipo - Marechiaro,RE/MAX Italia,Agenzia Immobiliare,Napoli,Posillipo - Marechiaro,https://www.remax.it,RE/MAX Italia Napoli Posillipo - Marechiaro LinkedIn
Grimaldi Immobiliare Napoli Posillipo - Marechiaro,Grimaldi Immobiliare,Agenzia Immobiliare,Napoli,Posillipo - Marechiaro,https://www.grimaldiimmobiliare.it,Grimaldi Immobiliare Napoli Posillipo - Marechiaro LinkedIn
Professionecasa Napoli Posillipo - Marechiaro,Professionecasa,Agenzia Immobiliare,Napoli,Posillipo - Marechiaro,https://www.professionecasa.it,Professionecasa Napoli Posillipo - Marechiaro LinkedIn
Coldwell Banker Napoli Posillipo - Marechiaro,Coldwell Banker,Agenzia Immobiliare,Napoli,Posillipo - Marechiaro,https://www.coldwellbanker.it,Coldwell Banker Napoli Posillipo - Marechiaro LinkedIn
Engel & Völkers Napoli Posillipo - Marechiaro,Engel & Völkers,Agenzia Immobiliare,Napoli,Posillipo - Marechiaro,https://www.engelvoelkers.com,Engel & Völkers Napoli Posillipo - Marechiaro LinkedIn
RockAgent Napoli Posillipo - Marechiaro,RockAgent,Agenzia Immobiliare,Napoli,Posillipo - Marechiaro,https://www.rockagent.it,RockAgent Napoli Posillipo - Marechiaro LinkedIn
Century 21 Napoli Posillipo - Marechiaro,Century 21,Agenzia Immobiliare,Napoli,Posillipo - Marechiaro,https://www.century21.it,Century 21 Napoli Posillipo - Marechiaro LinkedIn
Frimm Immobiliare Napoli Posillipo - Marechiaro,Frimm Immobiliare,Agenzia Immobiliare,Napoli,Posillipo - Marechiaro,https://www.frimm.com,Frimm Immobiliare Napoli Posillipo - Marechiaro LinkedIn
Fondocasa Napoli Posillipo - Marechiaro,Fondocasa,Agenzia Immobiliare,Napoli,Posillipo - Marechiaro,https://www.fondocasa.it,Fondocasa Napoli Posillipo - Marechiaro LinkedIn
Beesprint Napoli Posillipo - Marechiaro,Beesprint,Revenue Management & Pricing,Napoli,Posillipo - Marechiaro,https://www.beesprint.com,Beesprint Napoli Posillipo - Marechiaro LinkedIn
Hostplace Napoli Posillipo - Marechiaro,Hostplace,B&B & Vacation Rental Management,Napoli,Posillipo - Marechiaro,https://www.hostplace.it,Hostplace Napoli Posillipo - Marechiaro LinkedIn
Hosity Napoli Posillipo - Marechiaro,Hosity,Gestione Operativa Affitti Brevi,Napoli,Posillipo - Marechiaro,https://hosity.com,Hosity Napoli Posillipo - Marechiaro LinkedIn
Apartments Florence Napoli Posillipo - Marechiaro,Apartments Florence,Full-Service Property Management,Napoli,Posillipo - Marechiaro,https://www.apartmentsflorence.it,Apartments Florence Napoli Posillipo - Marechiaro LinkedIn
Florentia Homes Napoli Posillipo - Marechiaro,Florentia Homes,Property Management & Concierge,Napoli,Posillipo - Marechiaro,https://florentiahomes.com,Florentia Homes Napoli Posillipo - Marechiaro LinkedIn
Quality House Napoli Posillipo - Marechiaro,Quality House,Gestione Appartamenti Turistici,Napoli,Posillipo - Marechiaro,https://qualityhouse.it,Quality House Napoli Posillipo - Marechiaro LinkedIn
Metres Property Mgmt Napoli Posillipo - Marechiaro,Metres Property Mgmt,Gestione Locazioni Brevi e Medie,Napoli,Posillipo - Marechiaro,https://metres.it,Metres Property Mgmt Napoli Posillipo - Marechiaro LinkedIn
Napolity Affitti Brevi Napoli Posillipo - Marechiaro,Napolity Affitti Brevi,Short Rental Specialist,Napoli,Posillipo - Marechiaro,https://napolity.it,Napolity Affitti Brevi Napoli Posillipo - Marechiaro LinkedIn
MIA Apartment Napoli Posillipo - Marechiaro,MIA Apartment,Property Management Turistico,Napoli,Posillipo - Marechiaro,https://miaapartment.it,MIA Apartment Napoli Posillipo - Marechiaro LinkedIn
Neapolitan Trips Mgmt Napoli Posillipo - Marechiaro,Neapolitan Trips Mgmt,Hospitality & Rental Mgmt,Napoli,Posillipo - Marechiaro,https://neapolitantrips.com,Neapolitan Trips Mgmt Napoli Posillipo - Marechiaro LinkedIn
Tecnocasa Napoli Fuorigrotta - Augusto,Tecnocasa,Agenzia Immobiliare,Napoli,Fuorigrotta - Augusto,https://www.tecnocasa.it,Tecnocasa Napoli Fuorigrotta - Augusto LinkedIn
Tecnorete Napoli Fuorigrotta - Augusto,Tecnorete,Agenzia Immobiliare,Napoli,Fuorigrotta - Augusto,https://www.tecnorete.it,Tecnorete Napoli Fuorigrotta - Augusto LinkedIn
Tempocasa Napoli Fuorigrotta - Augusto,Tempocasa,Agenzia Immobiliare,Napoli,Fuorigrotta - Augusto,https://www.tempocasa.it,Tempocasa Napoli Fuorigrotta - Augusto LinkedIn
Toscano Immobiliare Napoli Fuorigrotta - Augusto,Toscano Immobiliare,Agenzia Immobiliare,Napoli,Fuorigrotta - Augusto,https://www.toscano.it,Toscano Immobiliare Napoli Fuorigrotta - Augusto LinkedIn
Gabetti Property Solutions Napoli Fuorigrotta - Augusto,Gabetti Property Solutions,Agenzia Immobiliare,Napoli,Fuorigrotta - Augusto,https://www.gabetti.it,Gabetti Property Solutions Napoli Fuorigrotta - Augusto LinkedIn
RE/MAX Italia Napoli Fuorigrotta - Augusto,RE/MAX Italia,Agenzia Immobiliare,Napoli,Fuorigrotta - Augusto,https://www.remax.it,RE/MAX Italia Napoli Fuorigrotta - Augusto LinkedIn
Grimaldi Immobiliare Napoli Fuorigrotta - Augusto,Grimaldi Immobiliare,Agenzia Immobiliare,Napoli,Fuorigrotta - Augusto,https://www.grimaldiimmobiliare.it,Grimaldi Immobiliare Napoli Fuorigrotta - Augusto LinkedIn
Professionecasa Napoli Fuorigrotta - Augusto,Professionecasa,Agenzia Immobiliare,Napoli,Fuorigrotta - Augusto,https://www.professionecasa.it,Professionecasa Napoli Fuorigrotta - Augusto LinkedIn
Coldwell Banker Napoli Fuorigrotta - Augusto,Coldwell Banker,Agenzia Immobiliare,Napoli,Fuorigrotta - Augusto,https://www.coldwellbanker.it,Coldwell Banker Napoli Fuorigrotta - Augusto LinkedIn
Engel & Völkers Napoli Fuorigrotta - Augusto,Engel & Völkers,Agenzia Immobiliare,Napoli,Fuorigrotta - Augusto,https://www.engelvoelkers.com,Engel & Völkers Napoli Fuorigrotta - Augusto LinkedIn
RockAgent Napoli Fuorigrotta - Augusto,RockAgent,Agenzia Immobiliare,Napoli,Fuorigrotta - Augusto,https://www.rockagent.it,RockAgent Napoli Fuorigrotta - Augusto LinkedIn
Century 21 Napoli Fuorigrotta - Augusto,Century 21,Agenzia Immobiliare,Napoli,Fuorigrotta - Augusto,https://www.century21.it,Century 21 Napoli Fuorigrotta - Augusto LinkedIn
Frimm Immobiliare Napoli Fuorigrotta - Augusto,Frimm Immobiliare,Agenzia Immobiliare,Napoli,Fuorigrotta - Augusto,https://www.frimm.com,Frimm Immobiliare Napoli Fuorigrotta - Augusto LinkedIn
Fondocasa Napoli Fuorigrotta - Augusto,Fondocasa,Agenzia Immobiliare,Napoli,Fuorigrotta - Augusto,https://www.fondocasa.it,Fondocasa Napoli Fuorigrotta - Augusto LinkedIn
Beesprint Napoli Fuorigrotta - Augusto,Beesprint,Revenue Management & Pricing,Napoli,Fuorigrotta - Augusto,https://www.beesprint.com,Beesprint Napoli Fuorigrotta - Augusto LinkedIn
Hostplace Napoli Fuorigrotta - Augusto,Hostplace,B&B & Vacation Rental Management,Napoli,Fuorigrotta - Augusto,https://www.hostplace.it,Hostplace Napoli Fuorigrotta - Augusto LinkedIn
Hosity Napoli Fuorigrotta - Augusto,Hosity,Gestione Operativa Affitti Brevi,Napoli,Fuorigrotta - Augusto,https://hosity.com,Hosity Napoli Fuorigrotta - Augusto LinkedIn
Apartments Florence Napoli Fuorigrotta - Augusto,Apartments Florence,Full-Service Property Management,Napoli,Fuorigrotta - Augusto,https://www.apartmentsflorence.it,Apartments Florence Napoli Fuorigrotta - Augusto LinkedIn
Florentia Homes Napoli Fuorigrotta - Augusto,Florentia Homes,Property Management & Concierge,Napoli,Fuorigrotta - Augusto,https://florentiahomes.com,Florentia Homes Napoli Fuorigrotta - Augusto LinkedIn
Quality House Napoli Fuorigrotta - Augusto,Quality House,Gestione Appartamenti Turistici,Napoli,Fuorigrotta - Augusto,https://qualityhouse.it,Quality House Napoli Fuorigrotta - Augusto LinkedIn
Metres Property Mgmt Napoli Fuorigrotta - Augusto,Metres Property Mgmt,Gestione Locazioni Brevi e Medie,Napoli,Fuorigrotta - Augusto,https://metres.it,Metres Property Mgmt Napoli Fuorigrotta - Augusto LinkedIn
Napolity Affitti Brevi Napoli Fuorigrotta - Augusto,Napolity Affitti Brevi,Short Rental Specialist,Napoli,Fuorigrotta - Augusto,https://napolity.it,Napolity Affitti Brevi Napoli Fuorigrotta - Augusto LinkedIn
MIA Apartment Napoli Fuorigrotta - Augusto,MIA Apartment,Property Management Turistico,Napoli,Fuorigrotta - Augusto,https://miaapartment.it,MIA Apartment Napoli Fuorigrotta - Augusto LinkedIn
Neapolitan Trips Mgmt Napoli Fuorigrotta - Augusto,Neapolitan Trips Mgmt,Hospitality & Rental Mgmt,Napoli,Fuorigrotta - Augusto,https://neapolitantrips.com,Neapolitan Trips Mgmt Napoli Fuorigrotta - Augusto LinkedIn
Tecnocasa Napoli Fuorigrotta - Campi Flegrei,Tecnocasa,Agenzia Immobiliare,Napoli,Fuorigrotta - Campi Flegrei,https://www.tecnocasa.it,Tecnocasa Napoli Fuorigrotta - Campi Flegrei LinkedIn
Tecnorete Napoli Fuorigrotta - Campi Flegrei,Tecnorete,Agenzia Immobiliare,Napoli,Fuorigrotta - Campi Flegrei,https://www.tecnorete.it,Tecnorete Napoli Fuorigrotta - Campi Flegrei LinkedIn
Tempocasa Napoli Fuorigrotta - Campi Flegrei,Tempocasa,Agenzia Immobiliare,Napoli,Fuorigrotta - Campi Flegrei,https://www.tempocasa.it,Tempocasa Napoli Fuorigrotta - Campi Flegrei LinkedIn
Toscano Immobiliare Napoli Fuorigrotta - Campi Flegrei,Toscano Immobiliare,Agenzia Immobiliare,Napoli,Fuorigrotta - Campi Flegrei,https://www.toscano.it,Toscano Immobiliare Napoli Fuorigrotta - Campi Flegrei LinkedIn
Gabetti Property Solutions Napoli Fuorigrotta - Campi Flegrei,Gabetti Property Solutions,Agenzia Immobiliare,Napoli,Fuorigrotta - Campi Flegrei,https://www.gabetti.it,Gabetti Property Solutions Napoli Fuorigrotta - Campi Flegrei LinkedIn
RE/MAX Italia Napoli Fuorigrotta - Campi Flegrei,RE/MAX Italia,Agenzia Immobiliare,Napoli,Fuorigrotta - Campi Flegrei,https://www.remax.it,RE/MAX Italia Napoli Fuorigrotta - Campi Flegrei LinkedIn
Grimaldi Immobiliare Napoli Fuorigrotta - Campi Flegrei,Grimaldi Immobiliare,Agenzia Immobiliare,Napoli,Fuorigrotta - Campi Flegrei,https://www.grimaldiimmobiliare.it,Grimaldi Immobiliare Napoli Fuorigrotta - Campi Flegrei LinkedIn
Professionecasa Napoli Fuorigrotta - Campi Flegrei,Professionecasa,Agenzia Immobiliare,Napoli,Fuorigrotta - Campi Flegrei,https://www.professionecasa.it,Professionecasa Napoli Fuorigrotta - Campi Flegrei LinkedIn
Coldwell Banker Napoli Fuorigrotta - Campi Flegrei,Coldwell Banker,Agenzia Immobiliare,Napoli,Fuorigrotta - Campi Flegrei,https://www.coldwellbanker.it,Coldwell Banker Napoli Fuorigrotta - Campi Flegrei LinkedIn
Engel & Völkers Napoli Fuorigrotta - Campi Flegrei,Engel & Völkers,Agenzia Immobiliare,Napoli,Fuorigrotta - Campi Flegrei,https://www.engelvoelkers.com,Engel & Völkers Napoli Fuorigrotta - Campi Flegrei LinkedIn
RockAgent Napoli Fuorigrotta - Campi Flegrei,RockAgent,Agenzia Immobiliare,Napoli,Fuorigrotta - Campi Flegrei,https://www.rockagent.it,RockAgent Napoli Fuorigrotta - Campi Flegrei LinkedIn
Century 21 Napoli Fuorigrotta - Campi Flegrei,Century 21,Agenzia Immobiliare,Napoli,Fuorigrotta - Campi Flegrei,https://www.century21.it,Century 21 Napoli Fuorigrotta - Campi Flegrei LinkedIn
Frimm Immobiliare Napoli Fuorigrotta - Campi Flegrei,Frimm Immobiliare,Agenzia Immobiliare,Napoli,Fuorigrotta - Campi Flegrei,https://www.frimm.com,Frimm Immobiliare Napoli Fuorigrotta - Campi Flegrei LinkedIn
Fondocasa Napoli Fuorigrotta - Campi Flegrei,Fondocasa,Agenzia Immobiliare,Napoli,Fuorigrotta - Campi Flegrei,https://www.fondocasa.it,Fondocasa Napoli Fuorigrotta - Campi Flegrei LinkedIn
Beesprint Napoli Fuorigrotta - Campi Flegrei,Beesprint,Revenue Management & Pricing,Napoli,Fuorigrotta - Campi Flegrei,https://www.beesprint.com,Beesprint Napoli Fuorigrotta - Campi Flegrei LinkedIn
Hostplace Napoli Fuorigrotta - Campi Flegrei,Hostplace,B&B & Vacation Rental Management,Napoli,Fuorigrotta - Campi Flegrei,https://www.hostplace.it,Hostplace Napoli Fuorigrotta - Campi Flegrei LinkedIn
Hosity Napoli Fuorigrotta - Campi Flegrei,Hosity,Gestione Operativa Affitti Brevi,Napoli,Fuorigrotta - Campi Flegrei,https://hosity.com,Hosity Napoli Fuorigrotta - Campi Flegrei LinkedIn
Apartments Florence Napoli Fuorigrotta - Campi Flegrei,Apartments Florence,Full-Service Property Management,Napoli,Fuorigrotta - Campi Flegrei,https://www.apartmentsflorence.it,Apartments Florence Napoli Fuorigrotta - Campi Flegrei LinkedIn
Florentia Homes Napoli Fuorigrotta - Campi Flegrei,Florentia Homes,Property Management & Concierge,Napoli,Fuorigrotta - Campi Flegrei,https://florentiahomes.com,Florentia Homes Napoli Fuorigrotta - Campi Flegrei LinkedIn
Quality House Napoli Fuorigrotta - Campi Flegrei,Quality House,Gestione Appartamenti Turistici,Napoli,Fuorigrotta - Campi Flegrei,https://qualityhouse.it,Quality House Napoli Fuorigrotta - Campi Flegrei LinkedIn
Metres Property Mgmt Napoli Fuorigrotta - Campi Flegrei,Metres Property Mgmt,Gestione Locazioni Brevi e Medie,Napoli,Fuorigrotta - Campi Flegrei,https://metres.it,Metres Property Mgmt Napoli Fuorigrotta - Campi Flegrei LinkedIn
Napolity Affitti Brevi Napoli Fuorigrotta - Campi Flegrei,Napolity Affitti Brevi,Short Rental Specialist,Napoli,Fuorigrotta - Campi Flegrei,https://napolity.it,Napolity Affitti Brevi Napoli Fuorigrotta - Campi Flegrei LinkedIn
MIA Apartment Napoli Fuorigrotta - Campi Flegrei,MIA Apartment,Property Management Turistico,Napoli,Fuorigrotta - Campi Flegrei,https://miaapartment.it,MIA Apartment Napoli Fuorigrotta - Campi Flegrei LinkedIn
Neapolitan Trips Mgmt Napoli Fuorigrotta - Campi Flegrei,Neapolitan Trips Mgmt,Hospitality & Rental Mgmt,Napoli,Fuorigrotta - Campi Flegrei,https://neapolitantrips.com,Neapolitan Trips Mgmt Napoli Fuorigrotta - Campi Flegrei LinkedIn
Tecnocasa Napoli Arenella - Medaglie d'Oro,Tecnocasa,Agenzia Immobiliare,Napoli,Arenella - Medaglie d'Oro,https://www.tecnocasa.it,Tecnocasa Napoli Arenella - Medaglie d'Oro LinkedIn
Tecnorete Napoli Arenella - Medaglie d'Oro,Tecnorete,Agenzia Immobiliare,Napoli,Arenella - Medaglie d'Oro,https://www.tecnorete.it,Tecnorete Napoli Arenella - Medaglie d'Oro LinkedIn
Tempocasa Napoli Arenella - Medaglie d'Oro,Tempocasa,Agenzia Immobiliare,Napoli,Arenella - Medaglie d'Oro,https://www.tempocasa.it,Tempocasa Napoli Arenella - Medaglie d'Oro LinkedIn
Toscano Immobiliare Napoli Arenella - Medaglie d'Oro,Toscano Immobiliare,Agenzia Immobiliare,Napoli,Arenella - Medaglie d'Oro,https://www.toscano.it,Toscano Immobiliare Napoli Arenella - Medaglie d'Oro LinkedIn
Gabetti Property Solutions Napoli Arenella - Medaglie d'Oro,Gabetti Property Solutions,Agenzia Immobiliare,Napoli,Arenella - Medaglie d'Oro,https://www.gabetti.it,Gabetti Property Solutions Napoli Arenella - Medaglie d'Oro LinkedIn
RE/MAX Italia Napoli Arenella - Medaglie d'Oro,RE/MAX Italia,Agenzia Immobiliare,Napoli,Arenella - Medaglie d'Oro,https://www.remax.it,RE/MAX Italia Napoli Arenella - Medaglie d'Oro LinkedIn
Grimaldi Immobiliare Napoli Arenella - Medaglie d'Oro,Grimaldi Immobiliare,Agenzia Immobiliare,Napoli,Arenella - Medaglie d'Oro,https://www.grimaldiimmobiliare.it,Grimaldi Immobiliare Napoli Arenella - Medaglie d'Oro LinkedIn
Professionecasa Napoli Arenella - Medaglie d'Oro,Professionecasa,Agenzia Immobiliare,Napoli,Arenella - Medaglie d'Oro,https://www.professionecasa.it,Professionecasa Napoli Arenella - Medaglie d'Oro LinkedIn
Coldwell Banker Napoli Arenella - Medaglie d'Oro,Coldwell Banker,Agenzia Immobiliare,Napoli,Arenella - Medaglie d'Oro,https://www.coldwellbanker.it,Coldwell Banker Napoli Arenella - Medaglie d'Oro LinkedIn
Engel & Völkers Napoli Arenella - Medaglie d'Oro,Engel & Völkers,Agenzia Immobiliare,Napoli,Arenella - Medaglie d'Oro,https://www.engelvoelkers.com,Engel & Völkers Napoli Arenella - Medaglie d'Oro LinkedIn
RockAgent Napoli Arenella - Medaglie d'Oro,RockAgent,Agenzia Immobiliare,Napoli,Arenella - Medaglie d'Oro,https://www.rockagent.it,RockAgent Napoli Arenella - Medaglie d'Oro LinkedIn
Century 21 Napoli Arenella - Medaglie d'Oro,Century 21,Agenzia Immobiliare,Napoli,Arenella - Medaglie d'Oro,https://www.century21.it,Century 21 Napoli Arenella - Medaglie d'Oro LinkedIn
Frimm Immobiliare Napoli Arenella - Medaglie d'Oro,Frimm Immobiliare,Agenzia Immobiliare,Napoli,Arenella - Medaglie d'Oro,https://www.frimm.com,Frimm Immobiliare Napoli Arenella - Medaglie d'Oro LinkedIn
Fondocasa Napoli Arenella - Medaglie d'Oro,Fondocasa,Agenzia Immobiliare,Napoli,Arenella - Medaglie d'Oro,https://www.fondocasa.it,Fondocasa Napoli Arenella - Medaglie d'Oro LinkedIn
Beesprint Napoli Arenella - Medaglie d'Oro,Beesprint,Revenue Management & Pricing,Napoli,Arenella - Medaglie d'Oro,https://www.beesprint.com,Beesprint Napoli Arenella - Medaglie d'Oro LinkedIn
Hostplace Napoli Arenella - Medaglie d'Oro,Hostplace,B&B & Vacation Rental Management,Napoli,Arenella - Medaglie d'Oro,https://www.hostplace.it,Hostplace Napoli Arenella - Medaglie d'Oro LinkedIn
Hosity Napoli Arenella - Medaglie d'Oro,Hosity,Gestione Operativa Affitti Brevi,Napoli,Arenella - Medaglie d'Oro,https://hosity.com,Hosity Napoli Arenella - Medaglie d'Oro LinkedIn
Apartments Florence Napoli Arenella - Medaglie d'Oro,Apartments Florence,Full-Service Property Management,Napoli,Arenella - Medaglie d'Oro,https://www.apartmentsflorence.it,Apartments Florence Napoli Arenella - Medaglie d'Oro LinkedIn
Florentia Homes Napoli Arenella - Medaglie d'Oro,Florentia Homes,Property Management & Concierge,Napoli,Arenella - Medaglie d'Oro,https://florentiahomes.com,Florentia Homes Napoli Arenella - Medaglie d'Oro LinkedIn
Quality House Napoli Arenella - Medaglie d'Oro,Quality House,Gestione Appartamenti Turistici,Napoli,Arenella - Medaglie d'Oro,https://qualityhouse.it,Quality House Napoli Arenella - Medaglie d'Oro LinkedIn
Metres Property Mgmt Napoli Arenella - Medaglie d'Oro,Metres Property Mgmt,Gestione Locazioni Brevi e Medie,Napoli,Arenella - Medaglie d'Oro,https://metres.it,Metres Property Mgmt Napoli Arenella - Medaglie d'Oro LinkedIn
Napolity Affitti Brevi Napoli Arenella - Medaglie d'Oro,Napolity Affitti Brevi,Short Rental Specialist,Napoli,Arenella - Medaglie d'Oro,https://napolity.it,Napolity Affitti Brevi Napoli Arenella - Medaglie d'Oro LinkedIn
MIA Apartment Napoli Arenella - Medaglie d'Oro,MIA Apartment,Property Management Turistico,Napoli,Arenella - Medaglie d'Oro,https://miaapartment.it,MIA Apartment Napoli Arenella - Medaglie d'Oro LinkedIn
Neapolitan Trips Mgmt Napoli Arenella - Medaglie d'Oro,Neapolitan Trips Mgmt,Hospitality & Rental Mgmt,Napoli,Arenella - Medaglie d'Oro,https://neapolitantrips.com,Neapolitan Trips Mgmt Napoli Arenella - Medaglie d'Oro LinkedIn
Tecnocasa Napoli Rione Alto - Cappella,Tecnocasa,Agenzia Immobiliare,Napoli,Rione Alto - Cappella,https://www.tecnocasa.it,Tecnocasa Napoli Rione Alto - Cappella LinkedIn
Tecnorete Napoli Rione Alto - Cappella,Tecnorete,Agenzia Immobiliare,Napoli,Rione Alto - Cappella,https://www.tecnorete.it,Tecnorete Napoli Rione Alto - Cappella LinkedIn
Tempocasa Napoli Rione Alto - Cappella,Tempocasa,Agenzia Immobiliare,Napoli,Rione Alto - Cappella,https://www.tempocasa.it,Tempocasa Napoli Rione Alto - Cappella LinkedIn
Toscano Immobiliare Napoli Rione Alto - Cappella,Toscano Immobiliare,Agenzia Immobiliare,Napoli,Rione Alto - Cappella,https://www.toscano.it,Toscano Immobiliare Napoli Rione Alto - Cappella LinkedIn
Gabetti Property Solutions Napoli Rione Alto - Cappella,Gabetti Property Solutions,Agenzia Immobiliare,Napoli,Rione Alto - Cappella,https://www.gabetti.it,Gabetti Property Solutions Napoli Rione Alto - Cappella LinkedIn
RE/MAX Italia Napoli Rione Alto - Cappella,RE/MAX Italia,Agenzia Immobiliare,Napoli,Rione Alto - Cappella,https://www.remax.it,RE/MAX Italia Napoli Rione Alto - Cappella LinkedIn
Grimaldi Immobiliare Napoli Rione Alto - Cappella,Grimaldi Immobiliare,Agenzia Immobiliare,Napoli,Rione Alto - Cappella,https://www.grimaldiimmobiliare.it,Grimaldi Immobiliare Napoli Rione Alto - Cappella LinkedIn
Professionecasa Napoli Rione Alto - Cappella,Professionecasa,Agenzia Immobiliare,Napoli,Rione Alto - Cappella,https://www.professionecasa.it,Professionecasa Napoli Rione Alto - Cappella LinkedIn
Coldwell Banker Napoli Rione Alto - Cappella,Coldwell Banker,Agenzia Immobiliare,Napoli,Rione Alto - Cappella,https://www.coldwellbanker.it,Coldwell Banker Napoli Rione Alto - Cappella LinkedIn
Engel & Völkers Napoli Rione Alto - Cappella,Engel & Völkers,Agenzia Immobiliare,Napoli,Rione Alto - Cappella,https://www.engelvoelkers.com,Engel & Völkers Napoli Rione Alto - Cappella LinkedIn
RockAgent Napoli Rione Alto - Cappella,RockAgent,Agenzia Immobiliare,Napoli,Rione Alto - Cappella,https://www.rockagent.it,RockAgent Napoli Rione Alto - Cappella LinkedIn
Century 21 Napoli Rione Alto - Cappella,Century 21,Agenzia Immobiliare,Napoli,Rione Alto - Cappella,https://www.century21.it,Century 21 Napoli Rione Alto - Cappella LinkedIn
Frimm Immobiliare Napoli Rione Alto - Cappella,Frimm Immobiliare,Agenzia Immobiliare,Napoli,Rione Alto - Cappella,https://www.frimm.com,Frimm Immobiliare Napoli Rione Alto - Cappella LinkedIn
Fondocasa Napoli Rione Alto - Cappella,Fondocasa,Agenzia Immobiliare,Napoli,Rione Alto - Cappella,https://www.fondocasa.it,Fondocasa Napoli Rione Alto - Cappella LinkedIn
Beesprint Napoli Rione Alto - Cappella,Beesprint,Revenue Management & Pricing,Napoli,Rione Alto - Cappella,https://www.beesprint.com,Beesprint Napoli Rione Alto - Cappella LinkedIn
Hostplace Napoli Rione Alto - Cappella,Hostplace,B&B & Vacation Rental Management,Napoli,Rione Alto - Cappella,https://www.hostplace.it,Hostplace Napoli Rione Alto - Cappella LinkedIn
Hosity Napoli Rione Alto - Cappella,Hosity,Gestione Operativa Affitti Brevi,Napoli,Rione Alto - Cappella,https://hosity.com,Hosity Napoli Rione Alto - Cappella LinkedIn
Apartments Florence Napoli Rione Alto - Cappella,Apartments Florence,Full-Service Property Management,Napoli,Rione Alto - Cappella,https://www.apartmentsflorence.it,Apartments Florence Napoli Rione Alto - Cappella LinkedIn
Florentia Homes Napoli Rione Alto - Cappella,Florentia Homes,Property Management & Concierge,Napoli,Rione Alto - Cappella,https://florentiahomes.com,Florentia Homes Napoli Rione Alto - Cappella LinkedIn
Quality House Napoli Rione Alto - Cappella,Quality House,Gestione Appartamenti Turistici,Napoli,Rione Alto - Cappella,https://qualityhouse.it,Quality House Napoli Rione Alto - Cappella LinkedIn
Metres Property Mgmt Napoli Rione Alto - Cappella,Metres Property Mgmt,Gestione Locazioni Brevi e Medie,Napoli,Rione Alto - Cappella,https://metres.it,Metres Property Mgmt Napoli Rione Alto - Cappella LinkedIn
Napolity Affitti Brevi Napoli Rione Alto - Cappella,Napolity Affitti Brevi,Short Rental Specialist,Napoli,Rione Alto - Cappella,https://napolity.it,Napolity Affitti Brevi Napoli Rione Alto - Cappella LinkedIn
MIA Apartment Napoli Rione Alto - Cappella,MIA Apartment,Property Management Turistico,Napoli,Rione Alto - Cappella,https://miaapartment.it,MIA Apartment Napoli Rione Alto - Cappella LinkedIn
Neapolitan Trips Mgmt Napoli Rione Alto - Cappella,Neapolitan Trips Mgmt,Hospitality & Rental Mgmt,Napoli,Rione Alto - Cappella,https://neapolitantrips.com,Neapolitan Trips Mgmt Napoli Rione Alto - Cappella LinkedIn
Tecnocasa Napoli Bagnoli - Coroglio,Tecnocasa,Agenzia Immobiliare,Napoli,Bagnoli - Coroglio,https://www.tecnocasa.it,Tecnocasa Napoli Bagnoli - Coroglio LinkedIn
Tecnorete Napoli Bagnoli - Coroglio,Tecnorete,Agenzia Immobiliare,Napoli,Bagnoli - Coroglio,https://www.tecnorete.it,Tecnorete Napoli Bagnoli - Coroglio LinkedIn
Tempocasa Napoli Bagnoli - Coroglio,Tempocasa,Agenzia Immobiliare,Napoli,Bagnoli - Coroglio,https://www.tempocasa.it,Tempocasa Napoli Bagnoli - Coroglio LinkedIn
Toscano Immobiliare Napoli Bagnoli - Coroglio,Toscano Immobiliare,Agenzia Immobiliare,Napoli,Bagnoli - Coroglio,https://www.toscano.it,Toscano Immobiliare Napoli Bagnoli - Coroglio LinkedIn
Gabetti Property Solutions Napoli Bagnoli - Coroglio,Gabetti Property Solutions,Agenzia Immobiliare,Napoli,Bagnoli - Coroglio,https://www.gabetti.it,Gabetti Property Solutions Napoli Bagnoli - Coroglio LinkedIn
RE/MAX Italia Napoli Bagnoli - Coroglio,RE/MAX Italia,Agenzia Immobiliare,Napoli,Bagnoli - Coroglio,https://www.remax.it,RE/MAX Italia Napoli Bagnoli - Coroglio LinkedIn
Grimaldi Immobiliare Napoli Bagnoli - Coroglio,Grimaldi Immobiliare,Agenzia Immobiliare,Napoli,Bagnoli - Coroglio,https://www.grimaldiimmobiliare.it,Grimaldi Immobiliare Napoli Bagnoli - Coroglio LinkedIn
Professionecasa Napoli Bagnoli - Coroglio,Professionecasa,Agenzia Immobiliare,Napoli,Bagnoli - Coroglio,https://www.professionecasa.it,Professionecasa Napoli Bagnoli - Coroglio LinkedIn
Coldwell Banker Napoli Bagnoli - Coroglio,Coldwell Banker,Agenzia Immobiliare,Napoli,Bagnoli - Coroglio,https://www.coldwellbanker.it,Coldwell Banker Napoli Bagnoli - Coroglio LinkedIn
Engel & Völkers Napoli Bagnoli - Coroglio,Engel & Völkers,Agenzia Immobiliare,Napoli,Bagnoli - Coroglio,https://www.engelvoelkers.com,Engel & Völkers Napoli Bagnoli - Coroglio LinkedIn
RockAgent Napoli Bagnoli - Coroglio,RockAgent,Agenzia Immobiliare,Napoli,Bagnoli - Coroglio,https://www.rockagent.it,RockAgent Napoli Bagnoli - Coroglio LinkedIn
Century 21 Napoli Bagnoli - Coroglio,Century 21,Agenzia Immobiliare,Napoli,Bagnoli - Coroglio,https://www.century21.it,Century 21 Napoli Bagnoli - Coroglio LinkedIn
Frimm Immobiliare Napoli Bagnoli - Coroglio,Frimm Immobiliare,Agenzia Immobiliare,Napoli,Bagnoli - Coroglio,https://www.frimm.com,Frimm Immobiliare Napoli Bagnoli - Coroglio LinkedIn
Fondocasa Napoli Bagnoli - Coroglio,Fondocasa,Agenzia Immobiliare,Napoli,Bagnoli - Coroglio,https://www.fondocasa.it,Fondocasa Napoli Bagnoli - Coroglio LinkedIn
Beesprint Napoli Bagnoli - Coroglio,Beesprint,Revenue Management & Pricing,Napoli,Bagnoli - Coroglio,https://www.beesprint.com,Beesprint Napoli Bagnoli - Coroglio LinkedIn
Hostplace Napoli Bagnoli - Coroglio,Hostplace,B&B & Vacation Rental Management,Napoli,Bagnoli - Coroglio,https://www.hostplace.it,Hostplace Napoli Bagnoli - Coroglio LinkedIn
Hosity Napoli Bagnoli - Coroglio,Hosity,Gestione Operativa Affitti Brevi,Napoli,Bagnoli - Coroglio,https://hosity.com,Hosity Napoli Bagnoli - Coroglio LinkedIn
Apartments Florence Napoli Bagnoli - Coroglio,Apartments Florence,Full-Service Property Management,Napoli,Bagnoli - Coroglio,https://www.apartmentsflorence.it,Apartments Florence Napoli Bagnoli - Coroglio LinkedIn
Florentia Homes Napoli Bagnoli - Coroglio,Florentia Homes,Property Management & Concierge,Napoli,Bagnoli - Coroglio,https://florentiahomes.com,Florentia Homes Napoli Bagnoli - Coroglio LinkedIn
Quality House Napoli Bagnoli - Coroglio,Quality House,Gestione Appartamenti Turistici,Napoli,Bagnoli - Coroglio,https://qualityhouse.it,Quality House Napoli Bagnoli - Coroglio LinkedIn
Metres Property Mgmt Napoli Bagnoli - Coroglio,Metres Property Mgmt,Gestione Locazioni Brevi e Medie,Napoli,Bagnoli - Coroglio,https://metres.it,Metres Property Mgmt Napoli Bagnoli - Coroglio LinkedIn
Napolity Affitti Brevi Napoli Bagnoli - Coroglio,Napolity Affitti Brevi,Short Rental Specialist,Napoli,Bagnoli - Coroglio,https://napolity.it,Napolity Affitti Brevi Napoli Bagnoli - Coroglio LinkedIn
MIA Apartment Napoli Bagnoli - Coroglio,MIA Apartment,Property Management Turistico,Napoli,Bagnoli - Coroglio,https://miaapartment.it,MIA Apartment Napoli Bagnoli - Coroglio LinkedIn
Neapolitan Trips Mgmt Napoli Bagnoli - Coroglio,Neapolitan Trips Mgmt,Hospitality & Rental Mgmt,Napoli,Bagnoli - Coroglio,https://neapolitantrips.com,Neapolitan Trips Mgmt Napoli Bagnoli - Coroglio LinkedIn
Tecnocasa Napoli Mercato - Garibaldi,Tecnocasa,Agenzia Immobiliare,Napoli,Mercato - Garibaldi,https://www.tecnocasa.it,Tecnocasa Napoli Mercato - Garibaldi LinkedIn
Tecnorete Napoli Mercato - Garibaldi,Tecnorete,Agenzia Immobiliare,Napoli,Mercato - Garibaldi,https://www.tecnorete.it,Tecnorete Napoli Mercato - Garibaldi LinkedIn
Tempocasa Napoli Mercato - Garibaldi,Tempocasa,Agenzia Immobiliare,Napoli,Mercato - Garibaldi,https://www.tempocasa.it,Tempocasa Napoli Mercato - Garibaldi LinkedIn
Toscano Immobiliare Napoli Mercato - Garibaldi,Toscano Immobiliare,Agenzia Immobiliare,Napoli,Mercato - Garibaldi,https://www.toscano.it,Toscano Immobiliare Napoli Mercato - Garibaldi LinkedIn
Gabetti Property Solutions Napoli Mercato - Garibaldi,Gabetti Property Solutions,Agenzia Immobiliare,Napoli,Mercato - Garibaldi,https://www.gabetti.it,Gabetti Property Solutions Napoli Mercato - Garibaldi LinkedIn
RE/MAX Italia Napoli Mercato - Garibaldi,RE/MAX Italia,Agenzia Immobiliare,Napoli,Mercato - Garibaldi,https://www.remax.it,RE/MAX Italia Napoli Mercato - Garibaldi LinkedIn
Grimaldi Immobiliare Napoli Mercato - Garibaldi,Grimaldi Immobiliare,Agenzia Immobiliare,Napoli,Mercato - Garibaldi,https://www.grimaldiimmobiliare.it,Grimaldi Immobiliare Napoli Mercato - Garibaldi LinkedIn
Professionecasa Napoli Mercato - Garibaldi,Professionecasa,Agenzia Immobiliare,Napoli,Mercato - Garibaldi,https://www.professionecasa.it,Professionecasa Napoli Mercato - Garibaldi LinkedIn
Coldwell Banker Napoli Mercato - Garibaldi,Coldwell Banker,Agenzia Immobiliare,Napoli,Mercato - Garibaldi,https://www.coldwellbanker.it,Coldwell Banker Napoli Mercato - Garibaldi LinkedIn
Engel & Völkers Napoli Mercato - Garibaldi,Engel & Völkers,Agenzia Immobiliare,Napoli,Mercato - Garibaldi,https://www.engelvoelkers.com,Engel & Völkers Napoli Mercato - Garibaldi LinkedIn
RockAgent Napoli Mercato - Garibaldi,RockAgent,Agenzia Immobiliare,Napoli,Mercato - Garibaldi,https://www.rockagent.it,RockAgent Napoli Mercato - Garibaldi LinkedIn
Century 21 Napoli Mercato - Garibaldi,Century 21,Agenzia Immobiliare,Napoli,Mercato - Garibaldi,https://www.century21.it,Century 21 Napoli Mercato - Garibaldi LinkedIn
Frimm Immobiliare Napoli Mercato - Garibaldi,Frimm Immobiliare,Agenzia Immobiliare,Napoli,Mercato - Garibaldi,https://www.frimm.com,Frimm Immobiliare Napoli Mercato - Garibaldi LinkedIn
Fondocasa Napoli Mercato - Garibaldi,Fondocasa,Agenzia Immobiliare,Napoli,Mercato - Garibaldi,https://www.fondocasa.it,Fondocasa Napoli Mercato - Garibaldi LinkedIn
Beesprint Napoli Mercato - Garibaldi,Beesprint,Revenue Management & Pricing,Napoli,Mercato - Garibaldi,https://www.beesprint.com,Beesprint Napoli Mercato - Garibaldi LinkedIn
Hostplace Napoli Mercato - Garibaldi,Hostplace,B&B & Vacation Rental Management,Napoli,Mercato - Garibaldi,https://www.hostplace.it,Hostplace Napoli Mercato - Garibaldi LinkedIn
Hosity Napoli Mercato - Garibaldi,Hosity,Gestione Operativa Affitti Brevi,Napoli,Mercato - Garibaldi,https://hosity.com,Hosity Napoli Mercato - Garibaldi LinkedIn
Apartments Florence Napoli Mercato - Garibaldi,Apartments Florence,Full-Service Property Management,Napoli,Mercato - Garibaldi,https://www.apartmentsflorence.it,Apartments Florence Napoli Mercato - Garibaldi LinkedIn
Florentia Homes Napoli Mercato - Garibaldi,Florentia Homes,Property Management & Concierge,Napoli,Mercato - Garibaldi,https://florentiahomes.com,Florentia Homes Napoli Mercato - Garibaldi LinkedIn
Quality House Napoli Mercato - Garibaldi,Quality House,Gestione Appartamenti Turistici,Napoli,Mercato - Garibaldi,https://qualityhouse.it,Quality House Napoli Mercato - Garibaldi LinkedIn
Metres Property Mgmt Napoli Mercato - Garibaldi,Metres Property Mgmt,Gestione Locazioni Brevi e Medie,Napoli,Mercato - Garibaldi,https://metres.it,Metres Property Mgmt Napoli Mercato - Garibaldi LinkedIn
Napolity Affitti Brevi Napoli Mercato - Garibaldi,Napolity Affitti Brevi,Short Rental Specialist,Napoli,Mercato - Garibaldi,https://napolity.it,Napolity Affitti Brevi Napoli Mercato - Garibaldi LinkedIn
MIA Apartment Napoli Mercato - Garibaldi,MIA Apartment,Property Management Turistico,Napoli,Mercato - Garibaldi,https://miaapartment.it,MIA Apartment Napoli Mercato - Garibaldi LinkedIn
Neapolitan Trips Mgmt Napoli Mercato - Garibaldi,Neapolitan Trips Mgmt,Hospitality & Rental Mgmt,Napoli,Mercato - Garibaldi,https://neapolitantrips.com,Neapolitan Trips Mgmt Napoli Mercato - Garibaldi LinkedIn
Tecnocasa Napoli Stella - Cavour,Tecnocasa,Agenzia Immobiliare,Napoli,Stella - Cavour,https://www.tecnocasa.it,Tecnocasa Napoli Stella - Cavour LinkedIn
Tecnorete Napoli Stella - Cavour,Tecnorete,Agenzia Immobiliare,Napoli,Stella - Cavour,https://www.tecnorete.it,Tecnorete Napoli Stella - Cavour LinkedIn
Tempocasa Napoli Stella - Cavour,Tempocasa,Agenzia Immobiliare,Napoli,Stella - Cavour,https://www.tempocasa.it,Tempocasa Napoli Stella - Cavour LinkedIn
Toscano Immobiliare Napoli Stella - Cavour,Toscano Immobiliare,Agenzia Immobiliare,Napoli,Stella - Cavour,https://www.toscano.it,Toscano Immobiliare Napoli Stella - Cavour LinkedIn
Gabetti Property Solutions Napoli Stella - Cavour,Gabetti Property Solutions,Agenzia Immobiliare,Napoli,Stella - Cavour,https://www.gabetti.it,Gabetti Property Solutions Napoli Stella - Cavour LinkedIn
RE/MAX Italia Napoli Stella - Cavour,RE/MAX Italia,Agenzia Immobiliare,Napoli,Stella - Cavour,https://www.remax.it,RE/MAX Italia Napoli Stella - Cavour LinkedIn
Grimaldi Immobiliare Napoli Stella - Cavour,Grimaldi Immobiliare,Agenzia Immobiliare,Napoli,Stella - Cavour,https://www.grimaldiimmobiliare.it,Grimaldi Immobiliare Napoli Stella - Cavour LinkedIn
Professionecasa Napoli Stella - Cavour,Professionecasa,Agenzia Immobiliare,Napoli,Stella - Cavour,https://www.professionecasa.it,Professionecasa Napoli Stella - Cavour LinkedIn
Coldwell Banker Napoli Stella - Cavour,Coldwell Banker,Agenzia Immobiliare,Napoli,Stella - Cavour,https://www.coldwellbanker.it,Coldwell Banker Napoli Stella - Cavour LinkedIn
Engel & Völkers Napoli Stella - Cavour,Engel & Völkers,Agenzia Immobiliare,Napoli,Stella - Cavour,https://www.engelvoelkers.com,Engel & Völkers Napoli Stella - Cavour LinkedIn
RockAgent Napoli Stella - Cavour,RockAgent,Agenzia Immobiliare,Napoli,Stella - Cavour,https://www.rockagent.it,RockAgent Napoli Stella - Cavour LinkedIn
Century 21 Napoli Stella - Cavour,Century 21,Agenzia Immobiliare,Napoli,Stella - Cavour,https://www.century21.it,Century 21 Napoli Stella - Cavour LinkedIn
Frimm Immobiliare Napoli Stella - Cavour,Frimm Immobiliare,Agenzia Immobiliare,Napoli,Stella - Cavour,https://www.frimm.com,Frimm Immobiliare Napoli Stella - Cavour LinkedIn
Fondocasa Napoli Stella - Cavour,Fondocasa,Agenzia Immobiliare,Napoli,Stella - Cavour,https://www.fondocasa.it,Fondocasa Napoli Stella - Cavour LinkedIn
Beesprint Napoli Stella - Cavour,Beesprint,Revenue Management & Pricing,Napoli,Stella - Cavour,https://www.beesprint.com,Beesprint Napoli Stella - Cavour LinkedIn
Hostplace Napoli Stella - Cavour,Hostplace,B&B & Vacation Rental Management,Napoli,Stella - Cavour,https://www.hostplace.it,Hostplace Napoli Stella - Cavour LinkedIn
Hosity Napoli Stella - Cavour,Hosity,Gestione Operativa Affitti Brevi,Napoli,Stella - Cavour,https://hosity.com,Hosity Napoli Stella - Cavour LinkedIn
Apartments Florence Napoli Stella - Cavour,Apartments Florence,Full-Service Property Management,Napoli,Stella - Cavour,https://www.apartmentsflorence.it,Apartments Florence Napoli Stella - Cavour LinkedIn
Florentia Homes Napoli Stella - Cavour,Florentia Homes,Property Management & Concierge,Napoli,Stella - Cavour,https://florentiahomes.com,Florentia Homes Napoli Stella - Cavour LinkedIn
Quality House Napoli Stella - Cavour,Quality House,Gestione Appartamenti Turistici,Napoli,Stella - Cavour,https://qualityhouse.it,Quality House Napoli Stella - Cavour LinkedIn
Metres Property Mgmt Napoli Stella - Cavour,Metres Property Mgmt,Gestione Locazioni Brevi e Medie,Napoli,Stella - Cavour,https://metres.it,Metres Property Mgmt Napoli Stella - Cavour LinkedIn
Napolity Affitti Brevi Napoli Stella - Cavour,Napolity Affitti Brevi,Short Rental Specialist,Napoli,Stella - Cavour,https://napolity.it,Napolity Affitti Brevi Napoli Stella - Cavour LinkedIn
MIA Apartment Napoli Stella - Cavour,MIA Apartment,Property Management Turistico,Napoli,Stella - Cavour,https://miaapartment.it,MIA Apartment Napoli Stella - Cavour LinkedIn
Neapolitan Trips Mgmt Napoli Stella - Cavour,Neapolitan Trips Mgmt,Hospitality & Rental Mgmt,Napoli,Stella - Cavour,https://neapolitantrips.com,Neapolitan Trips Mgmt Napoli Stella - Cavour LinkedIn
Tecnocasa Firenze Centro Storico - Duomo,Tecnocasa,Agenzia Immobiliare,Firenze,Centro Storico - Duomo,https://www.tecnocasa.it,Tecnocasa Firenze Centro Storico - Duomo LinkedIn
Tecnorete Firenze Centro Storico - Duomo,Tecnorete,Agenzia Immobiliare,Firenze,Centro Storico - Duomo,https://www.tecnorete.it,Tecnorete Firenze Centro Storico - Duomo LinkedIn
Tempocasa Firenze Centro Storico - Duomo,Tempocasa,Agenzia Immobiliare,Firenze,Centro Storico - Duomo,https://www.tempocasa.it,Tempocasa Firenze Centro Storico - Duomo LinkedIn
Toscano Immobiliare Firenze Centro Storico - Duomo,Toscano Immobiliare,Agenzia Immobiliare,Firenze,Centro Storico - Duomo,https://www.toscano.it,Toscano Immobiliare Firenze Centro Storico - Duomo LinkedIn
Gabetti Property Solutions Firenze Centro Storico - Duomo,Gabetti Property Solutions,Agenzia Immobiliare,Firenze,Centro Storico - Duomo,https://www.gabetti.it,Gabetti Property Solutions Firenze Centro Storico - Duomo LinkedIn
RE/MAX Italia Firenze Centro Storico - Duomo,RE/MAX Italia,Agenzia Immobiliare,Firenze,Centro Storico - Duomo,https://www.remax.it,RE/MAX Italia Firenze Centro Storico - Duomo LinkedIn
Grimaldi Immobiliare Firenze Centro Storico - Duomo,Grimaldi Immobiliare,Agenzia Immobiliare,Firenze,Centro Storico - Duomo,https://www.grimaldiimmobiliare.it,Grimaldi Immobiliare Firenze Centro Storico - Duomo LinkedIn
Professionecasa Firenze Centro Storico - Duomo,Professionecasa,Agenzia Immobiliare,Firenze,Centro Storico - Duomo,https://www.professionecasa.it,Professionecasa Firenze Centro Storico - Duomo LinkedIn
Coldwell Banker Firenze Centro Storico - Duomo,Coldwell Banker,Agenzia Immobiliare,Firenze,Centro Storico - Duomo,https://www.coldwellbanker.it,Coldwell Banker Firenze Centro Storico - Duomo LinkedIn
Engel & Völkers Firenze Centro Storico - Duomo,Engel & Völkers,Agenzia Immobiliare,Firenze,Centro Storico - Duomo,https://www.engelvoelkers.com,Engel & Völkers Firenze Centro Storico - Duomo LinkedIn
RockAgent Firenze Centro Storico - Duomo,RockAgent,Agenzia Immobiliare,Firenze,Centro Storico - Duomo,https://www.rockagent.it,RockAgent Firenze Centro Storico - Duomo LinkedIn
Century 21 Firenze Centro Storico - Duomo,Century 21,Agenzia Immobiliare,Firenze,Centro Storico - Duomo,https://www.century21.it,Century 21 Firenze Centro Storico - Duomo LinkedIn
Frimm Immobiliare Firenze Centro Storico - Duomo,Frimm Immobiliare,Agenzia Immobiliare,Firenze,Centro Storico - Duomo,https://www.frimm.com,Frimm Immobiliare Firenze Centro Storico - Duomo LinkedIn
Fondocasa Firenze Centro Storico - Duomo,Fondocasa,Agenzia Immobiliare,Firenze,Centro Storico - Duomo,https://www.fondocasa.it,Fondocasa Firenze Centro Storico - Duomo LinkedIn
Apartments Florence Firenze Centro Storico - Duomo,Apartments Florence,Full-Service Property Management,Firenze,Centro Storico - Duomo,https://www.apartmentsflorence.it,Apartments Florence Firenze Centro Storico - Duomo LinkedIn
Florentia Homes Firenze Centro Storico - Duomo,Florentia Homes,Property Management & Concierge,Firenze,Centro Storico - Duomo,https://florentiahomes.com,Florentia Homes Firenze Centro Storico - Duomo LinkedIn
Quality House Firenze Centro Storico - Duomo,Quality House,Gestione Appartamenti Turistici,Firenze,Centro Storico - Duomo,https://qualityhouse.it,Quality House Firenze Centro Storico - Duomo LinkedIn
Metres Property Mgmt Firenze Centro Storico - Duomo,Metres Property Mgmt,Gestione Locazioni Brevi e Medie,Firenze,Centro Storico - Duomo,https://metres.it,Metres Property Mgmt Firenze Centro Storico - Duomo LinkedIn
Napolity Affitti Brevi Firenze Centro Storico - Duomo,Napolity Affitti Brevi,Short Rental Specialist,Firenze,Centro Storico - Duomo,https://napolity.it,Napolity Affitti Brevi Firenze Centro Storico - Duomo LinkedIn
MIA Apartment Firenze Centro Storico - Duomo,MIA Apartment,Property Management Turistico,Firenze,Centro Storico - Duomo,https://miaapartment.it,MIA Apartment Firenze Centro Storico - Duomo LinkedIn
Neapolitan Trips Mgmt Firenze Centro Storico - Duomo,Neapolitan Trips Mgmt,Hospitality & Rental Mgmt,Firenze,Centro Storico - Duomo,https://neapolitantrips.com,Neapolitan Trips Mgmt Firenze Centro Storico - Duomo LinkedIn
Tecnocasa Firenze Centro Storico - Signoria,Tecnocasa,Agenzia Immobiliare,Firenze,Centro Storico - Signoria,https://www.tecnocasa.it,Tecnocasa Firenze Centro Storico - Signoria LinkedIn
Tecnorete Firenze Centro Storico - Signoria,Tecnorete,Agenzia Immobiliare,Firenze,Centro Storico - Signoria,https://www.tecnorete.it,Tecnorete Firenze Centro Storico - Signoria LinkedIn
Tempocasa Firenze Centro Storico - Signoria,Tempocasa,Agenzia Immobiliare,Firenze,Centro Storico - Signoria,https://www.tempocasa.it,Tempocasa Firenze Centro Storico - Signoria LinkedIn
Toscano Immobiliare Firenze Centro Storico - Signoria,Toscano Immobiliare,Agenzia Immobiliare,Firenze,Centro Storico - Signoria,https://www.toscano.it,Toscano Immobiliare Firenze Centro Storico - Signoria LinkedIn
Gabetti Property Solutions Firenze Centro Storico - Signoria,Gabetti Property Solutions,Agenzia Immobiliare,Firenze,Centro Storico - Signoria,https://www.gabetti.it,Gabetti Property Solutions Firenze Centro Storico - Signoria LinkedIn
RE/MAX Italia Firenze Centro Storico - Signoria,RE/MAX Italia,Agenzia Immobiliare,Firenze,Centro Storico - Signoria,https://www.remax.it,RE/MAX Italia Firenze Centro Storico - Signoria LinkedIn
Grimaldi Immobiliare Firenze Centro Storico - Signoria,Grimaldi Immobiliare,Agenzia Immobiliare,Firenze,Centro Storico - Signoria,https://www.grimaldiimmobiliare.it,Grimaldi Immobiliare Firenze Centro Storico - Signoria LinkedIn
Professionecasa Firenze Centro Storico - Signoria,Professionecasa,Agenzia Immobiliare,Firenze,Centro Storico - Signoria,https://www.professionecasa.it,Professionecasa Firenze Centro Storico - Signoria LinkedIn
Coldwell Banker Firenze Centro Storico - Signoria,Coldwell Banker,Agenzia Immobiliare,Firenze,Centro Storico - Signoria,https://www.coldwellbanker.it,Coldwell Banker Firenze Centro Storico - Signoria LinkedIn
Engel & Völkers Firenze Centro Storico - Signoria,Engel & Völkers,Agenzia Immobiliare,Firenze,Centro Storico - Signoria,https://www.engelvoelkers.com,Engel & Völkers Firenze Centro Storico - Signoria LinkedIn
RockAgent Firenze Centro Storico - Signoria,RockAgent,Agenzia Immobiliare,Firenze,Centro Storico - Signoria,https://www.rockagent.it,RockAgent Firenze Centro Storico - Signoria LinkedIn
Century 21 Firenze Centro Storico - Signoria,Century 21,Agenzia Immobiliare,Firenze,Centro Storico - Signoria,https://www.century21.it,Century 21 Firenze Centro Storico - Signoria LinkedIn
Frimm Immobiliare Firenze Centro Storico - Signoria,Frimm Immobiliare,Agenzia Immobiliare,Firenze,Centro Storico - Signoria,https://www.frimm.com,Frimm Immobiliare Firenze Centro Storico - Signoria LinkedIn
Fondocasa Firenze Centro Storico - Signoria,Fondocasa,Agenzia Immobiliare,Firenze,Centro Storico - Signoria,https://www.fondocasa.it,Fondocasa Firenze Centro Storico - Signoria LinkedIn
Apartments Florence Firenze Centro Storico - Signoria,Apartments Florence,Full-Service Property Management,Firenze,Centro Storico - Signoria,https://www.apartmentsflorence.it,Apartments Florence Firenze Centro Storico - Signoria LinkedIn
Florentia Homes Firenze Centro Storico - Signoria,Florentia Homes,Property Management & Concierge,Firenze,Centro Storico - Signoria,https://florentiahomes.com,Florentia Homes Firenze Centro Storico - Signoria LinkedIn
Quality House Firenze Centro Storico - Signoria,Quality House,Gestione Appartamenti Turistici,Firenze,Centro Storico - Signoria,https://qualityhouse.it,Quality House Firenze Centro Storico - Signoria LinkedIn
Metres Property Mgmt Firenze Centro Storico - Signoria,Metres Property Mgmt,Gestione Locazioni Brevi e Medie,Firenze,Centro Storico - Signoria,https://metres.it,Metres Property Mgmt Firenze Centro Storico - Signoria LinkedIn
Napolity Affitti Brevi Firenze Centro Storico - Signoria,Napolity Affitti Brevi,Short Rental Specialist,Firenze,Centro Storico - Signoria,https://napolity.it,Napolity Affitti Brevi Firenze Centro Storico - Signoria LinkedIn
MIA Apartment Firenze Centro Storico - Signoria,MIA Apartment,Property Management Turistico,Firenze,Centro Storico - Signoria,https://miaapartment.it,MIA Apartment Firenze Centro Storico - Signoria LinkedIn
Neapolitan Trips Mgmt Firenze Centro Storico - Signoria,Neapolitan Trips Mgmt,Hospitality & Rental Mgmt,Firenze,Centro Storico - Signoria,https://neapolitantrips.com,Neapolitan Trips Mgmt Firenze Centro Storico - Signoria LinkedIn
Tecnocasa Firenze Centro Storico - Ponte Vecchio,Tecnocasa,Agenzia Immobiliare,Firenze,Centro Storico - Ponte Vecchio,https://www.tecnocasa.it,Tecnocasa Firenze Centro Storico - Ponte Vecchio LinkedIn
Tecnorete Firenze Centro Storico - Ponte Vecchio,Tecnorete,Agenzia Immobiliare,Firenze,Centro Storico - Ponte Vecchio,https://www.tecnorete.it,Tecnorete Firenze Centro Storico - Ponte Vecchio LinkedIn
Tempocasa Firenze Centro Storico - Ponte Vecchio,Tempocasa,Agenzia Immobiliare,Firenze,Centro Storico - Ponte Vecchio,https://www.tempocasa.it,Tempocasa Firenze Centro Storico - Ponte Vecchio LinkedIn
Toscano Immobiliare Firenze Centro Storico - Ponte Vecchio,Toscano Immobiliare,Agenzia Immobiliare,Firenze,Centro Storico - Ponte Vecchio,https://www.toscano.it,Toscano Immobiliare Firenze Centro Storico - Ponte Vecchio LinkedIn
Gabetti Property Solutions Firenze Centro Storico - Ponte Vecchio,Gabetti Property Solutions,Agenzia Immobiliare,Firenze,Centro Storico - Ponte Vecchio,https://www.gabetti.it,Gabetti Property Solutions Firenze Centro Storico - Ponte Vecchio LinkedIn
RE/MAX Italia Firenze Centro Storico - Ponte Vecchio,RE/MAX Italia,Agenzia Immobiliare,Firenze,Centro Storico - Ponte Vecchio,https://www.remax.it,RE/MAX Italia Firenze Centro Storico - Ponte Vecchio LinkedIn
Grimaldi Immobiliare Firenze Centro Storico - Ponte Vecchio,Grimaldi Immobiliare,Agenzia Immobiliare,Firenze,Centro Storico - Ponte Vecchio,https://www.grimaldiimmobiliare.it,Grimaldi Immobiliare Firenze Centro Storico - Ponte Vecchio LinkedIn
Professionecasa Firenze Centro Storico - Ponte Vecchio,Professionecasa,Agenzia Immobiliare,Firenze,Centro Storico - Ponte Vecchio,https://www.professionecasa.it,Professionecasa Firenze Centro Storico - Ponte Vecchio LinkedIn
Coldwell Banker Firenze Centro Storico - Ponte Vecchio,Coldwell Banker,Agenzia Immobiliare,Firenze,Centro Storico - Ponte Vecchio,https://www.coldwellbanker.it,Coldwell Banker Firenze Centro Storico - Ponte Vecchio LinkedIn
Engel & Völkers Firenze Centro Storico - Ponte Vecchio,Engel & Völkers,Agenzia Immobiliare,Firenze,Centro Storico - Ponte Vecchio,https://www.engelvoelkers.com,Engel & Völkers Firenze Centro Storico - Ponte Vecchio LinkedIn
RockAgent Firenze Centro Storico - Ponte Vecchio,RockAgent,Agenzia Immobiliare,Firenze,Centro Storico - Ponte Vecchio,https://www.rockagent.it,RockAgent Firenze Centro Storico - Ponte Vecchio LinkedIn
Century 21 Firenze Centro Storico - Ponte Vecchio,Century 21,Agenzia Immobiliare,Firenze,Centro Storico - Ponte Vecchio,https://www.century21.it,Century 21 Firenze Centro Storico - Ponte Vecchio LinkedIn
Frimm Immobiliare Firenze Centro Storico - Ponte Vecchio,Frimm Immobiliare,Agenzia Immobiliare,Firenze,Centro Storico - Ponte Vecchio,https://www.frimm.com,Frimm Immobiliare Firenze Centro Storico - Ponte Vecchio LinkedIn
Fondocasa Firenze Centro Storico - Ponte Vecchio,Fondocasa,Agenzia Immobiliare,Firenze,Centro Storico - Ponte Vecchio,https://www.fondocasa.it,Fondocasa Firenze Centro Storico - Ponte Vecchio LinkedIn
Apartments Florence Firenze Centro Storico - Ponte Vecchio,Apartments Florence,Full-Service Property Management,Firenze,Centro Storico - Ponte Vecchio,https://www.apartmentsflorence.it,Apartments Florence Firenze Centro Storico - Ponte Vecchio LinkedIn
Florentia Homes Firenze Centro Storico - Ponte Vecchio,Florentia Homes,Property Management & Concierge,Firenze,Centro Storico - Ponte Vecchio,https://florentiahomes.com,Florentia Homes Firenze Centro Storico - Ponte Vecchio LinkedIn
Quality House Firenze Centro Storico - Ponte Vecchio,Quality House,Gestione Appartamenti Turistici,Firenze,Centro Storico - Ponte Vecchio,https://qualityhouse.it,Quality House Firenze Centro Storico - Ponte Vecchio LinkedIn
Metres Property Mgmt Firenze Centro Storico - Ponte Vecchio,Metres Property Mgmt,Gestione Locazioni Brevi e Medie,Firenze,Centro Storico - Ponte Vecchio,https://metres.it,Metres Property Mgmt Firenze Centro Storico - Ponte Vecchio LinkedIn
Napolity Affitti Brevi Firenze Centro Storico - Ponte Vecchio,Napolity Affitti Brevi,Short Rental Specialist,Firenze,Centro Storico - Ponte Vecchio,https://napolity.it,Napolity Affitti Brevi Firenze Centro Storico - Ponte Vecchio LinkedIn
MIA Apartment Firenze Centro Storico - Ponte Vecchio,MIA Apartment,Property Management Turistico,Firenze,Centro Storico - Ponte Vecchio,https://miaapartment.it,MIA Apartment Firenze Centro Storico - Ponte Vecchio LinkedIn
Neapolitan Trips Mgmt Firenze Centro Storico - Ponte Vecchio,Neapolitan Trips Mgmt,Hospitality & Rental Mgmt,Firenze,Centro Storico - Ponte Vecchio,https://neapolitantrips.com,Neapolitan Trips Mgmt Firenze Centro Storico - Ponte Vecchio LinkedIn
Tecnocasa Firenze Santa Croce - Ghibellina,Tecnocasa,Agenzia Immobiliare,Firenze,Santa Croce - Ghibellina,https://www.tecnocasa.it,Tecnocasa Firenze Santa Croce - Ghibellina LinkedIn
Tecnorete Firenze Santa Croce - Ghibellina,Tecnorete,Agenzia Immobiliare,Firenze,Santa Croce - Ghibellina,https://www.tecnorete.it,Tecnorete Firenze Santa Croce - Ghibellina LinkedIn
Tempocasa Firenze Santa Croce - Ghibellina,Tempocasa,Agenzia Immobiliare,Firenze,Santa Croce - Ghibellina,https://www.tempocasa.it,Tempocasa Firenze Santa Croce - Ghibellina LinkedIn
Toscano Immobiliare Firenze Santa Croce - Ghibellina,Toscano Immobiliare,Agenzia Immobiliare,Firenze,Santa Croce - Ghibellina,https://www.toscano.it,Toscano Immobiliare Firenze Santa Croce - Ghibellina LinkedIn
Gabetti Property Solutions Firenze Santa Croce - Ghibellina,Gabetti Property Solutions,Agenzia Immobiliare,Firenze,Santa Croce - Ghibellina,https://www.gabetti.it,Gabetti Property Solutions Firenze Santa Croce - Ghibellina LinkedIn
RE/MAX Italia Firenze Santa Croce - Ghibellina,RE/MAX Italia,Agenzia Immobiliare,Firenze,Santa Croce - Ghibellina,https://www.remax.it,RE/MAX Italia Firenze Santa Croce - Ghibellina LinkedIn
Grimaldi Immobiliare Firenze Santa Croce - Ghibellina,Grimaldi Immobiliare,Agenzia Immobiliare,Firenze,Santa Croce - Ghibellina,https://www.grimaldiimmobiliare.it,Grimaldi Immobiliare Firenze Santa Croce - Ghibellina LinkedIn
Professionecasa Firenze Santa Croce - Ghibellina,Professionecasa,Agenzia Immobiliare,Firenze,Santa Croce - Ghibellina,https://www.professionecasa.it,Professionecasa Firenze Santa Croce - Ghibellina LinkedIn
Coldwell Banker Firenze Santa Croce - Ghibellina,Coldwell Banker,Agenzia Immobiliare,Firenze,Santa Croce - Ghibellina,https://www.coldwellbanker.it,Coldwell Banker Firenze Santa Croce - Ghibellina LinkedIn
Engel & Völkers Firenze Santa Croce - Ghibellina,Engel & Völkers,Agenzia Immobiliare,Firenze,Santa Croce - Ghibellina,https://www.engelvoelkers.com,Engel & Völkers Firenze Santa Croce - Ghibellina LinkedIn
RockAgent Firenze Santa Croce - Ghibellina,RockAgent,Agenzia Immobiliare,Firenze,Santa Croce - Ghibellina,https://www.rockagent.it,RockAgent Firenze Santa Croce - Ghibellina LinkedIn
Century 21 Firenze Santa Croce - Ghibellina,Century 21,Agenzia Immobiliare,Firenze,Santa Croce - Ghibellina,https://www.century21.it,Century 21 Firenze Santa Croce - Ghibellina LinkedIn
Frimm Immobiliare Firenze Santa Croce - Ghibellina,Frimm Immobiliare,Agenzia Immobiliare,Firenze,Santa Croce - Ghibellina,https://www.frimm.com,Frimm Immobiliare Firenze Santa Croce - Ghibellina LinkedIn
Fondocasa Firenze Santa Croce - Ghibellina,Fondocasa,Agenzia Immobiliare,Firenze,Santa Croce - Ghibellina,https://www.fondocasa.it,Fondocasa Firenze Santa Croce - Ghibellina LinkedIn
Apartments Florence Firenze Santa Croce - Ghibellina,Apartments Florence,Full-Service Property Management,Firenze,Santa Croce - Ghibellina,https://www.apartmentsflorence.it,Apartments Florence Firenze Santa Croce - Ghibellina LinkedIn
Florentia Homes Firenze Santa Croce - Ghibellina,Florentia Homes,Property Management & Concierge,Firenze,Santa Croce - Ghibellina,https://florentiahomes.com,Florentia Homes Firenze Santa Croce - Ghibellina LinkedIn
Quality House Firenze Santa Croce - Ghibellina,Quality House,Gestione Appartamenti Turistici,Firenze,Santa Croce - Ghibellina,https://qualityhouse.it,Quality House Firenze Santa Croce - Ghibellina LinkedIn
Metres Property Mgmt Firenze Santa Croce - Ghibellina,Metres Property Mgmt,Gestione Locazioni Brevi e Medie,Firenze,Santa Croce - Ghibellina,https://metres.it,Metres Property Mgmt Firenze Santa Croce - Ghibellina LinkedIn
Napolity Affitti Brevi Firenze Santa Croce - Ghibellina,Napolity Affitti Brevi,Short Rental Specialist,Firenze,Santa Croce - Ghibellina,https://napolity.it,Napolity Affitti Brevi Firenze Santa Croce - Ghibellina LinkedIn
MIA Apartment Firenze Santa Croce - Ghibellina,MIA Apartment,Property Management Turistico,Firenze,Santa Croce - Ghibellina,https://miaapartment.it,MIA Apartment Firenze Santa Croce - Ghibellina LinkedIn
Neapolitan Trips Mgmt Firenze Santa Croce - Ghibellina,Neapolitan Trips Mgmt,Hospitality & Rental Mgmt,Firenze,Santa Croce - Ghibellina,https://neapolitantrips.com,Neapolitan Trips Mgmt Firenze Santa Croce - Ghibellina LinkedIn
Tecnocasa Firenze San Lorenzo - Ginori,Tecnocasa,Agenzia Immobiliare,Firenze,San Lorenzo - Ginori,https://www.tecnocasa.it,Tecnocasa Firenze San Lorenzo - Ginori LinkedIn
Tecnorete Firenze San Lorenzo - Ginori,Tecnorete,Agenzia Immobiliare,Firenze,San Lorenzo - Ginori,https://www.tecnorete.it,Tecnorete Firenze San Lorenzo - Ginori LinkedIn
Tempocasa Firenze San Lorenzo - Ginori,Tempocasa,Agenzia Immobiliare,Firenze,San Lorenzo - Ginori,https://www.tempocasa.it,Tempocasa Firenze San Lorenzo - Ginori LinkedIn
Toscano Immobiliare Firenze San Lorenzo - Ginori,Toscano Immobiliare,Agenzia Immobiliare,Firenze,San Lorenzo - Ginori,https://www.toscano.it,Toscano Immobiliare Firenze San Lorenzo - Ginori LinkedIn
Gabetti Property Solutions Firenze San Lorenzo - Ginori,Gabetti Property Solutions,Agenzia Immobiliare,Firenze,San Lorenzo - Ginori,https://www.gabetti.it,Gabetti Property Solutions Firenze San Lorenzo - Ginori LinkedIn
RE/MAX Italia Firenze San Lorenzo - Ginori,RE/MAX Italia,Agenzia Immobiliare,Firenze,San Lorenzo - Ginori,https://www.remax.it,RE/MAX Italia Firenze San Lorenzo - Ginori LinkedIn
Grimaldi Immobiliare Firenze San Lorenzo - Ginori,Grimaldi Immobiliare,Agenzia Immobiliare,Firenze,San Lorenzo - Ginori,https://www.grimaldiimmobiliare.it,Grimaldi Immobiliare Firenze San Lorenzo - Ginori LinkedIn
Professionecasa Firenze San Lorenzo - Ginori,Professionecasa,Agenzia Immobiliare,Firenze,San Lorenzo - Ginori,https://www.professionecasa.it,Professionecasa Firenze San Lorenzo - Ginori LinkedIn
Coldwell Banker Firenze San Lorenzo - Ginori,Coldwell Banker,Agenzia Immobiliare,Firenze,San Lorenzo - Ginori,https://www.coldwellbanker.it,Coldwell Banker Firenze San Lorenzo - Ginori LinkedIn
Engel & Völkers Firenze San Lorenzo - Ginori,Engel & Völkers,Agenzia Immobiliare,Firenze,San Lorenzo - Ginori,https://www.engelvoelkers.com,Engel & Völkers Firenze San Lorenzo - Ginori LinkedIn
RockAgent Firenze San Lorenzo - Ginori,RockAgent,Agenzia Immobiliare,Firenze,San Lorenzo - Ginori,https://www.rockagent.it,RockAgent Firenze San Lorenzo - Ginori LinkedIn
Century 21 Firenze San Lorenzo - Ginori,Century 21,Agenzia Immobiliare,Firenze,San Lorenzo - Ginori,https://www.century21.it,Century 21 Firenze San Lorenzo - Ginori LinkedIn
Frimm Immobiliare Firenze San Lorenzo - Ginori,Frimm Immobiliare,Agenzia Immobiliare,Firenze,San Lorenzo - Ginori,https://www.frimm.com,Frimm Immobiliare Firenze San Lorenzo - Ginori LinkedIn
Fondocasa Firenze San Lorenzo - Ginori,Fondocasa,Agenzia Immobiliare,Firenze,San Lorenzo - Ginori,https://www.fondocasa.it,Fondocasa Firenze San Lorenzo - Ginori LinkedIn
Apartments Florence Firenze San Lorenzo - Ginori,Apartments Florence,Full-Service Property Management,Firenze,San Lorenzo - Ginori,https://www.apartmentsflorence.it,Apartments Florence Firenze San Lorenzo - Ginori LinkedIn
Florentia Homes Firenze San Lorenzo - Ginori,Florentia Homes,Property Management & Concierge,Firenze,San Lorenzo - Ginori,https://florentiahomes.com,Florentia Homes Firenze San Lorenzo - Ginori LinkedIn
Quality House Firenze San Lorenzo - Ginori,Quality House,Gestione Appartamenti Turistici,Firenze,San Lorenzo - Ginori,https://qualityhouse.it,Quality House Firenze San Lorenzo - Ginori LinkedIn
Metres Property Mgmt Firenze San Lorenzo - Ginori,Metres Property Mgmt,Gestione Locazioni Brevi e Medie,Firenze,San Lorenzo - Ginori,https://metres.it,Metres Property Mgmt Firenze San Lorenzo - Ginori LinkedIn
Napolity Affitti Brevi Firenze San Lorenzo - Ginori,Napolity Affitti Brevi,Short Rental Specialist,Firenze,San Lorenzo - Ginori,https://napolity.it,Napolity Affitti Brevi Firenze San Lorenzo - Ginori LinkedIn
MIA Apartment Firenze San Lorenzo - Ginori,MIA Apartment,Property Management Turistico,Firenze,San Lorenzo - Ginori,https://miaapartment.it,MIA Apartment Firenze San Lorenzo - Ginori LinkedIn
Neapolitan Trips Mgmt Firenze San Lorenzo - Ginori,Neapolitan Trips Mgmt,Hospitality & Rental Mgmt,Firenze,San Lorenzo - Ginori,https://neapolitantrips.com,Neapolitan Trips Mgmt Firenze San Lorenzo - Ginori LinkedIn
Tecnocasa Firenze Santa Maria Novella - Stazione,Tecnocasa,Agenzia Immobiliare,Firenze,Santa Maria Novella - Stazione,https://www.tecnocasa.it,Tecnocasa Firenze Santa Maria Novella - Stazione LinkedIn
Tecnorete Firenze Santa Maria Novella - Stazione,Tecnorete,Agenzia Immobiliare,Firenze,Santa Maria Novella - Stazione,https://www.tecnorete.it,Tecnorete Firenze Santa Maria Novella - Stazione LinkedIn
Tempocasa Firenze Santa Maria Novella - Stazione,Tempocasa,Agenzia Immobiliare,Firenze,Santa Maria Novella - Stazione,https://www.tempocasa.it,Tempocasa Firenze Santa Maria Novella - Stazione LinkedIn
Toscano Immobiliare Firenze Santa Maria Novella - Stazione,Toscano Immobiliare,Agenzia Immobiliare,Firenze,Santa Maria Novella - Stazione,https://www.toscano.it,Toscano Immobiliare Firenze Santa Maria Novella - Stazione LinkedIn
Gabetti Property Solutions Firenze Santa Maria Novella - Stazione,Gabetti Property Solutions,Agenzia Immobiliare,Firenze,Santa Maria Novella - Stazione,https://www.gabetti.it,Gabetti Property Solutions Firenze Santa Maria Novella - Stazione LinkedIn
RE/MAX Italia Firenze Santa Maria Novella - Stazione,RE/MAX Italia,Agenzia Immobiliare,Firenze,Santa Maria Novella - Stazione,https://www.remax.it,RE/MAX Italia Firenze Santa Maria Novella - Stazione LinkedIn
Grimaldi Immobiliare Firenze Santa Maria Novella - Stazione,Grimaldi Immobiliare,Agenzia Immobiliare,Firenze,Santa Maria Novella - Stazione,https://www.grimaldiimmobiliare.it,Grimaldi Immobiliare Firenze Santa Maria Novella - Stazione LinkedIn
Professionecasa Firenze Santa Maria Novella - Stazione,Professionecasa,Agenzia Immobiliare,Firenze,Santa Maria Novella - Stazione,https://www.professionecasa.it,Professionecasa Firenze Santa Maria Novella - Stazione LinkedIn
Coldwell Banker Firenze Santa Maria Novella - Stazione,Coldwell Banker,Agenzia Immobiliare,Firenze,Santa Maria Novella - Stazione,https://www.coldwellbanker.it,Coldwell Banker Firenze Santa Maria Novella - Stazione LinkedIn
Engel & Völkers Firenze Santa Maria Novella - Stazione,Engel & Völkers,Agenzia Immobiliare,Firenze,Santa Maria Novella - Stazione,https://www.engelvoelkers.com,Engel & Völkers Firenze Santa Maria Novella - Stazione LinkedIn
RockAgent Firenze Santa Maria Novella - Stazione,RockAgent,Agenzia Immobiliare,Firenze,Santa Maria Novella - Stazione,https://www.rockagent.it,RockAgent Firenze Santa Maria Novella - Stazione LinkedIn
Century 21 Firenze Santa Maria Novella - Stazione,Century 21,Agenzia Immobiliare,Firenze,Santa Maria Novella - Stazione,https://www.century21.it,Century 21 Firenze Santa Maria Novella - Stazione LinkedIn
Frimm Immobiliare Firenze Santa Maria Novella - Stazione,Frimm Immobiliare,Agenzia Immobiliare,Firenze,Santa Maria Novella - Stazione,https://www.frimm.com,Frimm Immobiliare Firenze Santa Maria Novella - Stazione LinkedIn
Fondocasa Firenze Santa Maria Novella - Stazione,Fondocasa,Agenzia Immobiliare,Firenze,Santa Maria Novella - Stazione,https://www.fondocasa.it,Fondocasa Firenze Santa Maria Novella - Stazione LinkedIn
Apartments Florence Firenze Santa Maria Novella - Stazione,Apartments Florence,Full-Service Property Management,Firenze,Santa Maria Novella - Stazione,https://www.apartmentsflorence.it,Apartments Florence Firenze Santa Maria Novella - Stazione LinkedIn
Florentia Homes Firenze Santa Maria Novella - Stazione,Florentia Homes,Property Management & Concierge,Firenze,Santa Maria Novella - Stazione,https://florentiahomes.com,Florentia Homes Firenze Santa Maria Novella - Stazione LinkedIn
Quality House Firenze Santa Maria Novella - Stazione,Quality House,Gestione Appartamenti Turistici,Firenze,Santa Maria Novella - Stazione,https://qualityhouse.it,Quality House Firenze Santa Maria Novella - Stazione LinkedIn
Metres Property Mgmt Firenze Santa Maria Novella - Stazione,Metres Property Mgmt,Gestione Locazioni Brevi e Medie,Firenze,Santa Maria Novella - Stazione,https://metres.it,Metres Property Mgmt Firenze Santa Maria Novella - Stazione LinkedIn
Napolity Affitti Brevi Firenze Santa Maria Novella - Stazione,Napolity Affitti Brevi,Short Rental Specialist,Firenze,Santa Maria Novella - Stazione,https://napolity.it,Napolity Affitti Brevi Firenze Santa Maria Novella - Stazione LinkedIn
MIA Apartment Firenze Santa Maria Novella - Stazione,MIA Apartment,Property Management Turistico,Firenze,Santa Maria Novella - Stazione,https://miaapartment.it,MIA Apartment Firenze Santa Maria Novella - Stazione LinkedIn
Neapolitan Trips Mgmt Firenze Santa Maria Novella - Stazione,Neapolitan Trips Mgmt,Hospitality & Rental Mgmt,Firenze,Santa Maria Novella - Stazione,https://neapolitantrips.com,Neapolitan Trips Mgmt Firenze Santa Maria Novella - Stazione LinkedIn
Tecnocasa Firenze Oltrarno - Santo Spirito,Tecnocasa,Agenzia Immobiliare,Firenze,Oltrarno - Santo Spirito,https://www.tecnocasa.it,Tecnocasa Firenze Oltrarno - Santo Spirito LinkedIn
Tecnorete Firenze Oltrarno - Santo Spirito,Tecnorete,Agenzia Immobiliare,Firenze,Oltrarno - Santo Spirito,https://www.tecnorete.it,Tecnorete Firenze Oltrarno - Santo Spirito LinkedIn
Tempocasa Firenze Oltrarno - Santo Spirito,Tempocasa,Agenzia Immobiliare,Firenze,Oltrarno - Santo Spirito,https://www.tempocasa.it,Tempocasa Firenze Oltrarno - Santo Spirito LinkedIn
Toscano Immobiliare Firenze Oltrarno - Santo Spirito,Toscano Immobiliare,Agenzia Immobiliare,Firenze,Oltrarno - Santo Spirito,https://www.toscano.it,Toscano Immobiliare Firenze Oltrarno - Santo Spirito LinkedIn
Gabetti Property Solutions Firenze Oltrarno - Santo Spirito,Gabetti Property Solutions,Agenzia Immobiliare,Firenze,Oltrarno - Santo Spirito,https://www.gabetti.it,Gabetti Property Solutions Firenze Oltrarno - Santo Spirito LinkedIn
RE/MAX Italia Firenze Oltrarno - Santo Spirito,RE/MAX Italia,Agenzia Immobiliare,Firenze,Oltrarno - Santo Spirito,https://www.remax.it,RE/MAX Italia Firenze Oltrarno - Santo Spirito LinkedIn
Grimaldi Immobiliare Firenze Oltrarno - Santo Spirito,Grimaldi Immobiliare,Agenzia Immobiliare,Firenze,Oltrarno - Santo Spirito,https://www.grimaldiimmobiliare.it,Grimaldi Immobiliare Firenze Oltrarno - Santo Spirito LinkedIn
Professionecasa Firenze Oltrarno - Santo Spirito,Professionecasa,Agenzia Immobiliare,Firenze,Oltrarno - Santo Spirito,https://www.professionecasa.it,Professionecasa Firenze Oltrarno - Santo Spirito LinkedIn
Coldwell Banker Firenze Oltrarno - Santo Spirito,Coldwell Banker,Agenzia Immobiliare,Firenze,Oltrarno - Santo Spirito,https://www.coldwellbanker.it,Coldwell Banker Firenze Oltrarno - Santo Spirito LinkedIn
Engel & Völkers Firenze Oltrarno - Santo Spirito,Engel & Völkers,Agenzia Immobiliare,Firenze,Oltrarno - Santo Spirito,https://www.engelvoelkers.com,Engel & Völkers Firenze Oltrarno - Santo Spirito LinkedIn
RockAgent Firenze Oltrarno - Santo Spirito,RockAgent,Agenzia Immobiliare,Firenze,Oltrarno - Santo Spirito,https://www.rockagent.it,RockAgent Firenze Oltrarno - Santo Spirito LinkedIn
Century 21 Firenze Oltrarno - Santo Spirito,Century 21,Agenzia Immobiliare,Firenze,Oltrarno - Santo Spirito,https://www.century21.it,Century 21 Firenze Oltrarno - Santo Spirito LinkedIn
Frimm Immobiliare Firenze Oltrarno - Santo Spirito,Frimm Immobiliare,Agenzia Immobiliare,Firenze,Oltrarno - Santo Spirito,https://www.frimm.com,Frimm Immobiliare Firenze Oltrarno - Santo Spirito LinkedIn
Fondocasa Firenze Oltrarno - Santo Spirito,Fondocasa,Agenzia Immobiliare,Firenze,Oltrarno - Santo Spirito,https://www.fondocasa.it,Fondocasa Firenze Oltrarno - Santo Spirito LinkedIn
Apartments Florence Firenze Oltrarno - Santo Spirito,Apartments Florence,Full-Service Property Management,Firenze,Oltrarno - Santo Spirito,https://www.apartmentsflorence.it,Apartments Florence Firenze Oltrarno - Santo Spirito LinkedIn
Florentia Homes Firenze Oltrarno - Santo Spirito,Florentia Homes,Property Management & Concierge,Firenze,Oltrarno - Santo Spirito,https://florentiahomes.com,Florentia Homes Firenze Oltrarno - Santo Spirito LinkedIn
Quality House Firenze Oltrarno - Santo Spirito,Quality House,Gestione Appartamenti Turistici,Firenze,Oltrarno - Santo Spirito,https://qualityhouse.it,Quality House Firenze Oltrarno - Santo Spirito LinkedIn
Metres Property Mgmt Firenze Oltrarno - Santo Spirito,Metres Property Mgmt,Gestione Locazioni Brevi e Medie,Firenze,Oltrarno - Santo Spirito,https://metres.it,Metres Property Mgmt Firenze Oltrarno - Santo Spirito LinkedIn
Napolity Affitti Brevi Firenze Oltrarno - Santo Spirito,Napolity Affitti Brevi,Short Rental Specialist,Firenze,Oltrarno - Santo Spirito,https://napolity.it,Napolity Affitti Brevi Firenze Oltrarno - Santo Spirito LinkedIn
MIA Apartment Firenze Oltrarno - Santo Spirito,MIA Apartment,Property Management Turistico,Firenze,Oltrarno - Santo Spirito,https://miaapartment.it,MIA Apartment Firenze Oltrarno - Santo Spirito LinkedIn
Neapolitan Trips Mgmt Firenze Oltrarno - Santo Spirito,Neapolitan Trips Mgmt,Hospitality & Rental Mgmt,Firenze,Oltrarno - Santo Spirito,https://neapolitantrips.com,Neapolitan Trips Mgmt Firenze Oltrarno - Santo Spirito LinkedIn
Tecnocasa Firenze Oltrarno - San Frediano,Tecnocasa,Agenzia Immobiliare,Firenze,Oltrarno - San Frediano,https://www.tecnocasa.it,Tecnocasa Firenze Oltrarno - San Frediano LinkedIn
Tecnorete Firenze Oltrarno - San Frediano,Tecnorete,Agenzia Immobiliare,Firenze,Oltrarno - San Frediano,https://www.tecnorete.it,Tecnorete Firenze Oltrarno - San Frediano LinkedIn
Tempocasa Firenze Oltrarno - San Frediano,Tempocasa,Agenzia Immobiliare,Firenze,Oltrarno - San Frediano,https://www.tempocasa.it,Tempocasa Firenze Oltrarno - San Frediano LinkedIn
Toscano Immobiliare Firenze Oltrarno - San Frediano,Toscano Immobiliare,Agenzia Immobiliare,Firenze,Oltrarno - San Frediano,https://www.toscano.it,Toscano Immobiliare Firenze Oltrarno - San Frediano LinkedIn
Gabetti Property Solutions Firenze Oltrarno - San Frediano,Gabetti Property Solutions,Agenzia Immobiliare,Firenze,Oltrarno - San Frediano,https://www.gabetti.it,Gabetti Property Solutions Firenze Oltrarno - San Frediano LinkedIn
RE/MAX Italia Firenze Oltrarno - San Frediano,RE/MAX Italia,Agenzia Immobiliare,Firenze,Oltrarno - San Frediano,https://www.remax.it,RE/MAX Italia Firenze Oltrarno - San Frediano LinkedIn
Grimaldi Immobiliare Firenze Oltrarno - San Frediano,Grimaldi Immobiliare,Agenzia Immobiliare,Firenze,Oltrarno - San Frediano,https://www.grimaldiimmobiliare.it,Grimaldi Immobiliare Firenze Oltrarno - San Frediano LinkedIn
Professionecasa Firenze Oltrarno - San Frediano,Professionecasa,Agenzia Immobiliare,Firenze,Oltrarno - San Frediano,https://www.professionecasa.it,Professionecasa Firenze Oltrarno - San Frediano LinkedIn
Coldwell Banker Firenze Oltrarno - San Frediano,Coldwell Banker,Agenzia Immobiliare,Firenze,Oltrarno - San Frediano,https://www.coldwellbanker.it,Coldwell Banker Firenze Oltrarno - San Frediano LinkedIn
Engel & Völkers Firenze Oltrarno - San Frediano,Engel & Völkers,Agenzia Immobiliare,Firenze,Oltrarno - San Frediano,https://www.engelvoelkers.com,Engel & Völkers Firenze Oltrarno - San Frediano LinkedIn
RockAgent Firenze Oltrarno - San Frediano,RockAgent,Agenzia Immobiliare,Firenze,Oltrarno - San Frediano,https://www.rockagent.it,RockAgent Firenze Oltrarno - San Frediano LinkedIn
Century 21 Firenze Oltrarno - San Frediano,Century 21,Agenzia Immobiliare,Firenze,Oltrarno - San Frediano,https://www.century21.it,Century 21 Firenze Oltrarno - San Frediano LinkedIn
Frimm Immobiliare Firenze Oltrarno - San Frediano,Frimm Immobiliare,Agenzia Immobiliare,Firenze,Oltrarno - San Frediano,https://www.frimm.com,Frimm Immobiliare Firenze Oltrarno - San Frediano LinkedIn
Fondocasa Firenze Oltrarno - San Frediano,Fondocasa,Agenzia Immobiliare,Firenze,Oltrarno - San Frediano,https://www.fondocasa.it,Fondocasa Firenze Oltrarno - San Frediano LinkedIn
Apartments Florence Firenze Oltrarno - San Frediano,Apartments Florence,Full-Service Property Management,Firenze,Oltrarno - San Frediano,https://www.apartmentsflorence.it,Apartments Florence Firenze Oltrarno - San Frediano LinkedIn
Florentia Homes Firenze Oltrarno - San Frediano,Florentia Homes,Property Management & Concierge,Firenze,Oltrarno - San Frediano,https://florentiahomes.com,Florentia Homes Firenze Oltrarno - San Frediano LinkedIn
Quality House Firenze Oltrarno - San Frediano,Quality House,Gestione Appartamenti Turistici,Firenze,Oltrarno - San Frediano,https://qualityhouse.it,Quality House Firenze Oltrarno - San Frediano LinkedIn
Metres Property Mgmt Firenze Oltrarno - San Frediano,Metres Property Mgmt,Gestione Locazioni Brevi e Medie,Firenze,Oltrarno - San Frediano,https://metres.it,Metres Property Mgmt Firenze Oltrarno - San Frediano LinkedIn
Napolity Affitti Brevi Firenze Oltrarno - San Frediano,Napolity Affitti Brevi,Short Rental Specialist,Firenze,Oltrarno - San Frediano,https://napolity.it,Napolity Affitti Brevi Firenze Oltrarno - San Frediano LinkedIn
MIA Apartment Firenze Oltrarno - San Frediano,MIA Apartment,Property Management Turistico,Firenze,Oltrarno - San Frediano,https://miaapartment.it,MIA Apartment Firenze Oltrarno - San Frediano LinkedIn
Neapolitan Trips Mgmt Firenze Oltrarno - San Frediano,Neapolitan Trips Mgmt,Hospitality & Rental Mgmt,Firenze,Oltrarno - San Frediano,https://neapolitantrips.com,Neapolitan Trips Mgmt Firenze Oltrarno - San Frediano LinkedIn
Tecnocasa Firenze Campo di Marte - Fanti,Tecnocasa,Agenzia Immobiliare,Firenze,Campo di Marte - Fanti,https://www.tecnocasa.it,Tecnocasa Firenze Campo di Marte - Fanti LinkedIn
Tecnorete Firenze Campo di Marte - Fanti,Tecnorete,Agenzia Immobiliare,Firenze,Campo di Marte - Fanti,https://www.tecnorete.it,Tecnorete Firenze Campo di Marte - Fanti LinkedIn
Tempocasa Firenze Campo di Marte - Fanti,Tempocasa,Agenzia Immobiliare,Firenze,Campo di Marte - Fanti,https://www.tempocasa.it,Tempocasa Firenze Campo di Marte - Fanti LinkedIn
Toscano Immobiliare Firenze Campo di Marte - Fanti,Toscano Immobiliare,Agenzia Immobiliare,Firenze,Campo di Marte - Fanti,https://www.toscano.it,Toscano Immobiliare Firenze Campo di Marte - Fanti LinkedIn
Gabetti Property Solutions Firenze Campo di Marte - Fanti,Gabetti Property Solutions,Agenzia Immobiliare,Firenze,Campo di Marte - Fanti,https://www.gabetti.it,Gabetti Property Solutions Firenze Campo di Marte - Fanti LinkedIn
RE/MAX Italia Firenze Campo di Marte - Fanti,RE/MAX Italia,Agenzia Immobiliare,Firenze,Campo di Marte - Fanti,https://www.remax.it,RE/MAX Italia Firenze Campo di Marte - Fanti LinkedIn
Grimaldi Immobiliare Firenze Campo di Marte - Fanti,Grimaldi Immobiliare,Agenzia Immobiliare,Firenze,Campo di Marte - Fanti,https://www.grimaldiimmobiliare.it,Grimaldi Immobiliare Firenze Campo di Marte - Fanti LinkedIn
Professionecasa Firenze Campo di Marte - Fanti,Professionecasa,Agenzia Immobiliare,Firenze,Campo di Marte - Fanti,https://www.professionecasa.it,Professionecasa Firenze Campo di Marte - Fanti LinkedIn
Coldwell Banker Firenze Campo di Marte - Fanti,Coldwell Banker,Agenzia Immobiliare,Firenze,Campo di Marte - Fanti,https://www.coldwellbanker.it,Coldwell Banker Firenze Campo di Marte - Fanti LinkedIn
Engel & Völkers Firenze Campo di Marte - Fanti,Engel & Völkers,Agenzia Immobiliare,Firenze,Campo di Marte - Fanti,https://www.engelvoelkers.com,Engel & Völkers Firenze Campo di Marte - Fanti LinkedIn
RockAgent Firenze Campo di Marte - Fanti,RockAgent,Agenzia Immobiliare,Firenze,Campo di Marte - Fanti,https://www.rockagent.it,RockAgent Firenze Campo di Marte - Fanti LinkedIn
Century 21 Firenze Campo di Marte - Fanti,Century 21,Agenzia Immobiliare,Firenze,Campo di Marte - Fanti,https://www.century21.it,Century 21 Firenze Campo di Marte - Fanti LinkedIn
Frimm Immobiliare Firenze Campo di Marte - Fanti,Frimm Immobiliare,Agenzia Immobiliare,Firenze,Campo di Marte - Fanti,https://www.frimm.com,Frimm Immobiliare Firenze Campo di Marte - Fanti LinkedIn
Fondocasa Firenze Campo di Marte - Fanti,Fondocasa,Agenzia Immobiliare,Firenze,Campo di Marte - Fanti,https://www.fondocasa.it,Fondocasa Firenze Campo di Marte - Fanti LinkedIn
Apartments Florence Firenze Campo di Marte - Fanti,Apartments Florence,Full-Service Property Management,Firenze,Campo di Marte - Fanti,https://www.apartmentsflorence.it,Apartments Florence Firenze Campo di Marte - Fanti LinkedIn
Florentia Homes Firenze Campo di Marte - Fanti,Florentia Homes,Property Management & Concierge,Firenze,Campo di Marte - Fanti,https://florentiahomes.com,Florentia Homes Firenze Campo di Marte - Fanti LinkedIn
Quality House Firenze Campo di Marte - Fanti,Quality House,Gestione Appartamenti Turistici,Firenze,Campo di Marte - Fanti,https://qualityhouse.it,Quality House Firenze Campo di Marte - Fanti LinkedIn
Metres Property Mgmt Firenze Campo di Marte - Fanti,Metres Property Mgmt,Gestione Locazioni Brevi e Medie,Firenze,Campo di Marte - Fanti,https://metres.it,Metres Property Mgmt Firenze Campo di Marte - Fanti LinkedIn
Napolity Affitti Brevi Firenze Campo di Marte - Fanti,Napolity Affitti Brevi,Short Rental Specialist,Firenze,Campo di Marte - Fanti,https://napolity.it,Napolity Affitti Brevi Firenze Campo di Marte - Fanti LinkedIn
MIA Apartment Firenze Campo di Marte - Fanti,MIA Apartment,Property Management Turistico,Firenze,Campo di Marte - Fanti,https://miaapartment.it,MIA Apartment Firenze Campo di Marte - Fanti LinkedIn
Neapolitan Trips Mgmt Firenze Campo di Marte - Fanti,Neapolitan Trips Mgmt,Hospitality & Rental Mgmt,Firenze,Campo di Marte - Fanti,https://neapolitantrips.com,Neapolitan Trips Mgmt Firenze Campo di Marte - Fanti LinkedIn
Tecnocasa Firenze Campo di Marte - Gioberti,Tecnocasa,Agenzia Immobiliare,Firenze,Campo di Marte - Gioberti,https://www.tecnocasa.it,Tecnocasa Firenze Campo di Marte - Gioberti LinkedIn
Tecnorete Firenze Campo di Marte - Gioberti,Tecnorete,Agenzia Immobiliare,Firenze,Campo di Marte - Gioberti,https://www.tecnorete.it,Tecnorete Firenze Campo di Marte - Gioberti LinkedIn
Tempocasa Firenze Campo di Marte - Gioberti,Tempocasa,Agenzia Immobiliare,Firenze,Campo di Marte - Gioberti,https://www.tempocasa.it,Tempocasa Firenze Campo di Marte - Gioberti LinkedIn
Toscano Immobiliare Firenze Campo di Marte - Gioberti,Toscano Immobiliare,Agenzia Immobiliare,Firenze,Campo di Marte - Gioberti,https://www.toscano.it,Toscano Immobiliare Firenze Campo di Marte - Gioberti LinkedIn
Gabetti Property Solutions Firenze Campo di Marte - Gioberti,Gabetti Property Solutions,Agenzia Immobiliare,Firenze,Campo di Marte - Gioberti,https://www.gabetti.it,Gabetti Property Solutions Firenze Campo di Marte - Gioberti LinkedIn
RE/MAX Italia Firenze Campo di Marte - Gioberti,RE/MAX Italia,Agenzia Immobiliare,Firenze,Campo di Marte - Gioberti,https://www.remax.it,RE/MAX Italia Firenze Campo di Marte - Gioberti LinkedIn
Grimaldi Immobiliare Firenze Campo di Marte - Gioberti,Grimaldi Immobiliare,Agenzia Immobiliare,Firenze,Campo di Marte - Gioberti,https://www.grimaldiimmobiliare.it,Grimaldi Immobiliare Firenze Campo di Marte - Gioberti LinkedIn
Professionecasa Firenze Campo di Marte - Gioberti,Professionecasa,Agenzia Immobiliare,Firenze,Campo di Marte - Gioberti,https://www.professionecasa.it,Professionecasa Firenze Campo di Marte - Gioberti LinkedIn
Coldwell Banker Firenze Campo di Marte - Gioberti,Coldwell Banker,Agenzia Immobiliare,Firenze,Campo di Marte - Gioberti,https://www.coldwellbanker.it,Coldwell Banker Firenze Campo di Marte - Gioberti LinkedIn
Engel & Völkers Firenze Campo di Marte - Gioberti,Engel & Völkers,Agenzia Immobiliare,Firenze,Campo di Marte - Gioberti,https://www.engelvoelkers.com,Engel & Völkers Firenze Campo di Marte - Gioberti LinkedIn
RockAgent Firenze Campo di Marte - Gioberti,RockAgent,Agenzia Immobiliare,Firenze,Campo di Marte - Gioberti,https://www.rockagent.it,RockAgent Firenze Campo di Marte - Gioberti LinkedIn
Century 21 Firenze Campo di Marte - Gioberti,Century 21,Agenzia Immobiliare,Firenze,Campo di Marte - Gioberti,https://www.century21.it,Century 21 Firenze Campo di Marte - Gioberti LinkedIn
Frimm Immobiliare Firenze Campo di Marte - Gioberti,Frimm Immobiliare,Agenzia Immobiliare,Firenze,Campo di Marte - Gioberti,https://www.frimm.com,Frimm Immobiliare Firenze Campo di Marte - Gioberti LinkedIn
Fondocasa Firenze Campo di Marte - Gioberti,Fondocasa,Agenzia Immobiliare,Firenze,Campo di Marte - Gioberti,https://www.fondocasa.it,Fondocasa Firenze Campo di Marte - Gioberti LinkedIn
Apartments Florence Firenze Campo di Marte - Gioberti,Apartments Florence,Full-Service Property Management,Firenze,Campo di Marte - Gioberti,https://www.apartmentsflorence.it,Apartments Florence Firenze Campo di Marte - Gioberti LinkedIn
Florentia Homes Firenze Campo di Marte - Gioberti,Florentia Homes,Property Management & Concierge,Firenze,Campo di Marte - Gioberti,https://florentiahomes.com,Florentia Homes Firenze Campo di Marte - Gioberti LinkedIn
Quality House Firenze Campo di Marte - Gioberti,Quality House,Gestione Appartamenti Turistici,Firenze,Campo di Marte - Gioberti,https://qualityhouse.it,Quality House Firenze Campo di Marte - Gioberti LinkedIn
Metres Property Mgmt Firenze Campo di Marte - Gioberti,Metres Property Mgmt,Gestione Locazioni Brevi e Medie,Firenze,Campo di Marte - Gioberti,https://metres.it,Metres Property Mgmt Firenze Campo di Marte - Gioberti LinkedIn
Napolity Affitti Brevi Firenze Campo di Marte - Gioberti,Napolity Affitti Brevi,Short Rental Specialist,Firenze,Campo di Marte - Gioberti,https://napolity.it,Napolity Affitti Brevi Firenze Campo di Marte - Gioberti LinkedIn
MIA Apartment Firenze Campo di Marte - Gioberti,MIA Apartment,Property Management Turistico,Firenze,Campo di Marte - Gioberti,https://miaapartment.it,MIA Apartment Firenze Campo di Marte - Gioberti LinkedIn
Neapolitan Trips Mgmt Firenze Campo di Marte - Gioberti,Neapolitan Trips Mgmt,Hospitality & Rental Mgmt,Firenze,Campo di Marte - Gioberti,https://neapolitantrips.com,Neapolitan Trips Mgmt Firenze Campo di Marte - Gioberti LinkedIn
Tecnocasa Firenze Novoli - Guidoni,Tecnocasa,Agenzia Immobiliare,Firenze,Novoli - Guidoni,https://www.tecnocasa.it,Tecnocasa Firenze Novoli - Guidoni LinkedIn
Tecnorete Firenze Novoli - Guidoni,Tecnorete,Agenzia Immobiliare,Firenze,Novoli - Guidoni,https://www.tecnorete.it,Tecnorete Firenze Novoli - Guidoni LinkedIn
Tempocasa Firenze Novoli - Guidoni,Tempocasa,Agenzia Immobiliare,Firenze,Novoli - Guidoni,https://www.tempocasa.it,Tempocasa Firenze Novoli - Guidoni LinkedIn
Toscano Immobiliare Firenze Novoli - Guidoni,Toscano Immobiliare,Agenzia Immobiliare,Firenze,Novoli - Guidoni,https://www.toscano.it,Toscano Immobiliare Firenze Novoli - Guidoni LinkedIn
Gabetti Property Solutions Firenze Novoli - Guidoni,Gabetti Property Solutions,Agenzia Immobiliare,Firenze,Novoli - Guidoni,https://www.gabetti.it,Gabetti Property Solutions Firenze Novoli - Guidoni LinkedIn
RE/MAX Italia Firenze Novoli - Guidoni,RE/MAX Italia,Agenzia Immobiliare,Firenze,Novoli - Guidoni,https://www.remax.it,RE/MAX Italia Firenze Novoli - Guidoni LinkedIn
Grimaldi Immobiliare Firenze Novoli - Guidoni,Grimaldi Immobiliare,Agenzia Immobiliare,Firenze,Novoli - Guidoni,https://www.grimaldiimmobiliare.it,Grimaldi Immobiliare Firenze Novoli - Guidoni LinkedIn
Professionecasa Firenze Novoli - Guidoni,Professionecasa,Agenzia Immobiliare,Firenze,Novoli - Guidoni,https://www.professionecasa.it,Professionecasa Firenze Novoli - Guidoni LinkedIn
Coldwell Banker Firenze Novoli - Guidoni,Coldwell Banker,Agenzia Immobiliare,Firenze,Novoli - Guidoni,https://www.coldwellbanker.it,Coldwell Banker Firenze Novoli - Guidoni LinkedIn
Engel & Völkers Firenze Novoli - Guidoni,Engel & Völkers,Agenzia Immobiliare,Firenze,Novoli - Guidoni,https://www.engelvoelkers.com,Engel & Völkers Firenze Novoli - Guidoni LinkedIn
RockAgent Firenze Novoli - Guidoni,RockAgent,Agenzia Immobiliare,Firenze,Novoli - Guidoni,https://www.rockagent.it,RockAgent Firenze Novoli - Guidoni LinkedIn
Century 21 Firenze Novoli - Guidoni,Century 21,Agenzia Immobiliare,Firenze,Novoli - Guidoni,https://www.century21.it,Century 21 Firenze Novoli - Guidoni LinkedIn
Frimm Immobiliare Firenze Novoli - Guidoni,Frimm Immobiliare,Agenzia Immobiliare,Firenze,Novoli - Guidoni,https://www.frimm.com,Frimm Immobiliare Firenze Novoli - Guidoni LinkedIn
Fondocasa Firenze Novoli - Guidoni,Fondocasa,Agenzia Immobiliare,Firenze,Novoli - Guidoni,https://www.fondocasa.it,Fondocasa Firenze Novoli - Guidoni LinkedIn
Apartments Florence Firenze Novoli - Guidoni,Apartments Florence,Full-Service Property Management,Firenze,Novoli - Guidoni,https://www.apartmentsflorence.it,Apartments Florence Firenze Novoli - Guidoni LinkedIn
Florentia Homes Firenze Novoli - Guidoni,Florentia Homes,Property Management & Concierge,Firenze,Novoli - Guidoni,https://florentiahomes.com,Florentia Homes Firenze Novoli - Guidoni LinkedIn
Quality House Firenze Novoli - Guidoni,Quality House,Gestione Appartamenti Turistici,Firenze,Novoli - Guidoni,https://qualityhouse.it,Quality House Firenze Novoli - Guidoni LinkedIn
Metres Property Mgmt Firenze Novoli - Guidoni,Metres Property Mgmt,Gestione Locazioni Brevi e Medie,Firenze,Novoli - Guidoni,https://metres.it,Metres Property Mgmt Firenze Novoli - Guidoni LinkedIn
Napolity Affitti Brevi Firenze Novoli - Guidoni,Napolity Affitti Brevi,Short Rental Specialist,Firenze,Novoli - Guidoni,https://napolity.it,Napolity Affitti Brevi Firenze Novoli - Guidoni LinkedIn
MIA Apartment Firenze Novoli - Guidoni,MIA Apartment,Property Management Turistico,Firenze,Novoli - Guidoni,https://miaapartment.it,MIA Apartment Firenze Novoli - Guidoni LinkedIn
Neapolitan Trips Mgmt Firenze Novoli - Guidoni,Neapolitan Trips Mgmt,Hospitality & Rental Mgmt,Firenze,Novoli - Guidoni,https://neapolitantrips.com,Neapolitan Trips Mgmt Firenze Novoli - Guidoni LinkedIn
Tecnocasa Firenze Novoli - Baracca,Tecnocasa,Agenzia Immobiliare,Firenze,Novoli - Baracca,https://www.tecnocasa.it,Tecnocasa Firenze Novoli - Baracca LinkedIn
Tecnorete Firenze Novoli - Baracca,Tecnorete,Agenzia Immobiliare,Firenze,Novoli - Baracca,https://www.tecnorete.it,Tecnorete Firenze Novoli - Baracca LinkedIn
Tempocasa Firenze Novoli - Baracca,Tempocasa,Agenzia Immobiliare,Firenze,Novoli - Baracca,https://www.tempocasa.it,Tempocasa Firenze Novoli - Baracca LinkedIn
Toscano Immobiliare Firenze Novoli - Baracca,Toscano Immobiliare,Agenzia Immobiliare,Firenze,Novoli - Baracca,https://www.toscano.it,Toscano Immobiliare Firenze Novoli - Baracca LinkedIn
Gabetti Property Solutions Firenze Novoli - Baracca,Gabetti Property Solutions,Agenzia Immobiliare,Firenze,Novoli - Baracca,https://www.gabetti.it,Gabetti Property Solutions Firenze Novoli - Baracca LinkedIn
RE/MAX Italia Firenze Novoli - Baracca,RE/MAX Italia,Agenzia Immobiliare,Firenze,Novoli - Baracca,https://www.remax.it,RE/MAX Italia Firenze Novoli - Baracca LinkedIn
Grimaldi Immobiliare Firenze Novoli - Baracca,Grimaldi Immobiliare,Agenzia Immobiliare,Firenze,Novoli - Baracca,https://www.grimaldiimmobiliare.it,Grimaldi Immobiliare Firenze Novoli - Baracca LinkedIn
Professionecasa Firenze Novoli - Baracca,Professionecasa,Agenzia Immobiliare,Firenze,Novoli - Baracca,https://www.professionecasa.it,Professionecasa Firenze Novoli - Baracca LinkedIn
Coldwell Banker Firenze Novoli - Baracca,Coldwell Banker,Agenzia Immobiliare,Firenze,Novoli - Baracca,https://www.coldwellbanker.it,Coldwell Banker Firenze Novoli - Baracca LinkedIn
Engel & Völkers Firenze Novoli - Baracca,Engel & Völkers,Agenzia Immobiliare,Firenze,Novoli - Baracca,https://www.engelvoelkers.com,Engel & Völkers Firenze Novoli - Baracca LinkedIn
RockAgent Firenze Novoli - Baracca,RockAgent,Agenzia Immobiliare,Firenze,Novoli - Baracca,https://www.rockagent.it,RockAgent Firenze Novoli - Baracca LinkedIn
Century 21 Firenze Novoli - Baracca,Century 21,Agenzia Immobiliare,Firenze,Novoli - Baracca,https://www.century21.it,Century 21 Firenze Novoli - Baracca LinkedIn
Frimm Immobiliare Firenze Novoli - Baracca,Frimm Immobiliare,Agenzia Immobiliare,Firenze,Novoli - Baracca,https://www.frimm.com,Frimm Immobiliare Firenze Novoli - Baracca LinkedIn
Fondocasa Firenze Novoli - Baracca,Fondocasa,Agenzia Immobiliare,Firenze,Novoli - Baracca,https://www.fondocasa.it,Fondocasa Firenze Novoli - Baracca LinkedIn
Apartments Florence Firenze Novoli - Baracca,Apartments Florence,Full-Service Property Management,Firenze,Novoli - Baracca,https://www.apartmentsflorence.it,Apartments Florence Firenze Novoli - Baracca LinkedIn
Florentia Homes Firenze Novoli - Baracca,Florentia Homes,Property Management & Concierge,Firenze,Novoli - Baracca,https://florentiahomes.com,Florentia Homes Firenze Novoli - Baracca LinkedIn
Quality House Firenze Novoli - Baracca,Quality House,Gestione Appartamenti Turistici,Firenze,Novoli - Baracca,https://qualityhouse.it,Quality House Firenze Novoli - Baracca LinkedIn
Metres Property Mgmt Firenze Novoli - Baracca,Metres Property Mgmt,Gestione Locazioni Brevi e Medie,Firenze,Novoli - Baracca,https://metres.it,Metres Property Mgmt Firenze Novoli - Baracca LinkedIn
Napolity Affitti Brevi Firenze Novoli - Baracca,Napolity Affitti Brevi,Short Rental Specialist,Firenze,Novoli - Baracca,https://napolity.it,Napolity Affitti Brevi Firenze Novoli - Baracca LinkedIn
MIA Apartment Firenze Novoli - Baracca,MIA Apartment,Property Management Turistico,Firenze,Novoli - Baracca,https://miaapartment.it,MIA Apartment Firenze Novoli - Baracca LinkedIn
Neapolitan Trips Mgmt Firenze Novoli - Baracca,Neapolitan Trips Mgmt,Hospitality & Rental Mgmt,Firenze,Novoli - Baracca,https://neapolitantrips.com,Neapolitan Trips Mgmt Firenze Novoli - Baracca LinkedIn
Tecnocasa Firenze Rifredi - Vittorio Emanuele,Tecnocasa,Agenzia Immobiliare,Firenze,Rifredi - Vittorio Emanuele,https://www.tecnocasa.it,Tecnocasa Firenze Rifredi - Vittorio Emanuele LinkedIn
Tecnorete Firenze Rifredi - Vittorio Emanuele,Tecnorete,Agenzia Immobiliare,Firenze,Rifredi - Vittorio Emanuele,https://www.tecnorete.it,Tecnorete Firenze Rifredi - Vittorio Emanuele LinkedIn
Tempocasa Firenze Rifredi - Vittorio Emanuele,Tempocasa,Agenzia Immobiliare,Firenze,Rifredi - Vittorio Emanuele,https://www.tempocasa.it,Tempocasa Firenze Rifredi - Vittorio Emanuele LinkedIn
Toscano Immobiliare Firenze Rifredi - Vittorio Emanuele,Toscano Immobiliare,Agenzia Immobiliare,Firenze,Rifredi - Vittorio Emanuele,https://www.toscano.it,Toscano Immobiliare Firenze Rifredi - Vittorio Emanuele LinkedIn
Gabetti Property Solutions Firenze Rifredi - Vittorio Emanuele,Gabetti Property Solutions,Agenzia Immobiliare,Firenze,Rifredi - Vittorio Emanuele,https://www.gabetti.it,Gabetti Property Solutions Firenze Rifredi - Vittorio Emanuele LinkedIn
RE/MAX Italia Firenze Rifredi - Vittorio Emanuele,RE/MAX Italia,Agenzia Immobiliare,Firenze,Rifredi - Vittorio Emanuele,https://www.remax.it,RE/MAX Italia Firenze Rifredi - Vittorio Emanuele LinkedIn
Grimaldi Immobiliare Firenze Rifredi - Vittorio Emanuele,Grimaldi Immobiliare,Agenzia Immobiliare,Firenze,Rifredi - Vittorio Emanuele,https://www.grimaldiimmobiliare.it,Grimaldi Immobiliare Firenze Rifredi - Vittorio Emanuele LinkedIn
Professionecasa Firenze Rifredi - Vittorio Emanuele,Professionecasa,Agenzia Immobiliare,Firenze,Rifredi - Vittorio Emanuele,https://www.professionecasa.it,Professionecasa Firenze Rifredi - Vittorio Emanuele LinkedIn
Coldwell Banker Firenze Rifredi - Vittorio Emanuele,Coldwell Banker,Agenzia Immobiliare,Firenze,Rifredi - Vittorio Emanuele,https://www.coldwellbanker.it,Coldwell Banker Firenze Rifredi - Vittorio Emanuele LinkedIn
Engel & Völkers Firenze Rifredi - Vittorio Emanuele,Engel & Völkers,Agenzia Immobiliare,Firenze,Rifredi - Vittorio Emanuele,https://www.engelvoelkers.com,Engel & Völkers Firenze Rifredi - Vittorio Emanuele LinkedIn
RockAgent Firenze Rifredi - Vittorio Emanuele,RockAgent,Agenzia Immobiliare,Firenze,Rifredi - Vittorio Emanuele,https://www.rockagent.it,RockAgent Firenze Rifredi - Vittorio Emanuele LinkedIn
Century 21 Firenze Rifredi - Vittorio Emanuele,Century 21,Agenzia Immobiliare,Firenze,Rifredi - Vittorio Emanuele,https://www.century21.it,Century 21 Firenze Rifredi - Vittorio Emanuele LinkedIn
Frimm Immobiliare Firenze Rifredi - Vittorio Emanuele,Frimm Immobiliare,Agenzia Immobiliare,Firenze,Rifredi - Vittorio Emanuele,https://www.frimm.com,Frimm Immobiliare Firenze Rifredi - Vittorio Emanuele LinkedIn
Fondocasa Firenze Rifredi - Vittorio Emanuele,Fondocasa,Agenzia Immobiliare,Firenze,Rifredi - Vittorio Emanuele,https://www.fondocasa.it,Fondocasa Firenze Rifredi - Vittorio Emanuele LinkedIn
Apartments Florence Firenze Rifredi - Vittorio Emanuele,Apartments Florence,Full-Service Property Management,Firenze,Rifredi - Vittorio Emanuele,https://www.apartmentsflorence.it,Apartments Florence Firenze Rifredi - Vittorio Emanuele LinkedIn
Florentia Homes Firenze Rifredi - Vittorio Emanuele,Florentia Homes,Property Management & Concierge,Firenze,Rifredi - Vittorio Emanuele,https://florentiahomes.com,Florentia Homes Firenze Rifredi - Vittorio Emanuele LinkedIn
Quality House Firenze Rifredi - Vittorio Emanuele,Quality House,Gestione Appartamenti Turistici,Firenze,Rifredi - Vittorio Emanuele,https://qualityhouse.it,Quality House Firenze Rifredi - Vittorio Emanuele LinkedIn
Metres Property Mgmt Firenze Rifredi - Vittorio Emanuele,Metres Property Mgmt,Gestione Locazioni Brevi e Medie,Firenze,Rifredi - Vittorio Emanuele,https://metres.it,Metres Property Mgmt Firenze Rifredi - Vittorio Emanuele LinkedIn
Napolity Affitti Brevi Firenze Rifredi - Vittorio Emanuele,Napolity Affitti Brevi,Short Rental Specialist,Firenze,Rifredi - Vittorio Emanuele,https://napolity.it,Napolity Affitti Brevi Firenze Rifredi - Vittorio Emanuele LinkedIn
MIA Apartment Firenze Rifredi - Vittorio Emanuele,MIA Apartment,Property Management Turistico,Firenze,Rifredi - Vittorio Emanuele,https://miaapartment.it,MIA Apartment Firenze Rifredi - Vittorio Emanuele LinkedIn
Neapolitan Trips Mgmt Firenze Rifredi - Vittorio Emanuele,Neapolitan Trips Mgmt,Hospitality & Rental Mgmt,Firenze,Rifredi - Vittorio Emanuele,https://neapolitantrips.com,Neapolitan Trips Mgmt Firenze Rifredi - Vittorio Emanuele LinkedIn
Tecnocasa Firenze Coverciano - De Robertis,Tecnocasa,Agenzia Immobiliare,Firenze,Coverciano - De Robertis,https://www.tecnocasa.it,Tecnocasa Firenze Coverciano - De Robertis LinkedIn
Tecnorete Firenze Coverciano - De Robertis,Tecnorete,Agenzia Immobiliare,Firenze,Coverciano - De Robertis,https://www.tecnorete.it,Tecnorete Firenze Coverciano - De Robertis LinkedIn
Tempocasa Firenze Coverciano - De Robertis,Tempocasa,Agenzia Immobiliare,Firenze,Coverciano - De Robertis,https://www.tempocasa.it,Tempocasa Firenze Coverciano - De Robertis LinkedIn
Toscano Immobiliare Firenze Coverciano - De Robertis,Toscano Immobiliare,Agenzia Immobiliare,Firenze,Coverciano - De Robertis,https://www.toscano.it,Toscano Immobiliare Firenze Coverciano - De Robertis LinkedIn
Gabetti Property Solutions Firenze Coverciano - De Robertis,Gabetti Property Solutions,Agenzia Immobiliare,Firenze,Coverciano - De Robertis,https://www.gabetti.it,Gabetti Property Solutions Firenze Coverciano - De Robertis LinkedIn
RE/MAX Italia Firenze Coverciano - De Robertis,RE/MAX Italia,Agenzia Immobiliare,Firenze,Coverciano - De Robertis,https://www.remax.it,RE/MAX Italia Firenze Coverciano - De Robertis LinkedIn
Grimaldi Immobiliare Firenze Coverciano - De Robertis,Grimaldi Immobiliare,Agenzia Immobiliare,Firenze,Coverciano - De Robertis,https://www.grimaldiimmobiliare.it,Grimaldi Immobiliare Firenze Coverciano - De Robertis LinkedIn
Professionecasa Firenze Coverciano - De Robertis,Professionecasa,Agenzia Immobiliare,Firenze,Coverciano - De Robertis,https://www.professionecasa.it,Professionecasa Firenze Coverciano - De Robertis LinkedIn
Coldwell Banker Firenze Coverciano - De Robertis,Coldwell Banker,Agenzia Immobiliare,Firenze,Coverciano - De Robertis,https://www.coldwellbanker.it,Coldwell Banker Firenze Coverciano - De Robertis LinkedIn
Engel & Völkers Firenze Coverciano - De Robertis,Engel & Völkers,Agenzia Immobiliare,Firenze,Coverciano - De Robertis,https://www.engelvoelkers.com,Engel & Völkers Firenze Coverciano - De Robertis LinkedIn
RockAgent Firenze Coverciano - De Robertis,RockAgent,Agenzia Immobiliare,Firenze,Coverciano - De Robertis,https://www.rockagent.it,RockAgent Firenze Coverciano - De Robertis LinkedIn
Century 21 Firenze Coverciano - De Robertis,Century 21,Agenzia Immobiliare,Firenze,Coverciano - De Robertis,https://www.century21.it,Century 21 Firenze Coverciano - De Robertis LinkedIn
Frimm Immobiliare Firenze Coverciano - De Robertis,Frimm Immobiliare,Agenzia Immobiliare,Firenze,Coverciano - De Robertis,https://www.frimm.com,Frimm Immobiliare Firenze Coverciano - De Robertis LinkedIn
Fondocasa Firenze Coverciano - De Robertis,Fondocasa,Agenzia Immobiliare,Firenze,Coverciano - De Robertis,https://www.fondocasa.it,Fondocasa Firenze Coverciano - De Robertis LinkedIn
Apartments Florence Firenze Coverciano - De Robertis,Apartments Florence,Full-Service Property Management,Firenze,Coverciano - De Robertis,https://www.apartmentsflorence.it,Apartments Florence Firenze Coverciano - De Robertis LinkedIn
Florentia Homes Firenze Coverciano - De Robertis,Florentia Homes,Property Management & Concierge,Firenze,Coverciano - De Robertis,https://florentiahomes.com,Florentia Homes Firenze Coverciano - De Robertis LinkedIn
Quality House Firenze Coverciano - De Robertis,Quality House,Gestione Appartamenti Turistici,Firenze,Coverciano - De Robertis,https://qualityhouse.it,Quality House Firenze Coverciano - De Robertis LinkedIn
Metres Property Mgmt Firenze Coverciano - De Robertis,Metres Property Mgmt,Gestione Locazioni Brevi e Medie,Firenze,Coverciano - De Robertis,https://metres.it,Metres Property Mgmt Firenze Coverciano - De Robertis LinkedIn
Napolity Affitti Brevi Firenze Coverciano - De Robertis,Napolity Affitti Brevi,Short Rental Specialist,Firenze,Coverciano - De Robertis,https://napolity.it,Napolity Affitti Brevi Firenze Coverciano - De Robertis LinkedIn
MIA Apartment Firenze Coverciano - De Robertis,MIA Apartment,Property Management Turistico,Firenze,Coverciano - De Robertis,https://miaapartment.it,MIA Apartment Firenze Coverciano - De Robertis LinkedIn
Neapolitan Trips Mgmt Firenze Coverciano - De Robertis,Neapolitan Trips Mgmt,Hospitality & Rental Mgmt,Firenze,Coverciano - De Robertis,https://neapolitantrips.com,Neapolitan Trips Mgmt Firenze Coverciano - De Robertis LinkedIn
Tecnocasa Firenze Gavinana - Europa,Tecnocasa,Agenzia Immobiliare,Firenze,Gavinana - Europa,https://www.tecnocasa.it,Tecnocasa Firenze Gavinana - Europa LinkedIn
Tecnorete Firenze Gavinana - Europa,Tecnorete,Agenzia Immobiliare,Firenze,Gavinana - Europa,https://www.tecnorete.it,Tecnorete Firenze Gavinana - Europa LinkedIn
Tempocasa Firenze Gavinana - Europa,Tempocasa,Agenzia Immobiliare,Firenze,Gavinana - Europa,https://www.tempocasa.it,Tempocasa Firenze Gavinana - Europa LinkedIn
Toscano Immobiliare Firenze Gavinana - Europa,Toscano Immobiliare,Agenzia Immobiliare,Firenze,Gavinana - Europa,https://www.toscano.it,Toscano Immobiliare Firenze Gavinana - Europa LinkedIn
Gabetti Property Solutions Firenze Gavinana - Europa,Gabetti Property Solutions,Agenzia Immobiliare,Firenze,Gavinana - Europa,https://www.gabetti.it,Gabetti Property Solutions Firenze Gavinana - Europa LinkedIn
RE/MAX Italia Firenze Gavinana - Europa,RE/MAX Italia,Agenzia Immobiliare,Firenze,Gavinana - Europa,https://www.remax.it,RE/MAX Italia Firenze Gavinana - Europa LinkedIn
Grimaldi Immobiliare Firenze Gavinana - Europa,Grimaldi Immobiliare,Agenzia Immobiliare,Firenze,Gavinana - Europa,https://www.grimaldiimmobiliare.it,Grimaldi Immobiliare Firenze Gavinana - Europa LinkedIn
Professionecasa Firenze Gavinana - Europa,Professionecasa,Agenzia Immobiliare,Firenze,Gavinana - Europa,https://www.professionecasa.it,Professionecasa Firenze Gavinana - Europa LinkedIn
Coldwell Banker Firenze Gavinana - Europa,Coldwell Banker,Agenzia Immobiliare,Firenze,Gavinana - Europa,https://www.coldwellbanker.it,Coldwell Banker Firenze Gavinana - Europa LinkedIn
Engel & Völkers Firenze Gavinana - Europa,Engel & Völkers,Agenzia Immobiliare,Firenze,Gavinana - Europa,https://www.engelvoelkers.com,Engel & Völkers Firenze Gavinana - Europa LinkedIn
RockAgent Firenze Gavinana - Europa,RockAgent,Agenzia Immobiliare,Firenze,Gavinana - Europa,https://www.rockagent.it,RockAgent Firenze Gavinana - Europa LinkedIn
Century 21 Firenze Gavinana - Europa,Century 21,Agenzia Immobiliare,Firenze,Gavinana - Europa,https://www.century21.it,Century 21 Firenze Gavinana - Europa LinkedIn
Frimm Immobiliare Firenze Gavinana - Europa,Frimm Immobiliare,Agenzia Immobiliare,Firenze,Gavinana - Europa,https://www.frimm.com,Frimm Immobiliare Firenze Gavinana - Europa LinkedIn
Fondocasa Firenze Gavinana - Europa,Fondocasa,Agenzia Immobiliare,Firenze,Gavinana - Europa,https://www.fondocasa.it,Fondocasa Firenze Gavinana - Europa LinkedIn
Apartments Florence Firenze Gavinana - Europa,Apartments Florence,Full-Service Property Management,Firenze,Gavinana - Europa,https://www.apartmentsflorence.it,Apartments Florence Firenze Gavinana - Europa LinkedIn
Florentia Homes Firenze Gavinana - Europa,Florentia Homes,Property Management & Concierge,Firenze,Gavinana - Europa,https://florentiahomes.com,Florentia Homes Firenze Gavinana - Europa LinkedIn
Quality House Firenze Gavinana - Europa,Quality House,Gestione Appartamenti Turistici,Firenze,Gavinana - Europa,https://qualityhouse.it,Quality House Firenze Gavinana - Europa LinkedIn
Metres Property Mgmt Firenze Gavinana - Europa,Metres Property Mgmt,Gestione Locazioni Brevi e Medie,Firenze,Gavinana - Europa,https://metres.it,Metres Property Mgmt Firenze Gavinana - Europa LinkedIn
Napolity Affitti Brevi Firenze Gavinana - Europa,Napolity Affitti Brevi,Short Rental Specialist,Firenze,Gavinana - Europa,https://napolity.it,Napolity Affitti Brevi Firenze Gavinana - Europa LinkedIn
MIA Apartment Firenze Gavinana - Europa,MIA Apartment,Property Management Turistico,Firenze,Gavinana - Europa,https://miaapartment.it,MIA Apartment Firenze Gavinana - Europa LinkedIn
Neapolitan Trips Mgmt Firenze Gavinana - Europa,Neapolitan Trips Mgmt,Hospitality & Rental Mgmt,Firenze,Gavinana - Europa,https://neapolitantrips.com,Neapolitan Trips Mgmt Firenze Gavinana - Europa LinkedIn
Tecnocasa Firenze Isolotto - Argingrosso,Tecnocasa,Agenzia Immobiliare,Firenze,Isolotto - Argingrosso,https://www.tecnocasa.it,Tecnocasa Firenze Isolotto - Argingrosso LinkedIn
Tecnorete Firenze Isolotto - Argingrosso,Tecnorete,Agenzia Immobiliare,Firenze,Isolotto - Argingrosso,https://www.tecnorete.it,Tecnorete Firenze Isolotto - Argingrosso LinkedIn
Tempocasa Firenze Isolotto - Argingrosso,Tempocasa,Agenzia Immobiliare,Firenze,Isolotto - Argingrosso,https://www.tempocasa.it,Tempocasa Firenze Isolotto - Argingrosso LinkedIn
Toscano Immobiliare Firenze Isolotto - Argingrosso,Toscano Immobiliare,Agenzia Immobiliare,Firenze,Isolotto - Argingrosso,https://www.toscano.it,Toscano Immobiliare Firenze Isolotto - Argingrosso LinkedIn
Gabetti Property Solutions Firenze Isolotto - Argingrosso,Gabetti Property Solutions,Agenzia Immobiliare,Firenze,Isolotto - Argingrosso,https://www.gabetti.it,Gabetti Property Solutions Firenze Isolotto - Argingrosso LinkedIn
RE/MAX Italia Firenze Isolotto - Argingrosso,RE/MAX Italia,Agenzia Immobiliare,Firenze,Isolotto - Argingrosso,https://www.remax.it,RE/MAX Italia Firenze Isolotto - Argingrosso LinkedIn
Grimaldi Immobiliare Firenze Isolotto - Argingrosso,Grimaldi Immobiliare,Agenzia Immobiliare,Firenze,Isolotto - Argingrosso,https://www.grimaldiimmobiliare.it,Grimaldi Immobiliare Firenze Isolotto - Argingrosso LinkedIn
Professionecasa Firenze Isolotto - Argingrosso,Professionecasa,Agenzia Immobiliare,Firenze,Isolotto - Argingrosso,https://www.professionecasa.it,Professionecasa Firenze Isolotto - Argingrosso LinkedIn
Coldwell Banker Firenze Isolotto - Argingrosso,Coldwell Banker,Agenzia Immobiliare,Firenze,Isolotto - Argingrosso,https://www.coldwellbanker.it,Coldwell Banker Firenze Isolotto - Argingrosso LinkedIn
Engel & Völkers Firenze Isolotto - Argingrosso,Engel & Völkers,Agenzia Immobiliare,Firenze,Isolotto - Argingrosso,https://www.engelvoelkers.com,Engel & Völkers Firenze Isolotto - Argingrosso LinkedIn
RockAgent Firenze Isolotto - Argingrosso,RockAgent,Agenzia Immobiliare,Firenze,Isolotto - Argingrosso,https://www.rockagent.it,RockAgent Firenze Isolotto - Argingrosso LinkedIn
Century 21 Firenze Isolotto - Argingrosso,Century 21,Agenzia Immobiliare,Firenze,Isolotto - Argingrosso,https://www.century21.it,Century 21 Firenze Isolotto - Argingrosso LinkedIn
Frimm Immobiliare Firenze Isolotto - Argingrosso,Frimm Immobiliare,Agenzia Immobiliare,Firenze,Isolotto - Argingrosso,https://www.frimm.com,Frimm Immobiliare Firenze Isolotto - Argingrosso LinkedIn
Fondocasa Firenze Isolotto - Argingrosso,Fondocasa,Agenzia Immobiliare,Firenze,Isolotto - Argingrosso,https://www.fondocasa.it,Fondocasa Firenze Isolotto - Argingrosso LinkedIn
Apartments Florence Firenze Isolotto - Argingrosso,Apartments Florence,Full-Service Property Management,Firenze,Isolotto - Argingrosso,https://www.apartmentsflorence.it,Apartments Florence Firenze Isolotto - Argingrosso LinkedIn
Florentia Homes Firenze Isolotto - Argingrosso,Florentia Homes,Property Management & Concierge,Firenze,Isolotto - Argingrosso,https://florentiahomes.com,Florentia Homes Firenze Isolotto - Argingrosso LinkedIn
Quality House Firenze Isolotto - Argingrosso,Quality House,Gestione Appartamenti Turistici,Firenze,Isolotto - Argingrosso,https://qualityhouse.it,Quality House Firenze Isolotto - Argingrosso LinkedIn
Metres Property Mgmt Firenze Isolotto - Argingrosso,Metres Property Mgmt,Gestione Locazioni Brevi e Medie,Firenze,Isolotto - Argingrosso,https://metres.it,Metres Property Mgmt Firenze Isolotto - Argingrosso LinkedIn
Napolity Affitti Brevi Firenze Isolotto - Argingrosso,Napolity Affitti Brevi,Short Rental Specialist,Firenze,Isolotto - Argingrosso,https://napolity.it,Napolity Affitti Brevi Firenze Isolotto - Argingrosso LinkedIn
MIA Apartment Firenze Isolotto - Argingrosso,MIA Apartment,Property Management Turistico,Firenze,Isolotto - Argingrosso,https://miaapartment.it,MIA Apartment Firenze Isolotto - Argingrosso LinkedIn
Neapolitan Trips Mgmt Firenze Isolotto - Argingrosso,Neapolitan Trips Mgmt,Hospitality & Rental Mgmt,Firenze,Isolotto - Argingrosso,https://neapolitantrips.com,Neapolitan Trips Mgmt Firenze Isolotto - Argingrosso LinkedIn
Tecnocasa Firenze Galluzzo - Certosa,Tecnocasa,Agenzia Immobiliare,Firenze,Galluzzo - Certosa,https://www.tecnocasa.it,Tecnocasa Firenze Galluzzo - Certosa LinkedIn
Tecnorete Firenze Galluzzo - Certosa,Tecnorete,Agenzia Immobiliare,Firenze,Galluzzo - Certosa,https://www.tecnorete.it,Tecnorete Firenze Galluzzo - Certosa LinkedIn
Tempocasa Firenze Galluzzo - Certosa,Tempocasa,Agenzia Immobiliare,Firenze,Galluzzo - Certosa,https://www.tempocasa.it,Tempocasa Firenze Galluzzo - Certosa LinkedIn
Toscano Immobiliare Firenze Galluzzo - Certosa,Toscano Immobiliare,Agenzia Immobiliare,Firenze,Galluzzo - Certosa,https://www.toscano.it,Toscano Immobiliare Firenze Galluzzo - Certosa LinkedIn
Gabetti Property Solutions Firenze Galluzzo - Certosa,Gabetti Property Solutions,Agenzia Immobiliare,Firenze,Galluzzo - Certosa,https://www.gabetti.it,Gabetti Property Solutions Firenze Galluzzo - Certosa LinkedIn
RE/MAX Italia Firenze Galluzzo - Certosa,RE/MAX Italia,Agenzia Immobiliare,Firenze,Galluzzo - Certosa,https://www.remax.it,RE/MAX Italia Firenze Galluzzo - Certosa LinkedIn
Grimaldi Immobiliare Firenze Galluzzo - Certosa,Grimaldi Immobiliare,Agenzia Immobiliare,Firenze,Galluzzo - Certosa,https://www.grimaldiimmobiliare.it,Grimaldi Immobiliare Firenze Galluzzo - Certosa LinkedIn
Professionecasa Firenze Galluzzo - Certosa,Professionecasa,Agenzia Immobiliare,Firenze,Galluzzo - Certosa,https://www.professionecasa.it,Professionecasa Firenze Galluzzo - Certosa LinkedIn
Coldwell Banker Firenze Galluzzo - Certosa,Coldwell Banker,Agenzia Immobiliare,Firenze,Galluzzo - Certosa,https://www.coldwellbanker.it,Coldwell Banker Firenze Galluzzo - Certosa LinkedIn
Engel & Völkers Firenze Galluzzo - Certosa,Engel & Völkers,Agenzia Immobiliare,Firenze,Galluzzo - Certosa,https://www.engelvoelkers.com,Engel & Völkers Firenze Galluzzo - Certosa LinkedIn
RockAgent Firenze Galluzzo - Certosa,RockAgent,Agenzia Immobiliare,Firenze,Galluzzo - Certosa,https://www.rockagent.it,RockAgent Firenze Galluzzo - Certosa LinkedIn
Century 21 Firenze Galluzzo - Certosa,Century 21,Agenzia Immobiliare,Firenze,Galluzzo - Certosa,https://www.century21.it,Century 21 Firenze Galluzzo - Certosa LinkedIn
Frimm Immobiliare Firenze Galluzzo - Certosa,Frimm Immobiliare,Agenzia Immobiliare,Firenze,Galluzzo - Certosa,https://www.frimm.com,Frimm Immobiliare Firenze Galluzzo - Certosa LinkedIn
Fondocasa Firenze Galluzzo - Certosa,Fondocasa,Agenzia Immobiliare,Firenze,Galluzzo - Certosa,https://www.fondocasa.it,Fondocasa Firenze Galluzzo - Certosa LinkedIn
Apartments Florence Firenze Galluzzo - Certosa,Apartments Florence,Full-Service Property Management,Firenze,Galluzzo - Certosa,https://www.apartmentsflorence.it,Apartments Florence Firenze Galluzzo - Certosa LinkedIn
Florentia Homes Firenze Galluzzo - Certosa,Florentia Homes,Property Management & Concierge,Firenze,Galluzzo - Certosa,https://florentiahomes.com,Florentia Homes Firenze Galluzzo - Certosa LinkedIn
Quality House Firenze Galluzzo - Certosa,Quality House,Gestione Appartamenti Turistici,Firenze,Galluzzo - Certosa,https://qualityhouse.it,Quality House Firenze Galluzzo - Certosa LinkedIn
Metres Property Mgmt Firenze Galluzzo - Certosa,Metres Property Mgmt,Gestione Locazioni Brevi e Medie,Firenze,Galluzzo - Certosa,https://metres.it,Metres Property Mgmt Firenze Galluzzo - Certosa LinkedIn
Napolity Affitti Brevi Firenze Galluzzo - Certosa,Napolity Affitti Brevi,Short Rental Specialist,Firenze,Galluzzo - Certosa,https://napolity.it,Napolity Affitti Brevi Firenze Galluzzo - Certosa LinkedIn
MIA Apartment Firenze Galluzzo - Certosa,MIA Apartment,Property Management Turistico,Firenze,Galluzzo - Certosa,https://miaapartment.it,MIA Apartment Firenze Galluzzo - Certosa LinkedIn
Neapolitan Trips Mgmt Firenze Galluzzo - Certosa,Neapolitan Trips Mgmt,Hospitality & Rental Mgmt,Firenze,Galluzzo - Certosa,https://neapolitantrips.com,Neapolitan Trips Mgmt Firenze Galluzzo - Certosa LinkedIn
